date,year,tag,regiment_type,count
1872.9.1,1872,USA,artillery,64
1872.9.1,1872,USA,dragoon,1
1872.9.1,1872,USA,hussar,13
1872.9.1,1872,USA,infantry,7
1872.9.1,1872,ENG,artillery,127
1872.9.1,1872,ENG,cuirassier,3
1872.9.1,1872,ENG,hussar,11
1872.9.1,1872,ENG,infantry,123
1872.9.1,1872,FRA,artillery,144
1872.9.1,1872,FRA,dragoon,1
1872.9.1,1872,FRA,hussar,7
1872.9.1,1872,FRA,infantry,135
1872.9.1,1872,SCA,artillery,41
1872.9.1,1872,SCA,hussar,8
1872.9.1,1872,SCA,infantry,37
1872.9.1,1872,RUS,artillery,65
1872.9.1,1872,RUS,hussar,1
1872.9.1,1872,RUS,infantry,2
1872.9.1,1872,GER,artillery,100
1872.9.1,1872,GER,hussar,15
1872.9.1,1872,GER,infantry,13
1872.9.1,1872,NET,artillery,1
1872.9.1,1872,BEL,artillery,19
1872.9.1,1872,BEL,dragoon,6
1872.9.1,1872,BEL,guard,8
1872.9.1,1872,SPA,artillery,52
1872.9.1,1872,SPA,hussar,2
1872.9.1,1872,SPA,infantry,40
1872.9.1,1872,KUK,artillery,68
1872.9.1,1872,KUK,dragoon,3
1872.9.1,1872,AST,artillery,29
1872.9.1,1872,AST,hussar,7
1872.9.1,1872,AST,infantry,34
1872.9.1,1872,WAL,artillery,11
1872.9.1,1872,WAL,infantry,3
1872.9.1,1872,SAR,artillery,18
1872.9.1,1872,SAR,hussar,1
1872.9.1,1872,SAR,infantry,23
1872.9.1,1872,SIC,artillery,33
1872.9.1,1872,SIC,dragoon,4
1872.9.1,1872,SIC,guard,4
1872.9.1,1872,SIC,infantry,8
1872.9.1,1872,TUR,artillery,18
1872.9.1,1872,TUR,hussar,2
1872.9.1,1872,TUR,infantry,13
1872.9.1,1872,TUR,irregular,1
1872.9.1,1872,MCK,cavalry,8
1872.9.1,1872,MCK,infantry,9
1872.9.1,1872,MCK,irregular,28
1872.9.1,1872,PER,artillery,15
1872.9.1,1872,PER,hussar,3
1872.9.1,1872,PER,infantry,8
1872.9.1,1872,JAS,cavalry,1
1872.9.1,1872,JAS,infantry,1
1872.9.1,1872,BIK,cavalry,1
1872.9.1,1872,BIK,infantry,3
1872.9.1,1872,MEW,cavalry,1
1872.9.1,1872,MEW,infantry,5
1872.9.1,1872,GWA,cavalry,1
1872.9.1,1872,GWA,infantry,1
1872.9.1,1872,GWA,irregular,3
1872.9.1,1872,BUN,cavalry,1
1872.9.1,1872,BUN,infantry,3
1872.9.1,1872,BUN,irregular,1
1872.9.1,1872,BAS,cavalry,1
1872.9.1,1872,BAS,irregular,2
1872.9.1,1872,NEP,cavalry,1
1872.9.1,1872,NEP,irregular,5
1872.9.1,1872,SIK,irregular,1
1872.9.1,1872,BHU,irregular,1
1872.9.1,1872,CHL,artillery,27
1872.9.1,1872,CHL,dragoon,6
1872.9.1,1872,CHL,infantry,12
1872.9.1,1872,MGL,cavalry,2
1872.9.1,1872,MGL,infantry,4
1872.9.1,1872,MGL,irregular,6
1872.9.1,1872,CHI,cavalry,43
1872.9.1,1872,CHI,infantry,17
1872.9.1,1872,CHI,irregular,191
1872.9.1,1872,GXI,cavalry,44
1872.9.1,1872,GXI,infantry,54
1872.9.1,1872,GXI,irregular,161
1872.9.1,1872,XBI,cavalry,4
1872.9.1,1872,XBI,infantry,2
1872.9.1,1872,XBI,irregular,31
1872.9.1,1872,YNN,cavalry,32
1872.9.1,1872,YNN,infantry,17
1872.9.1,1872,YNN,irregular,141
1872.9.1,1872,TIB,cavalry,3
1872.9.1,1872,TIB,infantry,5
1872.9.1,1872,TIB,irregular,6
1872.9.1,1872,XIN,cavalry,1
1872.9.1,1872,XIN,irregular,5
1872.9.1,1872,ALD,cavalry,2
1872.9.1,1872,ALD,irregular,3
1872.9.1,1872,MEX,artillery,54
1872.9.1,1872,MEX,cavalry,1
1872.9.1,1872,MEX,infantry,13
1872.9.1,1872,BRZ,artillery,10
1872.9.1,1872,BRZ,cavalry,1
1872.9.1,1872,BRZ,cuirassier,1
1872.9.1,1872,BRZ,hussar,1
1872.9.1,1872,BRZ,infantry,15
1872.10.1,1872,USA,artillery,62
1872.10.1,1872,USA,dragoon,1
1872.10.1,1872,USA,hussar,12
1872.10.1,1872,USA,infantry,17
1872.10.1,1872,ENG,artillery,127
1872.10.1,1872,ENG,cuirassier,3
1872.10.1,1872,ENG,hussar,11
1872.10.1,1872,ENG,infantry,123
1872.10.1,1872,FRA,artillery,144
1872.10.1,1872,FRA,dragoon,1
1872.10.1,1872,FRA,hussar,7
1872.10.1,1872,FRA,infantry,135
1872.10.1,1872,SCA,artillery,41
1872.10.1,1872,SCA,hussar,8
1872.10.1,1872,SCA,infantry,37
1872.10.1,1872,RUS,artillery,59
1872.10.1,1872,RUS,hussar,1
1872.10.1,1872,RUS,infantry,2
1872.10.1,1872,GER,artillery,100
1872.10.1,1872,GER,hussar,15
1872.10.1,1872,GER,infantry,13
1872.10.1,1872,NET,artillery,2
1872.10.1,1872,BEL,artillery,19
1872.10.1,1872,BEL,dragoon,6
1872.10.1,1872,BEL,guard,8
1872.10.1,1872,SPA,artillery,52
1872.10.1,1872,SPA,hussar,2
1872.10.1,1872,SPA,infantry,40
1872.10.1,1872,KUK,artillery,68
1872.10.1,1872,KUK,dragoon,3
1872.10.1,1872,AST,artillery,29
1872.10.1,1872,AST,hussar,7
1872.10.1,1872,AST,infantry,35
1872.10.1,1872,WAL,artillery,11
1872.10.1,1872,WAL,infantry,3
1872.10.1,1872,SAR,artillery,18
1872.10.1,1872,SAR,hussar,1
1872.10.1,1872,SAR,infantry,23
1872.10.1,1872,SIC,artillery,33
1872.10.1,1872,SIC,dragoon,1
1872.10.1,1872,TUR,artillery,18
1872.10.1,1872,TUR,hussar,2
1872.10.1,1872,TUR,infantry,18
1872.10.1,1872,TUR,irregular,1
1872.10.1,1872,MCK,cavalry,8
1872.10.1,1872,MCK,infantry,9
1872.10.1,1872,MCK,irregular,28
1872.10.1,1872,PER,artillery,15
1872.10.1,1872,PER,hussar,3
1872.10.1,1872,PER,infantry,8
1872.10.1,1872,JAS,cavalry,1
1872.10.1,1872,JAS,infantry,1
1872.10.1,1872,BIK,cavalry,1
1872.10.1,1872,BIK,infantry,3
1872.10.1,1872,MEW,cavalry,1
1872.10.1,1872,MEW,infantry,5
1872.10.1,1872,GWA,cavalry,1
1872.10.1,1872,GWA,infantry,1
1872.10.1,1872,GWA,irregular,3
1872.10.1,1872,BUN,cavalry,1
1872.10.1,1872,BUN,infantry,3
1872.10.1,1872,BUN,irregular,1
1872.10.1,1872,BAS,cavalry,1
1872.10.1,1872,BAS,irregular,2
1872.10.1,1872,NEP,cavalry,1
1872.10.1,1872,NEP,irregular,5
1872.10.1,1872,SIK,irregular,1
1872.10.1,1872,BHU,irregular,1
1872.10.1,1872,CHL,artillery,27
1872.10.1,1872,CHL,dragoon,6
1872.10.1,1872,CHL,infantry,12
1872.10.1,1872,MGL,cavalry,2
1872.10.1,1872,MGL,infantry,4
1872.10.1,1872,MGL,irregular,6
1872.10.1,1872,CHI,cavalry,43
1872.10.1,1872,CHI,infantry,17
1872.10.1,1872,CHI,irregular,191
1872.10.1,1872,GXI,cavalry,44
1872.10.1,1872,GXI,infantry,54
1872.10.1,1872,GXI,irregular,161
1872.10.1,1872,XBI,cavalry,4
1872.10.1,1872,XBI,infantry,2
1872.10.1,1872,XBI,irregular,31
1872.10.1,1872,YNN,cavalry,32
1872.10.1,1872,YNN,infantry,17
1872.10.1,1872,YNN,irregular,141
1872.10.1,1872,TIB,cavalry,3
1872.10.1,1872,TIB,infantry,5
1872.10.1,1872,TIB,irregular,6
1872.10.1,1872,XIN,cavalry,1
1872.10.1,1872,XIN,irregular,5
1872.10.1,1872,ALD,cavalry,2
1872.10.1,1872,ALD,irregular,3
1872.10.1,1872,MEX,artillery,54
1872.10.1,1872,MEX,cavalry,1
1872.10.1,1872,MEX,infantry,13
1872.10.1,1872,BRZ,artillery,10
1872.10.1,1872,BRZ,cavalry,2
1872.10.1,1872,BRZ,cuirassier,1
1872.10.1,1872,BRZ,hussar,1
1872.10.1,1872,BRZ,infantry,16
1872.11.1,1872,USA,artillery,62
1872.11.1,1872,USA,dragoon,1
1872.11.1,1872,USA,hussar,12
1872.11.1,1872,USA,infantry,28
1872.11.1,1872,ENG,artillery,127
1872.11.1,1872,ENG,cuirassier,3
1872.11.1,1872,ENG,hussar,11
1872.11.1,1872,ENG,infantry,123
1872.11.1,1872,FRA,artillery,144
1872.11.1,1872,FRA,dragoon,1
1872.11.1,1872,FRA,hussar,7
1872.11.1,1872,FRA,infantry,135
1872.11.1,1872,SCA,artillery,41
1872.11.1,1872,SCA,hussar,8
1872.11.1,1872,SCA,infantry,37
1872.11.1,1872,RUS,artillery,59
1872.11.1,1872,RUS,hussar,1
1872.11.1,1872,RUS,infantry,2
1872.11.1,1872,GER,artillery,100
1872.11.1,1872,GER,hussar,15
1872.11.1,1872,GER,infantry,13
1872.11.1,1872,NET,artillery,4
1872.11.1,1872,BEL,artillery,18
1872.11.1,1872,BEL,dragoon,6
1872.11.1,1872,BEL,guard,8
1872.11.1,1872,SPA,artillery,52
1872.11.1,1872,SPA,hussar,2
1872.11.1,1872,SPA,infantry,40
1872.11.1,1872,KUK,artillery,68
1872.11.1,1872,KUK,dragoon,3
1872.11.1,1872,AST,artillery,30
1872.11.1,1872,AST,hussar,7
1872.11.1,1872,AST,infantry,35
1872.11.1,1872,WAL,artillery,11
1872.11.1,1872,WAL,infantry,3
1872.11.1,1872,SAR,artillery,18
1872.11.1,1872,SAR,hussar,1
1872.11.1,1872,SAR,infantry,23
1872.11.1,1872,SIC,artillery,33
1872.11.1,1872,TUR,artillery,18
1872.11.1,1872,TUR,hussar,2
1872.11.1,1872,TUR,infantry,19
1872.11.1,1872,TUR,irregular,1
1872.11.1,1872,MCK,cavalry,8
1872.11.1,1872,MCK,infantry,9
1872.11.1,1872,MCK,irregular,28
1872.11.1,1872,PER,artillery,15
1872.11.1,1872,PER,hussar,3
1872.11.1,1872,PER,infantry,8
1872.11.1,1872,JAS,cavalry,1
1872.11.1,1872,JAS,infantry,1
1872.11.1,1872,BIK,cavalry,1
1872.11.1,1872,BIK,infantry,3
1872.11.1,1872,MEW,cavalry,1
1872.11.1,1872,MEW,infantry,5
1872.11.1,1872,GWA,cavalry,1
1872.11.1,1872,GWA,infantry,1
1872.11.1,1872,GWA,irregular,3
1872.11.1,1872,BUN,cavalry,1
1872.11.1,1872,BUN,infantry,3
1872.11.1,1872,BUN,irregular,1
1872.11.1,1872,BAS,cavalry,1
1872.11.1,1872,BAS,irregular,2
1872.11.1,1872,NEP,cavalry,1
1872.11.1,1872,NEP,irregular,5
1872.11.1,1872,SIK,irregular,1
1872.11.1,1872,BHU,irregular,1
1872.11.1,1872,CHL,artillery,28
1872.11.1,1872,CHL,dragoon,6
1872.11.1,1872,CHL,infantry,12
1872.11.1,1872,MGL,cavalry,2
1872.11.1,1872,MGL,infantry,4
1872.11.1,1872,MGL,irregular,6
1872.11.1,1872,CHI,cavalry,43
1872.11.1,1872,CHI,infantry,17
1872.11.1,1872,CHI,irregular,191
1872.11.1,1872,GXI,cavalry,44
1872.11.1,1872,GXI,infantry,54
1872.11.1,1872,GXI,irregular,161
1872.11.1,1872,XBI,cavalry,4
1872.11.1,1872,XBI,infantry,2
1872.11.1,1872,XBI,irregular,31
1872.11.1,1872,YNN,cavalry,32
1872.11.1,1872,YNN,infantry,17
1872.11.1,1872,YNN,irregular,141
1872.11.1,1872,TIB,cavalry,3
1872.11.1,1872,TIB,infantry,5
1872.11.1,1872,TIB,irregular,6
1872.11.1,1872,XIN,cavalry,1
1872.11.1,1872,XIN,irregular,5
1872.11.1,1872,ALD,cavalry,2
1872.11.1,1872,ALD,irregular,3
1872.11.1,1872,MEX,artillery,54
1872.11.1,1872,MEX,cavalry,1
1872.11.1,1872,MEX,infantry,13
1872.11.1,1872,BRZ,artillery,10
1872.11.1,1872,BRZ,cavalry,2
1872.11.1,1872,BRZ,cuirassier,1
1872.11.1,1872,BRZ,hussar,1
1872.11.1,1872,BRZ,infantry,24
1872.12.1,1872,USA,artillery,63
1872.12.1,1872,USA,dragoon,1
1872.12.1,1872,USA,hussar,12
1872.12.1,1872,USA,infantry,38
1872.12.1,1872,ENG,artillery,127
1872.12.1,1872,ENG,cuirassier,3
1872.12.1,1872,ENG,hussar,11
1872.12.1,1872,ENG,infantry,123
1872.12.1,1872,FRA,artillery,144
1872.12.1,1872,FRA,dragoon,1
1872.12.1,1872,FRA,hussar,7
1872.12.1,1872,FRA,infantry,135
1872.12.1,1872,SCA,artillery,41
1872.12.1,1872,SCA,hussar,8
1872.12.1,1872,SCA,infantry,39
1872.12.1,1872,RUS,artillery,59
1872.12.1,1872,RUS,hussar,1
1872.12.1,1872,RUS,infantry,2
1872.12.1,1872,GER,artillery,100
1872.12.1,1872,GER,hussar,15
1872.12.1,1872,GER,infantry,13
1872.12.1,1872,NET,artillery,4
1872.12.1,1872,BEL,artillery,18
1872.12.1,1872,BEL,dragoon,5
1872.12.1,1872,BEL,guard,8
1872.12.1,1872,SPA,artillery,52
1872.12.1,1872,SPA,hussar,2
1872.12.1,1872,SPA,infantry,40
1872.12.1,1872,KUK,artillery,68
1872.12.1,1872,KUK,dragoon,3
1872.12.1,1872,AST,artillery,31
1872.12.1,1872,AST,hussar,7
1872.12.1,1872,AST,infantry,35
1872.12.1,1872,WAL,artillery,12
1872.12.1,1872,WAL,infantry,3
1872.12.1,1872,SAR,artillery,18
1872.12.1,1872,SAR,hussar,1
1872.12.1,1872,SAR,infantry,23
1872.12.1,1872,SIC,artillery,37
1872.12.1,1872,TUR,artillery,18
1872.12.1,1872,TUR,hussar,2
1872.12.1,1872,TUR,infantry,15
1872.12.1,1872,TUR,irregular,1
1872.12.1,1872,MCK,cavalry,8
1872.12.1,1872,MCK,infantry,9
1872.12.1,1872,MCK,irregular,28
1872.12.1,1872,PER,artillery,15
1872.12.1,1872,PER,hussar,3
1872.12.1,1872,PER,infantry,8
1872.12.1,1872,JAS,cavalry,1
1872.12.1,1872,JAS,infantry,1
1872.12.1,1872,BIK,cavalry,1
1872.12.1,1872,BIK,infantry,3
1872.12.1,1872,MEW,cavalry,1
1872.12.1,1872,MEW,infantry,5
1872.12.1,1872,GWA,cavalry,1
1872.12.1,1872,GWA,infantry,1
1872.12.1,1872,GWA,irregular,3
1872.12.1,1872,BUN,cavalry,1
1872.12.1,1872,BUN,infantry,3
1872.12.1,1872,BUN,irregular,1
1872.12.1,1872,BAS,cavalry,1
1872.12.1,1872,BAS,irregular,2
1872.12.1,1872,NEP,cavalry,1
1872.12.1,1872,NEP,irregular,5
1872.12.1,1872,SIK,irregular,1
1872.12.1,1872,BHU,irregular,1
1872.12.1,1872,CHL,artillery,29
1872.12.1,1872,CHL,dragoon,6
1872.12.1,1872,CHL,infantry,12
1872.12.1,1872,MGL,cavalry,2
1872.12.1,1872,MGL,infantry,4
1872.12.1,1872,MGL,irregular,6
1872.12.1,1872,CHI,cavalry,43
1872.12.1,1872,CHI,infantry,17
1872.12.1,1872,CHI,irregular,191
1872.12.1,1872,GXI,cavalry,44
1872.12.1,1872,GXI,infantry,54
1872.12.1,1872,GXI,irregular,161
1872.12.1,1872,XBI,cavalry,4
1872.12.1,1872,XBI,infantry,2
1872.12.1,1872,XBI,irregular,31
1872.12.1,1872,YNN,cavalry,32
1872.12.1,1872,YNN,infantry,17
1872.12.1,1872,YNN,irregular,141
1872.12.1,1872,TIB,cavalry,3
1872.12.1,1872,TIB,infantry,5
1872.12.1,1872,TIB,irregular,6
1872.12.1,1872,XIN,cavalry,1
1872.12.1,1872,XIN,irregular,5
1872.12.1,1872,ALD,cavalry,2
1872.12.1,1872,ALD,irregular,3
1872.12.1,1872,MEX,artillery,54
1872.12.1,1872,MEX,cavalry,1
1872.12.1,1872,MEX,infantry,13
1872.12.1,1872,BRZ,artillery,10
1872.12.1,1872,BRZ,cavalry,2
1872.12.1,1872,BRZ,cuirassier,1
1872.12.1,1872,BRZ,hussar,1
1872.12.1,1872,BRZ,infantry,33
1873.1.1,1873,USA,artillery,69
1873.1.1,1873,USA,dragoon,1
1873.1.1,1873,USA,hussar,13
1873.1.1,1873,USA,infantry,48
1873.1.1,1873,ENG,artillery,127
1873.1.1,1873,ENG,cuirassier,3
1873.1.1,1873,ENG,hussar,11
1873.1.1,1873,ENG,infantry,123
1873.1.1,1873,FRA,artillery,144
1873.1.1,1873,FRA,dragoon,1
1873.1.1,1873,FRA,hussar,7
1873.1.1,1873,FRA,infantry,135
1873.1.1,1873,SCA,artillery,40
1873.1.1,1873,SCA,hussar,8
1873.1.1,1873,SCA,infantry,39
1873.1.1,1873,RUS,artillery,59
1873.1.1,1873,RUS,hussar,1
1873.1.1,1873,RUS,infantry,2
1873.1.1,1873,GER,artillery,105
1873.1.1,1873,GER,hussar,15
1873.1.1,1873,GER,infantry,13
1873.1.1,1873,NET,artillery,4
1873.1.1,1873,BEL,artillery,18
1873.1.1,1873,BEL,dragoon,5
1873.1.1,1873,BEL,guard,8
1873.1.1,1873,SPA,artillery,52
1873.1.1,1873,SPA,hussar,2
1873.1.1,1873,SPA,infantry,40
1873.1.1,1873,KUK,artillery,68
1873.1.1,1873,KUK,dragoon,3
1873.1.1,1873,AST,artillery,31
1873.1.1,1873,AST,hussar,7
1873.1.1,1873,AST,infantry,35
1873.1.1,1873,WAL,artillery,12
1873.1.1,1873,WAL,infantry,3
1873.1.1,1873,SAR,artillery,18
1873.1.1,1873,SAR,hussar,1
1873.1.1,1873,SAR,infantry,23
1873.1.1,1873,SIC,artillery,47
1873.1.1,1873,TUR,artillery,18
1873.1.1,1873,TUR,hussar,2
1873.1.1,1873,TUR,infantry,15
1873.1.1,1873,TUR,irregular,1
1873.1.1,1873,MCK,cavalry,8
1873.1.1,1873,MCK,infantry,9
1873.1.1,1873,MCK,irregular,28
1873.1.1,1873,PER,artillery,15
1873.1.1,1873,PER,hussar,3
1873.1.1,1873,PER,infantry,8
1873.1.1,1873,JAS,cavalry,1
1873.1.1,1873,JAS,infantry,1
1873.1.1,1873,BIK,cavalry,1
1873.1.1,1873,BIK,infantry,3
1873.1.1,1873,MEW,cavalry,1
1873.1.1,1873,MEW,infantry,5
1873.1.1,1873,GWA,cavalry,1
1873.1.1,1873,GWA,infantry,1
1873.1.1,1873,GWA,irregular,3
1873.1.1,1873,BUN,cavalry,1
1873.1.1,1873,BUN,infantry,3
1873.1.1,1873,BUN,irregular,1
1873.1.1,1873,BAS,cavalry,1
1873.1.1,1873,BAS,irregular,2
1873.1.1,1873,NEP,cavalry,1
1873.1.1,1873,NEP,irregular,5
1873.1.1,1873,SIK,irregular,1
1873.1.1,1873,BHU,irregular,1
1873.1.1,1873,CHL,artillery,31
1873.1.1,1873,CHL,dragoon,6
1873.1.1,1873,CHL,infantry,12
1873.1.1,1873,MGL,cavalry,2
1873.1.1,1873,MGL,infantry,4
1873.1.1,1873,MGL,irregular,6
1873.1.1,1873,CHI,cavalry,43
1873.1.1,1873,CHI,infantry,17
1873.1.1,1873,CHI,irregular,191
1873.1.1,1873,GXI,cavalry,44
1873.1.1,1873,GXI,infantry,54
1873.1.1,1873,GXI,irregular,161
1873.1.1,1873,XBI,cavalry,4
1873.1.1,1873,XBI,infantry,2
1873.1.1,1873,XBI,irregular,31
1873.1.1,1873,YNN,cavalry,32
1873.1.1,1873,YNN,infantry,17
1873.1.1,1873,YNN,irregular,141
1873.1.1,1873,TIB,cavalry,3
1873.1.1,1873,TIB,infantry,5
1873.1.1,1873,TIB,irregular,6
1873.1.1,1873,XIN,cavalry,1
1873.1.1,1873,XIN,irregular,5
1873.1.1,1873,ALD,cavalry,2
1873.1.1,1873,ALD,irregular,3
1873.1.1,1873,MEX,artillery,54
1873.1.1,1873,MEX,cavalry,1
1873.1.1,1873,MEX,infantry,13
1873.1.1,1873,BRZ,artillery,10
1873.1.1,1873,BRZ,cavalry,2
1873.1.1,1873,BRZ,cuirassier,1
1873.1.1,1873,BRZ,hussar,1
1873.1.1,1873,BRZ,infantry,35
1873.2.1,1873,USA,artillery,69
1873.2.1,1873,USA,dragoon,1
1873.2.1,1873,USA,hussar,13
1873.2.1,1873,USA,infantry,58
1873.2.1,1873,ENG,artillery,127
1873.2.1,1873,ENG,cuirassier,3
1873.2.1,1873,ENG,hussar,11
1873.2.1,1873,ENG,infantry,123
1873.2.1,1873,FRA,artillery,144
1873.2.1,1873,FRA,dragoon,1
1873.2.1,1873,FRA,hussar,7
1873.2.1,1873,FRA,infantry,135
1873.2.1,1873,SCA,artillery,40
1873.2.1,1873,SCA,hussar,8
1873.2.1,1873,SCA,infantry,39
1873.2.1,1873,RUS,artillery,59
1873.2.1,1873,RUS,hussar,1
1873.2.1,1873,RUS,infantry,2
1873.2.1,1873,GER,artillery,107
1873.2.1,1873,GER,hussar,15
1873.2.1,1873,GER,infantry,12
1873.2.1,1873,NET,artillery,5
1873.2.1,1873,BEL,artillery,22
1873.2.1,1873,BEL,dragoon,5
1873.2.1,1873,BEL,guard,8
1873.2.1,1873,SPA,artillery,55
1873.2.1,1873,SPA,hussar,2
1873.2.1,1873,SPA,infantry,40
1873.2.1,1873,KUK,artillery,68
1873.2.1,1873,KUK,dragoon,3
1873.2.1,1873,AST,artillery,31
1873.2.1,1873,AST,hussar,7
1873.2.1,1873,AST,infantry,35
1873.2.1,1873,WAL,artillery,12
1873.2.1,1873,WAL,infantry,3
1873.2.1,1873,SAR,artillery,18
1873.2.1,1873,SAR,hussar,1
1873.2.1,1873,SAR,infantry,23
1873.2.1,1873,SIC,artillery,47
1873.2.1,1873,TUR,artillery,18
1873.2.1,1873,TUR,hussar,2
1873.2.1,1873,TUR,infantry,15
1873.2.1,1873,MCK,cavalry,8
1873.2.1,1873,MCK,infantry,9
1873.2.1,1873,MCK,irregular,28
1873.2.1,1873,PER,artillery,15
1873.2.1,1873,PER,hussar,3
1873.2.1,1873,PER,infantry,8
1873.2.1,1873,JAS,cavalry,1
1873.2.1,1873,JAS,infantry,1
1873.2.1,1873,BIK,cavalry,1
1873.2.1,1873,BIK,infantry,3
1873.2.1,1873,MEW,cavalry,1
1873.2.1,1873,MEW,infantry,5
1873.2.1,1873,GWA,cavalry,1
1873.2.1,1873,GWA,infantry,1
1873.2.1,1873,GWA,irregular,3
1873.2.1,1873,BUN,cavalry,1
1873.2.1,1873,BUN,infantry,3
1873.2.1,1873,BUN,irregular,1
1873.2.1,1873,BAS,cavalry,1
1873.2.1,1873,BAS,irregular,2
1873.2.1,1873,NEP,cavalry,1
1873.2.1,1873,NEP,irregular,5
1873.2.1,1873,SIK,irregular,1
1873.2.1,1873,BHU,irregular,1
1873.2.1,1873,CHL,artillery,31
1873.2.1,1873,CHL,dragoon,6
1873.2.1,1873,CHL,infantry,12
1873.2.1,1873,MGL,cavalry,2
1873.2.1,1873,MGL,infantry,4
1873.2.1,1873,MGL,irregular,6
1873.2.1,1873,CHI,cavalry,43
1873.2.1,1873,CHI,infantry,17
1873.2.1,1873,CHI,irregular,191
1873.2.1,1873,GXI,cavalry,44
1873.2.1,1873,GXI,infantry,54
1873.2.1,1873,GXI,irregular,161
1873.2.1,1873,XBI,cavalry,4
1873.2.1,1873,XBI,infantry,2
1873.2.1,1873,XBI,irregular,31
1873.2.1,1873,YNN,cavalry,32
1873.2.1,1873,YNN,infantry,17
1873.2.1,1873,YNN,irregular,141
1873.2.1,1873,TIB,cavalry,3
1873.2.1,1873,TIB,infantry,5
1873.2.1,1873,TIB,irregular,6
1873.2.1,1873,XIN,cavalry,1
1873.2.1,1873,XIN,irregular,5
1873.2.1,1873,ALD,cavalry,2
1873.2.1,1873,ALD,irregular,3
1873.2.1,1873,MEX,artillery,54
1873.2.1,1873,MEX,cavalry,1
1873.2.1,1873,MEX,infantry,13
1873.2.1,1873,BRZ,artillery,10
1873.2.1,1873,BRZ,cavalry,2
1873.2.1,1873,BRZ,cuirassier,1
1873.2.1,1873,BRZ,hussar,1
1873.2.1,1873,BRZ,infantry,35
1873.3.1,1873,USA,artillery,69
1873.3.1,1873,USA,dragoon,1
1873.3.1,1873,USA,hussar,13
1873.3.1,1873,USA,infantry,67
1873.3.1,1873,ENG,artillery,127
1873.3.1,1873,ENG,cuirassier,3
1873.3.1,1873,ENG,hussar,11
1873.3.1,1873,ENG,infantry,123
1873.3.1,1873,FRA,artillery,153
1873.3.1,1873,FRA,dragoon,1
1873.3.1,1873,FRA,hussar,7
1873.3.1,1873,FRA,infantry,135
1873.3.1,1873,SCA,artillery,40
1873.3.1,1873,SCA,hussar,8
1873.3.1,1873,SCA,infantry,39
1873.3.1,1873,RUS,artillery,59
1873.3.1,1873,RUS,hussar,1
1873.3.1,1873,RUS,infantry,2
1873.3.1,1873,GER,artillery,109
1873.3.1,1873,GER,hussar,15
1873.3.1,1873,GER,infantry,12
1873.3.1,1873,NET,artillery,6
1873.3.1,1873,BEL,artillery,22
1873.3.1,1873,BEL,dragoon,5
1873.3.1,1873,BEL,guard,8
1873.3.1,1873,SPA,artillery,57
1873.3.1,1873,SPA,hussar,2
1873.3.1,1873,SPA,infantry,40
1873.3.1,1873,KUK,artillery,68
1873.3.1,1873,KUK,dragoon,3
1873.3.1,1873,AST,artillery,31
1873.3.1,1873,AST,hussar,7
1873.3.1,1873,AST,infantry,35
1873.3.1,1873,WAL,artillery,12
1873.3.1,1873,WAL,infantry,3
1873.3.1,1873,SAR,artillery,18
1873.3.1,1873,SAR,hussar,1
1873.3.1,1873,SAR,infantry,23
1873.3.1,1873,SIC,artillery,47
1873.3.1,1873,TUR,artillery,18
1873.3.1,1873,TUR,hussar,2
1873.3.1,1873,TUR,infantry,15
1873.3.1,1873,MCK,cavalry,8
1873.3.1,1873,MCK,infantry,9
1873.3.1,1873,MCK,irregular,28
1873.3.1,1873,PER,artillery,15
1873.3.1,1873,PER,hussar,3
1873.3.1,1873,PER,infantry,8
1873.3.1,1873,JAS,cavalry,1
1873.3.1,1873,JAS,infantry,1
1873.3.1,1873,BIK,cavalry,1
1873.3.1,1873,BIK,infantry,3
1873.3.1,1873,MEW,cavalry,1
1873.3.1,1873,MEW,infantry,5
1873.3.1,1873,GWA,cavalry,1
1873.3.1,1873,GWA,infantry,1
1873.3.1,1873,GWA,irregular,3
1873.3.1,1873,BUN,cavalry,1
1873.3.1,1873,BUN,infantry,3
1873.3.1,1873,BUN,irregular,1
1873.3.1,1873,BAS,cavalry,1
1873.3.1,1873,BAS,irregular,2
1873.3.1,1873,NEP,cavalry,1
1873.3.1,1873,NEP,irregular,5
1873.3.1,1873,SIK,irregular,1
1873.3.1,1873,BHU,irregular,1
1873.3.1,1873,CHL,artillery,31
1873.3.1,1873,CHL,dragoon,6
1873.3.1,1873,CHL,infantry,12
1873.3.1,1873,MGL,cavalry,2
1873.3.1,1873,MGL,infantry,4
1873.3.1,1873,MGL,irregular,6
1873.3.1,1873,CHI,cavalry,43
1873.3.1,1873,CHI,infantry,17
1873.3.1,1873,CHI,irregular,191
1873.3.1,1873,GXI,cavalry,44
1873.3.1,1873,GXI,infantry,54
1873.3.1,1873,GXI,irregular,161
1873.3.1,1873,XBI,cavalry,4
1873.3.1,1873,XBI,infantry,2
1873.3.1,1873,XBI,irregular,31
1873.3.1,1873,YNN,cavalry,32
1873.3.1,1873,YNN,infantry,17
1873.3.1,1873,YNN,irregular,141
1873.3.1,1873,TIB,cavalry,3
1873.3.1,1873,TIB,infantry,5
1873.3.1,1873,TIB,irregular,6
1873.3.1,1873,XIN,cavalry,1
1873.3.1,1873,XIN,irregular,5
1873.3.1,1873,ALD,cavalry,2
1873.3.1,1873,ALD,irregular,3
1873.3.1,1873,MEX,artillery,54
1873.3.1,1873,MEX,cavalry,1
1873.3.1,1873,MEX,infantry,13
1873.3.1,1873,BRZ,artillery,10
1873.3.1,1873,BRZ,cavalry,2
1873.3.1,1873,BRZ,cuirassier,1
1873.3.1,1873,BRZ,hussar,1
1873.3.1,1873,BRZ,infantry,35
1873.4.1,1873,USA,artillery,70
1873.4.1,1873,USA,dragoon,1
1873.4.1,1873,USA,hussar,13
1873.4.1,1873,USA,infantry,69
1873.4.1,1873,ENG,artillery,124
1873.4.1,1873,ENG,cuirassier,3
1873.4.1,1873,ENG,hussar,11
1873.4.1,1873,ENG,infantry,123
1873.4.1,1873,FRA,artillery,150
1873.4.1,1873,FRA,dragoon,1
1873.4.1,1873,FRA,hussar,7
1873.4.1,1873,FRA,infantry,135
1873.4.1,1873,SCA,artillery,39
1873.4.1,1873,SCA,hussar,8
1873.4.1,1873,SCA,infantry,38
1873.4.1,1873,RUS,artillery,59
1873.4.1,1873,RUS,hussar,1
1873.4.1,1873,RUS,infantry,2
1873.4.1,1873,GER,artillery,111
1873.4.1,1873,GER,hussar,15
1873.4.1,1873,GER,infantry,12
1873.4.1,1873,NET,artillery,6
1873.4.1,1873,BEL,artillery,23
1873.4.1,1873,BEL,dragoon,5
1873.4.1,1873,BEL,guard,8
1873.4.1,1873,SPA,artillery,57
1873.4.1,1873,SPA,hussar,2
1873.4.1,1873,SPA,infantry,40
1873.4.1,1873,KUK,artillery,68
1873.4.1,1873,KUK,dragoon,14
1873.4.1,1873,AST,artillery,31
1873.4.1,1873,AST,hussar,7
1873.4.1,1873,AST,infantry,36
1873.4.1,1873,WAL,artillery,12
1873.4.1,1873,WAL,infantry,3
1873.4.1,1873,SAR,artillery,19
1873.4.1,1873,SAR,hussar,2
1873.4.1,1873,SAR,infantry,23
1873.4.1,1873,SIC,artillery,48
1873.4.1,1873,SIC,dragoon,8
1873.4.1,1873,TUR,artillery,20
1873.4.1,1873,TUR,hussar,4
1873.4.1,1873,TUR,infantry,15
1873.4.1,1873,MCK,cavalry,8
1873.4.1,1873,MCK,infantry,9
1873.4.1,1873,MCK,irregular,28
1873.4.1,1873,PER,artillery,15
1873.4.1,1873,PER,hussar,3
1873.4.1,1873,PER,infantry,8
1873.4.1,1873,JAS,cavalry,1
1873.4.1,1873,JAS,infantry,1
1873.4.1,1873,BIK,cavalry,1
1873.4.1,1873,BIK,infantry,3
1873.4.1,1873,MEW,cavalry,1
1873.4.1,1873,MEW,infantry,5
1873.4.1,1873,GWA,cavalry,1
1873.4.1,1873,GWA,infantry,1
1873.4.1,1873,GWA,irregular,3
1873.4.1,1873,BUN,cavalry,1
1873.4.1,1873,BUN,infantry,3
1873.4.1,1873,BUN,irregular,1
1873.4.1,1873,BAS,cavalry,1
1873.4.1,1873,BAS,irregular,2
1873.4.1,1873,NEP,cavalry,1
1873.4.1,1873,NEP,irregular,5
1873.4.1,1873,SIK,irregular,1
1873.4.1,1873,BHU,irregular,1
1873.4.1,1873,CHL,artillery,32
1873.4.1,1873,CHL,dragoon,6
1873.4.1,1873,CHL,infantry,12
1873.4.1,1873,MGL,cavalry,2
1873.4.1,1873,MGL,infantry,4
1873.4.1,1873,MGL,irregular,6
1873.4.1,1873,CHI,cavalry,43
1873.4.1,1873,CHI,infantry,17
1873.4.1,1873,CHI,irregular,191
1873.4.1,1873,GXI,cavalry,44
1873.4.1,1873,GXI,infantry,54
1873.4.1,1873,GXI,irregular,161
1873.4.1,1873,XBI,cavalry,4
1873.4.1,1873,XBI,infantry,2
1873.4.1,1873,XBI,irregular,31
1873.4.1,1873,YNN,cavalry,32
1873.4.1,1873,YNN,infantry,17
1873.4.1,1873,YNN,irregular,141
1873.4.1,1873,TIB,cavalry,3
1873.4.1,1873,TIB,infantry,5
1873.4.1,1873,TIB,irregular,6
1873.4.1,1873,XIN,cavalry,1
1873.4.1,1873,XIN,irregular,5
1873.4.1,1873,ALD,cavalry,2
1873.4.1,1873,ALD,irregular,3
1873.4.1,1873,MEX,artillery,54
1873.4.1,1873,MEX,cavalry,1
1873.4.1,1873,MEX,infantry,13
1873.4.1,1873,BRZ,artillery,10
1873.4.1,1873,BRZ,cavalry,2
1873.4.1,1873,BRZ,cuirassier,1
1873.4.1,1873,BRZ,hussar,1
1873.4.1,1873,BRZ,infantry,35
1873.5.1,1873,USA,artillery,68
1873.5.1,1873,USA,dragoon,1
1873.5.1,1873,USA,hussar,12
1873.5.1,1873,USA,infantry,69
1873.5.1,1873,ENG,artillery,123
1873.5.1,1873,ENG,cuirassier,3
1873.5.1,1873,ENG,hussar,11
1873.5.1,1873,ENG,infantry,123
1873.5.1,1873,FRA,artillery,150
1873.5.1,1873,FRA,dragoon,1
1873.5.1,1873,FRA,hussar,7
1873.5.1,1873,FRA,infantry,135
1873.5.1,1873,SCA,artillery,39
1873.5.1,1873,SCA,hussar,8
1873.5.1,1873,SCA,infantry,38
1873.5.1,1873,RUS,artillery,59
1873.5.1,1873,RUS,hussar,1
1873.5.1,1873,RUS,infantry,3
1873.5.1,1873,GER,artillery,111
1873.5.1,1873,GER,hussar,16
1873.5.1,1873,GER,infantry,12
1873.5.1,1873,NET,artillery,6
1873.5.1,1873,BEL,artillery,23
1873.5.1,1873,BEL,dragoon,5
1873.5.1,1873,BEL,guard,8
1873.5.1,1873,SPA,artillery,55
1873.5.1,1873,SPA,hussar,2
1873.5.1,1873,SPA,infantry,40
1873.5.1,1873,KUK,artillery,68
1873.5.1,1873,KUK,dragoon,14
1873.5.1,1873,AST,artillery,30
1873.5.1,1873,AST,hussar,6
1873.5.1,1873,AST,infantry,36
1873.5.1,1873,WAL,artillery,12
1873.5.1,1873,WAL,infantry,3
1873.5.1,1873,SAR,artillery,19
1873.5.1,1873,SAR,hussar,6
1873.5.1,1873,SAR,infantry,23
1873.5.1,1873,SIC,artillery,48
1873.5.1,1873,SIC,dragoon,8
1873.5.1,1873,TUR,artillery,20
1873.5.1,1873,TUR,hussar,4
1873.5.1,1873,TUR,infantry,15
1873.5.1,1873,MCK,cavalry,8
1873.5.1,1873,MCK,infantry,9
1873.5.1,1873,MCK,irregular,28
1873.5.1,1873,PER,artillery,15
1873.5.1,1873,PER,hussar,3
1873.5.1,1873,PER,infantry,8
1873.5.1,1873,JAS,cavalry,1
1873.5.1,1873,JAS,infantry,1
1873.5.1,1873,BIK,cavalry,1
1873.5.1,1873,BIK,infantry,3
1873.5.1,1873,MEW,cavalry,1
1873.5.1,1873,MEW,infantry,5
1873.5.1,1873,GWA,cavalry,1
1873.5.1,1873,GWA,infantry,1
1873.5.1,1873,GWA,irregular,3
1873.5.1,1873,BUN,cavalry,1
1873.5.1,1873,BUN,infantry,3
1873.5.1,1873,BUN,irregular,1
1873.5.1,1873,BAS,cavalry,1
1873.5.1,1873,BAS,irregular,2
1873.5.1,1873,NEP,cavalry,1
1873.5.1,1873,NEP,irregular,5
1873.5.1,1873,SIK,irregular,1
1873.5.1,1873,BHU,irregular,1
1873.5.1,1873,CHL,artillery,32
1873.5.1,1873,CHL,dragoon,6
1873.5.1,1873,CHL,infantry,12
1873.5.1,1873,MGL,cavalry,2
1873.5.1,1873,MGL,infantry,4
1873.5.1,1873,MGL,irregular,6
1873.5.1,1873,CHI,cavalry,43
1873.5.1,1873,CHI,infantry,17
1873.5.1,1873,CHI,irregular,191
1873.5.1,1873,GXI,cavalry,44
1873.5.1,1873,GXI,infantry,54
1873.5.1,1873,GXI,irregular,161
1873.5.1,1873,XBI,cavalry,4
1873.5.1,1873,XBI,infantry,2
1873.5.1,1873,XBI,irregular,31
1873.5.1,1873,YNN,cavalry,32
1873.5.1,1873,YNN,infantry,17
1873.5.1,1873,YNN,irregular,141
1873.5.1,1873,TIB,cavalry,3
1873.5.1,1873,TIB,infantry,5
1873.5.1,1873,TIB,irregular,6
1873.5.1,1873,XIN,cavalry,1
1873.5.1,1873,XIN,irregular,5
1873.5.1,1873,ALD,cavalry,2
1873.5.1,1873,ALD,irregular,3
1873.5.1,1873,MEX,artillery,54
1873.5.1,1873,MEX,cavalry,1
1873.5.1,1873,MEX,infantry,13
1873.5.1,1873,BRZ,artillery,10
1873.5.1,1873,BRZ,cavalry,2
1873.5.1,1873,BRZ,cuirassier,1
1873.5.1,1873,BRZ,infantry,35
1873.6.1,1873,USA,artillery,64
1873.6.1,1873,USA,dragoon,1
1873.6.1,1873,USA,hussar,10
1873.6.1,1873,USA,infantry,69
1873.6.1,1873,ENG,artillery,94
1873.6.1,1873,ENG,cuirassier,2
1873.6.1,1873,ENG,hussar,8
1873.6.1,1873,ENG,infantry,101
1873.6.1,1873,FRA,artillery,148
1873.6.1,1873,FRA,dragoon,1
1873.6.1,1873,FRA,hussar,7
1873.6.1,1873,FRA,infantry,135
1873.6.1,1873,SCA,artillery,39
1873.6.1,1873,SCA,hussar,8
1873.6.1,1873,SCA,infantry,38
1873.6.1,1873,RUS,artillery,59
1873.6.1,1873,RUS,dragoon,1
1873.6.1,1873,RUS,hussar,1
1873.6.1,1873,RUS,infantry,4
1873.6.1,1873,GER,artillery,112
1873.6.1,1873,GER,hussar,19
1873.6.1,1873,GER,infantry,14
1873.6.1,1873,NET,artillery,7
1873.6.1,1873,BEL,artillery,25
1873.6.1,1873,BEL,dragoon,5
1873.6.1,1873,BEL,guard,8
1873.6.1,1873,SPA,artillery,55
1873.6.1,1873,SPA,hussar,2
1873.6.1,1873,SPA,infantry,40
1873.6.1,1873,KUK,artillery,68
1873.6.1,1873,KUK,dragoon,14
1873.6.1,1873,AST,artillery,24
1873.6.1,1873,AST,hussar,5
1873.6.1,1873,AST,infantry,29
1873.6.1,1873,WAL,artillery,12
1873.6.1,1873,WAL,infantry,3
1873.6.1,1873,SAR,artillery,18
1873.6.1,1873,SAR,hussar,6
1873.6.1,1873,SAR,infantry,23
1873.6.1,1873,SIC,artillery,48
1873.6.1,1873,SIC,dragoon,10
1873.6.1,1873,TUR,artillery,20
1873.6.1,1873,TUR,hussar,4
1873.6.1,1873,TUR,infantry,16
1873.6.1,1873,MCK,cavalry,8
1873.6.1,1873,MCK,infantry,9
1873.6.1,1873,MCK,irregular,28
1873.6.1,1873,PER,artillery,15
1873.6.1,1873,PER,hussar,3
1873.6.1,1873,PER,infantry,8
1873.6.1,1873,JAS,cavalry,1
1873.6.1,1873,JAS,infantry,1
1873.6.1,1873,BIK,cavalry,1
1873.6.1,1873,BIK,infantry,3
1873.6.1,1873,MEW,cavalry,1
1873.6.1,1873,MEW,infantry,5
1873.6.1,1873,GWA,cavalry,1
1873.6.1,1873,GWA,infantry,1
1873.6.1,1873,GWA,irregular,3
1873.6.1,1873,BUN,cavalry,1
1873.6.1,1873,BUN,infantry,3
1873.6.1,1873,BUN,irregular,1
1873.6.1,1873,BAS,cavalry,1
1873.6.1,1873,BAS,irregular,2
1873.6.1,1873,NEP,cavalry,1
1873.6.1,1873,NEP,irregular,5
1873.6.1,1873,SIK,irregular,1
1873.6.1,1873,BHU,irregular,1
1873.6.1,1873,CHL,artillery,32
1873.6.1,1873,CHL,dragoon,6
1873.6.1,1873,CHL,infantry,12
1873.6.1,1873,MGL,cavalry,2
1873.6.1,1873,MGL,infantry,4
1873.6.1,1873,MGL,irregular,6
1873.6.1,1873,CHI,cavalry,43
1873.6.1,1873,CHI,infantry,17
1873.6.1,1873,CHI,irregular,191
1873.6.1,1873,GXI,cavalry,44
1873.6.1,1873,GXI,infantry,54
1873.6.1,1873,GXI,irregular,161
1873.6.1,1873,XBI,cavalry,4
1873.6.1,1873,XBI,infantry,2
1873.6.1,1873,XBI,irregular,31
1873.6.1,1873,YNN,cavalry,32
1873.6.1,1873,YNN,infantry,17
1873.6.1,1873,YNN,irregular,141
1873.6.1,1873,TIB,cavalry,3
1873.6.1,1873,TIB,infantry,5
1873.6.1,1873,TIB,irregular,6
1873.6.1,1873,XIN,cavalry,1
1873.6.1,1873,XIN,irregular,5
1873.6.1,1873,ALD,cavalry,2
1873.6.1,1873,ALD,irregular,3
1873.6.1,1873,MEX,artillery,54
1873.6.1,1873,MEX,cavalry,1
1873.6.1,1873,MEX,infantry,12
1873.6.1,1873,BRZ,artillery,9
1873.6.1,1873,BRZ,cavalry,2
1873.6.1,1873,BRZ,cuirassier,1
1873.6.1,1873,BRZ,infantry,34
1873.7.1,1873,USA,artillery,69
1873.7.1,1873,USA,dragoon,1
1873.7.1,1873,USA,hussar,10
1873.7.1,1873,USA,infantry,69
1873.7.1,1873,ENG,artillery,94
1873.7.1,1873,ENG,cuirassier,2
1873.7.1,1873,ENG,hussar,8
1873.7.1,1873,ENG,infantry,101
1873.7.1,1873,FRA,artillery,149
1873.7.1,1873,FRA,dragoon,1
1873.7.1,1873,FRA,hussar,9
1873.7.1,1873,FRA,infantry,135
1873.7.1,1873,SCA,artillery,38
1873.7.1,1873,SCA,hussar,8
1873.7.1,1873,SCA,infantry,38
1873.7.1,1873,RUS,artillery,59
1873.7.1,1873,RUS,dragoon,2
1873.7.1,1873,RUS,hussar,1
1873.7.1,1873,RUS,infantry,6
1873.7.1,1873,GER,artillery,113
1873.7.1,1873,GER,hussar,19
1873.7.1,1873,GER,infantry,14
1873.7.1,1873,NET,artillery,7
1873.7.1,1873,BEL,artillery,25
1873.7.1,1873,BEL,dragoon,5
1873.7.1,1873,BEL,guard,8
1873.7.1,1873,SPA,artillery,55
1873.7.1,1873,SPA,hussar,2
1873.7.1,1873,SPA,infantry,40
1873.7.1,1873,KUK,artillery,68
1873.7.1,1873,KUK,dragoon,14
1873.7.1,1873,AST,artillery,24
1873.7.1,1873,AST,hussar,5
1873.7.1,1873,AST,infantry,29
1873.7.1,1873,WAL,artillery,12
1873.7.1,1873,WAL,infantry,3
1873.7.1,1873,SAR,artillery,18
1873.7.1,1873,SAR,hussar,6
1873.7.1,1873,SAR,infantry,23
1873.7.1,1873,SIC,artillery,48
1873.7.1,1873,SIC,dragoon,10
1873.7.1,1873,TUR,artillery,20
1873.7.1,1873,TUR,hussar,4
1873.7.1,1873,TUR,infantry,16
1873.7.1,1873,MCK,cavalry,8
1873.7.1,1873,MCK,infantry,9
1873.7.1,1873,MCK,irregular,28
1873.7.1,1873,PER,artillery,15
1873.7.1,1873,PER,hussar,3
1873.7.1,1873,PER,infantry,8
1873.7.1,1873,JAS,cavalry,1
1873.7.1,1873,JAS,infantry,1
1873.7.1,1873,BIK,cavalry,1
1873.7.1,1873,BIK,infantry,3
1873.7.1,1873,MEW,cavalry,1
1873.7.1,1873,MEW,infantry,5
1873.7.1,1873,GWA,cavalry,1
1873.7.1,1873,GWA,infantry,1
1873.7.1,1873,GWA,irregular,3
1873.7.1,1873,BUN,cavalry,1
1873.7.1,1873,BUN,infantry,3
1873.7.1,1873,BUN,irregular,1
1873.7.1,1873,BAS,cavalry,1
1873.7.1,1873,BAS,irregular,2
1873.7.1,1873,NEP,cavalry,1
1873.7.1,1873,NEP,irregular,5
1873.7.1,1873,SIK,irregular,1
1873.7.1,1873,BHU,irregular,1
1873.7.1,1873,CHL,artillery,32
1873.7.1,1873,CHL,dragoon,6
1873.7.1,1873,CHL,infantry,12
1873.7.1,1873,MGL,cavalry,2
1873.7.1,1873,MGL,infantry,4
1873.7.1,1873,MGL,irregular,6
1873.7.1,1873,CHI,cavalry,43
1873.7.1,1873,CHI,infantry,17
1873.7.1,1873,CHI,irregular,191
1873.7.1,1873,GXI,cavalry,44
1873.7.1,1873,GXI,infantry,54
1873.7.1,1873,GXI,irregular,161
1873.7.1,1873,XBI,cavalry,4
1873.7.1,1873,XBI,infantry,2
1873.7.1,1873,XBI,irregular,31
1873.7.1,1873,YNN,cavalry,32
1873.7.1,1873,YNN,infantry,17
1873.7.1,1873,YNN,irregular,141
1873.7.1,1873,TIB,cavalry,3
1873.7.1,1873,TIB,infantry,5
1873.7.1,1873,TIB,irregular,6
1873.7.1,1873,XIN,cavalry,1
1873.7.1,1873,XIN,irregular,5
1873.7.1,1873,ALD,cavalry,2
1873.7.1,1873,ALD,irregular,3
1873.7.1,1873,MEX,artillery,54
1873.7.1,1873,MEX,cavalry,1
1873.7.1,1873,MEX,infantry,12
1873.7.1,1873,BRZ,artillery,9
1873.7.1,1873,BRZ,cavalry,2
1873.7.1,1873,BRZ,cuirassier,1
1873.7.1,1873,BRZ,infantry,34
1873.8.1,1873,USA,artillery,70
1873.8.1,1873,USA,dragoon,1
1873.8.1,1873,USA,hussar,10
1873.8.1,1873,USA,infantry,69
1873.8.1,1873,ENG,artillery,94
1873.8.1,1873,ENG,cuirassier,2
1873.8.1,1873,ENG,hussar,8
1873.8.1,1873,ENG,infantry,101
1873.8.1,1873,FRA,artillery,149
1873.8.1,1873,FRA,dragoon,1
1873.8.1,1873,FRA,hussar,9
1873.8.1,1873,FRA,infantry,135
1873.8.1,1873,SCA,artillery,38
1873.8.1,1873,SCA,hussar,8
1873.8.1,1873,SCA,infantry,38
1873.8.1,1873,RUS,artillery,59
1873.8.1,1873,RUS,dragoon,4
1873.8.1,1873,RUS,hussar,1
1873.8.1,1873,RUS,infantry,7
1873.8.1,1873,GER,artillery,116
1873.8.1,1873,GER,hussar,19
1873.8.1,1873,GER,infantry,14
1873.8.1,1873,NET,artillery,7
1873.8.1,1873,BEL,artillery,25
1873.8.1,1873,BEL,dragoon,5
1873.8.1,1873,BEL,guard,8
1873.8.1,1873,SPA,artillery,55
1873.8.1,1873,SPA,hussar,2
1873.8.1,1873,SPA,infantry,40
1873.8.1,1873,KUK,artillery,68
1873.8.1,1873,KUK,dragoon,14
1873.8.1,1873,AST,artillery,24
1873.8.1,1873,AST,hussar,5
1873.8.1,1873,AST,infantry,29
1873.8.1,1873,WAL,artillery,12
1873.8.1,1873,SAR,artillery,19
1873.8.1,1873,SAR,hussar,6
1873.8.1,1873,SAR,infantry,23
1873.8.1,1873,SIC,artillery,49
1873.8.1,1873,SIC,dragoon,10
1873.8.1,1873,TUR,artillery,20
1873.8.1,1873,TUR,hussar,4
1873.8.1,1873,TUR,infantry,16
1873.8.1,1873,MCK,cavalry,8
1873.8.1,1873,MCK,infantry,9
1873.8.1,1873,MCK,irregular,28
1873.8.1,1873,PER,artillery,15
1873.8.1,1873,PER,hussar,3
1873.8.1,1873,PER,infantry,8
1873.8.1,1873,JAS,cavalry,1
1873.8.1,1873,JAS,infantry,2
1873.8.1,1873,BIK,cavalry,1
1873.8.1,1873,BIK,infantry,3
1873.8.1,1873,MEW,cavalry,1
1873.8.1,1873,MEW,infantry,5
1873.8.1,1873,GWA,cavalry,1
1873.8.1,1873,GWA,infantry,1
1873.8.1,1873,GWA,irregular,3
1873.8.1,1873,BUN,cavalry,1
1873.8.1,1873,BUN,infantry,3
1873.8.1,1873,BUN,irregular,1
1873.8.1,1873,BAS,cavalry,1
1873.8.1,1873,BAS,irregular,2
1873.8.1,1873,NEP,cavalry,1
1873.8.1,1873,NEP,irregular,5
1873.8.1,1873,SIK,irregular,1
1873.8.1,1873,BHU,irregular,1
1873.8.1,1873,CHL,artillery,32
1873.8.1,1873,CHL,dragoon,6
1873.8.1,1873,CHL,infantry,12
1873.8.1,1873,MGL,cavalry,2
1873.8.1,1873,MGL,infantry,4
1873.8.1,1873,MGL,irregular,6
1873.8.1,1873,CHI,cavalry,43
1873.8.1,1873,CHI,infantry,17
1873.8.1,1873,CHI,irregular,191
1873.8.1,1873,GXI,cavalry,44
1873.8.1,1873,GXI,infantry,54
1873.8.1,1873,GXI,irregular,161
1873.8.1,1873,XBI,cavalry,4
1873.8.1,1873,XBI,infantry,2
1873.8.1,1873,XBI,irregular,31
1873.8.1,1873,YNN,cavalry,32
1873.8.1,1873,YNN,infantry,17
1873.8.1,1873,YNN,irregular,141
1873.8.1,1873,TIB,cavalry,3
1873.8.1,1873,TIB,infantry,5
1873.8.1,1873,TIB,irregular,6
1873.8.1,1873,XIN,cavalry,1
1873.8.1,1873,XIN,irregular,5
1873.8.1,1873,ALD,cavalry,2
1873.8.1,1873,ALD,irregular,3
1873.8.1,1873,MEX,artillery,55
1873.8.1,1873,MEX,cavalry,1
1873.8.1,1873,MEX,infantry,12
1873.8.1,1873,BRZ,artillery,9
1873.8.1,1873,BRZ,cavalry,2
1873.8.1,1873,BRZ,cuirassier,1
1873.8.1,1873,BRZ,infantry,34
1873.9.1,1873,USA,artillery,70
1873.9.1,1873,USA,dragoon,1
1873.9.1,1873,USA,hussar,10
1873.9.1,1873,USA,infantry,69
1873.9.1,1873,ENG,artillery,94
1873.9.1,1873,ENG,cuirassier,2
1873.9.1,1873,ENG,hussar,8
1873.9.1,1873,ENG,infantry,101
1873.9.1,1873,FRA,artillery,149
1873.9.1,1873,FRA,dragoon,1
1873.9.1,1873,FRA,hussar,9
1873.9.1,1873,FRA,infantry,135
1873.9.1,1873,SCA,artillery,38
1873.9.1,1873,SCA,hussar,8
1873.9.1,1873,SCA,infantry,38
1873.9.1,1873,RUS,artillery,59
1873.9.1,1873,RUS,dragoon,5
1873.9.1,1873,RUS,hussar,1
1873.9.1,1873,RUS,infantry,8
1873.9.1,1873,GER,artillery,117
1873.9.1,1873,GER,hussar,20
1873.9.1,1873,GER,infantry,15
1873.9.1,1873,NET,artillery,7
1873.9.1,1873,BEL,artillery,25
1873.9.1,1873,BEL,dragoon,5
1873.9.1,1873,BEL,guard,8
1873.9.1,1873,SPA,artillery,55
1873.9.1,1873,SPA,hussar,2
1873.9.1,1873,SPA,infantry,40
1873.9.1,1873,KUK,artillery,68
1873.9.1,1873,KUK,dragoon,15
1873.9.1,1873,AST,artillery,24
1873.9.1,1873,AST,hussar,5
1873.9.1,1873,AST,infantry,29
1873.9.1,1873,WAL,artillery,12
1873.9.1,1873,SAR,artillery,19
1873.9.1,1873,SAR,hussar,6
1873.9.1,1873,SAR,infantry,23
1873.9.1,1873,SIC,artillery,48
1873.9.1,1873,SIC,dragoon,10
1873.9.1,1873,TUR,artillery,20
1873.9.1,1873,TUR,hussar,4
1873.9.1,1873,TUR,infantry,16
1873.9.1,1873,MCK,cavalry,8
1873.9.1,1873,MCK,infantry,9
1873.9.1,1873,MCK,irregular,28
1873.9.1,1873,PER,artillery,15
1873.9.1,1873,PER,hussar,3
1873.9.1,1873,PER,infantry,10
1873.9.1,1873,JAS,cavalry,1
1873.9.1,1873,JAS,infantry,2
1873.9.1,1873,BIK,cavalry,1
1873.9.1,1873,BIK,infantry,3
1873.9.1,1873,MEW,cavalry,1
1873.9.1,1873,MEW,infantry,5
1873.9.1,1873,GWA,cavalry,1
1873.9.1,1873,GWA,infantry,1
1873.9.1,1873,GWA,irregular,3
1873.9.1,1873,BUN,cavalry,1
1873.9.1,1873,BUN,infantry,3
1873.9.1,1873,BUN,irregular,1
1873.9.1,1873,BAS,cavalry,1
1873.9.1,1873,BAS,irregular,2
1873.9.1,1873,NEP,cavalry,1
1873.9.1,1873,NEP,irregular,5
1873.9.1,1873,SIK,irregular,1
1873.9.1,1873,BHU,irregular,1
1873.9.1,1873,CHL,artillery,32
1873.9.1,1873,CHL,dragoon,6
1873.9.1,1873,CHL,infantry,12
1873.9.1,1873,MGL,cavalry,2
1873.9.1,1873,MGL,infantry,4
1873.9.1,1873,MGL,irregular,6
1873.9.1,1873,CHI,cavalry,43
1873.9.1,1873,CHI,infantry,17
1873.9.1,1873,CHI,irregular,191
1873.9.1,1873,GXI,cavalry,44
1873.9.1,1873,GXI,infantry,54
1873.9.1,1873,GXI,irregular,161
1873.9.1,1873,XBI,cavalry,4
1873.9.1,1873,XBI,infantry,2
1873.9.1,1873,XBI,irregular,31
1873.9.1,1873,YNN,cavalry,32
1873.9.1,1873,YNN,infantry,17
1873.9.1,1873,YNN,irregular,141
1873.9.1,1873,TIB,cavalry,3
1873.9.1,1873,TIB,infantry,5
1873.9.1,1873,TIB,irregular,6
1873.9.1,1873,XIN,cavalry,1
1873.9.1,1873,XIN,irregular,5
1873.9.1,1873,ALD,cavalry,2
1873.9.1,1873,ALD,irregular,3
1873.9.1,1873,MEX,artillery,55
1873.9.1,1873,MEX,cavalry,1
1873.9.1,1873,MEX,infantry,12
1873.9.1,1873,ORA,infantry,2
1873.9.1,1873,BRZ,artillery,9
1873.9.1,1873,BRZ,cavalry,2
1873.9.1,1873,BRZ,cuirassier,1
1873.9.1,1873,BRZ,infantry,34
1873.10.1,1873,USA,artillery,70
1873.10.1,1873,USA,dragoon,1
1873.10.1,1873,USA,hussar,10
1873.10.1,1873,USA,infantry,69
1873.10.1,1873,ENG,artillery,94
1873.10.1,1873,ENG,cuirassier,2
1873.10.1,1873,ENG,hussar,8
1873.10.1,1873,ENG,infantry,101
1873.10.1,1873,FRA,artillery,149
1873.10.1,1873,FRA,dragoon,1
1873.10.1,1873,FRA,hussar,9
1873.10.1,1873,FRA,infantry,135
1873.10.1,1873,SCA,artillery,41
1873.10.1,1873,SCA,hussar,8
1873.10.1,1873,SCA,infantry,38
1873.10.1,1873,RUS,artillery,59
1873.10.1,1873,RUS,dragoon,7
1873.10.1,1873,RUS,hussar,1
1873.10.1,1873,RUS,infantry,10
1873.10.1,1873,GER,artillery,117
1873.10.1,1873,GER,hussar,20
1873.10.1,1873,GER,infantry,15
1873.10.1,1873,NET,artillery,7
1873.10.1,1873,BEL,artillery,23
1873.10.1,1873,BEL,dragoon,2
1873.10.1,1873,BEL,guard,8
1873.10.1,1873,SPA,artillery,55
1873.10.1,1873,SPA,hussar,2
1873.10.1,1873,SPA,infantry,40
1873.10.1,1873,KUK,artillery,68
1873.10.1,1873,KUK,dragoon,15
1873.10.1,1873,AST,artillery,24
1873.10.1,1873,AST,hussar,5
1873.10.1,1873,AST,infantry,31
1873.10.1,1873,WAL,artillery,12
1873.10.1,1873,SAR,artillery,19
1873.10.1,1873,SAR,hussar,6
1873.10.1,1873,SAR,infantry,23
1873.10.1,1873,SIC,artillery,48
1873.10.1,1873,SIC,dragoon,10
1873.10.1,1873,TUR,artillery,20
1873.10.1,1873,TUR,hussar,4
1873.10.1,1873,TUR,infantry,15
1873.10.1,1873,MCK,cavalry,8
1873.10.1,1873,MCK,infantry,9
1873.10.1,1873,MCK,irregular,28
1873.10.1,1873,PER,artillery,15
1873.10.1,1873,PER,hussar,3
1873.10.1,1873,PER,infantry,12
1873.10.1,1873,JAS,cavalry,1
1873.10.1,1873,JAS,infantry,2
1873.10.1,1873,BIK,cavalry,1
1873.10.1,1873,BIK,infantry,3
1873.10.1,1873,MEW,cavalry,1
1873.10.1,1873,MEW,infantry,5
1873.10.1,1873,GWA,cavalry,1
1873.10.1,1873,GWA,infantry,1
1873.10.1,1873,GWA,irregular,3
1873.10.1,1873,BUN,cavalry,1
1873.10.1,1873,BUN,infantry,3
1873.10.1,1873,BUN,irregular,1
1873.10.1,1873,BAS,cavalry,1
1873.10.1,1873,BAS,irregular,2
1873.10.1,1873,NEP,cavalry,1
1873.10.1,1873,NEP,irregular,5
1873.10.1,1873,SIK,irregular,1
1873.10.1,1873,BHU,irregular,1
1873.10.1,1873,CHL,artillery,33
1873.10.1,1873,CHL,dragoon,6
1873.10.1,1873,CHL,infantry,12
1873.10.1,1873,MGL,cavalry,2
1873.10.1,1873,MGL,infantry,4
1873.10.1,1873,MGL,irregular,6
1873.10.1,1873,CHI,cavalry,43
1873.10.1,1873,CHI,infantry,17
1873.10.1,1873,CHI,irregular,191
1873.10.1,1873,GXI,cavalry,44
1873.10.1,1873,GXI,infantry,54
1873.10.1,1873,GXI,irregular,161
1873.10.1,1873,XBI,cavalry,4
1873.10.1,1873,XBI,infantry,2
1873.10.1,1873,XBI,irregular,31
1873.10.1,1873,YNN,cavalry,32
1873.10.1,1873,YNN,infantry,17
1873.10.1,1873,YNN,irregular,141
1873.10.1,1873,TIB,cavalry,3
1873.10.1,1873,TIB,infantry,5
1873.10.1,1873,TIB,irregular,6
1873.10.1,1873,XIN,cavalry,1
1873.10.1,1873,XIN,irregular,5
1873.10.1,1873,ALD,cavalry,2
1873.10.1,1873,ALD,irregular,3
1873.10.1,1873,MEX,artillery,55
1873.10.1,1873,MEX,cavalry,1
1873.10.1,1873,MEX,infantry,12
1873.10.1,1873,ORA,infantry,2
1873.10.1,1873,BRZ,artillery,9
1873.10.1,1873,BRZ,cavalry,2
1873.10.1,1873,BRZ,cuirassier,1
1873.10.1,1873,BRZ,infantry,34
1873.11.1,1873,USA,artillery,70
1873.11.1,1873,USA,dragoon,1
1873.11.1,1873,USA,hussar,9
1873.11.1,1873,USA,infantry,69
1873.11.1,1873,ENG,artillery,94
1873.11.1,1873,ENG,cuirassier,2
1873.11.1,1873,ENG,hussar,8
1873.11.1,1873,ENG,infantry,101
1873.11.1,1873,FRA,artillery,149
1873.11.1,1873,FRA,dragoon,1
1873.11.1,1873,FRA,hussar,9
1873.11.1,1873,FRA,infantry,135
1873.11.1,1873,SCA,artillery,41
1873.11.1,1873,SCA,hussar,8
1873.11.1,1873,SCA,infantry,38
1873.11.1,1873,RUS,artillery,59
1873.11.1,1873,RUS,dragoon,8
1873.11.1,1873,RUS,hussar,1
1873.11.1,1873,RUS,infantry,14
1873.11.1,1873,GER,artillery,119
1873.11.1,1873,GER,hussar,20
1873.11.1,1873,GER,infantry,15
1873.11.1,1873,NET,artillery,7
1873.11.1,1873,BEL,artillery,23
1873.11.1,1873,BEL,dragoon,2
1873.11.1,1873,BEL,guard,8
1873.11.1,1873,SPA,artillery,55
1873.11.1,1873,SPA,hussar,2
1873.11.1,1873,SPA,infantry,40
1873.11.1,1873,KUK,artillery,69
1873.11.1,1873,KUK,dragoon,15
1873.11.1,1873,AST,artillery,25
1873.11.1,1873,AST,hussar,5
1873.11.1,1873,AST,infantry,33
1873.11.1,1873,WAL,artillery,12
1873.11.1,1873,SAR,artillery,19
1873.11.1,1873,SAR,hussar,6
1873.11.1,1873,SAR,infantry,23
1873.11.1,1873,SIC,artillery,52
1873.11.1,1873,SIC,dragoon,10
1873.11.1,1873,TUR,artillery,20
1873.11.1,1873,TUR,hussar,4
1873.11.1,1873,TUR,infantry,15
1873.11.1,1873,MCK,cavalry,8
1873.11.1,1873,MCK,infantry,9
1873.11.1,1873,MCK,irregular,28
1873.11.1,1873,PER,artillery,17
1873.11.1,1873,PER,hussar,3
1873.11.1,1873,PER,infantry,12
1873.11.1,1873,JAS,cavalry,1
1873.11.1,1873,JAS,infantry,2
1873.11.1,1873,BIK,cavalry,1
1873.11.1,1873,BIK,infantry,3
1873.11.1,1873,MEW,cavalry,1
1873.11.1,1873,MEW,infantry,5
1873.11.1,1873,GWA,cavalry,1
1873.11.1,1873,GWA,infantry,1
1873.11.1,1873,GWA,irregular,3
1873.11.1,1873,BUN,cavalry,1
1873.11.1,1873,BUN,infantry,3
1873.11.1,1873,BUN,irregular,1
1873.11.1,1873,BAS,cavalry,1
1873.11.1,1873,BAS,irregular,2
1873.11.1,1873,NEP,cavalry,1
1873.11.1,1873,NEP,irregular,5
1873.11.1,1873,SIK,irregular,1
1873.11.1,1873,BHU,irregular,1
1873.11.1,1873,CHL,artillery,33
1873.11.1,1873,CHL,dragoon,6
1873.11.1,1873,CHL,infantry,12
1873.11.1,1873,MGL,cavalry,2
1873.11.1,1873,MGL,infantry,4
1873.11.1,1873,MGL,irregular,6
1873.11.1,1873,CHI,cavalry,43
1873.11.1,1873,CHI,infantry,17
1873.11.1,1873,CHI,irregular,191
1873.11.1,1873,GXI,cavalry,44
1873.11.1,1873,GXI,infantry,54
1873.11.1,1873,GXI,irregular,161
1873.11.1,1873,XBI,cavalry,4
1873.11.1,1873,XBI,infantry,2
1873.11.1,1873,XBI,irregular,31
1873.11.1,1873,YNN,cavalry,32
1873.11.1,1873,YNN,infantry,17
1873.11.1,1873,YNN,irregular,141
1873.11.1,1873,TIB,cavalry,3
1873.11.1,1873,TIB,infantry,5
1873.11.1,1873,TIB,irregular,6
1873.11.1,1873,XIN,cavalry,1
1873.11.1,1873,XIN,irregular,5
1873.11.1,1873,ALD,cavalry,2
1873.11.1,1873,ALD,irregular,3
1873.11.1,1873,MEX,artillery,55
1873.11.1,1873,MEX,cavalry,1
1873.11.1,1873,MEX,infantry,12
1873.11.1,1873,ORA,infantry,2
1873.11.1,1873,BRZ,artillery,9
1873.11.1,1873,BRZ,cavalry,2
1873.11.1,1873,BRZ,cuirassier,1
1873.11.1,1873,BRZ,infantry,34
1873.12.1,1873,USA,artillery,71
1873.12.1,1873,USA,dragoon,1
1873.12.1,1873,USA,hussar,9
1873.12.1,1873,USA,infantry,69
1873.12.1,1873,ENG,artillery,94
1873.12.1,1873,ENG,cuirassier,2
1873.12.1,1873,ENG,hussar,8
1873.12.1,1873,ENG,infantry,101
1873.12.1,1873,FRA,artillery,149
1873.12.1,1873,FRA,dragoon,1
1873.12.1,1873,FRA,hussar,9
1873.12.1,1873,FRA,infantry,135
1873.12.1,1873,SCA,artillery,41
1873.12.1,1873,SCA,hussar,8
1873.12.1,1873,SCA,infantry,38
1873.12.1,1873,RUS,artillery,59
1873.12.1,1873,RUS,dragoon,9
1873.12.1,1873,RUS,hussar,1
1873.12.1,1873,RUS,infantry,16
1873.12.1,1873,GER,artillery,119
1873.12.1,1873,GER,hussar,20
1873.12.1,1873,GER,infantry,15
1873.12.1,1873,NET,artillery,7
1873.12.1,1873,BEL,artillery,23
1873.12.1,1873,BEL,dragoon,2
1873.12.1,1873,BEL,guard,8
1873.12.1,1873,SPA,artillery,55
1873.12.1,1873,SPA,hussar,2
1873.12.1,1873,SPA,infantry,40
1873.12.1,1873,KUK,artillery,72
1873.12.1,1873,KUK,dragoon,15
1873.12.1,1873,AST,artillery,28
1873.12.1,1873,AST,hussar,5
1873.12.1,1873,AST,infantry,33
1873.12.1,1873,WAL,artillery,12
1873.12.1,1873,WAL,hussar,1
1873.12.1,1873,SAR,artillery,20
1873.12.1,1873,SAR,hussar,6
1873.12.1,1873,SAR,infantry,23
1873.12.1,1873,SIC,artillery,56
1873.12.1,1873,SIC,dragoon,10
1873.12.1,1873,TUR,artillery,20
1873.12.1,1873,TUR,hussar,4
1873.12.1,1873,TUR,infantry,15
1873.12.1,1873,MCK,cavalry,8
1873.12.1,1873,MCK,infantry,9
1873.12.1,1873,MCK,irregular,28
1873.12.1,1873,PER,artillery,20
1873.12.1,1873,PER,hussar,3
1873.12.1,1873,PER,infantry,12
1873.12.1,1873,JAS,cavalry,1
1873.12.1,1873,JAS,infantry,2
1873.12.1,1873,BIK,cavalry,1
1873.12.1,1873,BIK,infantry,3
1873.12.1,1873,MEW,cavalry,1
1873.12.1,1873,MEW,infantry,5
1873.12.1,1873,GWA,cavalry,1
1873.12.1,1873,GWA,infantry,1
1873.12.1,1873,GWA,irregular,3
1873.12.1,1873,BUN,cavalry,1
1873.12.1,1873,BUN,infantry,3
1873.12.1,1873,BUN,irregular,1
1873.12.1,1873,BAS,cavalry,1
1873.12.1,1873,BAS,irregular,2
1873.12.1,1873,NEP,cavalry,1
1873.12.1,1873,NEP,irregular,5
1873.12.1,1873,SIK,irregular,1
1873.12.1,1873,BHU,irregular,1
1873.12.1,1873,CHL,artillery,33
1873.12.1,1873,CHL,dragoon,6
1873.12.1,1873,CHL,infantry,12
1873.12.1,1873,MGL,cavalry,2
1873.12.1,1873,MGL,infantry,4
1873.12.1,1873,MGL,irregular,6
1873.12.1,1873,CHI,cavalry,43
1873.12.1,1873,CHI,infantry,17
1873.12.1,1873,CHI,irregular,191
1873.12.1,1873,GXI,cavalry,44
1873.12.1,1873,GXI,infantry,54
1873.12.1,1873,GXI,irregular,161
1873.12.1,1873,XBI,cavalry,4
1873.12.1,1873,XBI,infantry,2
1873.12.1,1873,XBI,irregular,31
1873.12.1,1873,YNN,cavalry,32
1873.12.1,1873,YNN,infantry,17
1873.12.1,1873,YNN,irregular,141
1873.12.1,1873,TIB,cavalry,3
1873.12.1,1873,TIB,infantry,5
1873.12.1,1873,TIB,irregular,6
1873.12.1,1873,XIN,cavalry,1
1873.12.1,1873,XIN,irregular,5
1873.12.1,1873,ALD,cavalry,2
1873.12.1,1873,ALD,irregular,3
1873.12.1,1873,MEX,artillery,56
1873.12.1,1873,MEX,cavalry,1
1873.12.1,1873,MEX,infantry,12
1873.12.1,1873,ORA,infantry,2
1873.12.1,1873,BRZ,artillery,9
1873.12.1,1873,BRZ,cavalry,1
1873.12.1,1873,BRZ,cuirassier,1
1873.12.1,1873,BRZ,infantry,34
1874.1.1,1874,USA,artillery,70
1874.1.1,1874,USA,dragoon,1
1874.1.1,1874,USA,hussar,8
1874.1.1,1874,USA,infantry,69
1874.1.1,1874,ENG,artillery,94
1874.1.1,1874,ENG,cuirassier,2
1874.1.1,1874,ENG,hussar,8
1874.1.1,1874,ENG,infantry,101
1874.1.1,1874,FRA,artillery,149
1874.1.1,1874,FRA,dragoon,1
1874.1.1,1874,FRA,hussar,9
1874.1.1,1874,FRA,infantry,135
1874.1.1,1874,SCA,artillery,41
1874.1.1,1874,SCA,hussar,8
1874.1.1,1874,SCA,infantry,38
1874.1.1,1874,RUS,artillery,59
1874.1.1,1874,RUS,dragoon,9
1874.1.1,1874,RUS,hussar,1
1874.1.1,1874,RUS,infantry,18
1874.1.1,1874,GER,artillery,119
1874.1.1,1874,GER,hussar,20
1874.1.1,1874,GER,infantry,15
1874.1.1,1874,NET,artillery,6
1874.1.1,1874,BEL,artillery,22
1874.1.1,1874,BEL,dragoon,2
1874.1.1,1874,BEL,guard,8
1874.1.1,1874,SPA,artillery,55
1874.1.1,1874,SPA,hussar,2
1874.1.1,1874,SPA,infantry,40
1874.1.1,1874,KUK,artillery,72
1874.1.1,1874,KUK,dragoon,15
1874.1.1,1874,AST,artillery,27
1874.1.1,1874,AST,hussar,5
1874.1.1,1874,AST,infantry,33
1874.1.1,1874,WAL,artillery,12
1874.1.1,1874,WAL,hussar,1
1874.1.1,1874,SAR,artillery,20
1874.1.1,1874,SAR,hussar,6
1874.1.1,1874,SAR,infantry,23
1874.1.1,1874,SIC,artillery,56
1874.1.1,1874,SIC,dragoon,10
1874.1.1,1874,TUR,artillery,20
1874.1.1,1874,TUR,hussar,4
1874.1.1,1874,TUR,infantry,15
1874.1.1,1874,MCK,cavalry,8
1874.1.1,1874,MCK,infantry,9
1874.1.1,1874,MCK,irregular,28
1874.1.1,1874,PER,artillery,20
1874.1.1,1874,PER,hussar,4
1874.1.1,1874,PER,infantry,12
1874.1.1,1874,JAS,cavalry,1
1874.1.1,1874,JAS,infantry,2
1874.1.1,1874,BIK,cavalry,1
1874.1.1,1874,BIK,infantry,3
1874.1.1,1874,MEW,cavalry,1
1874.1.1,1874,MEW,infantry,5
1874.1.1,1874,GWA,cavalry,1
1874.1.1,1874,GWA,infantry,1
1874.1.1,1874,GWA,irregular,3
1874.1.1,1874,BUN,cavalry,1
1874.1.1,1874,BUN,infantry,3
1874.1.1,1874,BUN,irregular,1
1874.1.1,1874,BAS,cavalry,1
1874.1.1,1874,BAS,irregular,2
1874.1.1,1874,NEP,cavalry,1
1874.1.1,1874,NEP,irregular,5
1874.1.1,1874,SIK,irregular,1
1874.1.1,1874,BHU,irregular,1
1874.1.1,1874,CHL,artillery,33
1874.1.1,1874,CHL,dragoon,6
1874.1.1,1874,CHL,infantry,12
1874.1.1,1874,MGL,cavalry,2
1874.1.1,1874,MGL,infantry,4
1874.1.1,1874,MGL,irregular,6
1874.1.1,1874,CHI,cavalry,43
1874.1.1,1874,CHI,infantry,17
1874.1.1,1874,CHI,irregular,191
1874.1.1,1874,GXI,cavalry,44
1874.1.1,1874,GXI,infantry,54
1874.1.1,1874,GXI,irregular,161
1874.1.1,1874,XBI,cavalry,4
1874.1.1,1874,XBI,infantry,2
1874.1.1,1874,XBI,irregular,31
1874.1.1,1874,YNN,cavalry,32
1874.1.1,1874,YNN,infantry,17
1874.1.1,1874,YNN,irregular,141
1874.1.1,1874,TIB,cavalry,3
1874.1.1,1874,TIB,infantry,5
1874.1.1,1874,TIB,irregular,6
1874.1.1,1874,XIN,cavalry,1
1874.1.1,1874,XIN,irregular,5
1874.1.1,1874,ALD,cavalry,2
1874.1.1,1874,ALD,irregular,3
1874.1.1,1874,MEX,artillery,56
1874.1.1,1874,MEX,cavalry,1
1874.1.1,1874,MEX,infantry,12
1874.1.1,1874,ORA,infantry,2
1874.1.1,1874,BRZ,artillery,8
1874.1.1,1874,BRZ,cavalry,1
1874.1.1,1874,BRZ,cuirassier,1
1874.1.1,1874,BRZ,infantry,33
1874.2.1,1874,USA,artillery,69
1874.2.1,1874,USA,dragoon,1
1874.2.1,1874,USA,hussar,6
1874.2.1,1874,USA,infantry,68
1874.2.1,1874,ENG,artillery,91
1874.2.1,1874,ENG,cuirassier,2
1874.2.1,1874,ENG,hussar,8
1874.2.1,1874,ENG,infantry,99
1874.2.1,1874,FRA,artillery,149
1874.2.1,1874,FRA,dragoon,1
1874.2.1,1874,FRA,hussar,9
1874.2.1,1874,FRA,infantry,135
1874.2.1,1874,SCA,artillery,40
1874.2.1,1874,SCA,hussar,8
1874.2.1,1874,SCA,infantry,38
1874.2.1,1874,RUS,artillery,59
1874.2.1,1874,RUS,dragoon,9
1874.2.1,1874,RUS,hussar,1
1874.2.1,1874,RUS,infantry,22
1874.2.1,1874,GER,artillery,119
1874.2.1,1874,GER,hussar,20
1874.2.1,1874,GER,infantry,15
1874.2.1,1874,NET,artillery,5
1874.2.1,1874,BEL,artillery,22
1874.2.1,1874,BEL,dragoon,2
1874.2.1,1874,BEL,guard,8
1874.2.1,1874,SPA,artillery,55
1874.2.1,1874,SPA,hussar,2
1874.2.1,1874,SPA,infantry,40
1874.2.1,1874,KUK,artillery,72
1874.2.1,1874,KUK,dragoon,15
1874.2.1,1874,AST,artillery,27
1874.2.1,1874,AST,hussar,5
1874.2.1,1874,AST,infantry,32
1874.2.1,1874,WAL,artillery,12
1874.2.1,1874,WAL,hussar,1
1874.2.1,1874,SAR,artillery,20
1874.2.1,1874,SAR,hussar,6
1874.2.1,1874,SAR,infantry,23
1874.2.1,1874,SIC,artillery,57
1874.2.1,1874,SIC,dragoon,10
1874.2.1,1874,TUR,artillery,20
1874.2.1,1874,TUR,hussar,4
1874.2.1,1874,TUR,infantry,16
1874.2.1,1874,MCK,cavalry,8
1874.2.1,1874,MCK,infantry,9
1874.2.1,1874,MCK,irregular,28
1874.2.1,1874,PER,artillery,20
1874.2.1,1874,PER,hussar,4
1874.2.1,1874,PER,infantry,12
1874.2.1,1874,JAS,cavalry,1
1874.2.1,1874,JAS,infantry,2
1874.2.1,1874,BIK,cavalry,1
1874.2.1,1874,BIK,infantry,3
1874.2.1,1874,MEW,cavalry,1
1874.2.1,1874,MEW,infantry,5
1874.2.1,1874,GWA,cavalry,1
1874.2.1,1874,GWA,infantry,1
1874.2.1,1874,GWA,irregular,3
1874.2.1,1874,BUN,artillery,1
1874.2.1,1874,BUN,cavalry,1
1874.2.1,1874,BUN,infantry,3
1874.2.1,1874,BUN,irregular,1
1874.2.1,1874,BAS,cavalry,1
1874.2.1,1874,BAS,irregular,2
1874.2.1,1874,NEP,cavalry,1
1874.2.1,1874,NEP,irregular,5
1874.2.1,1874,SIK,irregular,1
1874.2.1,1874,BHU,irregular,1
1874.2.1,1874,CHL,artillery,33
1874.2.1,1874,CHL,dragoon,6
1874.2.1,1874,CHL,infantry,12
1874.2.1,1874,MGL,cavalry,2
1874.2.1,1874,MGL,infantry,4
1874.2.1,1874,MGL,irregular,6
1874.2.1,1874,CHI,cavalry,43
1874.2.1,1874,CHI,infantry,17
1874.2.1,1874,CHI,irregular,191
1874.2.1,1874,GXI,cavalry,44
1874.2.1,1874,GXI,infantry,54
1874.2.1,1874,GXI,irregular,161
1874.2.1,1874,XBI,cavalry,4
1874.2.1,1874,XBI,infantry,2
1874.2.1,1874,XBI,irregular,31
1874.2.1,1874,YNN,cavalry,32
1874.2.1,1874,YNN,infantry,17
1874.2.1,1874,YNN,irregular,142
1874.2.1,1874,TIB,cavalry,3
1874.2.1,1874,TIB,infantry,5
1874.2.1,1874,TIB,irregular,6
1874.2.1,1874,XIN,cavalry,1
1874.2.1,1874,XIN,irregular,5
1874.2.1,1874,ALD,cavalry,2
1874.2.1,1874,ALD,irregular,3
1874.2.1,1874,MEX,artillery,56
1874.2.1,1874,MEX,cavalry,1
1874.2.1,1874,MEX,infantry,12
1874.2.1,1874,ORA,infantry,2
1874.2.1,1874,BRZ,artillery,10
1874.2.1,1874,BRZ,cavalry,1
1874.2.1,1874,BRZ,cuirassier,1
1874.2.1,1874,BRZ,infantry,33
1874.3.1,1874,USA,artillery,59
1874.3.1,1874,USA,dragoon,1
1874.3.1,1874,USA,hussar,6
1874.3.1,1874,USA,infantry,68
1874.3.1,1874,ENG,artillery,86
1874.3.1,1874,ENG,cuirassier,2
1874.3.1,1874,ENG,hussar,7
1874.3.1,1874,ENG,infantry,99
1874.3.1,1874,FRA,artillery,148
1874.3.1,1874,FRA,dragoon,1
1874.3.1,1874,FRA,hussar,9
1874.3.1,1874,FRA,infantry,135
1874.3.1,1874,SCA,artillery,40
1874.3.1,1874,SCA,hussar,8
1874.3.1,1874,SCA,infantry,37
1874.3.1,1874,RUS,artillery,59
1874.3.1,1874,RUS,dragoon,9
1874.3.1,1874,RUS,hussar,1
1874.3.1,1874,RUS,infantry,27
1874.3.1,1874,GER,artillery,120
1874.3.1,1874,GER,hussar,20
1874.3.1,1874,GER,infantry,15
1874.3.1,1874,NET,artillery,5
1874.3.1,1874,BEL,artillery,22
1874.3.1,1874,BEL,dragoon,3
1874.3.1,1874,BEL,guard,8
1874.3.1,1874,SPA,artillery,54
1874.3.1,1874,SPA,hussar,2
1874.3.1,1874,SPA,infantry,40
1874.3.1,1874,KUK,artillery,72
1874.3.1,1874,KUK,dragoon,15
1874.3.1,1874,AST,artillery,26
1874.3.1,1874,AST,hussar,5
1874.3.1,1874,AST,infantry,32
1874.3.1,1874,WAL,artillery,12
1874.3.1,1874,WAL,hussar,1
1874.3.1,1874,SAR,artillery,20
1874.3.1,1874,SAR,hussar,6
1874.3.1,1874,SAR,infantry,23
1874.3.1,1874,SIC,artillery,57
1874.3.1,1874,SIC,dragoon,10
1874.3.1,1874,TUR,artillery,20
1874.3.1,1874,TUR,hussar,4
1874.3.1,1874,TUR,infantry,16
1874.3.1,1874,MCK,cavalry,8
1874.3.1,1874,MCK,infantry,9
1874.3.1,1874,MCK,irregular,28
1874.3.1,1874,PER,artillery,20
1874.3.1,1874,PER,hussar,4
1874.3.1,1874,PER,infantry,12
1874.3.1,1874,JAS,cavalry,1
1874.3.1,1874,JAS,infantry,2
1874.3.1,1874,BIK,cavalry,1
1874.3.1,1874,BIK,infantry,3
1874.3.1,1874,MEW,cavalry,1
1874.3.1,1874,MEW,infantry,5
1874.3.1,1874,GWA,cavalry,1
1874.3.1,1874,GWA,infantry,1
1874.3.1,1874,GWA,irregular,3
1874.3.1,1874,BUN,artillery,1
1874.3.1,1874,BUN,cavalry,1
1874.3.1,1874,BUN,infantry,3
1874.3.1,1874,BUN,irregular,1
1874.3.1,1874,BAS,cavalry,1
1874.3.1,1874,BAS,irregular,2
1874.3.1,1874,NEP,cavalry,1
1874.3.1,1874,NEP,irregular,5
1874.3.1,1874,SIK,irregular,1
1874.3.1,1874,BHU,irregular,1
1874.3.1,1874,CHL,artillery,33
1874.3.1,1874,CHL,dragoon,6
1874.3.1,1874,CHL,infantry,12
1874.3.1,1874,MGL,cavalry,2
1874.3.1,1874,MGL,infantry,4
1874.3.1,1874,MGL,irregular,6
1874.3.1,1874,CHI,cavalry,43
1874.3.1,1874,CHI,infantry,17
1874.3.1,1874,CHI,irregular,191
1874.3.1,1874,GXI,cavalry,44
1874.3.1,1874,GXI,infantry,54
1874.3.1,1874,GXI,irregular,161
1874.3.1,1874,XBI,cavalry,4
1874.3.1,1874,XBI,infantry,2
1874.3.1,1874,XBI,irregular,31
1874.3.1,1874,YNN,cavalry,32
1874.3.1,1874,YNN,infantry,17
1874.3.1,1874,YNN,irregular,142
1874.3.1,1874,TIB,cavalry,3
1874.3.1,1874,TIB,infantry,5
1874.3.1,1874,TIB,irregular,6
1874.3.1,1874,XIN,cavalry,1
1874.3.1,1874,XIN,irregular,5
1874.3.1,1874,ALD,cavalry,2
1874.3.1,1874,ALD,irregular,3
1874.3.1,1874,MEX,artillery,56
1874.3.1,1874,MEX,cavalry,1
1874.3.1,1874,MEX,infantry,12
1874.3.1,1874,ORA,infantry,2
1874.3.1,1874,BRZ,artillery,10
1874.3.1,1874,BRZ,cavalry,1
1874.3.1,1874,BRZ,cuirassier,1
1874.3.1,1874,BRZ,infantry,32
1874.4.1,1874,USA,artillery,57
1874.4.1,1874,USA,dragoon,1
1874.4.1,1874,USA,hussar,5
1874.4.1,1874,USA,infantry,68
1874.4.1,1874,ENG,artillery,86
1874.4.1,1874,ENG,cuirassier,2
1874.4.1,1874,ENG,hussar,7
1874.4.1,1874,ENG,infantry,99
1874.4.1,1874,FRA,artillery,147
1874.4.1,1874,FRA,dragoon,1
1874.4.1,1874,FRA,hussar,9
1874.4.1,1874,FRA,infantry,135
1874.4.1,1874,SCA,artillery,37
1874.4.1,1874,SCA,hussar,8
1874.4.1,1874,SCA,infantry,36
1874.4.1,1874,RUS,artillery,59
1874.4.1,1874,RUS,dragoon,9
1874.4.1,1874,RUS,hussar,1
1874.4.1,1874,RUS,infantry,29
1874.4.1,1874,GER,artillery,122
1874.4.1,1874,GER,hussar,21
1874.4.1,1874,GER,infantry,15
1874.4.1,1874,NET,artillery,5
1874.4.1,1874,BEL,artillery,22
1874.4.1,1874,BEL,dragoon,3
1874.4.1,1874,BEL,guard,8
1874.4.1,1874,SPA,artillery,54
1874.4.1,1874,SPA,hussar,2
1874.4.1,1874,SPA,infantry,40
1874.4.1,1874,KUK,artillery,72
1874.4.1,1874,KUK,dragoon,15
1874.4.1,1874,AST,artillery,23
1874.4.1,1874,AST,hussar,4
1874.4.1,1874,AST,infantry,32
1874.4.1,1874,WAL,artillery,13
1874.4.1,1874,WAL,hussar,1
1874.4.1,1874,SAR,artillery,21
1874.4.1,1874,SAR,hussar,6
1874.4.1,1874,SAR,infantry,23
1874.4.1,1874,SIC,artillery,57
1874.4.1,1874,SIC,dragoon,10
1874.4.1,1874,TUR,artillery,20
1874.4.1,1874,TUR,hussar,4
1874.4.1,1874,TUR,infantry,16
1874.4.1,1874,MCK,cavalry,8
1874.4.1,1874,MCK,infantry,9
1874.4.1,1874,MCK,irregular,28
1874.4.1,1874,PER,artillery,20
1874.4.1,1874,PER,hussar,4
1874.4.1,1874,PER,infantry,12
1874.4.1,1874,JAS,cavalry,1
1874.4.1,1874,JAS,infantry,2
1874.4.1,1874,BIK,cavalry,1
1874.4.1,1874,BIK,infantry,3
1874.4.1,1874,MEW,cavalry,1
1874.4.1,1874,MEW,infantry,5
1874.4.1,1874,GWA,cavalry,1
1874.4.1,1874,GWA,infantry,1
1874.4.1,1874,GWA,irregular,3
1874.4.1,1874,BUN,artillery,1
1874.4.1,1874,BUN,cavalry,1
1874.4.1,1874,BUN,infantry,3
1874.4.1,1874,BUN,irregular,1
1874.4.1,1874,BAS,cavalry,1
1874.4.1,1874,BAS,irregular,2
1874.4.1,1874,NEP,cavalry,1
1874.4.1,1874,NEP,irregular,5
1874.4.1,1874,SIK,irregular,1
1874.4.1,1874,BHU,irregular,1
1874.4.1,1874,CHL,artillery,33
1874.4.1,1874,CHL,dragoon,6
1874.4.1,1874,CHL,infantry,12
1874.4.1,1874,MGL,cavalry,2
1874.4.1,1874,MGL,infantry,4
1874.4.1,1874,MGL,irregular,6
1874.4.1,1874,CHI,cavalry,43
1874.4.1,1874,CHI,infantry,17
1874.4.1,1874,CHI,irregular,191
1874.4.1,1874,GXI,cavalry,44
1874.4.1,1874,GXI,infantry,54
1874.4.1,1874,GXI,irregular,161
1874.4.1,1874,XBI,cavalry,4
1874.4.1,1874,XBI,infantry,2
1874.4.1,1874,XBI,irregular,31
1874.4.1,1874,YNN,cavalry,32
1874.4.1,1874,YNN,infantry,17
1874.4.1,1874,YNN,irregular,143
1874.4.1,1874,TIB,cavalry,3
1874.4.1,1874,TIB,infantry,5
1874.4.1,1874,TIB,irregular,6
1874.4.1,1874,XIN,cavalry,1
1874.4.1,1874,XIN,irregular,5
1874.4.1,1874,ALD,cavalry,2
1874.4.1,1874,ALD,irregular,3
1874.4.1,1874,MEX,artillery,56
1874.4.1,1874,MEX,cavalry,1
1874.4.1,1874,MEX,infantry,12
1874.4.1,1874,ORA,infantry,2
1874.4.1,1874,BRZ,artillery,10
1874.4.1,1874,BRZ,cavalry,1
1874.4.1,1874,BRZ,cuirassier,1
1874.4.1,1874,BRZ,infantry,32
1874.5.1,1874,USA,artillery,58
1874.5.1,1874,USA,dragoon,1
1874.5.1,1874,USA,hussar,5
1874.5.1,1874,USA,infantry,68
1874.5.1,1874,ENG,artillery,86
1874.5.1,1874,ENG,cuirassier,2
1874.5.1,1874,ENG,hussar,7
1874.5.1,1874,ENG,infantry,99
1874.5.1,1874,FRA,artillery,147
1874.5.1,1874,FRA,dragoon,1
1874.5.1,1874,FRA,hussar,9
1874.5.1,1874,FRA,infantry,135
1874.5.1,1874,SCA,artillery,37
1874.5.1,1874,SCA,hussar,8
1874.5.1,1874,SCA,infantry,36
1874.5.1,1874,RUS,artillery,59
1874.5.1,1874,RUS,dragoon,9
1874.5.1,1874,RUS,hussar,1
1874.5.1,1874,RUS,infantry,29
1874.5.1,1874,GER,artillery,124
1874.5.1,1874,GER,hussar,22
1874.5.1,1874,GER,infantry,15
1874.5.1,1874,NET,artillery,5
1874.5.1,1874,BEL,artillery,23
1874.5.1,1874,BEL,dragoon,3
1874.5.1,1874,BEL,guard,8
1874.5.1,1874,SPA,artillery,54
1874.5.1,1874,SPA,hussar,2
1874.5.1,1874,SPA,infantry,40
1874.5.1,1874,KUK,artillery,72
1874.5.1,1874,KUK,dragoon,15
1874.5.1,1874,AST,artillery,23
1874.5.1,1874,AST,hussar,4
1874.5.1,1874,AST,infantry,32
1874.5.1,1874,WAL,artillery,13
1874.5.1,1874,WAL,hussar,1
1874.5.1,1874,SAR,artillery,21
1874.5.1,1874,SAR,hussar,6
1874.5.1,1874,SAR,infantry,23
1874.5.1,1874,SIC,artillery,57
1874.5.1,1874,SIC,dragoon,12
1874.5.1,1874,TUR,artillery,20
1874.5.1,1874,TUR,hussar,4
1874.5.1,1874,TUR,infantry,16
1874.5.1,1874,MCK,cavalry,8
1874.5.1,1874,MCK,infantry,9
1874.5.1,1874,MCK,irregular,28
1874.5.1,1874,PER,artillery,20
1874.5.1,1874,PER,hussar,4
1874.5.1,1874,PER,infantry,12
1874.5.1,1874,JAS,cavalry,1
1874.5.1,1874,JAS,infantry,2
1874.5.1,1874,BIK,cavalry,1
1874.5.1,1874,BIK,infantry,3
1874.5.1,1874,MEW,cavalry,1
1874.5.1,1874,MEW,infantry,5
1874.5.1,1874,GWA,cavalry,1
1874.5.1,1874,GWA,infantry,1
1874.5.1,1874,GWA,irregular,3
1874.5.1,1874,BUN,artillery,1
1874.5.1,1874,BUN,cavalry,1
1874.5.1,1874,BUN,infantry,3
1874.5.1,1874,BUN,irregular,1
1874.5.1,1874,BAS,cavalry,1
1874.5.1,1874,BAS,irregular,2
1874.5.1,1874,NEP,cavalry,1
1874.5.1,1874,NEP,irregular,5
1874.5.1,1874,SIK,irregular,1
1874.5.1,1874,BHU,irregular,1
1874.5.1,1874,CHL,artillery,33
1874.5.1,1874,CHL,dragoon,6
1874.5.1,1874,CHL,infantry,12
1874.5.1,1874,MGL,cavalry,2
1874.5.1,1874,MGL,infantry,4
1874.5.1,1874,MGL,irregular,6
1874.5.1,1874,CHI,cavalry,43
1874.5.1,1874,CHI,infantry,17
1874.5.1,1874,CHI,irregular,192
1874.5.1,1874,GXI,cavalry,44
1874.5.1,1874,GXI,infantry,54
1874.5.1,1874,GXI,irregular,161
1874.5.1,1874,XBI,cavalry,4
1874.5.1,1874,XBI,infantry,2
1874.5.1,1874,XBI,irregular,31
1874.5.1,1874,YNN,cavalry,32
1874.5.1,1874,YNN,infantry,17
1874.5.1,1874,YNN,irregular,143
1874.5.1,1874,TIB,cavalry,3
1874.5.1,1874,TIB,infantry,5
1874.5.1,1874,TIB,irregular,6
1874.5.1,1874,XIN,cavalry,1
1874.5.1,1874,XIN,irregular,5
1874.5.1,1874,ALD,cavalry,2
1874.5.1,1874,ALD,irregular,3
1874.5.1,1874,MEX,artillery,56
1874.5.1,1874,MEX,cavalry,1
1874.5.1,1874,MEX,infantry,12
1874.5.1,1874,ORA,infantry,2
1874.5.1,1874,BRZ,artillery,10
1874.5.1,1874,BRZ,cavalry,1
1874.5.1,1874,BRZ,cuirassier,1
1874.5.1,1874,BRZ,infantry,32
1874.6.1,1874,USA,artillery,58
1874.6.1,1874,USA,dragoon,1
1874.6.1,1874,USA,hussar,5
1874.6.1,1874,USA,infantry,68
1874.6.1,1874,ENG,artillery,86
1874.6.1,1874,ENG,cuirassier,2
1874.6.1,1874,ENG,hussar,7
1874.6.1,1874,ENG,infantry,98
1874.6.1,1874,FRA,artillery,144
1874.6.1,1874,FRA,dragoon,1
1874.6.1,1874,FRA,hussar,9
1874.6.1,1874,FRA,infantry,135
1874.6.1,1874,SCA,artillery,37
1874.6.1,1874,SCA,hussar,8
1874.6.1,1874,SCA,infantry,36
1874.6.1,1874,RUS,artillery,59
1874.6.1,1874,RUS,dragoon,9
1874.6.1,1874,RUS,hussar,1
1874.6.1,1874,RUS,infantry,29
1874.6.1,1874,GER,artillery,126
1874.6.1,1874,GER,hussar,22
1874.6.1,1874,GER,infantry,15
1874.6.1,1874,NET,artillery,5
1874.6.1,1874,NET,dragoon,1
1874.6.1,1874,BEL,artillery,23
1874.6.1,1874,BEL,dragoon,4
1874.6.1,1874,BEL,guard,8
1874.6.1,1874,SPA,artillery,54
1874.6.1,1874,SPA,hussar,2
1874.6.1,1874,SPA,infantry,40
1874.6.1,1874,KUK,artillery,72
1874.6.1,1874,KUK,dragoon,15
1874.6.1,1874,AST,artillery,23
1874.6.1,1874,AST,hussar,4
1874.6.1,1874,AST,infantry,32
1874.6.1,1874,WAL,artillery,13
1874.6.1,1874,WAL,hussar,1
1874.6.1,1874,SAR,artillery,21
1874.6.1,1874,SAR,hussar,6
1874.6.1,1874,SAR,infantry,23
1874.6.1,1874,SIC,artillery,55
1874.6.1,1874,SIC,dragoon,12
1874.6.1,1874,TUR,artillery,20
1874.6.1,1874,TUR,hussar,4
1874.6.1,1874,TUR,infantry,16
1874.6.1,1874,MCK,cavalry,8
1874.6.1,1874,MCK,infantry,9
1874.6.1,1874,MCK,irregular,28
1874.6.1,1874,PER,artillery,20
1874.6.1,1874,PER,hussar,4
1874.6.1,1874,PER,infantry,12
1874.6.1,1874,JAS,cavalry,1
1874.6.1,1874,JAS,infantry,2
1874.6.1,1874,BIK,cavalry,1
1874.6.1,1874,BIK,infantry,3
1874.6.1,1874,MEW,cavalry,1
1874.6.1,1874,MEW,infantry,5
1874.6.1,1874,GWA,cavalry,1
1874.6.1,1874,GWA,infantry,1
1874.6.1,1874,GWA,irregular,3
1874.6.1,1874,BUN,artillery,1
1874.6.1,1874,BUN,cavalry,1
1874.6.1,1874,BUN,infantry,3
1874.6.1,1874,BUN,irregular,1
1874.6.1,1874,BAS,cavalry,1
1874.6.1,1874,BAS,irregular,2
1874.6.1,1874,NEP,cavalry,1
1874.6.1,1874,NEP,irregular,5
1874.6.1,1874,SIK,irregular,1
1874.6.1,1874,BHU,irregular,1
1874.6.1,1874,CHL,artillery,33
1874.6.1,1874,CHL,dragoon,6
1874.6.1,1874,CHL,infantry,12
1874.6.1,1874,MGL,cavalry,2
1874.6.1,1874,MGL,infantry,4
1874.6.1,1874,MGL,irregular,6
1874.6.1,1874,CHI,cavalry,43
1874.6.1,1874,CHI,infantry,17
1874.6.1,1874,CHI,irregular,194
1874.6.1,1874,GXI,cavalry,44
1874.6.1,1874,GXI,infantry,54
1874.6.1,1874,GXI,irregular,163
1874.6.1,1874,XBI,cavalry,4
1874.6.1,1874,XBI,infantry,2
1874.6.1,1874,XBI,irregular,31
1874.6.1,1874,YNN,cavalry,32
1874.6.1,1874,YNN,infantry,17
1874.6.1,1874,YNN,irregular,143
1874.6.1,1874,TIB,cavalry,3
1874.6.1,1874,TIB,infantry,5
1874.6.1,1874,TIB,irregular,6
1874.6.1,1874,XIN,cavalry,1
1874.6.1,1874,XIN,irregular,5
1874.6.1,1874,ALD,cavalry,2
1874.6.1,1874,ALD,irregular,3
1874.6.1,1874,MEX,artillery,56
1874.6.1,1874,MEX,cavalry,1
1874.6.1,1874,MEX,infantry,12
1874.6.1,1874,ORA,infantry,2
1874.6.1,1874,BRZ,artillery,10
1874.6.1,1874,BRZ,cavalry,1
1874.6.1,1874,BRZ,cuirassier,1
1874.6.1,1874,BRZ,infantry,32
1874.7.1,1874,USA,artillery,52
1874.7.1,1874,USA,dragoon,1
1874.7.1,1874,USA,hussar,5
1874.7.1,1874,USA,infantry,68
1874.7.1,1874,ENG,artillery,85
1874.7.1,1874,ENG,cuirassier,2
1874.7.1,1874,ENG,hussar,7
1874.7.1,1874,ENG,infantry,96
1874.7.1,1874,FRA,artillery,143
1874.7.1,1874,FRA,dragoon,1
1874.7.1,1874,FRA,hussar,9
1874.7.1,1874,FRA,infantry,135
1874.7.1,1874,SCA,artillery,37
1874.7.1,1874,SCA,hussar,8
1874.7.1,1874,SCA,infantry,36
1874.7.1,1874,RUS,artillery,59
1874.7.1,1874,RUS,dragoon,9
1874.7.1,1874,RUS,hussar,1
1874.7.1,1874,RUS,infantry,29
1874.7.1,1874,GER,artillery,128
1874.7.1,1874,GER,hussar,22
1874.7.1,1874,GER,infantry,15
1874.7.1,1874,NET,artillery,5
1874.7.1,1874,NET,dragoon,1
1874.7.1,1874,NET,infantry,3
1874.7.1,1874,BEL,artillery,23
1874.7.1,1874,BEL,dragoon,4
1874.7.1,1874,BEL,guard,8
1874.7.1,1874,SPA,artillery,54
1874.7.1,1874,SPA,hussar,2
1874.7.1,1874,SPA,infantry,40
1874.7.1,1874,KUK,artillery,72
1874.7.1,1874,KUK,dragoon,15
1874.7.1,1874,AST,artillery,23
1874.7.1,1874,AST,hussar,4
1874.7.1,1874,AST,infantry,32
1874.7.1,1874,WAL,artillery,13
1874.7.1,1874,WAL,hussar,1
1874.7.1,1874,SAR,artillery,21
1874.7.1,1874,SAR,hussar,6
1874.7.1,1874,SAR,infantry,23
1874.7.1,1874,SIC,artillery,57
1874.7.1,1874,SIC,dragoon,12
1874.7.1,1874,TUR,artillery,20
1874.7.1,1874,TUR,hussar,4
1874.7.1,1874,TUR,infantry,16
1874.7.1,1874,MCK,cavalry,8
1874.7.1,1874,MCK,infantry,9
1874.7.1,1874,MCK,irregular,28
1874.7.1,1874,PER,artillery,20
1874.7.1,1874,PER,hussar,4
1874.7.1,1874,PER,infantry,12
1874.7.1,1874,JAS,cavalry,1
1874.7.1,1874,JAS,infantry,2
1874.7.1,1874,BIK,cavalry,1
1874.7.1,1874,BIK,infantry,3
1874.7.1,1874,MEW,cavalry,1
1874.7.1,1874,MEW,infantry,5
1874.7.1,1874,GWA,cavalry,1
1874.7.1,1874,GWA,infantry,1
1874.7.1,1874,GWA,irregular,3
1874.7.1,1874,BUN,artillery,1
1874.7.1,1874,BUN,cavalry,1
1874.7.1,1874,BUN,infantry,3
1874.7.1,1874,BUN,irregular,1
1874.7.1,1874,BAS,cavalry,1
1874.7.1,1874,BAS,irregular,2
1874.7.1,1874,NEP,cavalry,1
1874.7.1,1874,NEP,irregular,5
1874.7.1,1874,SIK,irregular,1
1874.7.1,1874,BHU,irregular,1
1874.7.1,1874,CHL,artillery,33
1874.7.1,1874,CHL,dragoon,6
1874.7.1,1874,CHL,infantry,12
1874.7.1,1874,MGL,cavalry,2
1874.7.1,1874,MGL,infantry,4
1874.7.1,1874,MGL,irregular,6
1874.7.1,1874,CHI,cavalry,43
1874.7.1,1874,CHI,infantry,17
1874.7.1,1874,CHI,irregular,194
1874.7.1,1874,GXI,cavalry,44
1874.7.1,1874,GXI,infantry,54
1874.7.1,1874,GXI,irregular,164
1874.7.1,1874,XBI,cavalry,4
1874.7.1,1874,XBI,infantry,2
1874.7.1,1874,XBI,irregular,31
1874.7.1,1874,YNN,cavalry,32
1874.7.1,1874,YNN,infantry,17
1874.7.1,1874,YNN,irregular,143
1874.7.1,1874,TIB,cavalry,3
1874.7.1,1874,TIB,infantry,5
1874.7.1,1874,TIB,irregular,6
1874.7.1,1874,XIN,cavalry,1
1874.7.1,1874,XIN,irregular,5
1874.7.1,1874,ALD,cavalry,2
1874.7.1,1874,ALD,irregular,3
1874.7.1,1874,MEX,artillery,56
1874.7.1,1874,MEX,cavalry,1
1874.7.1,1874,MEX,infantry,12
1874.7.1,1874,ORA,infantry,2
1874.7.1,1874,BRZ,artillery,10
1874.7.1,1874,BRZ,cavalry,1
1874.7.1,1874,BRZ,cuirassier,1
1874.7.1,1874,BRZ,infantry,31
1874.8.1,1874,USA,artillery,47
1874.8.1,1874,USA,dragoon,1
1874.8.1,1874,USA,hussar,5
1874.8.1,1874,USA,infantry,68
1874.8.1,1874,ENG,artillery,85
1874.8.1,1874,ENG,cuirassier,2
1874.8.1,1874,ENG,hussar,7
1874.8.1,1874,ENG,infantry,96
1874.8.1,1874,FRA,artillery,141
1874.8.1,1874,FRA,dragoon,1
1874.8.1,1874,FRA,hussar,9
1874.8.1,1874,FRA,infantry,135
1874.8.1,1874,SCA,artillery,36
1874.8.1,1874,SCA,hussar,8
1874.8.1,1874,SCA,infantry,36
1874.8.1,1874,RUS,artillery,59
1874.8.1,1874,RUS,dragoon,9
1874.8.1,1874,RUS,hussar,1
1874.8.1,1874,RUS,infantry,29
1874.8.1,1874,GER,artillery,130
1874.8.1,1874,GER,hussar,22
1874.8.1,1874,GER,infantry,15
1874.8.1,1874,NET,artillery,5
1874.8.1,1874,NET,dragoon,1
1874.8.1,1874,NET,infantry,4
1874.8.1,1874,BEL,artillery,23
1874.8.1,1874,BEL,dragoon,4
1874.8.1,1874,BEL,guard,8
1874.8.1,1874,SPA,artillery,54
1874.8.1,1874,SPA,hussar,2
1874.8.1,1874,SPA,infantry,40
1874.8.1,1874,KUK,artillery,72
1874.8.1,1874,KUK,dragoon,15
1874.8.1,1874,AST,artillery,22
1874.8.1,1874,AST,hussar,4
1874.8.1,1874,AST,infantry,32
1874.8.1,1874,WAL,artillery,13
1874.8.1,1874,WAL,hussar,1
1874.8.1,1874,SAR,artillery,19
1874.8.1,1874,SAR,hussar,4
1874.8.1,1874,SAR,infantry,23
1874.8.1,1874,SIC,artillery,59
1874.8.1,1874,SIC,dragoon,12
1874.8.1,1874,TUR,artillery,20
1874.8.1,1874,TUR,hussar,4
1874.8.1,1874,TUR,infantry,16
1874.8.1,1874,MCK,cavalry,8
1874.8.1,1874,MCK,infantry,9
1874.8.1,1874,MCK,irregular,28
1874.8.1,1874,PER,artillery,20
1874.8.1,1874,PER,hussar,4
1874.8.1,1874,PER,infantry,12
1874.8.1,1874,JAS,cavalry,1
1874.8.1,1874,JAS,infantry,2
1874.8.1,1874,BIK,cavalry,1
1874.8.1,1874,BIK,infantry,3
1874.8.1,1874,MEW,cavalry,1
1874.8.1,1874,MEW,infantry,5
1874.8.1,1874,GWA,cavalry,1
1874.8.1,1874,GWA,infantry,1
1874.8.1,1874,GWA,irregular,3
1874.8.1,1874,BUN,artillery,1
1874.8.1,1874,BUN,cavalry,1
1874.8.1,1874,BUN,infantry,3
1874.8.1,1874,BUN,irregular,1
1874.8.1,1874,BAS,cavalry,1
1874.8.1,1874,BAS,irregular,2
1874.8.1,1874,NEP,cavalry,1
1874.8.1,1874,NEP,irregular,5
1874.8.1,1874,SIK,irregular,1
1874.8.1,1874,BHU,irregular,1
1874.8.1,1874,CHL,artillery,33
1874.8.1,1874,CHL,dragoon,6
1874.8.1,1874,CHL,infantry,12
1874.8.1,1874,MGL,cavalry,2
1874.8.1,1874,MGL,infantry,4
1874.8.1,1874,MGL,irregular,6
1874.8.1,1874,CHI,cavalry,43
1874.8.1,1874,CHI,infantry,17
1874.8.1,1874,CHI,irregular,195
1874.8.1,1874,GXI,cavalry,44
1874.8.1,1874,GXI,infantry,54
1874.8.1,1874,GXI,irregular,164
1874.8.1,1874,XBI,cavalry,4
1874.8.1,1874,XBI,infantry,2
1874.8.1,1874,XBI,irregular,31
1874.8.1,1874,YNN,cavalry,32
1874.8.1,1874,YNN,infantry,17
1874.8.1,1874,YNN,irregular,143
1874.8.1,1874,TIB,cavalry,3
1874.8.1,1874,TIB,infantry,5
1874.8.1,1874,TIB,irregular,6
1874.8.1,1874,XIN,cavalry,1
1874.8.1,1874,XIN,irregular,5
1874.8.1,1874,ALD,cavalry,2
1874.8.1,1874,ALD,irregular,3
1874.8.1,1874,MEX,artillery,55
1874.8.1,1874,MEX,cavalry,1
1874.8.1,1874,MEX,infantry,12
1874.8.1,1874,ORA,infantry,2
1874.8.1,1874,BRZ,artillery,9
1874.8.1,1874,BRZ,cavalry,1
1874.8.1,1874,BRZ,cuirassier,1
1874.8.1,1874,BRZ,infantry,31
1874.9.1,1874,USA,artillery,46
1874.9.1,1874,USA,dragoon,1
1874.9.1,1874,USA,hussar,5
1874.9.1,1874,ENG,artillery,84
1874.9.1,1874,ENG,cuirassier,2
1874.9.1,1874,ENG,hussar,7
1874.9.1,1874,ENG,infantry,22
1874.9.1,1874,FRA,artillery,138
1874.9.1,1874,FRA,dragoon,1
1874.9.1,1874,FRA,hussar,9
1874.9.1,1874,FRA,infantry,13
1874.9.1,1874,SCA,artillery,36
1874.9.1,1874,SCA,hussar,8
1874.9.1,1874,SCA,infantry,8
1874.9.1,1874,RUS,artillery,59
1874.9.1,1874,RUS,dragoon,9
1874.9.1,1874,RUS,hussar,1
1874.9.1,1874,RUS,infantry,29
1874.9.1,1874,GER,artillery,130
1874.9.1,1874,GER,hussar,22
1874.9.1,1874,GER,infantry,15
1874.9.1,1874,NET,artillery,5
1874.9.1,1874,NET,dragoon,1
1874.9.1,1874,BEL,artillery,23
1874.9.1,1874,BEL,dragoon,4
1874.9.1,1874,BEL,guard,8
1874.9.1,1874,SPA,artillery,54
1874.9.1,1874,SPA,hussar,2
1874.9.1,1874,SPA,infantry,1
1874.9.1,1874,KUK,artillery,72
1874.9.1,1874,KUK,dragoon,15
1874.9.1,1874,AST,artillery,23
1874.9.1,1874,AST,hussar,5
1874.9.1,1874,AST,infantry,32
1874.9.1,1874,WAL,artillery,13
1874.9.1,1874,WAL,hussar,1
1874.9.1,1874,SAR,artillery,18
1874.9.1,1874,SAR,hussar,2
1874.9.1,1874,SIC,artillery,59
1874.9.1,1874,SIC,dragoon,12
1874.9.1,1874,TUR,artillery,20
1874.9.1,1874,TUR,hussar,4
1874.9.1,1874,TUR,infantry,16
1874.9.1,1874,MCK,cavalry,8
1874.9.1,1874,MCK,infantry,9
1874.9.1,1874,MCK,irregular,28
1874.9.1,1874,PER,artillery,20
1874.9.1,1874,PER,hussar,4
1874.9.1,1874,PER,infantry,12
1874.9.1,1874,JAS,infantry,1
1874.9.1,1874,BIK,infantry,2
1874.9.1,1874,MEW,infantry,5
1874.9.1,1874,GWA,cavalry,1
1874.9.1,1874,GWA,irregular,3
1874.9.1,1874,BUN,artillery,1
1874.9.1,1874,BUN,infantry,2
1874.9.1,1874,BAS,cavalry,1
1874.9.1,1874,BAS,irregular,2
1874.9.1,1874,NEP,cavalry,1
1874.9.1,1874,NEP,irregular,5
1874.9.1,1874,SIK,irregular,1
1874.9.1,1874,BHU,irregular,1
1874.9.1,1874,CHL,artillery,33
1874.9.1,1874,CHL,dragoon,6
1874.9.1,1874,CHL,infantry,12
1874.9.1,1874,MGL,cavalry,2
1874.9.1,1874,MGL,infantry,4
1874.9.1,1874,MGL,irregular,6
1874.9.1,1874,CHI,cavalry,43
1874.9.1,1874,CHI,infantry,17
1874.9.1,1874,CHI,irregular,197
1874.9.1,1874,GXI,cavalry,44
1874.9.1,1874,GXI,infantry,54
1874.9.1,1874,GXI,irregular,164
1874.9.1,1874,XBI,cavalry,4
1874.9.1,1874,XBI,infantry,2
1874.9.1,1874,XBI,irregular,31
1874.9.1,1874,YNN,cavalry,32
1874.9.1,1874,YNN,infantry,17
1874.9.1,1874,YNN,irregular,143
1874.9.1,1874,TIB,cavalry,3
1874.9.1,1874,TIB,infantry,5
1874.9.1,1874,TIB,irregular,6
1874.9.1,1874,XIN,cavalry,1
1874.9.1,1874,XIN,irregular,5
1874.9.1,1874,ALD,cavalry,2
1874.9.1,1874,ALD,irregular,3
1874.9.1,1874,MEX,artillery,55
1874.9.1,1874,MEX,cavalry,1
1874.9.1,1874,MEX,infantry,1
1874.9.1,1874,BRZ,artillery,9
1874.9.1,1874,BRZ,cuirassier,1
1874.9.1,1874,BRZ,infantry,13
1874.9.1,1874,ORA,infantry,2
1874.10.1,1874,USA,artillery,46
1874.10.1,1874,USA,dragoon,1
1874.10.1,1874,USA,hussar,5
1874.10.1,1874,ENG,artillery,84
1874.10.1,1874,ENG,cuirassier,2
1874.10.1,1874,ENG,hussar,7
1874.10.1,1874,ENG,infantry,22
1874.10.1,1874,FRA,artillery,136
1874.10.1,1874,FRA,dragoon,1
1874.10.1,1874,FRA,hussar,9
1874.10.1,1874,FRA,infantry,27
1874.10.1,1874,SCA,artillery,36
1874.10.1,1874,SCA,hussar,8
1874.10.1,1874,SCA,infantry,8
1874.10.1,1874,RUS,artillery,59
1874.10.1,1874,RUS,dragoon,9
1874.10.1,1874,RUS,hussar,1
1874.10.1,1874,RUS,infantry,29
1874.10.1,1874,GER,artillery,130
1874.10.1,1874,GER,hussar,22
1874.10.1,1874,GER,infantry,15
1874.10.1,1874,NET,artillery,6
1874.10.1,1874,NET,dragoon,1
1874.10.1,1874,BEL,artillery,20
1874.10.1,1874,BEL,dragoon,2
1874.10.1,1874,BEL,guard,8
1874.10.1,1874,SPA,artillery,54
1874.10.1,1874,SPA,hussar,2
1874.10.1,1874,SPA,infantry,1
1874.10.1,1874,KUK,artillery,72
1874.10.1,1874,KUK,dragoon,15
1874.10.1,1874,AST,artillery,23
1874.10.1,1874,AST,hussar,5
1874.10.1,1874,AST,infantry,32
1874.10.1,1874,WAL,artillery,13
1874.10.1,1874,WAL,hussar,1
1874.10.1,1874,SAR,artillery,18
1874.10.1,1874,SAR,hussar,2
1874.10.1,1874,SIC,artillery,60
1874.10.1,1874,SIC,dragoon,12
1874.10.1,1874,TUR,artillery,20
1874.10.1,1874,TUR,hussar,4
1874.10.1,1874,TUR,infantry,16
1874.10.1,1874,MCK,cavalry,8
1874.10.1,1874,MCK,infantry,9
1874.10.1,1874,MCK,irregular,28
1874.10.1,1874,PER,artillery,19
1874.10.1,1874,PER,hussar,4
1874.10.1,1874,PER,infantry,12
1874.10.1,1874,JAS,infantry,1
1874.10.1,1874,BIK,infantry,2
1874.10.1,1874,MEW,infantry,5
1874.10.1,1874,GWA,cavalry,1
1874.10.1,1874,GWA,irregular,3
1874.10.1,1874,BUN,artillery,1
1874.10.1,1874,BUN,infantry,2
1874.10.1,1874,BAS,cavalry,1
1874.10.1,1874,BAS,irregular,2
1874.10.1,1874,NEP,cavalry,1
1874.10.1,1874,NEP,irregular,5
1874.10.1,1874,SIK,irregular,1
1874.10.1,1874,BHU,irregular,1
1874.10.1,1874,CHL,artillery,33
1874.10.1,1874,CHL,dragoon,6
1874.10.1,1874,CHL,infantry,12
1874.10.1,1874,MGL,cavalry,2
1874.10.1,1874,MGL,infantry,4
1874.10.1,1874,MGL,irregular,6
1874.10.1,1874,CHI,cavalry,43
1874.10.1,1874,CHI,infantry,18
1874.10.1,1874,CHI,irregular,197
1874.10.1,1874,GXI,cavalry,44
1874.10.1,1874,GXI,infantry,54
1874.10.1,1874,GXI,irregular,164
1874.10.1,1874,XBI,cavalry,4
1874.10.1,1874,XBI,infantry,2
1874.10.1,1874,XBI,irregular,31
1874.10.1,1874,YNN,cavalry,32
1874.10.1,1874,YNN,infantry,17
1874.10.1,1874,YNN,irregular,143
1874.10.1,1874,TIB,cavalry,3
1874.10.1,1874,TIB,infantry,5
1874.10.1,1874,TIB,irregular,6
1874.10.1,1874,XIN,cavalry,1
1874.10.1,1874,XIN,irregular,5
1874.10.1,1874,ALD,cavalry,2
1874.10.1,1874,ALD,irregular,3
1874.10.1,1874,MEX,artillery,55
1874.10.1,1874,MEX,cavalry,1
1874.10.1,1874,MEX,infantry,1
1874.10.1,1874,BRZ,artillery,9
1874.10.1,1874,BRZ,cuirassier,1
1874.10.1,1874,BRZ,infantry,13
1874.10.1,1874,ORA,infantry,2
1874.11.1,1874,USA,artillery,46
1874.11.1,1874,USA,dragoon,1
1874.11.1,1874,USA,hussar,5
1874.11.1,1874,ENG,artillery,84
1874.11.1,1874,ENG,cuirassier,2
1874.11.1,1874,ENG,hussar,7
1874.11.1,1874,ENG,infantry,22
1874.11.1,1874,FRA,artillery,136
1874.11.1,1874,FRA,dragoon,1
1874.11.1,1874,FRA,hussar,9
1874.11.1,1874,FRA,infantry,1
1874.11.1,1874,SCA,artillery,36
1874.11.1,1874,SCA,hussar,7
1874.11.1,1874,SCA,infantry,8
1874.11.1,1874,RUS,artillery,59
1874.11.1,1874,RUS,dragoon,9
1874.11.1,1874,RUS,hussar,1
1874.11.1,1874,RUS,infantry,29
1874.11.1,1874,GER,artillery,130
1874.11.1,1874,GER,hussar,24
1874.11.1,1874,GER,infantry,15
1874.11.1,1874,NET,artillery,6
1874.11.1,1874,NET,dragoon,1
1874.11.1,1874,BEL,artillery,20
1874.11.1,1874,BEL,dragoon,3
1874.11.1,1874,BEL,guard,8
1874.11.1,1874,SPA,artillery,54
1874.11.1,1874,SPA,hussar,2
1874.11.1,1874,SPA,infantry,1
1874.11.1,1874,KUK,artillery,72
1874.11.1,1874,KUK,dragoon,15
1874.11.1,1874,AST,artillery,23
1874.11.1,1874,AST,hussar,5
1874.11.1,1874,AST,infantry,32
1874.11.1,1874,WAL,artillery,13
1874.11.1,1874,WAL,hussar,1
1874.11.1,1874,SAR,artillery,18
1874.11.1,1874,SAR,hussar,2
1874.11.1,1874,SAR,infantry,12
1874.11.1,1874,SIC,artillery,65
1874.11.1,1874,SIC,dragoon,12
1874.11.1,1874,TUR,artillery,20
1874.11.1,1874,TUR,hussar,4
1874.11.1,1874,TUR,infantry,16
1874.11.1,1874,MCK,cavalry,8
1874.11.1,1874,MCK,infantry,9
1874.11.1,1874,MCK,irregular,28
1874.11.1,1874,PER,artillery,19
1874.11.1,1874,PER,hussar,4
1874.11.1,1874,PER,infantry,12
1874.11.1,1874,JAS,infantry,1
1874.11.1,1874,BIK,artillery,1
1874.11.1,1874,BIK,infantry,2
1874.11.1,1874,MEW,infantry,5
1874.11.1,1874,GWA,cavalry,1
1874.11.1,1874,GWA,irregular,3
1874.11.1,1874,BUN,artillery,1
1874.11.1,1874,BUN,infantry,2
1874.11.1,1874,BAS,cavalry,1
1874.11.1,1874,BAS,irregular,2
1874.11.1,1874,NEP,cavalry,1
1874.11.1,1874,NEP,irregular,5
1874.11.1,1874,SIK,irregular,1
1874.11.1,1874,BHU,irregular,1
1874.11.1,1874,CHL,artillery,33
1874.11.1,1874,CHL,dragoon,6
1874.11.1,1874,CHL,infantry,12
1874.11.1,1874,MGL,cavalry,2
1874.11.1,1874,MGL,infantry,4
1874.11.1,1874,MGL,irregular,6
1874.11.1,1874,CHI,cavalry,43
1874.11.1,1874,CHI,infantry,19
1874.11.1,1874,CHI,irregular,197
1874.11.1,1874,GXI,cavalry,44
1874.11.1,1874,GXI,infantry,54
1874.11.1,1874,GXI,irregular,164
1874.11.1,1874,XBI,cavalry,4
1874.11.1,1874,XBI,infantry,2
1874.11.1,1874,XBI,irregular,31
1874.11.1,1874,YNN,cavalry,32
1874.11.1,1874,YNN,infantry,17
1874.11.1,1874,YNN,irregular,143
1874.11.1,1874,TIB,cavalry,3
1874.11.1,1874,TIB,infantry,5
1874.11.1,1874,TIB,irregular,6
1874.11.1,1874,XIN,cavalry,1
1874.11.1,1874,XIN,irregular,5
1874.11.1,1874,ALD,cavalry,2
1874.11.1,1874,ALD,irregular,3
1874.11.1,1874,MEX,artillery,55
1874.11.1,1874,MEX,cavalry,1
1874.11.1,1874,MEX,infantry,1
1874.11.1,1874,BRZ,artillery,9
1874.11.1,1874,BRZ,cuirassier,1
1874.11.1,1874,BRZ,infantry,13
1874.11.1,1874,ORA,infantry,2
1874.12.1,1874,USA,artillery,46
1874.12.1,1874,USA,dragoon,1
1874.12.1,1874,USA,hussar,5
1874.12.1,1874,ENG,artillery,84
1874.12.1,1874,ENG,cuirassier,2
1874.12.1,1874,ENG,hussar,7
1874.12.1,1874,ENG,infantry,22
1874.12.1,1874,FRA,artillery,135
1874.12.1,1874,FRA,dragoon,1
1874.12.1,1874,FRA,hussar,9
1874.12.1,1874,FRA,infantry,1
1874.12.1,1874,SCA,artillery,36
1874.12.1,1874,SCA,hussar,7
1874.12.1,1874,SCA,infantry,8
1874.12.1,1874,RUS,artillery,59
1874.12.1,1874,RUS,dragoon,9
1874.12.1,1874,RUS,hussar,1
1874.12.1,1874,RUS,infantry,29
1874.12.1,1874,GER,artillery,130
1874.12.1,1874,GER,hussar,25
1874.12.1,1874,GER,infantry,15
1874.12.1,1874,NET,artillery,6
1874.12.1,1874,NET,dragoon,1
1874.12.1,1874,BEL,artillery,20
1874.12.1,1874,BEL,dragoon,3
1874.12.1,1874,BEL,guard,8
1874.12.1,1874,SPA,artillery,54
1874.12.1,1874,SPA,hussar,2
1874.12.1,1874,SPA,infantry,1
1874.12.1,1874,KUK,artillery,72
1874.12.1,1874,KUK,dragoon,15
1874.12.1,1874,AST,artillery,24
1874.12.1,1874,AST,hussar,5
1874.12.1,1874,AST,infantry,32
1874.12.1,1874,WAL,artillery,13
1874.12.1,1874,WAL,hussar,1
1874.12.1,1874,SAR,artillery,18
1874.12.1,1874,SAR,hussar,2
1874.12.1,1874,SIC,artillery,65
1874.12.1,1874,SIC,dragoon,12
1874.12.1,1874,TUR,artillery,20
1874.12.1,1874,TUR,hussar,4
1874.12.1,1874,TUR,infantry,16
1874.12.1,1874,MCK,cavalry,8
1874.12.1,1874,MCK,infantry,9
1874.12.1,1874,MCK,irregular,28
1874.12.1,1874,PER,artillery,19
1874.12.1,1874,PER,hussar,4
1874.12.1,1874,PER,infantry,12
1874.12.1,1874,JAS,infantry,1
1874.12.1,1874,BIK,artillery,1
1874.12.1,1874,BIK,infantry,2
1874.12.1,1874,MEW,infantry,5
1874.12.1,1874,GWA,cavalry,1
1874.12.1,1874,GWA,irregular,4
1874.12.1,1874,BUN,artillery,1
1874.12.1,1874,BUN,infantry,2
1874.12.1,1874,BAS,cavalry,1
1874.12.1,1874,BAS,irregular,2
1874.12.1,1874,NEP,cavalry,1
1874.12.1,1874,NEP,irregular,5
1874.12.1,1874,SIK,irregular,1
1874.12.1,1874,BHU,irregular,1
1874.12.1,1874,CHL,artillery,33
1874.12.1,1874,CHL,dragoon,6
1874.12.1,1874,CHL,infantry,13
1874.12.1,1874,MGL,cavalry,2
1874.12.1,1874,MGL,infantry,4
1874.12.1,1874,MGL,irregular,6
1874.12.1,1874,CHI,cavalry,43
1874.12.1,1874,CHI,infantry,21
1874.12.1,1874,CHI,irregular,197
1874.12.1,1874,GXI,cavalry,44
1874.12.1,1874,GXI,infantry,54
1874.12.1,1874,GXI,irregular,164
1874.12.1,1874,XBI,cavalry,4
1874.12.1,1874,XBI,infantry,2
1874.12.1,1874,XBI,irregular,31
1874.12.1,1874,YNN,cavalry,32
1874.12.1,1874,YNN,infantry,17
1874.12.1,1874,YNN,irregular,143
1874.12.1,1874,TIB,cavalry,3
1874.12.1,1874,TIB,infantry,5
1874.12.1,1874,TIB,irregular,6
1874.12.1,1874,XIN,cavalry,1
1874.12.1,1874,XIN,irregular,5
1874.12.1,1874,ALD,cavalry,2
1874.12.1,1874,ALD,irregular,3
1874.12.1,1874,MEX,artillery,55
1874.12.1,1874,MEX,cavalry,1
1874.12.1,1874,MEX,infantry,1
1874.12.1,1874,BRZ,artillery,9
1874.12.1,1874,BRZ,cuirassier,1
1874.12.1,1874,BRZ,infantry,13
1874.12.1,1874,ORA,infantry,2
1875.1.1,1875,USA,artillery,46
1875.1.1,1875,USA,dragoon,1
1875.1.1,1875,USA,hussar,5
1875.1.1,1875,ENG,artillery,103
1875.1.1,1875,ENG,cuirassier,2
1875.1.1,1875,ENG,hussar,7
1875.1.1,1875,ENG,infantry,25
1875.1.1,1875,FRA,artillery,139
1875.1.1,1875,FRA,dragoon,1
1875.1.1,1875,FRA,hussar,18
1875.1.1,1875,FRA,infantry,1
1875.1.1,1875,SCA,artillery,36
1875.1.1,1875,SCA,hussar,7
1875.1.1,1875,SCA,infantry,8
1875.1.1,1875,RUS,artillery,59
1875.1.1,1875,RUS,dragoon,9
1875.1.1,1875,RUS,hussar,1
1875.1.1,1875,RUS,infantry,29
1875.1.1,1875,GER,artillery,132
1875.1.1,1875,GER,hussar,26
1875.1.1,1875,GER,infantry,15
1875.1.1,1875,NET,artillery,6
1875.1.1,1875,NET,dragoon,1
1875.1.1,1875,BEL,artillery,20
1875.1.1,1875,BEL,dragoon,3
1875.1.1,1875,BEL,guard,8
1875.1.1,1875,SPA,artillery,54
1875.1.1,1875,SPA,hussar,2
1875.1.1,1875,SPA,infantry,1
1875.1.1,1875,KUK,artillery,72
1875.1.1,1875,KUK,dragoon,15
1875.1.1,1875,AST,artillery,26
1875.1.1,1875,AST,hussar,5
1875.1.1,1875,AST,infantry,21
1875.1.1,1875,WAL,artillery,13
1875.1.1,1875,WAL,hussar,1
1875.1.1,1875,SAR,artillery,18
1875.1.1,1875,SAR,hussar,2
1875.1.1,1875,SIC,artillery,66
1875.1.1,1875,SIC,dragoon,12
1875.1.1,1875,TUR,artillery,20
1875.1.1,1875,TUR,hussar,4
1875.1.1,1875,TUR,infantry,16
1875.1.1,1875,MCK,cavalry,8
1875.1.1,1875,MCK,infantry,9
1875.1.1,1875,MCK,irregular,28
1875.1.1,1875,PER,artillery,19
1875.1.1,1875,PER,hussar,4
1875.1.1,1875,PER,infantry,12
1875.1.1,1875,JAS,infantry,1
1875.1.1,1875,BIK,artillery,1
1875.1.1,1875,BIK,infantry,2
1875.1.1,1875,MEW,infantry,5
1875.1.1,1875,GWA,cavalry,1
1875.1.1,1875,GWA,irregular,4
1875.1.1,1875,BUN,artillery,1
1875.1.1,1875,BUN,infantry,2
1875.1.1,1875,BAS,cavalry,1
1875.1.1,1875,BAS,irregular,2
1875.1.1,1875,NEP,cavalry,1
1875.1.1,1875,NEP,irregular,5
1875.1.1,1875,SIK,irregular,1
1875.1.1,1875,BHU,irregular,1
1875.1.1,1875,CHL,artillery,33
1875.1.1,1875,CHL,dragoon,6
1875.1.1,1875,CHL,hussar,1
1875.1.1,1875,CHL,infantry,14
1875.1.1,1875,MGL,cavalry,2
1875.1.1,1875,MGL,infantry,4
1875.1.1,1875,MGL,irregular,6
1875.1.1,1875,CHI,cavalry,44
1875.1.1,1875,CHI,infantry,21
1875.1.1,1875,CHI,irregular,197
1875.1.1,1875,GXI,cavalry,44
1875.1.1,1875,GXI,infantry,54
1875.1.1,1875,GXI,irregular,165
1875.1.1,1875,XBI,cavalry,4
1875.1.1,1875,XBI,infantry,2
1875.1.1,1875,XBI,irregular,31
1875.1.1,1875,YNN,cavalry,32
1875.1.1,1875,YNN,infantry,17
1875.1.1,1875,YNN,irregular,143
1875.1.1,1875,TIB,cavalry,3
1875.1.1,1875,TIB,infantry,5
1875.1.1,1875,TIB,irregular,6
1875.1.1,1875,XIN,cavalry,1
1875.1.1,1875,XIN,irregular,5
1875.1.1,1875,ALD,cavalry,2
1875.1.1,1875,ALD,irregular,3
1875.1.1,1875,MEX,artillery,55
1875.1.1,1875,MEX,cavalry,1
1875.1.1,1875,MEX,infantry,1
1875.1.1,1875,BRZ,artillery,9
1875.1.1,1875,BRZ,cuirassier,1
1875.1.1,1875,BRZ,infantry,13
1875.1.1,1875,ORA,infantry,2
1875.2.1,1875,USA,artillery,46
1875.2.1,1875,USA,dragoon,1
1875.2.1,1875,USA,hussar,5
1875.2.1,1875,ENG,artillery,153
1875.2.1,1875,ENG,cuirassier,2
1875.2.1,1875,ENG,hussar,7
1875.2.1,1875,ENG,infantry,25
1875.2.1,1875,FRA,artillery,139
1875.2.1,1875,FRA,dragoon,1
1875.2.1,1875,FRA,hussar,18
1875.2.1,1875,FRA,infantry,1
1875.2.1,1875,SCA,artillery,36
1875.2.1,1875,SCA,hussar,7
1875.2.1,1875,SCA,infantry,8
1875.2.1,1875,RUS,artillery,60
1875.2.1,1875,RUS,dragoon,9
1875.2.1,1875,RUS,hussar,1
1875.2.1,1875,RUS,infantry,29
1875.2.1,1875,GER,artillery,134
1875.2.1,1875,GER,hussar,26
1875.2.1,1875,GER,infantry,15
1875.2.1,1875,NET,artillery,6
1875.2.1,1875,NET,dragoon,1
1875.2.1,1875,BEL,artillery,21
1875.2.1,1875,BEL,dragoon,3
1875.2.1,1875,BEL,guard,8
1875.2.1,1875,SPA,artillery,54
1875.2.1,1875,SPA,hussar,2
1875.2.1,1875,SPA,infantry,1
1875.2.1,1875,KUK,artillery,72
1875.2.1,1875,KUK,dragoon,15
1875.2.1,1875,AST,artillery,26
1875.2.1,1875,AST,hussar,5
1875.2.1,1875,AST,infantry,21
1875.2.1,1875,WAL,artillery,13
1875.2.1,1875,WAL,hussar,1
1875.2.1,1875,SAR,artillery,18
1875.2.1,1875,SAR,hussar,2
1875.2.1,1875,SIC,artillery,66
1875.2.1,1875,SIC,dragoon,12
1875.2.1,1875,TUR,artillery,20
1875.2.1,1875,TUR,hussar,4
1875.2.1,1875,TUR,infantry,16
1875.2.1,1875,MCK,cavalry,8
1875.2.1,1875,MCK,infantry,9
1875.2.1,1875,MCK,irregular,28
1875.2.1,1875,PER,artillery,19
1875.2.1,1875,PER,hussar,4
1875.2.1,1875,PER,infantry,12
1875.2.1,1875,JAS,infantry,1
1875.2.1,1875,BIK,artillery,1
1875.2.1,1875,BIK,infantry,2
1875.2.1,1875,MEW,infantry,5
1875.2.1,1875,GWA,cavalry,1
1875.2.1,1875,GWA,irregular,4
1875.2.1,1875,BUN,artillery,2
1875.2.1,1875,BUN,infantry,2
1875.2.1,1875,BAS,cavalry,1
1875.2.1,1875,BAS,irregular,2
1875.2.1,1875,NEP,cavalry,1
1875.2.1,1875,NEP,irregular,5
1875.2.1,1875,SIK,irregular,1
1875.2.1,1875,BHU,irregular,1
1875.2.1,1875,CHL,artillery,33
1875.2.1,1875,CHL,dragoon,6
1875.2.1,1875,CHL,hussar,1
1875.2.1,1875,CHL,infantry,14
1875.2.1,1875,MGL,cavalry,2
1875.2.1,1875,MGL,infantry,4
1875.2.1,1875,MGL,irregular,6
1875.2.1,1875,CHI,cavalry,46
1875.2.1,1875,CHI,infantry,22
1875.2.1,1875,CHI,irregular,198
1875.2.1,1875,GXI,cavalry,44
1875.2.1,1875,GXI,infantry,54
1875.2.1,1875,GXI,irregular,165
1875.2.1,1875,XBI,cavalry,4
1875.2.1,1875,XBI,infantry,2
1875.2.1,1875,XBI,irregular,31
1875.2.1,1875,YNN,cavalry,32
1875.2.1,1875,YNN,infantry,17
1875.2.1,1875,YNN,irregular,143
1875.2.1,1875,TIB,cavalry,3
1875.2.1,1875,TIB,infantry,5
1875.2.1,1875,TIB,irregular,6
1875.2.1,1875,XIN,cavalry,1
1875.2.1,1875,XIN,irregular,5
1875.2.1,1875,ALD,cavalry,2
1875.2.1,1875,ALD,irregular,3
1875.2.1,1875,MEX,artillery,55
1875.2.1,1875,MEX,cavalry,1
1875.2.1,1875,MEX,infantry,1
1875.2.1,1875,BRZ,artillery,9
1875.2.1,1875,BRZ,cuirassier,1
1875.2.1,1875,BRZ,infantry,13
1875.2.1,1875,ORA,infantry,2
1875.3.1,1875,USA,artillery,46
1875.3.1,1875,USA,dragoon,1
1875.3.1,1875,USA,hussar,5
1875.3.1,1875,ENG,artillery,153
1875.3.1,1875,ENG,cuirassier,2
1875.3.1,1875,ENG,hussar,9
1875.3.1,1875,ENG,infantry,26
1875.3.1,1875,FRA,artillery,139
1875.3.1,1875,FRA,dragoon,1
1875.3.1,1875,FRA,hussar,18
1875.3.1,1875,FRA,infantry,1
1875.3.1,1875,SCA,artillery,36
1875.3.1,1875,SCA,hussar,7
1875.3.1,1875,SCA,infantry,8
1875.3.1,1875,RUS,artillery,62
1875.3.1,1875,RUS,dragoon,9
1875.3.1,1875,RUS,hussar,1
1875.3.1,1875,RUS,infantry,29
1875.3.1,1875,GER,artillery,134
1875.3.1,1875,GER,hussar,26
1875.3.1,1875,GER,infantry,15
1875.3.1,1875,NET,artillery,6
1875.3.1,1875,NET,dragoon,1
1875.3.1,1875,BEL,artillery,21
1875.3.1,1875,BEL,dragoon,3
1875.3.1,1875,BEL,guard,8
1875.3.1,1875,SPA,artillery,54
1875.3.1,1875,SPA,hussar,2
1875.3.1,1875,SPA,infantry,1
1875.3.1,1875,KUK,artillery,72
1875.3.1,1875,KUK,dragoon,15
1875.3.1,1875,AST,artillery,26
1875.3.1,1875,AST,hussar,5
1875.3.1,1875,AST,infantry,21
1875.3.1,1875,WAL,artillery,13
1875.3.1,1875,WAL,hussar,1
1875.3.1,1875,SAR,artillery,18
1875.3.1,1875,SAR,hussar,2
1875.3.1,1875,SIC,artillery,66
1875.3.1,1875,SIC,dragoon,12
1875.3.1,1875,TUR,artillery,20
1875.3.1,1875,TUR,hussar,4
1875.3.1,1875,TUR,infantry,16
1875.3.1,1875,MCK,cavalry,8
1875.3.1,1875,MCK,infantry,9
1875.3.1,1875,MCK,irregular,28
1875.3.1,1875,PER,artillery,19
1875.3.1,1875,PER,hussar,4
1875.3.1,1875,PER,infantry,12
1875.3.1,1875,JAS,infantry,1
1875.3.1,1875,BIK,artillery,1
1875.3.1,1875,BIK,infantry,2
1875.3.1,1875,MEW,dragoon,1
1875.3.1,1875,MEW,infantry,5
1875.3.1,1875,GWA,cavalry,1
1875.3.1,1875,GWA,irregular,4
1875.3.1,1875,BUN,artillery,2
1875.3.1,1875,BUN,infantry,2
1875.3.1,1875,BAS,cavalry,1
1875.3.1,1875,BAS,irregular,2
1875.3.1,1875,NEP,cavalry,1
1875.3.1,1875,NEP,irregular,5
1875.3.1,1875,SIK,irregular,1
1875.3.1,1875,BHU,irregular,1
1875.3.1,1875,CHL,artillery,33
1875.3.1,1875,CHL,dragoon,6
1875.3.1,1875,CHL,hussar,1
1875.3.1,1875,CHL,infantry,14
1875.3.1,1875,MGL,cavalry,2
1875.3.1,1875,MGL,infantry,4
1875.3.1,1875,MGL,irregular,6
1875.3.1,1875,CHI,cavalry,46
1875.3.1,1875,CHI,infantry,24
1875.3.1,1875,CHI,irregular,199
1875.3.1,1875,GXI,cavalry,44
1875.3.1,1875,GXI,infantry,54
1875.3.1,1875,GXI,irregular,166
1875.3.1,1875,XBI,cavalry,4
1875.3.1,1875,XBI,infantry,2
1875.3.1,1875,XBI,irregular,31
1875.3.1,1875,YNN,cavalry,32
1875.3.1,1875,YNN,infantry,17
1875.3.1,1875,YNN,irregular,143
1875.3.1,1875,TIB,cavalry,3
1875.3.1,1875,TIB,infantry,5
1875.3.1,1875,TIB,irregular,6
1875.3.1,1875,XIN,cavalry,1
1875.3.1,1875,XIN,irregular,5
1875.3.1,1875,ALD,cavalry,2
1875.3.1,1875,ALD,irregular,3
1875.3.1,1875,MEX,artillery,55
1875.3.1,1875,MEX,cavalry,1
1875.3.1,1875,MEX,infantry,1
1875.3.1,1875,BRZ,artillery,9
1875.3.1,1875,BRZ,cuirassier,1
1875.3.1,1875,BRZ,infantry,13
1875.3.1,1875,ORA,infantry,2
1875.4.1,1875,USA,artillery,46
1875.4.1,1875,USA,dragoon,1
1875.4.1,1875,USA,hussar,5
1875.4.1,1875,ENG,artillery,160
1875.4.1,1875,ENG,cuirassier,2
1875.4.1,1875,ENG,hussar,12
1875.4.1,1875,ENG,infantry,37
1875.4.1,1875,FRA,artillery,139
1875.4.1,1875,FRA,dragoon,1
1875.4.1,1875,FRA,hussar,18
1875.4.1,1875,FRA,infantry,1
1875.4.1,1875,SCA,artillery,36
1875.4.1,1875,SCA,hussar,7
1875.4.1,1875,SCA,infantry,8
1875.4.1,1875,RUS,artillery,62
1875.4.1,1875,RUS,dragoon,9
1875.4.1,1875,RUS,hussar,1
1875.4.1,1875,RUS,infantry,29
1875.4.1,1875,GER,artillery,137
1875.4.1,1875,GER,hussar,26
1875.4.1,1875,GER,infantry,15
1875.4.1,1875,NET,artillery,6
1875.4.1,1875,NET,dragoon,1
1875.4.1,1875,BEL,artillery,23
1875.4.1,1875,BEL,dragoon,3
1875.4.1,1875,BEL,guard,8
1875.4.1,1875,SPA,artillery,54
1875.4.1,1875,SPA,hussar,2
1875.4.1,1875,SPA,infantry,1
1875.4.1,1875,KUK,artillery,72
1875.4.1,1875,KUK,dragoon,15
1875.4.1,1875,AST,artillery,26
1875.4.1,1875,AST,hussar,5
1875.4.1,1875,AST,infantry,21
1875.4.1,1875,WAL,artillery,13
1875.4.1,1875,WAL,hussar,1
1875.4.1,1875,SAR,artillery,18
1875.4.1,1875,SAR,hussar,3
1875.4.1,1875,SAR,infantry,13
1875.4.1,1875,SIC,artillery,67
1875.4.1,1875,SIC,dragoon,11
1875.4.1,1875,TUR,artillery,20
1875.4.1,1875,TUR,hussar,4
1875.4.1,1875,TUR,infantry,16
1875.4.1,1875,MCK,cavalry,8
1875.4.1,1875,MCK,infantry,9
1875.4.1,1875,MCK,irregular,28
1875.4.1,1875,PER,artillery,19
1875.4.1,1875,PER,hussar,4
1875.4.1,1875,PER,infantry,12
1875.4.1,1875,JAS,dragoon,1
1875.4.1,1875,JAS,infantry,1
1875.4.1,1875,BIK,artillery,1
1875.4.1,1875,BIK,infantry,2
1875.4.1,1875,MEW,dragoon,1
1875.4.1,1875,MEW,infantry,5
1875.4.1,1875,GWA,cavalry,1
1875.4.1,1875,GWA,irregular,4
1875.4.1,1875,BUN,artillery,2
1875.4.1,1875,BUN,infantry,2
1875.4.1,1875,BAS,cavalry,1
1875.4.1,1875,BAS,irregular,2
1875.4.1,1875,NEP,cavalry,1
1875.4.1,1875,NEP,irregular,5
1875.4.1,1875,SIK,irregular,1
1875.4.1,1875,BHU,irregular,1
1875.4.1,1875,CHL,artillery,33
1875.4.1,1875,CHL,dragoon,6
1875.4.1,1875,CHL,hussar,1
1875.4.1,1875,CHL,infantry,16
1875.4.1,1875,MGL,cavalry,2
1875.4.1,1875,MGL,infantry,4
1875.4.1,1875,MGL,irregular,6
1875.4.1,1875,CHI,cavalry,47
1875.4.1,1875,CHI,infantry,24
1875.4.1,1875,CHI,irregular,200
1875.4.1,1875,GXI,cavalry,44
1875.4.1,1875,GXI,infantry,54
1875.4.1,1875,GXI,irregular,166
1875.4.1,1875,XBI,cavalry,4
1875.4.1,1875,XBI,infantry,2
1875.4.1,1875,XBI,irregular,31
1875.4.1,1875,YNN,cavalry,32
1875.4.1,1875,YNN,infantry,17
1875.4.1,1875,YNN,irregular,143
1875.4.1,1875,TIB,cavalry,3
1875.4.1,1875,TIB,infantry,5
1875.4.1,1875,TIB,irregular,6
1875.4.1,1875,XIN,cavalry,1
1875.4.1,1875,XIN,irregular,5
1875.4.1,1875,ALD,cavalry,2
1875.4.1,1875,ALD,irregular,3
1875.4.1,1875,MEX,artillery,55
1875.4.1,1875,MEX,cavalry,1
1875.4.1,1875,MEX,infantry,1
1875.4.1,1875,BRZ,artillery,9
1875.4.1,1875,BRZ,cuirassier,1
1875.4.1,1875,BRZ,infantry,13
1875.4.1,1875,ORA,infantry,2
1875.5.1,1875,USA,artillery,46
1875.5.1,1875,USA,dragoon,1
1875.5.1,1875,USA,hussar,5
1875.5.1,1875,ENG,artillery,166
1875.5.1,1875,ENG,cuirassier,2
1875.5.1,1875,ENG,hussar,14
1875.5.1,1875,ENG,infantry,37
1875.5.1,1875,FRA,artillery,140
1875.5.1,1875,FRA,dragoon,1
1875.5.1,1875,FRA,hussar,18
1875.5.1,1875,FRA,infantry,1
1875.5.1,1875,SCA,artillery,36
1875.5.1,1875,SCA,hussar,7
1875.5.1,1875,SCA,infantry,8
1875.5.1,1875,RUS,artillery,67
1875.5.1,1875,RUS,dragoon,9
1875.5.1,1875,RUS,hussar,1
1875.5.1,1875,RUS,infantry,29
1875.5.1,1875,GER,artillery,137
1875.5.1,1875,GER,hussar,26
1875.5.1,1875,GER,infantry,15
1875.5.1,1875,NET,artillery,6
1875.5.1,1875,NET,dragoon,1
1875.5.1,1875,BEL,artillery,23
1875.5.1,1875,BEL,dragoon,4
1875.5.1,1875,BEL,guard,8
1875.5.1,1875,SPA,artillery,54
1875.5.1,1875,SPA,hussar,2
1875.5.1,1875,SPA,infantry,1
1875.5.1,1875,KUK,artillery,72
1875.5.1,1875,KUK,dragoon,15
1875.5.1,1875,AST,artillery,26
1875.5.1,1875,AST,hussar,5
1875.5.1,1875,AST,infantry,21
1875.5.1,1875,WAL,artillery,15
1875.5.1,1875,WAL,hussar,2
1875.5.1,1875,SAR,artillery,18
1875.5.1,1875,SAR,hussar,3
1875.5.1,1875,SAR,infantry,29
1875.5.1,1875,SIC,artillery,59
1875.5.1,1875,SIC,dragoon,9
1875.5.1,1875,TUR,artillery,20
1875.5.1,1875,TUR,hussar,4
1875.5.1,1875,TUR,infantry,16
1875.5.1,1875,MCK,cavalry,8
1875.5.1,1875,MCK,infantry,9
1875.5.1,1875,MCK,irregular,28
1875.5.1,1875,PER,artillery,19
1875.5.1,1875,PER,hussar,4
1875.5.1,1875,PER,infantry,12
1875.5.1,1875,JAS,dragoon,1
1875.5.1,1875,JAS,infantry,1
1875.5.1,1875,BIK,artillery,1
1875.5.1,1875,BIK,dragoon,1
1875.5.1,1875,BIK,infantry,2
1875.5.1,1875,MEW,dragoon,1
1875.5.1,1875,MEW,infantry,5
1875.5.1,1875,GWA,cavalry,1
1875.5.1,1875,GWA,irregular,4
1875.5.1,1875,BUN,artillery,2
1875.5.1,1875,BUN,infantry,2
1875.5.1,1875,BAS,cavalry,1
1875.5.1,1875,BAS,irregular,2
1875.5.1,1875,NEP,cavalry,1
1875.5.1,1875,NEP,irregular,5
1875.5.1,1875,SIK,irregular,1
1875.5.1,1875,BHU,irregular,1
1875.5.1,1875,CHL,artillery,33
1875.5.1,1875,CHL,dragoon,6
1875.5.1,1875,CHL,hussar,1
1875.5.1,1875,CHL,infantry,16
1875.5.1,1875,MGL,cavalry,2
1875.5.1,1875,MGL,infantry,4
1875.5.1,1875,MGL,irregular,6
1875.5.1,1875,CHI,cavalry,47
1875.5.1,1875,CHI,infantry,26
1875.5.1,1875,CHI,irregular,201
1875.5.1,1875,GXI,cavalry,44
1875.5.1,1875,GXI,infantry,54
1875.5.1,1875,GXI,irregular,167
1875.5.1,1875,XBI,cavalry,4
1875.5.1,1875,XBI,infantry,2
1875.5.1,1875,XBI,irregular,31
1875.5.1,1875,YNN,cavalry,32
1875.5.1,1875,YNN,infantry,17
1875.5.1,1875,YNN,irregular,143
1875.5.1,1875,TIB,cavalry,3
1875.5.1,1875,TIB,infantry,5
1875.5.1,1875,TIB,irregular,6
1875.5.1,1875,XIN,cavalry,1
1875.5.1,1875,XIN,irregular,5
1875.5.1,1875,ALD,cavalry,2
1875.5.1,1875,ALD,irregular,3
1875.5.1,1875,MEX,artillery,55
1875.5.1,1875,MEX,cavalry,1
1875.5.1,1875,MEX,infantry,1
1875.5.1,1875,BRZ,artillery,9
1875.5.1,1875,BRZ,cuirassier,1
1875.5.1,1875,BRZ,infantry,13
1875.5.1,1875,ORA,infantry,2
1875.6.1,1875,USA,artillery,46
1875.6.1,1875,USA,dragoon,1
1875.6.1,1875,USA,hussar,5
1875.6.1,1875,ENG,artillery,169
1875.6.1,1875,ENG,cuirassier,2
1875.6.1,1875,ENG,hussar,14
1875.6.1,1875,ENG,infantry,37
1875.6.1,1875,FRA,artillery,140
1875.6.1,1875,FRA,dragoon,1
1875.6.1,1875,FRA,hussar,18
1875.6.1,1875,FRA,infantry,1
1875.6.1,1875,SCA,artillery,36
1875.6.1,1875,SCA,hussar,7
1875.6.1,1875,SCA,infantry,8
1875.6.1,1875,RUS,artillery,68
1875.6.1,1875,RUS,dragoon,9
1875.6.1,1875,RUS,hussar,1
1875.6.1,1875,RUS,infantry,29
1875.6.1,1875,GER,artillery,140
1875.6.1,1875,GER,hussar,26
1875.6.1,1875,GER,infantry,15
1875.6.1,1875,NET,artillery,6
1875.6.1,1875,NET,dragoon,1
1875.6.1,1875,BEL,artillery,23
1875.6.1,1875,BEL,dragoon,4
1875.6.1,1875,BEL,guard,8
1875.6.1,1875,SPA,artillery,54
1875.6.1,1875,SPA,hussar,2
1875.6.1,1875,SPA,infantry,1
1875.6.1,1875,KUK,artillery,72
1875.6.1,1875,KUK,dragoon,15
1875.6.1,1875,AST,artillery,26
1875.6.1,1875,AST,hussar,5
1875.6.1,1875,AST,infantry,21
1875.6.1,1875,WAL,artillery,16
1875.6.1,1875,WAL,hussar,2
1875.6.1,1875,SAR,artillery,22
1875.6.1,1875,SAR,hussar,3
1875.6.1,1875,SIC,artillery,58
1875.6.1,1875,SIC,dragoon,9
1875.6.1,1875,TUR,artillery,20
1875.6.1,1875,TUR,hussar,4
1875.6.1,1875,TUR,infantry,16
1875.6.1,1875,MCK,cavalry,8
1875.6.1,1875,MCK,infantry,9
1875.6.1,1875,MCK,irregular,28
1875.6.1,1875,PER,artillery,20
1875.6.1,1875,PER,hussar,4
1875.6.1,1875,PER,infantry,12
1875.6.1,1875,JAS,dragoon,1
1875.6.1,1875,JAS,infantry,1
1875.6.1,1875,BIK,artillery,1
1875.6.1,1875,BIK,dragoon,1
1875.6.1,1875,BIK,infantry,2
1875.6.1,1875,MEW,dragoon,1
1875.6.1,1875,MEW,infantry,5
1875.6.1,1875,GWA,cavalry,1
1875.6.1,1875,GWA,irregular,4
1875.6.1,1875,BUN,artillery,2
1875.6.1,1875,BUN,infantry,2
1875.6.1,1875,BAS,cavalry,1
1875.6.1,1875,BAS,irregular,2
1875.6.1,1875,NEP,cavalry,1
1875.6.1,1875,NEP,irregular,5
1875.6.1,1875,SIK,irregular,1
1875.6.1,1875,BHU,irregular,1
1875.6.1,1875,CHL,artillery,33
1875.6.1,1875,CHL,dragoon,6
1875.6.1,1875,CHL,hussar,1
1875.6.1,1875,CHL,infantry,16
1875.6.1,1875,MGL,cavalry,2
1875.6.1,1875,MGL,infantry,4
1875.6.1,1875,MGL,irregular,6
1875.6.1,1875,CHI,cavalry,47
1875.6.1,1875,CHI,infantry,26
1875.6.1,1875,CHI,irregular,202
1875.6.1,1875,GXI,cavalry,44
1875.6.1,1875,GXI,infantry,54
1875.6.1,1875,GXI,irregular,167
1875.6.1,1875,XBI,cavalry,4
1875.6.1,1875,XBI,infantry,2
1875.6.1,1875,XBI,irregular,31
1875.6.1,1875,YNN,cavalry,32
1875.6.1,1875,YNN,infantry,17
1875.6.1,1875,YNN,irregular,143
1875.6.1,1875,TIB,cavalry,3
1875.6.1,1875,TIB,infantry,5
1875.6.1,1875,TIB,irregular,6
1875.6.1,1875,XIN,cavalry,1
1875.6.1,1875,XIN,irregular,5
1875.6.1,1875,ALD,cavalry,2
1875.6.1,1875,ALD,irregular,3
1875.6.1,1875,MEX,artillery,55
1875.6.1,1875,MEX,cavalry,1
1875.6.1,1875,MEX,infantry,1
1875.6.1,1875,BRZ,artillery,9
1875.6.1,1875,BRZ,cuirassier,1
1875.6.1,1875,BRZ,infantry,13
1875.6.1,1875,ORA,infantry,2
1875.7.1,1875,USA,artillery,46
1875.7.1,1875,USA,dragoon,1
1875.7.1,1875,USA,hussar,5
1875.7.1,1875,ENG,artillery,170
1875.7.1,1875,ENG,cuirassier,2
1875.7.1,1875,ENG,hussar,14
1875.7.1,1875,ENG,infantry,37
1875.7.1,1875,FRA,artillery,140
1875.7.1,1875,FRA,dragoon,1
1875.7.1,1875,FRA,hussar,18
1875.7.1,1875,FRA,infantry,1
1875.7.1,1875,SCA,artillery,36
1875.7.1,1875,SCA,hussar,7
1875.7.1,1875,SCA,infantry,10
1875.7.1,1875,RUS,artillery,68
1875.7.1,1875,RUS,dragoon,13
1875.7.1,1875,RUS,hussar,1
1875.7.1,1875,RUS,infantry,29
1875.7.1,1875,GER,artillery,140
1875.7.1,1875,GER,hussar,26
1875.7.1,1875,GER,infantry,15
1875.7.1,1875,NET,artillery,6
1875.7.1,1875,NET,dragoon,1
1875.7.1,1875,BEL,artillery,23
1875.7.1,1875,BEL,dragoon,4
1875.7.1,1875,BEL,guard,8
1875.7.1,1875,SPA,artillery,54
1875.7.1,1875,SPA,hussar,2
1875.7.1,1875,SPA,infantry,1
1875.7.1,1875,KUK,artillery,72
1875.7.1,1875,KUK,dragoon,15
1875.7.1,1875,AST,artillery,26
1875.7.1,1875,AST,hussar,5
1875.7.1,1875,AST,infantry,21
1875.7.1,1875,WAL,artillery,16
1875.7.1,1875,WAL,hussar,2
1875.7.1,1875,SAR,artillery,22
1875.7.1,1875,SAR,hussar,3
1875.7.1,1875,SIC,artillery,58
1875.7.1,1875,SIC,dragoon,9
1875.7.1,1875,TUR,artillery,20
1875.7.1,1875,TUR,hussar,4
1875.7.1,1875,TUR,infantry,16
1875.7.1,1875,MCK,cavalry,8
1875.7.1,1875,MCK,infantry,9
1875.7.1,1875,MCK,irregular,28
1875.7.1,1875,PER,artillery,20
1875.7.1,1875,PER,hussar,4
1875.7.1,1875,PER,infantry,12
1875.7.1,1875,JAS,dragoon,1
1875.7.1,1875,JAS,infantry,1
1875.7.1,1875,BIK,artillery,1
1875.7.1,1875,BIK,dragoon,1
1875.7.1,1875,BIK,infantry,2
1875.7.1,1875,MEW,dragoon,1
1875.7.1,1875,MEW,infantry,5
1875.7.1,1875,GWA,cavalry,1
1875.7.1,1875,GWA,irregular,4
1875.7.1,1875,BUN,artillery,2
1875.7.1,1875,BUN,infantry,2
1875.7.1,1875,BAS,cavalry,1
1875.7.1,1875,BAS,irregular,2
1875.7.1,1875,NEP,cavalry,1
1875.7.1,1875,NEP,irregular,5
1875.7.1,1875,SIK,irregular,1
1875.7.1,1875,BHU,irregular,1
1875.7.1,1875,CHL,artillery,33
1875.7.1,1875,CHL,dragoon,6
1875.7.1,1875,CHL,hussar,1
1875.7.1,1875,CHL,infantry,16
1875.7.1,1875,MGL,cavalry,2
1875.7.1,1875,MGL,infantry,4
1875.7.1,1875,MGL,irregular,6
1875.7.1,1875,CHI,cavalry,47
1875.7.1,1875,CHI,infantry,26
1875.7.1,1875,CHI,irregular,203
1875.7.1,1875,GXI,cavalry,44
1875.7.1,1875,GXI,infantry,54
1875.7.1,1875,GXI,irregular,167
1875.7.1,1875,XBI,cavalry,4
1875.7.1,1875,XBI,infantry,2
1875.7.1,1875,XBI,irregular,31
1875.7.1,1875,YNN,cavalry,32
1875.7.1,1875,YNN,infantry,17
1875.7.1,1875,YNN,irregular,143
1875.7.1,1875,TIB,cavalry,3
1875.7.1,1875,TIB,infantry,5
1875.7.1,1875,TIB,irregular,6
1875.7.1,1875,XIN,cavalry,1
1875.7.1,1875,XIN,irregular,5
1875.7.1,1875,ALD,cavalry,2
1875.7.1,1875,ALD,irregular,3
1875.7.1,1875,MEX,artillery,55
1875.7.1,1875,MEX,cavalry,1
1875.7.1,1875,MEX,infantry,1
1875.7.1,1875,BRZ,artillery,9
1875.7.1,1875,BRZ,cuirassier,1
1875.7.1,1875,BRZ,infantry,13
1875.7.1,1875,ORA,infantry,2
1875.8.1,1875,USA,artillery,46
1875.8.1,1875,USA,dragoon,1
1875.8.1,1875,USA,hussar,5
1875.8.1,1875,ENG,artillery,170
1875.8.1,1875,ENG,cuirassier,2
1875.8.1,1875,ENG,hussar,15
1875.8.1,1875,ENG,infantry,40
1875.8.1,1875,FRA,artillery,134
1875.8.1,1875,FRA,dragoon,1
1875.8.1,1875,FRA,hussar,18
1875.8.1,1875,FRA,infantry,1
1875.8.1,1875,SCA,artillery,39
1875.8.1,1875,SCA,hussar,9
1875.8.1,1875,SCA,infantry,10
1875.8.1,1875,RUS,artillery,68
1875.8.1,1875,RUS,dragoon,13
1875.8.1,1875,RUS,hussar,1
1875.8.1,1875,RUS,infantry,29
1875.8.1,1875,GER,artillery,140
1875.8.1,1875,GER,hussar,26
1875.8.1,1875,GER,infantry,15
1875.8.1,1875,NET,artillery,6
1875.8.1,1875,NET,dragoon,1
1875.8.1,1875,BEL,artillery,23
1875.8.1,1875,BEL,dragoon,4
1875.8.1,1875,BEL,guard,8
1875.8.1,1875,SPA,artillery,54
1875.8.1,1875,SPA,hussar,2
1875.8.1,1875,SPA,infantry,1
1875.8.1,1875,KUK,artillery,72
1875.8.1,1875,KUK,dragoon,15
1875.8.1,1875,AST,artillery,26
1875.8.1,1875,AST,hussar,5
1875.8.1,1875,AST,infantry,21
1875.8.1,1875,WAL,artillery,16
1875.8.1,1875,WAL,hussar,2
1875.8.1,1875,SAR,artillery,22
1875.8.1,1875,SAR,hussar,3
1875.8.1,1875,SIC,artillery,58
1875.8.1,1875,SIC,dragoon,11
1875.8.1,1875,TUR,artillery,20
1875.8.1,1875,TUR,hussar,4
1875.8.1,1875,TUR,infantry,16
1875.8.1,1875,MCK,cavalry,8
1875.8.1,1875,MCK,infantry,9
1875.8.1,1875,MCK,irregular,28
1875.8.1,1875,PER,artillery,20
1875.8.1,1875,PER,hussar,4
1875.8.1,1875,PER,infantry,12
1875.8.1,1875,JAS,dragoon,1
1875.8.1,1875,JAS,infantry,1
1875.8.1,1875,BIK,artillery,1
1875.8.1,1875,BIK,dragoon,1
1875.8.1,1875,BIK,infantry,2
1875.8.1,1875,MEW,dragoon,1
1875.8.1,1875,MEW,infantry,5
1875.8.1,1875,GWA,cavalry,1
1875.8.1,1875,GWA,irregular,4
1875.8.1,1875,BUN,artillery,2
1875.8.1,1875,BUN,infantry,2
1875.8.1,1875,BAS,cavalry,1
1875.8.1,1875,BAS,irregular,2
1875.8.1,1875,NEP,cavalry,1
1875.8.1,1875,NEP,irregular,5
1875.8.1,1875,SIK,irregular,1
1875.8.1,1875,BHU,irregular,1
1875.8.1,1875,CHL,artillery,33
1875.8.1,1875,CHL,dragoon,6
1875.8.1,1875,CHL,hussar,1
1875.8.1,1875,CHL,infantry,16
1875.8.1,1875,MGL,cavalry,2
1875.8.1,1875,MGL,infantry,4
1875.8.1,1875,MGL,irregular,6
1875.8.1,1875,CHI,cavalry,47
1875.8.1,1875,CHI,infantry,27
1875.8.1,1875,CHI,irregular,204
1875.8.1,1875,GXI,cavalry,44
1875.8.1,1875,GXI,infantry,54
1875.8.1,1875,GXI,irregular,167
1875.8.1,1875,XBI,cavalry,4
1875.8.1,1875,XBI,infantry,2
1875.8.1,1875,XBI,irregular,31
1875.8.1,1875,YNN,cavalry,32
1875.8.1,1875,YNN,infantry,17
1875.8.1,1875,YNN,irregular,143
1875.8.1,1875,TIB,cavalry,3
1875.8.1,1875,TIB,infantry,5
1875.8.1,1875,TIB,irregular,6
1875.8.1,1875,XIN,cavalry,1
1875.8.1,1875,XIN,irregular,5
1875.8.1,1875,ALD,cavalry,2
1875.8.1,1875,ALD,irregular,3
1875.8.1,1875,MEX,artillery,55
1875.8.1,1875,MEX,cavalry,1
1875.8.1,1875,MEX,infantry,1
1875.8.1,1875,BRZ,artillery,9
1875.8.1,1875,BRZ,cuirassier,1
1875.8.1,1875,BRZ,infantry,13
1875.8.1,1875,ORA,infantry,2
1875.9.1,1875,USA,artillery,46
1875.9.1,1875,USA,dragoon,1
1875.9.1,1875,USA,hussar,5
1875.9.1,1875,ENG,artillery,170
1875.9.1,1875,ENG,cuirassier,2
1875.9.1,1875,ENG,hussar,15
1875.9.1,1875,ENG,infantry,40
1875.9.1,1875,FRA,artillery,134
1875.9.1,1875,FRA,dragoon,1
1875.9.1,1875,FRA,hussar,18
1875.9.1,1875,FRA,infantry,1
1875.9.1,1875,SCA,artillery,39
1875.9.1,1875,SCA,hussar,9
1875.9.1,1875,SCA,infantry,10
1875.9.1,1875,RUS,artillery,70
1875.9.1,1875,RUS,dragoon,13
1875.9.1,1875,RUS,hussar,1
1875.9.1,1875,RUS,infantry,29
1875.9.1,1875,GER,artillery,140
1875.9.1,1875,GER,hussar,26
1875.9.1,1875,GER,infantry,15
1875.9.1,1875,NET,artillery,6
1875.9.1,1875,NET,dragoon,1
1875.9.1,1875,BEL,artillery,23
1875.9.1,1875,BEL,dragoon,4
1875.9.1,1875,BEL,guard,8
1875.9.1,1875,SPA,artillery,54
1875.9.1,1875,SPA,hussar,2
1875.9.1,1875,SPA,infantry,1
1875.9.1,1875,KUK,artillery,72
1875.9.1,1875,KUK,dragoon,15
1875.9.1,1875,AST,artillery,26
1875.9.1,1875,AST,hussar,5
1875.9.1,1875,AST,infantry,21
1875.9.1,1875,WAL,artillery,16
1875.9.1,1875,WAL,hussar,2
1875.9.1,1875,SAR,artillery,22
1875.9.1,1875,SAR,hussar,3
1875.9.1,1875,SIC,artillery,58
1875.9.1,1875,SIC,dragoon,11
1875.9.1,1875,TUR,artillery,20
1875.9.1,1875,TUR,hussar,4
1875.9.1,1875,TUR,infantry,16
1875.9.1,1875,MCK,cavalry,8
1875.9.1,1875,MCK,infantry,9
1875.9.1,1875,MCK,irregular,28
1875.9.1,1875,PER,artillery,20
1875.9.1,1875,PER,hussar,4
1875.9.1,1875,PER,infantry,12
1875.9.1,1875,JAS,dragoon,1
1875.9.1,1875,JAS,infantry,1
1875.9.1,1875,BIK,artillery,1
1875.9.1,1875,BIK,dragoon,1
1875.9.1,1875,BIK,infantry,2
1875.9.1,1875,MEW,dragoon,1
1875.9.1,1875,MEW,infantry,5
1875.9.1,1875,GWA,cavalry,1
1875.9.1,1875,GWA,irregular,4
1875.9.1,1875,BUN,artillery,2
1875.9.1,1875,BUN,dragoon,1
1875.9.1,1875,BUN,infantry,3
1875.9.1,1875,BAS,cavalry,1
1875.9.1,1875,BAS,irregular,2
1875.9.1,1875,NEP,cavalry,1
1875.9.1,1875,NEP,irregular,5
1875.9.1,1875,SIK,irregular,1
1875.9.1,1875,BHU,irregular,1
1875.9.1,1875,CHL,artillery,34
1875.9.1,1875,CHL,dragoon,6
1875.9.1,1875,CHL,hussar,1
1875.9.1,1875,CHL,infantry,16
1875.9.1,1875,MGL,cavalry,2
1875.9.1,1875,MGL,infantry,4
1875.9.1,1875,MGL,irregular,6
1875.9.1,1875,CHI,cavalry,47
1875.9.1,1875,CHI,infantry,27
1875.9.1,1875,CHI,irregular,205
1875.9.1,1875,GXI,cavalry,45
1875.9.1,1875,GXI,infantry,54
1875.9.1,1875,GXI,irregular,167
1875.9.1,1875,XBI,cavalry,4
1875.9.1,1875,XBI,infantry,2
1875.9.1,1875,XBI,irregular,31
1875.9.1,1875,YNN,cavalry,32
1875.9.1,1875,YNN,infantry,17
1875.9.1,1875,YNN,irregular,143
1875.9.1,1875,TIB,cavalry,3
1875.9.1,1875,TIB,infantry,5
1875.9.1,1875,TIB,irregular,6
1875.9.1,1875,XIN,cavalry,1
1875.9.1,1875,XIN,irregular,5
1875.9.1,1875,ALD,cavalry,2
1875.9.1,1875,ALD,irregular,3
1875.9.1,1875,MEX,artillery,55
1875.9.1,1875,MEX,cavalry,1
1875.9.1,1875,MEX,infantry,1
1875.9.1,1875,BRZ,artillery,9
1875.9.1,1875,BRZ,cuirassier,1
1875.9.1,1875,BRZ,infantry,13
1875.9.1,1875,ORA,infantry,2
1875.10.1,1875,USA,artillery,46
1875.10.1,1875,USA,dragoon,1
1875.10.1,1875,USA,hussar,5
1875.10.1,1875,ENG,artillery,170
1875.10.1,1875,ENG,cuirassier,2
1875.10.1,1875,ENG,hussar,15
1875.10.1,1875,ENG,infantry,40
1875.10.1,1875,FRA,artillery,139
1875.10.1,1875,FRA,dragoon,1
1875.10.1,1875,FRA,hussar,18
1875.10.1,1875,FRA,infantry,1
1875.10.1,1875,SCA,artillery,39
1875.10.1,1875,SCA,hussar,9
1875.10.1,1875,SCA,infantry,10
1875.10.1,1875,RUS,artillery,70
1875.10.1,1875,RUS,dragoon,13
1875.10.1,1875,RUS,hussar,1
1875.10.1,1875,RUS,infantry,29
1875.10.1,1875,GER,artillery,140
1875.10.1,1875,GER,hussar,26
1875.10.1,1875,GER,infantry,15
1875.10.1,1875,NET,artillery,6
1875.10.1,1875,NET,dragoon,1
1875.10.1,1875,BEL,artillery,23
1875.10.1,1875,BEL,dragoon,4
1875.10.1,1875,BEL,guard,8
1875.10.1,1875,SPA,artillery,54
1875.10.1,1875,SPA,hussar,2
1875.10.1,1875,SPA,infantry,1
1875.10.1,1875,KUK,artillery,72
1875.10.1,1875,KUK,dragoon,15
1875.10.1,1875,AST,artillery,28
1875.10.1,1875,AST,hussar,5
1875.10.1,1875,AST,infantry,21
1875.10.1,1875,WAL,artillery,16
1875.10.1,1875,WAL,hussar,2
1875.10.1,1875,SAR,artillery,26
1875.10.1,1875,SAR,hussar,3
1875.10.1,1875,SIC,artillery,61
1875.10.1,1875,SIC,dragoon,11
1875.10.1,1875,TUR,artillery,20
1875.10.1,1875,TUR,hussar,4
1875.10.1,1875,TUR,infantry,16
1875.10.1,1875,MCK,cavalry,8
1875.10.1,1875,MCK,infantry,9
1875.10.1,1875,MCK,irregular,28
1875.10.1,1875,PER,artillery,20
1875.10.1,1875,PER,hussar,4
1875.10.1,1875,PER,infantry,12
1875.10.1,1875,JAS,dragoon,1
1875.10.1,1875,JAS,infantry,1
1875.10.1,1875,BIK,artillery,2
1875.10.1,1875,BIK,dragoon,1
1875.10.1,1875,BIK,infantry,2
1875.10.1,1875,MEW,dragoon,1
1875.10.1,1875,MEW,infantry,5
1875.10.1,1875,GWA,cavalry,1
1875.10.1,1875,GWA,irregular,4
1875.10.1,1875,BUN,artillery,2
1875.10.1,1875,BUN,dragoon,1
1875.10.1,1875,BUN,infantry,3
1875.10.1,1875,BAS,cavalry,1
1875.10.1,1875,BAS,irregular,2
1875.10.1,1875,NEP,cavalry,1
1875.10.1,1875,NEP,irregular,5
1875.10.1,1875,SIK,irregular,1
1875.10.1,1875,BHU,irregular,1
1875.10.1,1875,CHL,artillery,36
1875.10.1,1875,CHL,dragoon,6
1875.10.1,1875,CHL,hussar,1
1875.10.1,1875,CHL,infantry,16
1875.10.1,1875,MGL,cavalry,2
1875.10.1,1875,MGL,infantry,4
1875.10.1,1875,MGL,irregular,6
1875.10.1,1875,CHI,cavalry,47
1875.10.1,1875,CHI,infantry,29
1875.10.1,1875,CHI,irregular,206
1875.10.1,1875,GXI,cavalry,45
1875.10.1,1875,GXI,infantry,54
1875.10.1,1875,GXI,irregular,167
1875.10.1,1875,XBI,cavalry,4
1875.10.1,1875,XBI,infantry,2
1875.10.1,1875,XBI,irregular,31
1875.10.1,1875,YNN,cavalry,32
1875.10.1,1875,YNN,infantry,17
1875.10.1,1875,YNN,irregular,143
1875.10.1,1875,TIB,cavalry,3
1875.10.1,1875,TIB,infantry,5
1875.10.1,1875,TIB,irregular,6
1875.10.1,1875,XIN,cavalry,1
1875.10.1,1875,XIN,irregular,6
1875.10.1,1875,ALD,cavalry,2
1875.10.1,1875,ALD,irregular,3
1875.10.1,1875,MEX,artillery,55
1875.10.1,1875,MEX,cavalry,1
1875.10.1,1875,MEX,infantry,1
1875.10.1,1875,BRZ,artillery,9
1875.10.1,1875,BRZ,cuirassier,1
1875.10.1,1875,BRZ,infantry,13
1875.10.1,1875,ORA,infantry,2
1875.11.1,1875,USA,artillery,46
1875.11.1,1875,USA,dragoon,1
1875.11.1,1875,USA,hussar,5
1875.11.1,1875,ENG,artillery,171
1875.11.1,1875,ENG,cuirassier,2
1875.11.1,1875,ENG,hussar,15
1875.11.1,1875,ENG,infantry,40
1875.11.1,1875,FRA,artillery,140
1875.11.1,1875,FRA,dragoon,1
1875.11.1,1875,FRA,hussar,18
1875.11.1,1875,FRA,infantry,1
1875.11.1,1875,SCA,artillery,39
1875.11.1,1875,SCA,hussar,9
1875.11.1,1875,SCA,infantry,10
1875.11.1,1875,RUS,artillery,70
1875.11.1,1875,RUS,dragoon,13
1875.11.1,1875,RUS,hussar,1
1875.11.1,1875,RUS,infantry,29
1875.11.1,1875,GER,artillery,140
1875.11.1,1875,GER,hussar,26
1875.11.1,1875,GER,infantry,15
1875.11.1,1875,NET,artillery,6
1875.11.1,1875,NET,dragoon,1
1875.11.1,1875,NET,infantry,3
1875.11.1,1875,BEL,artillery,23
1875.11.1,1875,BEL,dragoon,4
1875.11.1,1875,BEL,guard,8
1875.11.1,1875,SPA,artillery,54
1875.11.1,1875,SPA,hussar,2
1875.11.1,1875,SPA,infantry,1
1875.11.1,1875,KUK,artillery,72
1875.11.1,1875,KUK,dragoon,15
1875.11.1,1875,AST,artillery,29
1875.11.1,1875,AST,hussar,5
1875.11.1,1875,AST,infantry,21
1875.11.1,1875,WAL,artillery,16
1875.11.1,1875,WAL,hussar,2
1875.11.1,1875,SAR,artillery,26
1875.11.1,1875,SAR,hussar,3
1875.11.1,1875,SIC,artillery,61
1875.11.1,1875,SIC,dragoon,14
1875.11.1,1875,TUR,artillery,20
1875.11.1,1875,TUR,hussar,4
1875.11.1,1875,TUR,infantry,16
1875.11.1,1875,MCK,cavalry,8
1875.11.1,1875,MCK,infantry,9
1875.11.1,1875,MCK,irregular,28
1875.11.1,1875,PER,artillery,20
1875.11.1,1875,PER,hussar,4
1875.11.1,1875,PER,infantry,12
1875.11.1,1875,JAS,dragoon,1
1875.11.1,1875,JAS,infantry,1
1875.11.1,1875,BIK,artillery,2
1875.11.1,1875,BIK,dragoon,1
1875.11.1,1875,BIK,infantry,2
1875.11.1,1875,MEW,dragoon,1
1875.11.1,1875,MEW,infantry,5
1875.11.1,1875,GWA,cavalry,1
1875.11.1,1875,GWA,irregular,4
1875.11.1,1875,BUN,artillery,3
1875.11.1,1875,BUN,dragoon,1
1875.11.1,1875,BUN,infantry,3
1875.11.1,1875,BAS,cavalry,1
1875.11.1,1875,BAS,irregular,2
1875.11.1,1875,NEP,cavalry,1
1875.11.1,1875,NEP,irregular,5
1875.11.1,1875,SIK,irregular,1
1875.11.1,1875,BHU,irregular,1
1875.11.1,1875,CHL,artillery,36
1875.11.1,1875,CHL,dragoon,6
1875.11.1,1875,CHL,hussar,1
1875.11.1,1875,CHL,infantry,16
1875.11.1,1875,MGL,cavalry,2
1875.11.1,1875,MGL,infantry,4
1875.11.1,1875,MGL,irregular,6
1875.11.1,1875,CHI,cavalry,47
1875.11.1,1875,CHI,infantry,30
1875.11.1,1875,CHI,irregular,206
1875.11.1,1875,GXI,cavalry,45
1875.11.1,1875,GXI,infantry,54
1875.11.1,1875,GXI,irregular,167
1875.11.1,1875,XBI,cavalry,4
1875.11.1,1875,XBI,infantry,2
1875.11.1,1875,XBI,irregular,31
1875.11.1,1875,YNN,cavalry,32
1875.11.1,1875,YNN,infantry,17
1875.11.1,1875,YNN,irregular,143
1875.11.1,1875,TIB,cavalry,3
1875.11.1,1875,TIB,infantry,5
1875.11.1,1875,TIB,irregular,6
1875.11.1,1875,XIN,cavalry,1
1875.11.1,1875,XIN,irregular,6
1875.11.1,1875,ALD,cavalry,2
1875.11.1,1875,ALD,irregular,3
1875.11.1,1875,MEX,artillery,55
1875.11.1,1875,MEX,cavalry,1
1875.11.1,1875,MEX,infantry,1
1875.11.1,1875,BRZ,artillery,9
1875.11.1,1875,BRZ,cuirassier,1
1875.11.1,1875,BRZ,infantry,13
1875.11.1,1875,ORA,infantry,2
1875.12.1,1875,USA,artillery,46
1875.12.1,1875,USA,dragoon,1
1875.12.1,1875,USA,hussar,5
1875.12.1,1875,ENG,artillery,172
1875.12.1,1875,ENG,cuirassier,2
1875.12.1,1875,ENG,hussar,15
1875.12.1,1875,ENG,infantry,40
1875.12.1,1875,FRA,artillery,140
1875.12.1,1875,FRA,dragoon,1
1875.12.1,1875,FRA,hussar,18
1875.12.1,1875,FRA,infantry,1
1875.12.1,1875,SCA,artillery,39
1875.12.1,1875,SCA,hussar,9
1875.12.1,1875,SCA,infantry,10
1875.12.1,1875,RUS,artillery,70
1875.12.1,1875,RUS,dragoon,13
1875.12.1,1875,RUS,hussar,1
1875.12.1,1875,RUS,infantry,29
1875.12.1,1875,GER,artillery,140
1875.12.1,1875,GER,hussar,26
1875.12.1,1875,GER,infantry,15
1875.12.1,1875,NET,artillery,6
1875.12.1,1875,NET,dragoon,1
1875.12.1,1875,NET,infantry,4
1875.12.1,1875,BEL,artillery,23
1875.12.1,1875,BEL,dragoon,4
1875.12.1,1875,BEL,guard,8
1875.12.1,1875,SPA,artillery,54
1875.12.1,1875,SPA,hussar,2
1875.12.1,1875,SPA,infantry,1
1875.12.1,1875,KUK,artillery,72
1875.12.1,1875,KUK,dragoon,15
1875.12.1,1875,AST,artillery,29
1875.12.1,1875,AST,hussar,5
1875.12.1,1875,AST,infantry,21
1875.12.1,1875,WAL,artillery,16
1875.12.1,1875,WAL,hussar,2
1875.12.1,1875,SAR,artillery,26
1875.12.1,1875,SAR,guard,3
1875.12.1,1875,SAR,hussar,3
1875.12.1,1875,SIC,artillery,61
1875.12.1,1875,SIC,dragoon,14
1875.12.1,1875,TUR,artillery,20
1875.12.1,1875,TUR,hussar,4
1875.12.1,1875,TUR,infantry,16
1875.12.1,1875,MCK,cavalry,8
1875.12.1,1875,MCK,infantry,9
1875.12.1,1875,MCK,irregular,28
1875.12.1,1875,PER,artillery,20
1875.12.1,1875,PER,hussar,4
1875.12.1,1875,PER,infantry,12
1875.12.1,1875,JAS,dragoon,1
1875.12.1,1875,JAS,infantry,1
1875.12.1,1875,BIK,artillery,1
1875.12.1,1875,BIK,dragoon,1
1875.12.1,1875,BIK,infantry,2
1875.12.1,1875,MEW,dragoon,1
1875.12.1,1875,MEW,infantry,5
1875.12.1,1875,GWA,cavalry,1
1875.12.1,1875,GWA,irregular,4
1875.12.1,1875,BUN,artillery,3
1875.12.1,1875,BUN,dragoon,1
1875.12.1,1875,BUN,infantry,3
1875.12.1,1875,BAS,cavalry,1
1875.12.1,1875,BAS,irregular,2
1875.12.1,1875,NEP,cavalry,1
1875.12.1,1875,NEP,irregular,5
1875.12.1,1875,SIK,irregular,1
1875.12.1,1875,BHU,irregular,1
1875.12.1,1875,CHL,artillery,36
1875.12.1,1875,CHL,dragoon,6
1875.12.1,1875,CHL,hussar,1
1875.12.1,1875,CHL,infantry,16
1875.12.1,1875,MGL,cavalry,2
1875.12.1,1875,MGL,infantry,4
1875.12.1,1875,MGL,irregular,6
1875.12.1,1875,CHI,cavalry,48
1875.12.1,1875,CHI,infantry,30
1875.12.1,1875,CHI,irregular,207
1875.12.1,1875,GXI,cavalry,45
1875.12.1,1875,GXI,infantry,54
1875.12.1,1875,GXI,irregular,167
1875.12.1,1875,XBI,cavalry,4
1875.12.1,1875,XBI,infantry,2
1875.12.1,1875,XBI,irregular,31
1875.12.1,1875,YNN,cavalry,32
1875.12.1,1875,YNN,infantry,17
1875.12.1,1875,YNN,irregular,143
1875.12.1,1875,TIB,cavalry,3
1875.12.1,1875,TIB,infantry,5
1875.12.1,1875,TIB,irregular,6
1875.12.1,1875,XIN,cavalry,1
1875.12.1,1875,XIN,irregular,6
1875.12.1,1875,ALD,cavalry,2
1875.12.1,1875,ALD,irregular,3
1875.12.1,1875,MEX,artillery,55
1875.12.1,1875,MEX,cavalry,1
1875.12.1,1875,MEX,infantry,1
1875.12.1,1875,BRZ,artillery,9
1875.12.1,1875,BRZ,cuirassier,1
1875.12.1,1875,BRZ,infantry,13
1875.12.1,1875,ORA,infantry,2
1876.1.1,1876,USA,artillery,46
1876.1.1,1876,USA,dragoon,1
1876.1.1,1876,USA,hussar,5
1876.1.1,1876,ENG,artillery,172
1876.1.1,1876,ENG,cuirassier,2
1876.1.1,1876,ENG,hussar,15
1876.1.1,1876,ENG,infantry,40
1876.1.1,1876,FRA,artillery,140
1876.1.1,1876,FRA,dragoon,1
1876.1.1,1876,FRA,hussar,18
1876.1.1,1876,FRA,infantry,1
1876.1.1,1876,SCA,artillery,39
1876.1.1,1876,SCA,hussar,9
1876.1.1,1876,SCA,infantry,10
1876.1.1,1876,RUS,artillery,72
1876.1.1,1876,RUS,dragoon,13
1876.1.1,1876,RUS,hussar,1
1876.1.1,1876,RUS,infantry,29
1876.1.1,1876,GER,artillery,140
1876.1.1,1876,GER,hussar,26
1876.1.1,1876,GER,infantry,15
1876.1.1,1876,NET,artillery,6
1876.1.1,1876,NET,dragoon,1
1876.1.1,1876,NET,infantry,4
1876.1.1,1876,BEL,artillery,23
1876.1.1,1876,BEL,dragoon,4
1876.1.1,1876,BEL,guard,8
1876.1.1,1876,SPA,artillery,54
1876.1.1,1876,SPA,hussar,2
1876.1.1,1876,SPA,infantry,1
1876.1.1,1876,KUK,artillery,72
1876.1.1,1876,KUK,dragoon,15
1876.1.1,1876,AST,artillery,29
1876.1.1,1876,AST,hussar,5
1876.1.1,1876,AST,infantry,21
1876.1.1,1876,WAL,artillery,16
1876.1.1,1876,WAL,hussar,2
1876.1.1,1876,SAR,artillery,27
1876.1.1,1876,SAR,guard,4
1876.1.1,1876,SAR,hussar,3
1876.1.1,1876,SIC,artillery,61
1876.1.1,1876,SIC,dragoon,15
1876.1.1,1876,TUR,artillery,23
1876.1.1,1876,TUR,hussar,5
1876.1.1,1876,TUR,infantry,16
1876.1.1,1876,MCK,cavalry,8
1876.1.1,1876,MCK,infantry,9
1876.1.1,1876,MCK,irregular,28
1876.1.1,1876,PER,artillery,20
1876.1.1,1876,PER,hussar,4
1876.1.1,1876,PER,infantry,12
1876.1.1,1876,JAS,dragoon,1
1876.1.1,1876,JAS,infantry,1
1876.1.1,1876,BIK,artillery,1
1876.1.1,1876,BIK,dragoon,1
1876.1.1,1876,BIK,infantry,2
1876.1.1,1876,MEW,dragoon,1
1876.1.1,1876,MEW,infantry,5
1876.1.1,1876,GWA,cavalry,1
1876.1.1,1876,GWA,irregular,1
1876.1.1,1876,BUN,artillery,3
1876.1.1,1876,BUN,dragoon,1
1876.1.1,1876,BUN,infantry,3
1876.1.1,1876,BAS,cavalry,1
1876.1.1,1876,BAS,irregular,2
1876.1.1,1876,NEP,cavalry,1
1876.1.1,1876,NEP,irregular,5
1876.1.1,1876,SIK,irregular,1
1876.1.1,1876,BHU,irregular,1
1876.1.1,1876,CHL,artillery,36
1876.1.1,1876,CHL,dragoon,6
1876.1.1,1876,CHL,hussar,1
1876.1.1,1876,CHL,infantry,16
1876.1.1,1876,MGL,cavalry,2
1876.1.1,1876,MGL,infantry,4
1876.1.1,1876,MGL,irregular,6
1876.1.1,1876,CHI,cavalry,48
1876.1.1,1876,CHI,infantry,31
1876.1.1,1876,CHI,irregular,208
1876.1.1,1876,GXI,cavalry,45
1876.1.1,1876,GXI,infantry,54
1876.1.1,1876,GXI,irregular,168
1876.1.1,1876,XBI,cavalry,4
1876.1.1,1876,XBI,infantry,2
1876.1.1,1876,XBI,irregular,31
1876.1.1,1876,YNN,cavalry,32
1876.1.1,1876,YNN,infantry,17
1876.1.1,1876,YNN,irregular,143
1876.1.1,1876,TIB,cavalry,3
1876.1.1,1876,TIB,infantry,5
1876.1.1,1876,TIB,irregular,6
1876.1.1,1876,XIN,cavalry,1
1876.1.1,1876,XIN,irregular,6
1876.1.1,1876,ALD,cavalry,2
1876.1.1,1876,ALD,irregular,3
1876.1.1,1876,MEX,artillery,55
1876.1.1,1876,MEX,cavalry,1
1876.1.1,1876,MEX,infantry,1
1876.1.1,1876,BRZ,artillery,9
1876.1.1,1876,BRZ,cuirassier,1
1876.1.1,1876,BRZ,infantry,13
1876.1.1,1876,ORA,infantry,2
1876.2.1,1876,USA,artillery,46
1876.2.1,1876,USA,dragoon,1
1876.2.1,1876,USA,hussar,5
1876.2.1,1876,ENG,artillery,172
1876.2.1,1876,ENG,cuirassier,2
1876.2.1,1876,ENG,hussar,15
1876.2.1,1876,ENG,infantry,40
1876.2.1,1876,FRA,artillery,140
1876.2.1,1876,FRA,dragoon,1
1876.2.1,1876,FRA,hussar,18
1876.2.1,1876,FRA,infantry,1
1876.2.1,1876,SCA,artillery,39
1876.2.1,1876,SCA,hussar,9
1876.2.1,1876,SCA,infantry,10
1876.2.1,1876,RUS,artillery,72
1876.2.1,1876,RUS,dragoon,13
1876.2.1,1876,RUS,hussar,1
1876.2.1,1876,RUS,infantry,29
1876.2.1,1876,GER,artillery,140
1876.2.1,1876,GER,hussar,26
1876.2.1,1876,GER,infantry,15
1876.2.1,1876,NET,artillery,6
1876.2.1,1876,NET,dragoon,1
1876.2.1,1876,BEL,artillery,23
1876.2.1,1876,BEL,dragoon,4
1876.2.1,1876,BEL,guard,8
1876.2.1,1876,SPA,artillery,54
1876.2.1,1876,SPA,hussar,2
1876.2.1,1876,SPA,infantry,1
1876.2.1,1876,KUK,artillery,72
1876.2.1,1876,KUK,dragoon,15
1876.2.1,1876,AST,artillery,29
1876.2.1,1876,AST,hussar,5
1876.2.1,1876,AST,infantry,21
1876.2.1,1876,WAL,artillery,16
1876.2.1,1876,WAL,hussar,2
1876.2.1,1876,SAR,artillery,27
1876.2.1,1876,SAR,guard,4
1876.2.1,1876,SAR,hussar,2
1876.2.1,1876,SIC,artillery,62
1876.2.1,1876,SIC,dragoon,15
1876.2.1,1876,TUR,artillery,26
1876.2.1,1876,TUR,hussar,5
1876.2.1,1876,TUR,infantry,16
1876.2.1,1876,MCK,cavalry,8
1876.2.1,1876,MCK,infantry,9
1876.2.1,1876,MCK,irregular,28
1876.2.1,1876,PER,artillery,20
1876.2.1,1876,PER,hussar,4
1876.2.1,1876,PER,infantry,12
1876.2.1,1876,JAS,dragoon,1
1876.2.1,1876,JAS,infantry,1
1876.2.1,1876,BIK,artillery,1
1876.2.1,1876,BIK,dragoon,1
1876.2.1,1876,BIK,infantry,2
1876.2.1,1876,MEW,dragoon,1
1876.2.1,1876,MEW,infantry,5
1876.2.1,1876,GWA,cavalry,1
1876.2.1,1876,GWA,irregular,1
1876.2.1,1876,BUN,artillery,3
1876.2.1,1876,BUN,dragoon,1
1876.2.1,1876,BUN,infantry,3
1876.2.1,1876,BAS,cavalry,1
1876.2.1,1876,BAS,irregular,2
1876.2.1,1876,NEP,cavalry,1
1876.2.1,1876,NEP,irregular,5
1876.2.1,1876,SIK,irregular,1
1876.2.1,1876,BHU,irregular,1
1876.2.1,1876,CHL,artillery,37
1876.2.1,1876,CHL,dragoon,6
1876.2.1,1876,CHL,hussar,1
1876.2.1,1876,CHL,infantry,16
1876.2.1,1876,MGL,cavalry,2
1876.2.1,1876,MGL,infantry,4
1876.2.1,1876,MGL,irregular,6
1876.2.1,1876,CHI,cavalry,48
1876.2.1,1876,CHI,infantry,31
1876.2.1,1876,CHI,irregular,209
1876.2.1,1876,GXI,cavalry,45
1876.2.1,1876,GXI,infantry,54
1876.2.1,1876,GXI,irregular,168
1876.2.1,1876,XBI,cavalry,4
1876.2.1,1876,XBI,infantry,2
1876.2.1,1876,XBI,irregular,31
1876.2.1,1876,YNN,cavalry,32
1876.2.1,1876,YNN,infantry,17
1876.2.1,1876,YNN,irregular,143
1876.2.1,1876,TIB,cavalry,3
1876.2.1,1876,TIB,infantry,5
1876.2.1,1876,TIB,irregular,6
1876.2.1,1876,XIN,cavalry,1
1876.2.1,1876,XIN,irregular,6
1876.2.1,1876,ALD,cavalry,2
1876.2.1,1876,ALD,irregular,3
1876.2.1,1876,MEX,artillery,55
1876.2.1,1876,MEX,cavalry,1
1876.2.1,1876,MEX,infantry,1
1876.2.1,1876,BRZ,artillery,9
1876.2.1,1876,BRZ,cuirassier,1
1876.2.1,1876,BRZ,infantry,13
1876.2.1,1876,ORA,infantry,2
1876.3.1,1876,USA,artillery,46
1876.3.1,1876,USA,dragoon,1
1876.3.1,1876,USA,hussar,5
1876.3.1,1876,ENG,artillery,172
1876.3.1,1876,ENG,cuirassier,2
1876.3.1,1876,ENG,hussar,15
1876.3.1,1876,ENG,infantry,40
1876.3.1,1876,FRA,artillery,140
1876.3.1,1876,FRA,dragoon,1
1876.3.1,1876,FRA,hussar,18
1876.3.1,1876,FRA,infantry,1
1876.3.1,1876,SCA,artillery,43
1876.3.1,1876,SCA,hussar,10
1876.3.1,1876,SCA,infantry,10
1876.3.1,1876,RUS,artillery,75
1876.3.1,1876,RUS,dragoon,13
1876.3.1,1876,RUS,hussar,1
1876.3.1,1876,RUS,infantry,29
1876.3.1,1876,GER,artillery,140
1876.3.1,1876,GER,hussar,26
1876.3.1,1876,GER,infantry,15
1876.3.1,1876,NET,artillery,6
1876.3.1,1876,NET,dragoon,1
1876.3.1,1876,BEL,artillery,23
1876.3.1,1876,BEL,dragoon,4
1876.3.1,1876,BEL,guard,8
1876.3.1,1876,SPA,artillery,54
1876.3.1,1876,SPA,hussar,2
1876.3.1,1876,SPA,infantry,1
1876.3.1,1876,KUK,artillery,72
1876.3.1,1876,KUK,dragoon,15
1876.3.1,1876,AST,artillery,29
1876.3.1,1876,AST,hussar,5
1876.3.1,1876,AST,infantry,21
1876.3.1,1876,WAL,artillery,16
1876.3.1,1876,WAL,hussar,2
1876.3.1,1876,SAR,artillery,27
1876.3.1,1876,SAR,guard,5
1876.3.1,1876,SAR,hussar,2
1876.3.1,1876,SIC,artillery,62
1876.3.1,1876,SIC,dragoon,16
1876.3.1,1876,TUR,artillery,28
1876.3.1,1876,TUR,hussar,5
1876.3.1,1876,TUR,infantry,16
1876.3.1,1876,MCK,cavalry,8
1876.3.1,1876,MCK,infantry,9
1876.3.1,1876,MCK,irregular,28
1876.3.1,1876,PER,artillery,20
1876.3.1,1876,PER,hussar,4
1876.3.1,1876,PER,infantry,12
1876.3.1,1876,JAS,dragoon,1
1876.3.1,1876,JAS,infantry,1
1876.3.1,1876,BIK,artillery,1
1876.3.1,1876,BIK,dragoon,1
1876.3.1,1876,BIK,infantry,2
1876.3.1,1876,MEW,dragoon,1
1876.3.1,1876,MEW,infantry,5
1876.3.1,1876,GWA,cavalry,1
1876.3.1,1876,GWA,irregular,1
1876.3.1,1876,BUN,artillery,3
1876.3.1,1876,BUN,dragoon,1
1876.3.1,1876,BUN,infantry,3
1876.3.1,1876,BAS,cavalry,1
1876.3.1,1876,BAS,irregular,2
1876.3.1,1876,NEP,cavalry,1
1876.3.1,1876,NEP,irregular,5
1876.3.1,1876,SIK,irregular,1
1876.3.1,1876,BHU,irregular,1
1876.3.1,1876,CHL,artillery,37
1876.3.1,1876,CHL,dragoon,6
1876.3.1,1876,CHL,hussar,1
1876.3.1,1876,CHL,infantry,16
1876.3.1,1876,MGL,cavalry,2
1876.3.1,1876,MGL,infantry,4
1876.3.1,1876,MGL,irregular,6
1876.3.1,1876,CHI,cavalry,48
1876.3.1,1876,CHI,infantry,32
1876.3.1,1876,CHI,irregular,211
1876.3.1,1876,GXI,cavalry,45
1876.3.1,1876,GXI,infantry,54
1876.3.1,1876,GXI,irregular,168
1876.3.1,1876,XBI,cavalry,4
1876.3.1,1876,XBI,infantry,2
1876.3.1,1876,XBI,irregular,31
1876.3.1,1876,YNN,cavalry,32
1876.3.1,1876,YNN,infantry,17
1876.3.1,1876,YNN,irregular,143
1876.3.1,1876,TIB,cavalry,3
1876.3.1,1876,TIB,infantry,5
1876.3.1,1876,TIB,irregular,6
1876.3.1,1876,XIN,cavalry,1
1876.3.1,1876,XIN,irregular,6
1876.3.1,1876,ALD,cavalry,2
1876.3.1,1876,ALD,irregular,3
1876.3.1,1876,MEX,artillery,55
1876.3.1,1876,MEX,cavalry,1
1876.3.1,1876,MEX,infantry,1
1876.3.1,1876,BRZ,artillery,9
1876.3.1,1876,BRZ,cuirassier,1
1876.3.1,1876,BRZ,infantry,13
1876.3.1,1876,ORA,infantry,2
1876.4.1,1876,USA,artillery,46
1876.4.1,1876,USA,dragoon,1
1876.4.1,1876,USA,hussar,5
1876.4.1,1876,ENG,artillery,172
1876.4.1,1876,ENG,cuirassier,2
1876.4.1,1876,ENG,hussar,15
1876.4.1,1876,ENG,infantry,40
1876.4.1,1876,FRA,artillery,140
1876.4.1,1876,FRA,dragoon,1
1876.4.1,1876,FRA,hussar,18
1876.4.1,1876,FRA,infantry,1
1876.4.1,1876,SCA,artillery,43
1876.4.1,1876,SCA,hussar,10
1876.4.1,1876,SCA,infantry,10
1876.4.1,1876,RUS,artillery,80
1876.4.1,1876,RUS,dragoon,13
1876.4.1,1876,RUS,hussar,1
1876.4.1,1876,RUS,infantry,29
1876.4.1,1876,GER,artillery,140
1876.4.1,1876,GER,hussar,26
1876.4.1,1876,GER,infantry,15
1876.4.1,1876,NET,artillery,6
1876.4.1,1876,NET,dragoon,1
1876.4.1,1876,BEL,artillery,23
1876.4.1,1876,BEL,dragoon,4
1876.4.1,1876,BEL,guard,8
1876.4.1,1876,SPA,artillery,54
1876.4.1,1876,SPA,hussar,2
1876.4.1,1876,SPA,infantry,1
1876.4.1,1876,KUK,artillery,72
1876.4.1,1876,KUK,dragoon,15
1876.4.1,1876,AST,artillery,29
1876.4.1,1876,AST,hussar,5
1876.4.1,1876,AST,infantry,21
1876.4.1,1876,WAL,artillery,16
1876.4.1,1876,WAL,hussar,2
1876.4.1,1876,SAR,artillery,28
1876.4.1,1876,SAR,guard,5
1876.4.1,1876,SAR,hussar,2
1876.4.1,1876,SIC,artillery,62
1876.4.1,1876,SIC,dragoon,16
1876.4.1,1876,TUR,artillery,31
1876.4.1,1876,TUR,hussar,6
1876.4.1,1876,TUR,infantry,16
1876.4.1,1876,MCK,cavalry,8
1876.4.1,1876,MCK,infantry,9
1876.4.1,1876,MCK,irregular,28
1876.4.1,1876,PER,artillery,20
1876.4.1,1876,PER,hussar,4
1876.4.1,1876,PER,infantry,12
1876.4.1,1876,JAS,dragoon,1
1876.4.1,1876,JAS,infantry,1
1876.4.1,1876,BIK,artillery,1
1876.4.1,1876,BIK,dragoon,1
1876.4.1,1876,BIK,infantry,2
1876.4.1,1876,MEW,dragoon,1
1876.4.1,1876,MEW,infantry,5
1876.4.1,1876,GWA,irregular,2
1876.4.1,1876,BUN,artillery,3
1876.4.1,1876,BUN,dragoon,1
1876.4.1,1876,BUN,infantry,3
1876.4.1,1876,BAS,cavalry,1
1876.4.1,1876,BAS,irregular,2
1876.4.1,1876,NEP,cavalry,1
1876.4.1,1876,NEP,irregular,5
1876.4.1,1876,SIK,irregular,1
1876.4.1,1876,BHU,irregular,1
1876.4.1,1876,CHL,artillery,37
1876.4.1,1876,CHL,dragoon,6
1876.4.1,1876,CHL,hussar,1
1876.4.1,1876,CHL,infantry,16
1876.4.1,1876,MGL,cavalry,2
1876.4.1,1876,MGL,infantry,4
1876.4.1,1876,MGL,irregular,6
1876.4.1,1876,CHI,cavalry,48
1876.4.1,1876,CHI,infantry,32
1876.4.1,1876,CHI,irregular,211
1876.4.1,1876,GXI,cavalry,45
1876.4.1,1876,GXI,infantry,54
1876.4.1,1876,GXI,irregular,169
1876.4.1,1876,XBI,cavalry,4
1876.4.1,1876,XBI,infantry,2
1876.4.1,1876,XBI,irregular,31
1876.4.1,1876,YNN,cavalry,32
1876.4.1,1876,YNN,infantry,17
1876.4.1,1876,YNN,irregular,143
1876.4.1,1876,TIB,cavalry,3
1876.4.1,1876,TIB,infantry,5
1876.4.1,1876,TIB,irregular,6
1876.4.1,1876,XIN,cavalry,1
1876.4.1,1876,XIN,irregular,6
1876.4.1,1876,ALD,cavalry,2
1876.4.1,1876,ALD,irregular,3
1876.4.1,1876,MEX,artillery,55
1876.4.1,1876,MEX,cavalry,1
1876.4.1,1876,MEX,infantry,1
1876.4.1,1876,BRZ,artillery,9
1876.4.1,1876,BRZ,cuirassier,1
1876.4.1,1876,BRZ,infantry,13
1876.4.1,1876,ORA,infantry,2
1876.5.1,1876,USA,artillery,46
1876.5.1,1876,USA,dragoon,1
1876.5.1,1876,USA,hussar,5
1876.5.1,1876,ENG,artillery,172
1876.5.1,1876,ENG,cuirassier,2
1876.5.1,1876,ENG,hussar,15
1876.5.1,1876,ENG,infantry,40
1876.5.1,1876,FRA,artillery,140
1876.5.1,1876,FRA,dragoon,1
1876.5.1,1876,FRA,hussar,18
1876.5.1,1876,FRA,infantry,1
1876.5.1,1876,SCA,artillery,43
1876.5.1,1876,SCA,hussar,10
1876.5.1,1876,SCA,infantry,10
1876.5.1,1876,RUS,artillery,81
1876.5.1,1876,RUS,dragoon,13
1876.5.1,1876,RUS,hussar,1
1876.5.1,1876,RUS,infantry,29
1876.5.1,1876,GER,artillery,140
1876.5.1,1876,GER,hussar,26
1876.5.1,1876,GER,infantry,15
1876.5.1,1876,NET,artillery,6
1876.5.1,1876,NET,dragoon,1
1876.5.1,1876,BEL,artillery,23
1876.5.1,1876,BEL,dragoon,4
1876.5.1,1876,BEL,guard,8
1876.5.1,1876,SPA,artillery,54
1876.5.1,1876,SPA,hussar,2
1876.5.1,1876,SPA,infantry,1
1876.5.1,1876,KUK,artillery,72
1876.5.1,1876,KUK,dragoon,15
1876.5.1,1876,AST,artillery,29
1876.5.1,1876,AST,hussar,5
1876.5.1,1876,AST,infantry,21
1876.5.1,1876,WAL,artillery,16
1876.5.1,1876,WAL,hussar,2
1876.5.1,1876,SAR,artillery,30
1876.5.1,1876,SAR,guard,5
1876.5.1,1876,SAR,hussar,2
1876.5.1,1876,SIC,artillery,62
1876.5.1,1876,SIC,dragoon,16
1876.5.1,1876,TUR,artillery,34
1876.5.1,1876,TUR,hussar,6
1876.5.1,1876,TUR,infantry,16
1876.5.1,1876,MCK,cavalry,8
1876.5.1,1876,MCK,infantry,9
1876.5.1,1876,MCK,irregular,28
1876.5.1,1876,PER,artillery,20
1876.5.1,1876,PER,hussar,4
1876.5.1,1876,PER,infantry,12
1876.5.1,1876,JAS,dragoon,1
1876.5.1,1876,JAS,infantry,1
1876.5.1,1876,BIK,artillery,2
1876.5.1,1876,BIK,dragoon,1
1876.5.1,1876,BIK,infantry,2
1876.5.1,1876,MEW,dragoon,1
1876.5.1,1876,MEW,infantry,5
1876.5.1,1876,GWA,irregular,2
1876.5.1,1876,BUN,artillery,3
1876.5.1,1876,BUN,dragoon,1
1876.5.1,1876,BUN,infantry,3
1876.5.1,1876,BAS,cavalry,1
1876.5.1,1876,BAS,irregular,2
1876.5.1,1876,NEP,cavalry,1
1876.5.1,1876,NEP,irregular,5
1876.5.1,1876,SIK,irregular,1
1876.5.1,1876,BHU,irregular,1
1876.5.1,1876,CHL,artillery,37
1876.5.1,1876,CHL,dragoon,6
1876.5.1,1876,CHL,hussar,1
1876.5.1,1876,CHL,infantry,16
1876.5.1,1876,MGL,cavalry,2
1876.5.1,1876,MGL,infantry,4
1876.5.1,1876,MGL,irregular,6
1876.5.1,1876,CHI,cavalry,48
1876.5.1,1876,CHI,infantry,32
1876.5.1,1876,CHI,irregular,214
1876.5.1,1876,GXI,cavalry,45
1876.5.1,1876,GXI,infantry,54
1876.5.1,1876,GXI,irregular,169
1876.5.1,1876,XBI,cavalry,4
1876.5.1,1876,XBI,infantry,2
1876.5.1,1876,XBI,irregular,31
1876.5.1,1876,YNN,cavalry,32
1876.5.1,1876,YNN,infantry,17
1876.5.1,1876,YNN,irregular,143
1876.5.1,1876,TIB,cavalry,3
1876.5.1,1876,TIB,infantry,5
1876.5.1,1876,TIB,irregular,6
1876.5.1,1876,XIN,cavalry,1
1876.5.1,1876,XIN,irregular,6
1876.5.1,1876,ALD,cavalry,2
1876.5.1,1876,ALD,irregular,3
1876.5.1,1876,MEX,artillery,55
1876.5.1,1876,MEX,cavalry,1
1876.5.1,1876,MEX,infantry,1
1876.5.1,1876,BRZ,artillery,9
1876.5.1,1876,BRZ,cuirassier,1
1876.5.1,1876,BRZ,infantry,13
1876.5.1,1876,ORA,infantry,2
1876.6.1,1876,USA,artillery,46
1876.6.1,1876,USA,dragoon,1
1876.6.1,1876,USA,hussar,5
1876.6.1,1876,ENG,artillery,172
1876.6.1,1876,ENG,cuirassier,2
1876.6.1,1876,ENG,hussar,15
1876.6.1,1876,ENG,infantry,40
1876.6.1,1876,FRA,artillery,140
1876.6.1,1876,FRA,dragoon,1
1876.6.1,1876,FRA,hussar,18
1876.6.1,1876,FRA,infantry,1
1876.6.1,1876,SCA,artillery,43
1876.6.1,1876,SCA,hussar,10
1876.6.1,1876,SCA,infantry,10
1876.6.1,1876,RUS,artillery,81
1876.6.1,1876,RUS,dragoon,13
1876.6.1,1876,RUS,hussar,1
1876.6.1,1876,RUS,infantry,29
1876.6.1,1876,GER,artillery,140
1876.6.1,1876,GER,hussar,26
1876.6.1,1876,GER,infantry,15
1876.6.1,1876,NET,artillery,6
1876.6.1,1876,NET,dragoon,1
1876.6.1,1876,BEL,artillery,23
1876.6.1,1876,BEL,dragoon,4
1876.6.1,1876,BEL,guard,8
1876.6.1,1876,SPA,artillery,54
1876.6.1,1876,SPA,hussar,2
1876.6.1,1876,SPA,infantry,1
1876.6.1,1876,KUK,artillery,72
1876.6.1,1876,KUK,dragoon,15
1876.6.1,1876,AST,artillery,29
1876.6.1,1876,AST,hussar,5
1876.6.1,1876,AST,infantry,21
1876.6.1,1876,WAL,artillery,16
1876.6.1,1876,WAL,hussar,2
1876.6.1,1876,SAR,artillery,30
1876.6.1,1876,SAR,guard,5
1876.6.1,1876,SAR,hussar,2
1876.6.1,1876,SIC,artillery,60
1876.6.1,1876,SIC,dragoon,16
1876.6.1,1876,TUR,artillery,33
1876.6.1,1876,TUR,hussar,7
1876.6.1,1876,TUR,infantry,16
1876.6.1,1876,MCK,cavalry,8
1876.6.1,1876,MCK,infantry,9
1876.6.1,1876,MCK,irregular,28
1876.6.1,1876,PER,artillery,20
1876.6.1,1876,PER,hussar,4
1876.6.1,1876,PER,infantry,12
1876.6.1,1876,JAS,dragoon,1
1876.6.1,1876,JAS,infantry,1
1876.6.1,1876,BIK,artillery,2
1876.6.1,1876,BIK,dragoon,1
1876.6.1,1876,BIK,infantry,2
1876.6.1,1876,MEW,dragoon,1
1876.6.1,1876,MEW,infantry,5
1876.6.1,1876,GWA,irregular,2
1876.6.1,1876,BUN,artillery,3
1876.6.1,1876,BUN,dragoon,1
1876.6.1,1876,BUN,infantry,3
1876.6.1,1876,BAS,cavalry,1
1876.6.1,1876,BAS,irregular,2
1876.6.1,1876,NEP,cavalry,1
1876.6.1,1876,NEP,irregular,5
1876.6.1,1876,SIK,irregular,1
1876.6.1,1876,BHU,irregular,1
1876.6.1,1876,CHL,artillery,37
1876.6.1,1876,CHL,dragoon,6
1876.6.1,1876,CHL,hussar,1
1876.6.1,1876,CHL,infantry,16
1876.6.1,1876,MGL,cavalry,2
1876.6.1,1876,MGL,infantry,4
1876.6.1,1876,MGL,irregular,6
1876.6.1,1876,CHI,cavalry,48
1876.6.1,1876,CHI,infantry,33
1876.6.1,1876,CHI,irregular,214
1876.6.1,1876,GXI,cavalry,45
1876.6.1,1876,GXI,infantry,54
1876.6.1,1876,GXI,irregular,169
1876.6.1,1876,XBI,cavalry,4
1876.6.1,1876,XBI,infantry,2
1876.6.1,1876,XBI,irregular,31
1876.6.1,1876,YNN,cavalry,32
1876.6.1,1876,YNN,infantry,17
1876.6.1,1876,YNN,irregular,143
1876.6.1,1876,TIB,cavalry,3
1876.6.1,1876,TIB,infantry,5
1876.6.1,1876,TIB,irregular,6
1876.6.1,1876,XIN,cavalry,1
1876.6.1,1876,XIN,irregular,6
1876.6.1,1876,ALD,cavalry,2
1876.6.1,1876,ALD,irregular,3
1876.6.1,1876,MEX,artillery,55
1876.6.1,1876,MEX,cavalry,1
1876.6.1,1876,MEX,infantry,1
1876.6.1,1876,BRZ,artillery,9
1876.6.1,1876,BRZ,cuirassier,1
1876.6.1,1876,BRZ,infantry,13
1876.6.1,1876,ORA,infantry,2
1876.7.1,1876,USA,artillery,46
1876.7.1,1876,USA,dragoon,1
1876.7.1,1876,USA,hussar,5
1876.7.1,1876,ENG,artillery,172
1876.7.1,1876,ENG,cuirassier,2
1876.7.1,1876,ENG,hussar,15
1876.7.1,1876,ENG,infantry,40
1876.7.1,1876,FRA,artillery,140
1876.7.1,1876,FRA,dragoon,1
1876.7.1,1876,FRA,hussar,18
1876.7.1,1876,FRA,infantry,1
1876.7.1,1876,SCA,artillery,43
1876.7.1,1876,SCA,hussar,10
1876.7.1,1876,SCA,infantry,10
1876.7.1,1876,RUS,artillery,87
1876.7.1,1876,RUS,dragoon,13
1876.7.1,1876,RUS,hussar,1
1876.7.1,1876,RUS,infantry,29
1876.7.1,1876,GER,artillery,140
1876.7.1,1876,GER,hussar,26
1876.7.1,1876,GER,infantry,15
1876.7.1,1876,NET,artillery,6
1876.7.1,1876,NET,dragoon,1
1876.7.1,1876,BEL,artillery,23
1876.7.1,1876,BEL,dragoon,4
1876.7.1,1876,BEL,guard,8
1876.7.1,1876,SPA,artillery,54
1876.7.1,1876,SPA,hussar,2
1876.7.1,1876,SPA,infantry,1
1876.7.1,1876,KUK,artillery,72
1876.7.1,1876,KUK,dragoon,15
1876.7.1,1876,AST,artillery,29
1876.7.1,1876,AST,hussar,5
1876.7.1,1876,AST,infantry,21
1876.7.1,1876,WAL,artillery,16
1876.7.1,1876,WAL,hussar,2
1876.7.1,1876,SAR,artillery,30
1876.7.1,1876,SAR,guard,5
1876.7.1,1876,SAR,hussar,2
1876.7.1,1876,SIC,artillery,61
1876.7.1,1876,SIC,dragoon,16
1876.7.1,1876,TUR,artillery,33
1876.7.1,1876,TUR,hussar,7
1876.7.1,1876,TUR,infantry,16
1876.7.1,1876,MCK,cavalry,8
1876.7.1,1876,MCK,infantry,9
1876.7.1,1876,MCK,irregular,28
1876.7.1,1876,PER,artillery,20
1876.7.1,1876,PER,hussar,4
1876.7.1,1876,PER,infantry,12
1876.7.1,1876,JAS,dragoon,1
1876.7.1,1876,JAS,infantry,1
1876.7.1,1876,BIK,artillery,2
1876.7.1,1876,BIK,dragoon,1
1876.7.1,1876,BIK,infantry,2
1876.7.1,1876,MEW,dragoon,1
1876.7.1,1876,MEW,infantry,5
1876.7.1,1876,GWA,irregular,2
1876.7.1,1876,BUN,artillery,3
1876.7.1,1876,BUN,dragoon,1
1876.7.1,1876,BUN,infantry,3
1876.7.1,1876,BAS,cavalry,1
1876.7.1,1876,BAS,irregular,2
1876.7.1,1876,NEP,cavalry,1
1876.7.1,1876,NEP,irregular,5
1876.7.1,1876,SIK,irregular,1
1876.7.1,1876,BHU,irregular,1
1876.7.1,1876,CHL,artillery,37
1876.7.1,1876,CHL,dragoon,6
1876.7.1,1876,CHL,hussar,1
1876.7.1,1876,CHL,infantry,17
1876.7.1,1876,MGL,cavalry,2
1876.7.1,1876,MGL,infantry,4
1876.7.1,1876,MGL,irregular,6
1876.7.1,1876,CHI,cavalry,48
1876.7.1,1876,CHI,infantry,33
1876.7.1,1876,CHI,irregular,215
1876.7.1,1876,GXI,cavalry,45
1876.7.1,1876,GXI,infantry,54
1876.7.1,1876,GXI,irregular,169
1876.7.1,1876,XBI,cavalry,4
1876.7.1,1876,XBI,infantry,2
1876.7.1,1876,XBI,irregular,31
1876.7.1,1876,YNN,cavalry,32
1876.7.1,1876,YNN,infantry,17
1876.7.1,1876,YNN,irregular,143
1876.7.1,1876,TIB,cavalry,3
1876.7.1,1876,TIB,infantry,5
1876.7.1,1876,TIB,irregular,6
1876.7.1,1876,XIN,cavalry,1
1876.7.1,1876,XIN,irregular,6
1876.7.1,1876,ALD,cavalry,2
1876.7.1,1876,ALD,irregular,3
1876.7.1,1876,MEX,artillery,55
1876.7.1,1876,MEX,cavalry,1
1876.7.1,1876,MEX,infantry,1
1876.7.1,1876,BRZ,artillery,9
1876.7.1,1876,BRZ,cuirassier,1
1876.7.1,1876,BRZ,infantry,13
1876.7.1,1876,ORA,infantry,2
1876.8.1,1876,USA,artillery,46
1876.8.1,1876,USA,dragoon,1
1876.8.1,1876,USA,hussar,5
1876.8.1,1876,ENG,artillery,172
1876.8.1,1876,ENG,cuirassier,2
1876.8.1,1876,ENG,hussar,15
1876.8.1,1876,ENG,infantry,40
1876.8.1,1876,FRA,artillery,140
1876.8.1,1876,FRA,dragoon,1
1876.8.1,1876,FRA,hussar,18
1876.8.1,1876,FRA,infantry,1
1876.8.1,1876,SCA,artillery,43
1876.8.1,1876,SCA,hussar,10
1876.8.1,1876,SCA,infantry,10
1876.8.1,1876,RUS,artillery,87
1876.8.1,1876,RUS,dragoon,13
1876.8.1,1876,RUS,hussar,1
1876.8.1,1876,RUS,infantry,29
1876.8.1,1876,GER,artillery,140
1876.8.1,1876,GER,hussar,26
1876.8.1,1876,GER,infantry,15
1876.8.1,1876,NET,artillery,6
1876.8.1,1876,NET,dragoon,1
1876.8.1,1876,BEL,artillery,23
1876.8.1,1876,BEL,dragoon,4
1876.8.1,1876,BEL,guard,8
1876.8.1,1876,SPA,artillery,54
1876.8.1,1876,SPA,hussar,2
1876.8.1,1876,SPA,infantry,1
1876.8.1,1876,KUK,artillery,72
1876.8.1,1876,KUK,dragoon,15
1876.8.1,1876,AST,artillery,29
1876.8.1,1876,AST,hussar,5
1876.8.1,1876,AST,infantry,21
1876.8.1,1876,WAL,artillery,16
1876.8.1,1876,WAL,hussar,2
1876.8.1,1876,SAR,artillery,31
1876.8.1,1876,SAR,guard,6
1876.8.1,1876,SAR,hussar,2
1876.8.1,1876,SIC,artillery,61
1876.8.1,1876,SIC,dragoon,16
1876.8.1,1876,TUR,artillery,33
1876.8.1,1876,TUR,hussar,7
1876.8.1,1876,TUR,infantry,16
1876.8.1,1876,MCK,cavalry,8
1876.8.1,1876,MCK,infantry,9
1876.8.1,1876,MCK,irregular,28
1876.8.1,1876,PER,artillery,20
1876.8.1,1876,PER,hussar,4
1876.8.1,1876,PER,infantry,12
1876.8.1,1876,JAS,dragoon,1
1876.8.1,1876,JAS,infantry,1
1876.8.1,1876,BIK,artillery,2
1876.8.1,1876,BIK,dragoon,1
1876.8.1,1876,BIK,infantry,2
1876.8.1,1876,MEW,dragoon,1
1876.8.1,1876,MEW,infantry,5
1876.8.1,1876,GWA,irregular,2
1876.8.1,1876,BUN,artillery,3
1876.8.1,1876,BUN,dragoon,1
1876.8.1,1876,BUN,infantry,3
1876.8.1,1876,BAS,cavalry,1
1876.8.1,1876,BAS,irregular,2
1876.8.1,1876,NEP,cavalry,1
1876.8.1,1876,NEP,irregular,5
1876.8.1,1876,SIK,irregular,1
1876.8.1,1876,BHU,irregular,1
1876.8.1,1876,CHL,artillery,37
1876.8.1,1876,CHL,dragoon,6
1876.8.1,1876,CHL,hussar,1
1876.8.1,1876,CHL,infantry,18
1876.8.1,1876,MGL,cavalry,2
1876.8.1,1876,MGL,infantry,4
1876.8.1,1876,MGL,irregular,6
1876.8.1,1876,CHI,cavalry,48
1876.8.1,1876,CHI,infantry,33
1876.8.1,1876,CHI,irregular,215
1876.8.1,1876,GXI,cavalry,45
1876.8.1,1876,GXI,infantry,54
1876.8.1,1876,GXI,irregular,169
1876.8.1,1876,XBI,cavalry,4
1876.8.1,1876,XBI,infantry,2
1876.8.1,1876,XBI,irregular,31
1876.8.1,1876,YNN,cavalry,32
1876.8.1,1876,YNN,infantry,17
1876.8.1,1876,YNN,irregular,143
1876.8.1,1876,TIB,cavalry,3
1876.8.1,1876,TIB,infantry,5
1876.8.1,1876,TIB,irregular,6
1876.8.1,1876,XIN,cavalry,1
1876.8.1,1876,XIN,irregular,6
1876.8.1,1876,ALD,cavalry,2
1876.8.1,1876,ALD,irregular,3
1876.8.1,1876,MEX,artillery,55
1876.8.1,1876,MEX,cavalry,1
1876.8.1,1876,MEX,infantry,1
1876.8.1,1876,BRZ,artillery,9
1876.8.1,1876,BRZ,cuirassier,1
1876.8.1,1876,BRZ,infantry,13
1876.8.1,1876,ORA,infantry,2
1876.9.1,1876,USA,artillery,46
1876.9.1,1876,USA,dragoon,1
1876.9.1,1876,USA,hussar,5
1876.9.1,1876,ENG,artillery,172
1876.9.1,1876,ENG,cuirassier,2
1876.9.1,1876,ENG,hussar,15
1876.9.1,1876,ENG,infantry,40
1876.9.1,1876,FRA,artillery,140
1876.9.1,1876,FRA,dragoon,1
1876.9.1,1876,FRA,hussar,18
1876.9.1,1876,FRA,infantry,18
1876.9.1,1876,SCA,artillery,43
1876.9.1,1876,SCA,hussar,10
1876.9.1,1876,SCA,infantry,10
1876.9.1,1876,RUS,artillery,87
1876.9.1,1876,RUS,dragoon,13
1876.9.1,1876,RUS,hussar,1
1876.9.1,1876,RUS,infantry,29
1876.9.1,1876,GER,artillery,140
1876.9.1,1876,GER,hussar,26
1876.9.1,1876,GER,infantry,24
1876.9.1,1876,NET,artillery,6
1876.9.1,1876,NET,dragoon,1
1876.9.1,1876,BEL,artillery,23
1876.9.1,1876,BEL,dragoon,4
1876.9.1,1876,BEL,guard,8
1876.9.1,1876,SPA,artillery,54
1876.9.1,1876,SPA,hussar,2
1876.9.1,1876,SPA,infantry,1
1876.9.1,1876,KUK,artillery,72
1876.9.1,1876,KUK,dragoon,15
1876.9.1,1876,AST,artillery,29
1876.9.1,1876,AST,hussar,5
1876.9.1,1876,AST,infantry,21
1876.9.1,1876,WAL,artillery,16
1876.9.1,1876,WAL,hussar,2
1876.9.1,1876,SAR,artillery,32
1876.9.1,1876,SAR,guard,6
1876.9.1,1876,SAR,hussar,2
1876.9.1,1876,SIC,artillery,61
1876.9.1,1876,SIC,dragoon,16
1876.9.1,1876,TUR,artillery,33
1876.9.1,1876,TUR,hussar,7
1876.9.1,1876,TUR,infantry,16
1876.9.1,1876,MCK,cavalry,8
1876.9.1,1876,MCK,infantry,9
1876.9.1,1876,MCK,irregular,28
1876.9.1,1876,PER,artillery,20
1876.9.1,1876,PER,hussar,4
1876.9.1,1876,PER,infantry,12
1876.9.1,1876,JAS,dragoon,1
1876.9.1,1876,JAS,infantry,1
1876.9.1,1876,BIK,artillery,2
1876.9.1,1876,BIK,dragoon,1
1876.9.1,1876,BIK,infantry,2
1876.9.1,1876,MEW,dragoon,1
1876.9.1,1876,MEW,infantry,5
1876.9.1,1876,GWA,irregular,2
1876.9.1,1876,BUN,artillery,3
1876.9.1,1876,BUN,dragoon,1
1876.9.1,1876,BUN,infantry,3
1876.9.1,1876,BAS,cavalry,1
1876.9.1,1876,BAS,irregular,2
1876.9.1,1876,NEP,cavalry,1
1876.9.1,1876,NEP,irregular,5
1876.9.1,1876,SIK,irregular,1
1876.9.1,1876,BHU,irregular,1
1876.9.1,1876,CHL,artillery,39
1876.9.1,1876,CHL,dragoon,6
1876.9.1,1876,CHL,hussar,1
1876.9.1,1876,CHL,infantry,18
1876.9.1,1876,MGL,cavalry,2
1876.9.1,1876,MGL,infantry,4
1876.9.1,1876,MGL,irregular,6
1876.9.1,1876,CHI,cavalry,48
1876.9.1,1876,CHI,infantry,34
1876.9.1,1876,CHI,irregular,215
1876.9.1,1876,GXI,cavalry,45
1876.9.1,1876,GXI,infantry,54
1876.9.1,1876,GXI,irregular,169
1876.9.1,1876,XBI,cavalry,4
1876.9.1,1876,XBI,infantry,2
1876.9.1,1876,XBI,irregular,31
1876.9.1,1876,YNN,cavalry,32
1876.9.1,1876,YNN,infantry,17
1876.9.1,1876,YNN,irregular,142
1876.9.1,1876,TIB,cavalry,3
1876.9.1,1876,TIB,infantry,5
1876.9.1,1876,TIB,irregular,6
1876.9.1,1876,XIN,cavalry,1
1876.9.1,1876,XIN,irregular,6
1876.9.1,1876,ALD,cavalry,2
1876.9.1,1876,ALD,irregular,3
1876.9.1,1876,MEX,artillery,55
1876.9.1,1876,MEX,cavalry,1
1876.9.1,1876,MEX,infantry,1
1876.9.1,1876,BRZ,artillery,9
1876.9.1,1876,BRZ,cuirassier,1
1876.9.1,1876,BRZ,infantry,13
1876.9.1,1876,ORA,infantry,2
1876.10.1,1876,USA,artillery,46
1876.10.1,1876,USA,dragoon,1
1876.10.1,1876,USA,hussar,5
1876.10.1,1876,ENG,artillery,172
1876.10.1,1876,ENG,cuirassier,2
1876.10.1,1876,ENG,hussar,15
1876.10.1,1876,ENG,infantry,40
1876.10.1,1876,FRA,artillery,140
1876.10.1,1876,FRA,dragoon,1
1876.10.1,1876,FRA,hussar,18
1876.10.1,1876,FRA,infantry,43
1876.10.1,1876,SCA,artillery,43
1876.10.1,1876,SCA,hussar,10
1876.10.1,1876,SCA,infantry,13
1876.10.1,1876,RUS,artillery,87
1876.10.1,1876,RUS,dragoon,13
1876.10.1,1876,RUS,hussar,1
1876.10.1,1876,RUS,infantry,32
1876.10.1,1876,GER,artillery,142
1876.10.1,1876,GER,hussar,26
1876.10.1,1876,GER,infantry,41
1876.10.1,1876,NET,artillery,6
1876.10.1,1876,NET,dragoon,1
1876.10.1,1876,BEL,artillery,23
1876.10.1,1876,BEL,dragoon,4
1876.10.1,1876,BEL,guard,8
1876.10.1,1876,SPA,artillery,54
1876.10.1,1876,SPA,hussar,2
1876.10.1,1876,SPA,infantry,1
1876.10.1,1876,KUK,artillery,72
1876.10.1,1876,KUK,dragoon,15
1876.10.1,1876,AST,artillery,29
1876.10.1,1876,AST,hussar,5
1876.10.1,1876,AST,infantry,21
1876.10.1,1876,WAL,artillery,16
1876.10.1,1876,WAL,hussar,2
1876.10.1,1876,SAR,artillery,27
1876.10.1,1876,SAR,guard,6
1876.10.1,1876,SAR,hussar,2
1876.10.1,1876,SIC,artillery,61
1876.10.1,1876,SIC,dragoon,16
1876.10.1,1876,TUR,artillery,33
1876.10.1,1876,TUR,hussar,7
1876.10.1,1876,TUR,infantry,16
1876.10.1,1876,MCK,cavalry,8
1876.10.1,1876,MCK,infantry,9
1876.10.1,1876,MCK,irregular,28
1876.10.1,1876,PER,artillery,20
1876.10.1,1876,PER,hussar,4
1876.10.1,1876,PER,infantry,12
1876.10.1,1876,JAS,dragoon,1
1876.10.1,1876,JAS,infantry,1
1876.10.1,1876,BIK,artillery,2
1876.10.1,1876,BIK,dragoon,1
1876.10.1,1876,BIK,infantry,2
1876.10.1,1876,MEW,dragoon,1
1876.10.1,1876,MEW,infantry,5
1876.10.1,1876,GWA,cavalry,1
1876.10.1,1876,GWA,irregular,1
1876.10.1,1876,BUN,artillery,3
1876.10.1,1876,BUN,dragoon,1
1876.10.1,1876,BUN,infantry,3
1876.10.1,1876,BAS,cavalry,1
1876.10.1,1876,BAS,irregular,2
1876.10.1,1876,NEP,cavalry,1
1876.10.1,1876,NEP,irregular,5
1876.10.1,1876,SIK,irregular,1
1876.10.1,1876,BHU,irregular,1
1876.10.1,1876,CHL,artillery,39
1876.10.1,1876,CHL,dragoon,6
1876.10.1,1876,CHL,hussar,1
1876.10.1,1876,CHL,infantry,18
1876.10.1,1876,MGL,cavalry,2
1876.10.1,1876,MGL,infantry,4
1876.10.1,1876,MGL,irregular,6
1876.10.1,1876,CHI,cavalry,48
1876.10.1,1876,CHI,infantry,35
1876.10.1,1876,CHI,irregular,215
1876.10.1,1876,GXI,cavalry,45
1876.10.1,1876,GXI,infantry,54
1876.10.1,1876,GXI,irregular,169
1876.10.1,1876,XBI,cavalry,4
1876.10.1,1876,XBI,infantry,2
1876.10.1,1876,XBI,irregular,31
1876.10.1,1876,YNN,cavalry,32
1876.10.1,1876,YNN,infantry,17
1876.10.1,1876,YNN,irregular,142
1876.10.1,1876,TIB,cavalry,3
1876.10.1,1876,TIB,infantry,5
1876.10.1,1876,TIB,irregular,6
1876.10.1,1876,XIN,cavalry,1
1876.10.1,1876,XIN,irregular,6
1876.10.1,1876,ALD,cavalry,2
1876.10.1,1876,ALD,irregular,3
1876.10.1,1876,MEX,artillery,55
1876.10.1,1876,MEX,cavalry,1
1876.10.1,1876,MEX,infantry,1
1876.10.1,1876,BRZ,artillery,9
1876.10.1,1876,BRZ,cuirassier,1
1876.10.1,1876,BRZ,infantry,13
1876.10.1,1876,ORA,infantry,2
1876.11.1,1876,USA,artillery,46
1876.11.1,1876,USA,dragoon,1
1876.11.1,1876,USA,hussar,5
1876.11.1,1876,ENG,artillery,172
1876.11.1,1876,ENG,cuirassier,2
1876.11.1,1876,ENG,hussar,15
1876.11.1,1876,ENG,infantry,40
1876.11.1,1876,FRA,artillery,140
1876.11.1,1876,FRA,dragoon,1
1876.11.1,1876,FRA,hussar,19
1876.11.1,1876,FRA,infantry,69
1876.11.1,1876,SCA,artillery,48
1876.11.1,1876,SCA,hussar,11
1876.11.1,1876,SCA,infantry,13
1876.11.1,1876,RUS,artillery,87
1876.11.1,1876,RUS,dragoon,13
1876.11.1,1876,RUS,hussar,1
1876.11.1,1876,RUS,infantry,39
1876.11.1,1876,GER,artillery,145
1876.11.1,1876,GER,hussar,26
1876.11.1,1876,GER,infantry,61
1876.11.1,1876,NET,artillery,6
1876.11.1,1876,NET,dragoon,1
1876.11.1,1876,BEL,artillery,23
1876.11.1,1876,BEL,dragoon,4
1876.11.1,1876,BEL,guard,8
1876.11.1,1876,SPA,artillery,54
1876.11.1,1876,SPA,hussar,2
1876.11.1,1876,SPA,infantry,6
1876.11.1,1876,KUK,artillery,72
1876.11.1,1876,KUK,dragoon,15
1876.11.1,1876,AST,artillery,29
1876.11.1,1876,AST,hussar,5
1876.11.1,1876,AST,infantry,21
1876.11.1,1876,WAL,artillery,16
1876.11.1,1876,WAL,hussar,2
1876.11.1,1876,SAR,artillery,27
1876.11.1,1876,SAR,guard,7
1876.11.1,1876,SAR,hussar,2
1876.11.1,1876,SIC,artillery,63
1876.11.1,1876,SIC,dragoon,16
1876.11.1,1876,TUR,artillery,33
1876.11.1,1876,TUR,hussar,7
1876.11.1,1876,TUR,infantry,16
1876.11.1,1876,MCK,cavalry,8
1876.11.1,1876,MCK,infantry,9
1876.11.1,1876,MCK,irregular,28
1876.11.1,1876,PER,artillery,20
1876.11.1,1876,PER,hussar,4
1876.11.1,1876,PER,infantry,12
1876.11.1,1876,JAS,dragoon,1
1876.11.1,1876,JAS,infantry,1
1876.11.1,1876,BIK,artillery,2
1876.11.1,1876,BIK,dragoon,1
1876.11.1,1876,BIK,infantry,2
1876.11.1,1876,MEW,dragoon,1
1876.11.1,1876,MEW,infantry,5
1876.11.1,1876,GWA,cavalry,1
1876.11.1,1876,GWA,irregular,1
1876.11.1,1876,BUN,artillery,3
1876.11.1,1876,BUN,dragoon,1
1876.11.1,1876,BUN,infantry,3
1876.11.1,1876,BAS,cavalry,1
1876.11.1,1876,BAS,irregular,2
1876.11.1,1876,NEP,cavalry,1
1876.11.1,1876,NEP,irregular,5
1876.11.1,1876,SIK,irregular,1
1876.11.1,1876,BHU,irregular,1
1876.11.1,1876,CHL,artillery,39
1876.11.1,1876,CHL,dragoon,6
1876.11.1,1876,CHL,hussar,1
1876.11.1,1876,CHL,infantry,19
1876.11.1,1876,MGL,cavalry,2
1876.11.1,1876,MGL,infantry,4
1876.11.1,1876,MGL,irregular,6
1876.11.1,1876,CHI,cavalry,50
1876.11.1,1876,CHI,infantry,36
1876.11.1,1876,CHI,irregular,217
1876.11.1,1876,GXI,cavalry,45
1876.11.1,1876,GXI,infantry,54
1876.11.1,1876,GXI,irregular,169
1876.11.1,1876,XBI,cavalry,4
1876.11.1,1876,XBI,infantry,2
1876.11.1,1876,XBI,irregular,31
1876.11.1,1876,YNN,cavalry,32
1876.11.1,1876,YNN,infantry,17
1876.11.1,1876,YNN,irregular,142
1876.11.1,1876,TIB,cavalry,3
1876.11.1,1876,TIB,infantry,5
1876.11.1,1876,TIB,irregular,6
1876.11.1,1876,XIN,cavalry,1
1876.11.1,1876,XIN,irregular,6
1876.11.1,1876,ALD,cavalry,2
1876.11.1,1876,ALD,infantry,1
1876.11.1,1876,ALD,irregular,3
1876.11.1,1876,MEX,artillery,55
1876.11.1,1876,MEX,cavalry,1
1876.11.1,1876,MEX,infantry,1
1876.11.1,1876,BRZ,artillery,9
1876.11.1,1876,BRZ,cuirassier,1
1876.11.1,1876,BRZ,infantry,13
1876.11.1,1876,ORA,infantry,2
1876.12.1,1876,USA,artillery,46
1876.12.1,1876,USA,dragoon,1
1876.12.1,1876,USA,hussar,5
1876.12.1,1876,ENG,artillery,172
1876.12.1,1876,ENG,cuirassier,2
1876.12.1,1876,ENG,hussar,15
1876.12.1,1876,ENG,infantry,40
1876.12.1,1876,FRA,artillery,140
1876.12.1,1876,FRA,dragoon,1
1876.12.1,1876,FRA,hussar,20
1876.12.1,1876,FRA,infantry,97
1876.12.1,1876,SCA,artillery,48
1876.12.1,1876,SCA,hussar,11
1876.12.1,1876,SCA,infantry,13
1876.12.1,1876,RUS,artillery,87
1876.12.1,1876,RUS,dragoon,13
1876.12.1,1876,RUS,hussar,1
1876.12.1,1876,RUS,infantry,54
1876.12.1,1876,GER,artillery,148
1876.12.1,1876,GER,hussar,26
1876.12.1,1876,GER,infantry,80
1876.12.1,1876,NET,artillery,6
1876.12.1,1876,NET,dragoon,1
1876.12.1,1876,BEL,artillery,23
1876.12.1,1876,BEL,dragoon,4
1876.12.1,1876,BEL,guard,8
1876.12.1,1876,BEL,infantry,9
1876.12.1,1876,SPA,artillery,54
1876.12.1,1876,SPA,hussar,2
1876.12.1,1876,SPA,infantry,13
1876.12.1,1876,KUK,artillery,72
1876.12.1,1876,KUK,dragoon,15
1876.12.1,1876,AST,artillery,29
1876.12.1,1876,AST,hussar,5
1876.12.1,1876,AST,infantry,21
1876.12.1,1876,WAL,artillery,16
1876.12.1,1876,WAL,hussar,2
1876.12.1,1876,SAR,artillery,27
1876.12.1,1876,SAR,guard,7
1876.12.1,1876,SAR,hussar,2
1876.12.1,1876,SIC,artillery,63
1876.12.1,1876,SIC,dragoon,16
1876.12.1,1876,TUR,artillery,33
1876.12.1,1876,TUR,hussar,7
1876.12.1,1876,TUR,infantry,20
1876.12.1,1876,MCK,cavalry,8
1876.12.1,1876,MCK,infantry,9
1876.12.1,1876,MCK,irregular,28
1876.12.1,1876,PER,artillery,20
1876.12.1,1876,PER,hussar,4
1876.12.1,1876,PER,infantry,12
1876.12.1,1876,JAS,dragoon,1
1876.12.1,1876,JAS,infantry,1
1876.12.1,1876,BIK,artillery,2
1876.12.1,1876,BIK,dragoon,1
1876.12.1,1876,BIK,infantry,2
1876.12.1,1876,MEW,dragoon,1
1876.12.1,1876,MEW,infantry,5
1876.12.1,1876,GWA,cavalry,1
1876.12.1,1876,GWA,irregular,1
1876.12.1,1876,BUN,artillery,3
1876.12.1,1876,BUN,dragoon,1
1876.12.1,1876,BUN,infantry,3
1876.12.1,1876,BAS,cavalry,1
1876.12.1,1876,BAS,irregular,2
1876.12.1,1876,NEP,cavalry,1
1876.12.1,1876,NEP,irregular,5
1876.12.1,1876,SIK,irregular,1
1876.12.1,1876,BHU,irregular,1
1876.12.1,1876,CHL,artillery,39
1876.12.1,1876,CHL,dragoon,6
1876.12.1,1876,CHL,hussar,1
1876.12.1,1876,CHL,infantry,19
1876.12.1,1876,MGL,cavalry,2
1876.12.1,1876,MGL,infantry,4
1876.12.1,1876,MGL,irregular,6
1876.12.1,1876,CHI,cavalry,50
1876.12.1,1876,CHI,infantry,36
1876.12.1,1876,CHI,irregular,218
1876.12.1,1876,GXI,cavalry,45
1876.12.1,1876,GXI,infantry,54
1876.12.1,1876,GXI,irregular,169
1876.12.1,1876,XBI,cavalry,4
1876.12.1,1876,XBI,infantry,2
1876.12.1,1876,XBI,irregular,31
1876.12.1,1876,YNN,cavalry,32
1876.12.1,1876,YNN,infantry,17
1876.12.1,1876,YNN,irregular,142
1876.12.1,1876,TIB,cavalry,3
1876.12.1,1876,TIB,infantry,5
1876.12.1,1876,TIB,irregular,6
1876.12.1,1876,XIN,cavalry,1
1876.12.1,1876,XIN,irregular,6
1876.12.1,1876,ALD,cavalry,2
1876.12.1,1876,ALD,infantry,1
1876.12.1,1876,ALD,irregular,3
1876.12.1,1876,MEX,artillery,55
1876.12.1,1876,MEX,cavalry,1
1876.12.1,1876,MEX,infantry,1
1876.12.1,1876,BRZ,artillery,9
1876.12.1,1876,BRZ,cuirassier,1
1876.12.1,1876,BRZ,infantry,13
1876.12.1,1876,ORA,infantry,2
1877.1.1,1877,USA,artillery,46
1877.1.1,1877,USA,dragoon,1
1877.1.1,1877,USA,hussar,5
1877.1.1,1877,ENG,artillery,230
1877.1.1,1877,ENG,cuirassier,2
1877.1.1,1877,ENG,hussar,18
1877.1.1,1877,ENG,infantry,40
1877.1.1,1877,FRA,artillery,140
1877.1.1,1877,FRA,dragoon,1
1877.1.1,1877,FRA,hussar,20
1877.1.1,1877,FRA,infantry,121
1877.1.1,1877,SCA,artillery,48
1877.1.1,1877,SCA,hussar,11
1877.1.1,1877,SCA,infantry,13
1877.1.1,1877,RUS,artillery,87
1877.1.1,1877,RUS,dragoon,13
1877.1.1,1877,RUS,hussar,1
1877.1.1,1877,RUS,infantry,63
1877.1.1,1877,GER,artillery,151
1877.1.1,1877,GER,hussar,26
1877.1.1,1877,GER,infantry,95
1877.1.1,1877,NET,artillery,6
1877.1.1,1877,NET,dragoon,1
1877.1.1,1877,BEL,artillery,23
1877.1.1,1877,BEL,dragoon,4
1877.1.1,1877,BEL,guard,8
1877.1.1,1877,BEL,infantry,11
1877.1.1,1877,SPA,artillery,54
1877.1.1,1877,SPA,hussar,2
1877.1.1,1877,SPA,infantry,22
1877.1.1,1877,KUK,artillery,72
1877.1.1,1877,KUK,dragoon,15
1877.1.1,1877,AST,artillery,29
1877.1.1,1877,AST,hussar,5
1877.1.1,1877,AST,infantry,21
1877.1.1,1877,WAL,artillery,16
1877.1.1,1877,WAL,hussar,2
1877.1.1,1877,SAR,artillery,27
1877.1.1,1877,SAR,guard,6
1877.1.1,1877,SAR,hussar,2
1877.1.1,1877,SIC,artillery,64
1877.1.1,1877,SIC,dragoon,16
1877.1.1,1877,TUR,artillery,35
1877.1.1,1877,TUR,hussar,7
1877.1.1,1877,TUR,infantry,25
1877.1.1,1877,MCK,cavalry,8
1877.1.1,1877,MCK,infantry,9
1877.1.1,1877,MCK,irregular,28
1877.1.1,1877,PER,artillery,20
1877.1.1,1877,PER,hussar,4
1877.1.1,1877,PER,infantry,12
1877.1.1,1877,JAS,dragoon,1
1877.1.1,1877,JAS,infantry,1
1877.1.1,1877,BIK,artillery,2
1877.1.1,1877,BIK,dragoon,1
1877.1.1,1877,BIK,infantry,2
1877.1.1,1877,MEW,dragoon,1
1877.1.1,1877,MEW,infantry,5
1877.1.1,1877,GWA,cavalry,1
1877.1.1,1877,GWA,irregular,1
1877.1.1,1877,BUN,artillery,3
1877.1.1,1877,BUN,dragoon,1
1877.1.1,1877,BUN,infantry,3
1877.1.1,1877,NEP,cavalry,1
1877.1.1,1877,NEP,irregular,5
1877.1.1,1877,SIK,irregular,1
1877.1.1,1877,BHU,irregular,1
1877.1.1,1877,CHL,artillery,41
1877.1.1,1877,CHL,dragoon,6
1877.1.1,1877,CHL,hussar,1
1877.1.1,1877,CHL,infantry,19
1877.1.1,1877,MGL,cavalry,2
1877.1.1,1877,MGL,infantry,4
1877.1.1,1877,MGL,irregular,6
1877.1.1,1877,CHI,cavalry,50
1877.1.1,1877,CHI,infantry,36
1877.1.1,1877,CHI,irregular,219
1877.1.1,1877,GXI,cavalry,45
1877.1.1,1877,GXI,infantry,56
1877.1.1,1877,GXI,irregular,169
1877.1.1,1877,XBI,cavalry,4
1877.1.1,1877,XBI,infantry,2
1877.1.1,1877,XBI,irregular,31
1877.1.1,1877,YNN,cavalry,32
1877.1.1,1877,YNN,infantry,17
1877.1.1,1877,YNN,irregular,143
1877.1.1,1877,TIB,cavalry,3
1877.1.1,1877,TIB,infantry,5
1877.1.1,1877,TIB,irregular,6
1877.1.1,1877,XIN,cavalry,1
1877.1.1,1877,XIN,irregular,6
1877.1.1,1877,ALD,cavalry,2
1877.1.1,1877,ALD,infantry,1
1877.1.1,1877,ALD,irregular,3
1877.1.1,1877,MEX,artillery,55
1877.1.1,1877,MEX,cavalry,1
1877.1.1,1877,MEX,infantry,1
1877.1.1,1877,BRZ,artillery,9
1877.1.1,1877,BRZ,cuirassier,1
1877.1.1,1877,BRZ,infantry,13
1877.1.1,1877,ORA,infantry,2
1877.2.1,1877,USA,artillery,46
1877.2.1,1877,USA,dragoon,1
1877.2.1,1877,USA,hussar,5
1877.2.1,1877,ENG,artillery,232
1877.2.1,1877,ENG,cuirassier,2
1877.2.1,1877,ENG,hussar,18
1877.2.1,1877,ENG,infantry,40
1877.2.1,1877,FRA,artillery,140
1877.2.1,1877,FRA,dragoon,1
1877.2.1,1877,FRA,hussar,21
1877.2.1,1877,FRA,infantry,154
1877.2.1,1877,SCA,artillery,49
1877.2.1,1877,SCA,hussar,11
1877.2.1,1877,SCA,infantry,13
1877.2.1,1877,RUS,artillery,90
1877.2.1,1877,RUS,dragoon,13
1877.2.1,1877,RUS,hussar,1
1877.2.1,1877,RUS,infantry,74
1877.2.1,1877,GER,artillery,154
1877.2.1,1877,GER,hussar,26
1877.2.1,1877,GER,infantry,109
1877.2.1,1877,NET,artillery,6
1877.2.1,1877,NET,dragoon,1
1877.2.1,1877,BEL,artillery,23
1877.2.1,1877,BEL,dragoon,4
1877.2.1,1877,BEL,guard,8
1877.2.1,1877,BEL,infantry,11
1877.2.1,1877,SPA,artillery,54
1877.2.1,1877,SPA,hussar,2
1877.2.1,1877,SPA,infantry,32
1877.2.1,1877,KUK,artillery,72
1877.2.1,1877,KUK,dragoon,15
1877.2.1,1877,AST,artillery,29
1877.2.1,1877,AST,hussar,5
1877.2.1,1877,AST,infantry,21
1877.2.1,1877,WAL,artillery,16
1877.2.1,1877,WAL,hussar,2
1877.2.1,1877,SAR,artillery,29
1877.2.1,1877,SAR,guard,7
1877.2.1,1877,SAR,hussar,3
1877.2.1,1877,SIC,artillery,64
1877.2.1,1877,SIC,dragoon,16
1877.2.1,1877,TUR,artillery,35
1877.2.1,1877,TUR,hussar,7
1877.2.1,1877,TUR,infantry,28
1877.2.1,1877,MCK,cavalry,8
1877.2.1,1877,MCK,infantry,9
1877.2.1,1877,MCK,irregular,28
1877.2.1,1877,PER,artillery,20
1877.2.1,1877,PER,hussar,4
1877.2.1,1877,PER,infantry,12
1877.2.1,1877,JAS,dragoon,1
1877.2.1,1877,JAS,infantry,1
1877.2.1,1877,BIK,artillery,2
1877.2.1,1877,BIK,dragoon,1
1877.2.1,1877,BIK,infantry,2
1877.2.1,1877,MEW,dragoon,1
1877.2.1,1877,MEW,infantry,5
1877.2.1,1877,GWA,cavalry,1
1877.2.1,1877,GWA,irregular,1
1877.2.1,1877,BUN,artillery,3
1877.2.1,1877,BUN,dragoon,1
1877.2.1,1877,BUN,infantry,3
1877.2.1,1877,NEP,cavalry,1
1877.2.1,1877,NEP,irregular,5
1877.2.1,1877,SIK,irregular,1
1877.2.1,1877,BHU,irregular,1
1877.2.1,1877,CHL,artillery,41
1877.2.1,1877,CHL,dragoon,6
1877.2.1,1877,CHL,hussar,1
1877.2.1,1877,CHL,infantry,19
1877.2.1,1877,MGL,cavalry,2
1877.2.1,1877,MGL,infantry,4
1877.2.1,1877,MGL,irregular,6
1877.2.1,1877,CHI,cavalry,50
1877.2.1,1877,CHI,infantry,38
1877.2.1,1877,CHI,irregular,219
1877.2.1,1877,GXI,cavalry,45
1877.2.1,1877,GXI,infantry,56
1877.2.1,1877,GXI,irregular,169
1877.2.1,1877,XBI,cavalry,4
1877.2.1,1877,XBI,infantry,2
1877.2.1,1877,XBI,irregular,31
1877.2.1,1877,YNN,cavalry,32
1877.2.1,1877,YNN,infantry,17
1877.2.1,1877,YNN,irregular,143
1877.2.1,1877,TIB,cavalry,3
1877.2.1,1877,TIB,infantry,5
1877.2.1,1877,TIB,irregular,6
1877.2.1,1877,XIN,cavalry,1
1877.2.1,1877,XIN,irregular,6
1877.2.1,1877,ALD,cavalry,2
1877.2.1,1877,ALD,infantry,2
1877.2.1,1877,ALD,irregular,3
1877.2.1,1877,MEX,artillery,55
1877.2.1,1877,MEX,cavalry,1
1877.2.1,1877,MEX,infantry,1
1877.2.1,1877,BRZ,artillery,9
1877.2.1,1877,BRZ,cuirassier,1
1877.2.1,1877,BRZ,infantry,13
1877.2.1,1877,ORA,infantry,2
1877.3.1,1877,USA,artillery,46
1877.3.1,1877,USA,dragoon,1
1877.3.1,1877,USA,hussar,5
1877.3.1,1877,ENG,artillery,232
1877.3.1,1877,ENG,cuirassier,2
1877.3.1,1877,ENG,hussar,18
1877.3.1,1877,ENG,infantry,40
1877.3.1,1877,FRA,artillery,140
1877.3.1,1877,FRA,dragoon,1
1877.3.1,1877,FRA,hussar,21
1877.3.1,1877,FRA,infantry,180
1877.3.1,1877,SCA,artillery,49
1877.3.1,1877,SCA,hussar,11
1877.3.1,1877,SCA,infantry,13
1877.3.1,1877,RUS,artillery,91
1877.3.1,1877,RUS,dragoon,14
1877.3.1,1877,RUS,hussar,1
1877.3.1,1877,RUS,infantry,78
1877.3.1,1877,GER,artillery,157
1877.3.1,1877,GER,hussar,26
1877.3.1,1877,GER,infantry,125
1877.3.1,1877,NET,artillery,6
1877.3.1,1877,NET,dragoon,1
1877.3.1,1877,BEL,artillery,23
1877.3.1,1877,BEL,dragoon,4
1877.3.1,1877,BEL,guard,8
1877.3.1,1877,BEL,infantry,11
1877.3.1,1877,SPA,artillery,54
1877.3.1,1877,SPA,hussar,2
1877.3.1,1877,SPA,infantry,38
1877.3.1,1877,KUK,artillery,72
1877.3.1,1877,KUK,dragoon,15
1877.3.1,1877,AST,artillery,29
1877.3.1,1877,AST,hussar,5
1877.3.1,1877,AST,infantry,21
1877.3.1,1877,WAL,artillery,17
1877.3.1,1877,WAL,hussar,2
1877.3.1,1877,WAL,infantry,1
1877.3.1,1877,SAR,artillery,29
1877.3.1,1877,SAR,guard,7
1877.3.1,1877,SAR,hussar,3
1877.3.1,1877,SIC,artillery,67
1877.3.1,1877,SIC,dragoon,16
1877.3.1,1877,TUR,artillery,35
1877.3.1,1877,TUR,hussar,7
1877.3.1,1877,TUR,infantry,29
1877.3.1,1877,MCK,cavalry,8
1877.3.1,1877,MCK,infantry,9
1877.3.1,1877,MCK,irregular,28
1877.3.1,1877,PER,artillery,20
1877.3.1,1877,PER,hussar,4
1877.3.1,1877,PER,infantry,12
1877.3.1,1877,JAS,dragoon,1
1877.3.1,1877,JAS,infantry,1
1877.3.1,1877,BIK,artillery,2
1877.3.1,1877,BIK,dragoon,1
1877.3.1,1877,BIK,infantry,2
1877.3.1,1877,MEW,dragoon,1
1877.3.1,1877,MEW,infantry,5
1877.3.1,1877,GWA,irregular,2
1877.3.1,1877,BUN,artillery,3
1877.3.1,1877,BUN,dragoon,1
1877.3.1,1877,BUN,infantry,3
1877.3.1,1877,NEP,cavalry,1
1877.3.1,1877,NEP,irregular,5
1877.3.1,1877,SIK,irregular,1
1877.3.1,1877,BHU,irregular,1
1877.3.1,1877,CHL,artillery,41
1877.3.1,1877,CHL,dragoon,6
1877.3.1,1877,CHL,hussar,1
1877.3.1,1877,CHL,infantry,19
1877.3.1,1877,MGL,cavalry,2
1877.3.1,1877,MGL,infantry,4
1877.3.1,1877,MGL,irregular,6
1877.3.1,1877,CHI,cavalry,50
1877.3.1,1877,CHI,infantry,38
1877.3.1,1877,CHI,irregular,221
1877.3.1,1877,GXI,cavalry,45
1877.3.1,1877,GXI,infantry,57
1877.3.1,1877,GXI,irregular,169
1877.3.1,1877,XBI,cavalry,4
1877.3.1,1877,XBI,infantry,2
1877.3.1,1877,XBI,irregular,31
1877.3.1,1877,YNN,cavalry,32
1877.3.1,1877,YNN,infantry,17
1877.3.1,1877,YNN,irregular,143
1877.3.1,1877,TIB,cavalry,3
1877.3.1,1877,TIB,infantry,5
1877.3.1,1877,TIB,irregular,6
1877.3.1,1877,XIN,cavalry,1
1877.3.1,1877,XIN,irregular,6
1877.3.1,1877,ALD,cavalry,2
1877.3.1,1877,ALD,infantry,2
1877.3.1,1877,ALD,irregular,3
1877.3.1,1877,MEX,artillery,55
1877.3.1,1877,MEX,cavalry,1
1877.3.1,1877,MEX,infantry,1
1877.3.1,1877,BRZ,artillery,9
1877.3.1,1877,BRZ,cuirassier,1
1877.3.1,1877,BRZ,infantry,13
1877.3.1,1877,ORA,infantry,2
1877.4.1,1877,USA,artillery,46
1877.4.1,1877,USA,dragoon,1
1877.4.1,1877,USA,hussar,5
1877.4.1,1877,ENG,artillery,232
1877.4.1,1877,ENG,cuirassier,2
1877.4.1,1877,ENG,hussar,18
1877.4.1,1877,ENG,infantry,40
1877.4.1,1877,FRA,artillery,140
1877.4.1,1877,FRA,dragoon,1
1877.4.1,1877,FRA,hussar,21
1877.4.1,1877,FRA,infantry,201
1877.4.1,1877,SCA,artillery,49
1877.4.1,1877,SCA,hussar,11
1877.4.1,1877,SCA,infantry,13
1877.4.1,1877,RUS,artillery,91
1877.4.1,1877,RUS,dragoon,14
1877.4.1,1877,RUS,hussar,1
1877.4.1,1877,RUS,infantry,85
1877.4.1,1877,GER,artillery,158
1877.4.1,1877,GER,hussar,26
1877.4.1,1877,GER,infantry,145
1877.4.1,1877,NET,artillery,6
1877.4.1,1877,NET,dragoon,1
1877.4.1,1877,BEL,artillery,23
1877.4.1,1877,BEL,dragoon,4
1877.4.1,1877,BEL,guard,8
1877.4.1,1877,BEL,infantry,11
1877.4.1,1877,SPA,artillery,54
1877.4.1,1877,SPA,hussar,2
1877.4.1,1877,SPA,infantry,45
1877.4.1,1877,KUK,artillery,72
1877.4.1,1877,KUK,dragoon,15
1877.4.1,1877,AST,artillery,29
1877.4.1,1877,AST,hussar,5
1877.4.1,1877,AST,infantry,21
1877.4.1,1877,WAL,artillery,18
1877.4.1,1877,WAL,hussar,2
1877.4.1,1877,WAL,infantry,1
1877.4.1,1877,SAR,artillery,30
1877.4.1,1877,SAR,guard,7
1877.4.1,1877,SAR,hussar,3
1877.4.1,1877,SIC,artillery,67
1877.4.1,1877,SIC,dragoon,16
1877.4.1,1877,TUR,artillery,35
1877.4.1,1877,TUR,hussar,7
1877.4.1,1877,TUR,infantry,29
1877.4.1,1877,MCK,cavalry,8
1877.4.1,1877,MCK,infantry,9
1877.4.1,1877,MCK,irregular,28
1877.4.1,1877,PER,artillery,20
1877.4.1,1877,PER,hussar,4
1877.4.1,1877,PER,infantry,12
1877.4.1,1877,JAS,dragoon,1
1877.4.1,1877,JAS,infantry,1
1877.4.1,1877,BIK,artillery,2
1877.4.1,1877,BIK,dragoon,1
1877.4.1,1877,BIK,infantry,2
1877.4.1,1877,MEW,dragoon,1
1877.4.1,1877,MEW,infantry,5
1877.4.1,1877,GWA,irregular,2
1877.4.1,1877,BUN,artillery,3
1877.4.1,1877,BUN,dragoon,1
1877.4.1,1877,BUN,infantry,3
1877.4.1,1877,NEP,cavalry,1
1877.4.1,1877,NEP,irregular,5
1877.4.1,1877,SIK,irregular,1
1877.4.1,1877,BHU,irregular,1
1877.4.1,1877,CHL,artillery,41
1877.4.1,1877,CHL,dragoon,6
1877.4.1,1877,CHL,hussar,1
1877.4.1,1877,CHL,infantry,19
1877.4.1,1877,MGL,cavalry,2
1877.4.1,1877,MGL,infantry,4
1877.4.1,1877,MGL,irregular,6
1877.4.1,1877,CHI,cavalry,50
1877.4.1,1877,CHI,infantry,38
1877.4.1,1877,CHI,irregular,221
1877.4.1,1877,GXI,cavalry,45
1877.4.1,1877,GXI,infantry,57
1877.4.1,1877,GXI,irregular,169
1877.4.1,1877,XBI,cavalry,4
1877.4.1,1877,XBI,infantry,2
1877.4.1,1877,XBI,irregular,31
1877.4.1,1877,YNN,cavalry,32
1877.4.1,1877,YNN,infantry,17
1877.4.1,1877,YNN,irregular,143
1877.4.1,1877,TIB,cavalry,3
1877.4.1,1877,TIB,infantry,5
1877.4.1,1877,TIB,irregular,6
1877.4.1,1877,XIN,cavalry,1
1877.4.1,1877,XIN,irregular,6
1877.4.1,1877,ALD,cavalry,2
1877.4.1,1877,ALD,infantry,2
1877.4.1,1877,ALD,irregular,3
1877.4.1,1877,MEX,artillery,54
1877.4.1,1877,MEX,cavalry,1
1877.4.1,1877,MEX,infantry,1
1877.4.1,1877,BRZ,artillery,9
1877.4.1,1877,BRZ,cuirassier,1
1877.4.1,1877,BRZ,infantry,13
1877.4.1,1877,ORA,infantry,2
1877.5.1,1877,USA,artillery,48
1877.5.1,1877,USA,dragoon,1
1877.5.1,1877,USA,hussar,5
1877.5.1,1877,ENG,artillery,242
1877.5.1,1877,ENG,cuirassier,2
1877.5.1,1877,ENG,hussar,18
1877.5.1,1877,ENG,infantry,40
1877.5.1,1877,FRA,artillery,140
1877.5.1,1877,FRA,dragoon,1
1877.5.1,1877,FRA,hussar,21
1877.5.1,1877,FRA,infantry,202
1877.5.1,1877,SCA,artillery,49
1877.5.1,1877,SCA,hussar,11
1877.5.1,1877,SCA,infantry,13
1877.5.1,1877,RUS,artillery,91
1877.5.1,1877,RUS,dragoon,14
1877.5.1,1877,RUS,hussar,1
1877.5.1,1877,RUS,infantry,93
1877.5.1,1877,GER,artillery,161
1877.5.1,1877,GER,hussar,26
1877.5.1,1877,GER,infantry,159
1877.5.1,1877,NET,artillery,6
1877.5.1,1877,NET,dragoon,1
1877.5.1,1877,BEL,artillery,23
1877.5.1,1877,BEL,dragoon,5
1877.5.1,1877,BEL,guard,8
1877.5.1,1877,BEL,infantry,11
1877.5.1,1877,SPA,artillery,54
1877.5.1,1877,SPA,hussar,2
1877.5.1,1877,SPA,infantry,47
1877.5.1,1877,KUK,artillery,72
1877.5.1,1877,KUK,dragoon,15
1877.5.1,1877,AST,artillery,29
1877.5.1,1877,AST,hussar,5
1877.5.1,1877,AST,infantry,21
1877.5.1,1877,WAL,artillery,18
1877.5.1,1877,WAL,hussar,2
1877.5.1,1877,WAL,infantry,1
1877.5.1,1877,SAR,artillery,30
1877.5.1,1877,SAR,guard,7
1877.5.1,1877,SAR,hussar,3
1877.5.1,1877,SIC,artillery,68
1877.5.1,1877,SIC,dragoon,16
1877.5.1,1877,TUR,artillery,35
1877.5.1,1877,TUR,hussar,7
1877.5.1,1877,TUR,infantry,29
1877.5.1,1877,MCK,cavalry,8
1877.5.1,1877,MCK,infantry,9
1877.5.1,1877,MCK,irregular,28
1877.5.1,1877,PER,artillery,20
1877.5.1,1877,PER,hussar,4
1877.5.1,1877,PER,infantry,12
1877.5.1,1877,JAS,dragoon,1
1877.5.1,1877,JAS,infantry,1
1877.5.1,1877,BIK,artillery,2
1877.5.1,1877,BIK,dragoon,1
1877.5.1,1877,BIK,infantry,2
1877.5.1,1877,MEW,dragoon,1
1877.5.1,1877,MEW,infantry,5
1877.5.1,1877,GWA,irregular,2
1877.5.1,1877,BUN,artillery,3
1877.5.1,1877,BUN,dragoon,1
1877.5.1,1877,BUN,infantry,3
1877.5.1,1877,NEP,cavalry,1
1877.5.1,1877,NEP,irregular,5
1877.5.1,1877,SIK,irregular,1
1877.5.1,1877,BHU,irregular,1
1877.5.1,1877,CHL,artillery,41
1877.5.1,1877,CHL,dragoon,6
1877.5.1,1877,CHL,hussar,1
1877.5.1,1877,CHL,infantry,19
1877.5.1,1877,MGL,cavalry,2
1877.5.1,1877,MGL,infantry,4
1877.5.1,1877,MGL,irregular,6
1877.5.1,1877,CHI,cavalry,51
1877.5.1,1877,CHI,infantry,38
1877.5.1,1877,CHI,irregular,223
1877.5.1,1877,GXI,cavalry,45
1877.5.1,1877,GXI,infantry,58
1877.5.1,1877,GXI,irregular,169
1877.5.1,1877,XBI,cavalry,4
1877.5.1,1877,XBI,infantry,2
1877.5.1,1877,XBI,irregular,31
1877.5.1,1877,YNN,cavalry,32
1877.5.1,1877,YNN,infantry,17
1877.5.1,1877,YNN,irregular,143
1877.5.1,1877,TIB,cavalry,3
1877.5.1,1877,TIB,infantry,5
1877.5.1,1877,TIB,irregular,6
1877.5.1,1877,XIN,cavalry,1
1877.5.1,1877,XIN,irregular,6
1877.5.1,1877,ALD,cavalry,2
1877.5.1,1877,ALD,infantry,2
1877.5.1,1877,ALD,irregular,3
1877.5.1,1877,MEX,artillery,54
1877.5.1,1877,MEX,cavalry,1
1877.5.1,1877,MEX,infantry,1
1877.5.1,1877,BRZ,artillery,9
1877.5.1,1877,BRZ,cuirassier,1
1877.5.1,1877,BRZ,infantry,13
1877.5.1,1877,ORA,infantry,2
1877.6.1,1877,USA,artillery,48
1877.6.1,1877,USA,dragoon,1
1877.6.1,1877,USA,hussar,5
1877.6.1,1877,ENG,artillery,242
1877.6.1,1877,ENG,cuirassier,2
1877.6.1,1877,ENG,hussar,18
1877.6.1,1877,ENG,infantry,49
1877.6.1,1877,FRA,artillery,146
1877.6.1,1877,FRA,dragoon,1
1877.6.1,1877,FRA,hussar,21
1877.6.1,1877,FRA,infantry,202
1877.6.1,1877,SCA,artillery,49
1877.6.1,1877,SCA,hussar,11
1877.6.1,1877,SCA,infantry,13
1877.6.1,1877,RUS,artillery,93
1877.6.1,1877,RUS,dragoon,14
1877.6.1,1877,RUS,hussar,1
1877.6.1,1877,RUS,infantry,103
1877.6.1,1877,GER,artillery,163
1877.6.1,1877,GER,hussar,26
1877.6.1,1877,GER,infantry,175
1877.6.1,1877,NET,artillery,6
1877.6.1,1877,NET,dragoon,1
1877.6.1,1877,BEL,artillery,23
1877.6.1,1877,BEL,dragoon,5
1877.6.1,1877,BEL,guard,8
1877.6.1,1877,BEL,infantry,11
1877.6.1,1877,SPA,artillery,54
1877.6.1,1877,SPA,hussar,2
1877.6.1,1877,SPA,infantry,47
1877.6.1,1877,KUK,artillery,72
1877.6.1,1877,KUK,dragoon,15
1877.6.1,1877,AST,artillery,30
1877.6.1,1877,AST,hussar,5
1877.6.1,1877,AST,infantry,21
1877.6.1,1877,WAL,artillery,18
1877.6.1,1877,WAL,hussar,2
1877.6.1,1877,WAL,infantry,1
1877.6.1,1877,SAR,artillery,32
1877.6.1,1877,SAR,guard,7
1877.6.1,1877,SAR,hussar,3
1877.6.1,1877,SIC,artillery,68
1877.6.1,1877,SIC,dragoon,16
1877.6.1,1877,SIC,infantry,20
1877.6.1,1877,TUR,artillery,35
1877.6.1,1877,TUR,hussar,7
1877.6.1,1877,TUR,infantry,29
1877.6.1,1877,MCK,cavalry,8
1877.6.1,1877,MCK,infantry,9
1877.6.1,1877,MCK,irregular,28
1877.6.1,1877,PER,artillery,21
1877.6.1,1877,PER,hussar,4
1877.6.1,1877,PER,infantry,12
1877.6.1,1877,JAS,dragoon,1
1877.6.1,1877,JAS,infantry,1
1877.6.1,1877,BIK,artillery,2
1877.6.1,1877,BIK,dragoon,1
1877.6.1,1877,BIK,infantry,2
1877.6.1,1877,MEW,dragoon,1
1877.6.1,1877,MEW,infantry,5
1877.6.1,1877,GWA,irregular,2
1877.6.1,1877,BUN,artillery,3
1877.6.1,1877,BUN,dragoon,1
1877.6.1,1877,BUN,infantry,3
1877.6.1,1877,NEP,cavalry,1
1877.6.1,1877,NEP,irregular,5
1877.6.1,1877,SIK,irregular,1
1877.6.1,1877,BHU,irregular,1
1877.6.1,1877,CHL,artillery,42
1877.6.1,1877,CHL,dragoon,6
1877.6.1,1877,CHL,hussar,1
1877.6.1,1877,CHL,infantry,19
1877.6.1,1877,MGL,cavalry,2
1877.6.1,1877,MGL,infantry,4
1877.6.1,1877,MGL,irregular,6
1877.6.1,1877,CHI,cavalry,51
1877.6.1,1877,CHI,infantry,38
1877.6.1,1877,CHI,irregular,224
1877.6.1,1877,GXI,cavalry,45
1877.6.1,1877,GXI,infantry,58
1877.6.1,1877,GXI,irregular,169
1877.6.1,1877,XBI,cavalry,4
1877.6.1,1877,XBI,infantry,2
1877.6.1,1877,XBI,irregular,30
1877.6.1,1877,YNN,cavalry,32
1877.6.1,1877,YNN,infantry,17
1877.6.1,1877,YNN,irregular,143
1877.6.1,1877,TIB,cavalry,3
1877.6.1,1877,TIB,infantry,5
1877.6.1,1877,TIB,irregular,6
1877.6.1,1877,XIN,cavalry,1
1877.6.1,1877,XIN,irregular,6
1877.6.1,1877,ALD,cavalry,2
1877.6.1,1877,ALD,infantry,2
1877.6.1,1877,ALD,irregular,3
1877.6.1,1877,MEX,artillery,54
1877.6.1,1877,MEX,cavalry,1
1877.6.1,1877,MEX,infantry,1
1877.6.1,1877,BRZ,artillery,9
1877.6.1,1877,BRZ,cuirassier,1
1877.6.1,1877,BRZ,infantry,13
1877.6.1,1877,ORA,infantry,2
1877.7.1,1877,USA,artillery,48
1877.7.1,1877,USA,dragoon,1
1877.7.1,1877,USA,hussar,5
1877.7.1,1877,ENG,artillery,242
1877.7.1,1877,ENG,cuirassier,2
1877.7.1,1877,ENG,hussar,18
1877.7.1,1877,ENG,infantry,65
1877.7.1,1877,FRA,artillery,146
1877.7.1,1877,FRA,dragoon,1
1877.7.1,1877,FRA,hussar,21
1877.7.1,1877,FRA,infantry,202
1877.7.1,1877,SCA,artillery,49
1877.7.1,1877,SCA,hussar,11
1877.7.1,1877,SCA,infantry,23
1877.7.1,1877,RUS,artillery,93
1877.7.1,1877,RUS,dragoon,14
1877.7.1,1877,RUS,hussar,1
1877.7.1,1877,RUS,infantry,113
1877.7.1,1877,GER,artillery,164
1877.7.1,1877,GER,hussar,26
1877.7.1,1877,GER,infantry,184
1877.7.1,1877,NET,artillery,6
1877.7.1,1877,NET,dragoon,1
1877.7.1,1877,BEL,artillery,23
1877.7.1,1877,BEL,dragoon,5
1877.7.1,1877,BEL,guard,8
1877.7.1,1877,BEL,infantry,11
1877.7.1,1877,SPA,artillery,54
1877.7.1,1877,SPA,hussar,2
1877.7.1,1877,SPA,infantry,47
1877.7.1,1877,KUK,artillery,72
1877.7.1,1877,KUK,dragoon,15
1877.7.1,1877,AST,artillery,30
1877.7.1,1877,AST,hussar,5
1877.7.1,1877,AST,infantry,22
1877.7.1,1877,WAL,artillery,18
1877.7.1,1877,WAL,hussar,2
1877.7.1,1877,WAL,infantry,1
1877.7.1,1877,SAR,artillery,32
1877.7.1,1877,SAR,guard,7
1877.7.1,1877,SAR,hussar,3
1877.7.1,1877,SIC,artillery,68
1877.7.1,1877,SIC,dragoon,16
1877.7.1,1877,SIC,infantry,39
1877.7.1,1877,TUR,artillery,35
1877.7.1,1877,TUR,hussar,7
1877.7.1,1877,TUR,infantry,29
1877.7.1,1877,MCK,cavalry,8
1877.7.1,1877,MCK,infantry,9
1877.7.1,1877,MCK,irregular,28
1877.7.1,1877,PER,artillery,23
1877.7.1,1877,PER,hussar,4
1877.7.1,1877,PER,infantry,12
1877.7.1,1877,JAS,dragoon,1
1877.7.1,1877,JAS,infantry,1
1877.7.1,1877,BIK,artillery,2
1877.7.1,1877,BIK,dragoon,1
1877.7.1,1877,BIK,infantry,2
1877.7.1,1877,MEW,dragoon,1
1877.7.1,1877,MEW,infantry,5
1877.7.1,1877,GWA,irregular,2
1877.7.1,1877,BUN,artillery,3
1877.7.1,1877,BUN,dragoon,1
1877.7.1,1877,BUN,infantry,3
1877.7.1,1877,NEP,cavalry,1
1877.7.1,1877,NEP,irregular,5
1877.7.1,1877,SIK,irregular,1
1877.7.1,1877,BHU,irregular,1
1877.7.1,1877,CHL,artillery,45
1877.7.1,1877,CHL,dragoon,6
1877.7.1,1877,CHL,hussar,1
1877.7.1,1877,CHL,infantry,19
1877.7.1,1877,MGL,cavalry,2
1877.7.1,1877,MGL,infantry,4
1877.7.1,1877,MGL,irregular,6
1877.7.1,1877,CHI,cavalry,51
1877.7.1,1877,CHI,infantry,38
1877.7.1,1877,CHI,irregular,224
1877.7.1,1877,GXI,cavalry,46
1877.7.1,1877,GXI,infantry,59
1877.7.1,1877,GXI,irregular,169
1877.7.1,1877,XBI,cavalry,4
1877.7.1,1877,XBI,infantry,2
1877.7.1,1877,XBI,irregular,30
1877.7.1,1877,YNN,cavalry,32
1877.7.1,1877,YNN,infantry,17
1877.7.1,1877,YNN,irregular,143
1877.7.1,1877,TIB,cavalry,3
1877.7.1,1877,TIB,infantry,5
1877.7.1,1877,TIB,irregular,6
1877.7.1,1877,XIN,cavalry,1
1877.7.1,1877,XIN,irregular,6
1877.7.1,1877,ALD,cavalry,2
1877.7.1,1877,ALD,infantry,2
1877.7.1,1877,ALD,irregular,3
1877.7.1,1877,MEX,artillery,54
1877.7.1,1877,MEX,cavalry,1
1877.7.1,1877,MEX,infantry,1
1877.7.1,1877,BRZ,artillery,9
1877.7.1,1877,BRZ,cuirassier,1
1877.7.1,1877,BRZ,infantry,13
1877.7.1,1877,ORA,infantry,2
1877.8.1,1877,USA,artillery,48
1877.8.1,1877,USA,dragoon,1
1877.8.1,1877,USA,hussar,5
1877.8.1,1877,ENG,artillery,242
1877.8.1,1877,ENG,cuirassier,2
1877.8.1,1877,ENG,hussar,18
1877.8.1,1877,ENG,infantry,84
1877.8.1,1877,FRA,artillery,146
1877.8.1,1877,FRA,dragoon,1
1877.8.1,1877,FRA,hussar,21
1877.8.1,1877,FRA,infantry,202
1877.8.1,1877,SCA,artillery,49
1877.8.1,1877,SCA,hussar,11
1877.8.1,1877,SCA,infantry,33
1877.8.1,1877,RUS,artillery,93
1877.8.1,1877,RUS,dragoon,14
1877.8.1,1877,RUS,hussar,1
1877.8.1,1877,RUS,infantry,121
1877.8.1,1877,GER,artillery,167
1877.8.1,1877,GER,hussar,26
1877.8.1,1877,GER,infantry,184
1877.8.1,1877,NET,artillery,6
1877.8.1,1877,NET,dragoon,1
1877.8.1,1877,BEL,artillery,23
1877.8.1,1877,BEL,dragoon,5
1877.8.1,1877,BEL,guard,8
1877.8.1,1877,BEL,infantry,11
1877.8.1,1877,SPA,artillery,54
1877.8.1,1877,SPA,hussar,2
1877.8.1,1877,SPA,infantry,47
1877.8.1,1877,KUK,artillery,72
1877.8.1,1877,KUK,dragoon,15
1877.8.1,1877,AST,artillery,31
1877.8.1,1877,AST,hussar,5
1877.8.1,1877,AST,infantry,22
1877.8.1,1877,WAL,artillery,18
1877.8.1,1877,WAL,hussar,2
1877.8.1,1877,WAL,infantry,1
1877.8.1,1877,SAR,artillery,34
1877.8.1,1877,SAR,guard,7
1877.8.1,1877,SAR,hussar,3
1877.8.1,1877,SIC,artillery,68
1877.8.1,1877,SIC,dragoon,16
1877.8.1,1877,SIC,infantry,47
1877.8.1,1877,TUR,artillery,35
1877.8.1,1877,TUR,hussar,7
1877.8.1,1877,TUR,infantry,33
1877.8.1,1877,MCK,cavalry,8
1877.8.1,1877,MCK,infantry,9
1877.8.1,1877,MCK,irregular,28
1877.8.1,1877,PER,artillery,23
1877.8.1,1877,PER,hussar,4
1877.8.1,1877,PER,infantry,12
1877.8.1,1877,JAS,dragoon,1
1877.8.1,1877,JAS,infantry,1
1877.8.1,1877,BIK,artillery,2
1877.8.1,1877,BIK,dragoon,1
1877.8.1,1877,BIK,infantry,2
1877.8.1,1877,MEW,dragoon,1
1877.8.1,1877,MEW,infantry,5
1877.8.1,1877,GWA,irregular,2
1877.8.1,1877,BUN,artillery,3
1877.8.1,1877,BUN,dragoon,1
1877.8.1,1877,BUN,infantry,3
1877.8.1,1877,NEP,cavalry,1
1877.8.1,1877,NEP,irregular,5
1877.8.1,1877,SIK,irregular,1
1877.8.1,1877,BHU,irregular,1
1877.8.1,1877,CHL,artillery,46
1877.8.1,1877,CHL,dragoon,6
1877.8.1,1877,CHL,hussar,1
1877.8.1,1877,CHL,infantry,19
1877.8.1,1877,MGL,cavalry,2
1877.8.1,1877,MGL,infantry,4
1877.8.1,1877,MGL,irregular,6
1877.8.1,1877,CHI,cavalry,51
1877.8.1,1877,CHI,infantry,39
1877.8.1,1877,CHI,irregular,225
1877.8.1,1877,GXI,cavalry,46
1877.8.1,1877,GXI,infantry,59
1877.8.1,1877,GXI,irregular,169
1877.8.1,1877,XBI,cavalry,4
1877.8.1,1877,XBI,infantry,2
1877.8.1,1877,XBI,irregular,30
1877.8.1,1877,YNN,cavalry,32
1877.8.1,1877,YNN,infantry,17
1877.8.1,1877,YNN,irregular,143
1877.8.1,1877,TIB,cavalry,3
1877.8.1,1877,TIB,infantry,5
1877.8.1,1877,TIB,irregular,6
1877.8.1,1877,XIN,cavalry,1
1877.8.1,1877,XIN,irregular,6
1877.8.1,1877,ALD,cavalry,2
1877.8.1,1877,ALD,infantry,2
1877.8.1,1877,ALD,irregular,3
1877.8.1,1877,MEX,artillery,54
1877.8.1,1877,MEX,cavalry,1
1877.8.1,1877,MEX,infantry,1
1877.8.1,1877,BRZ,artillery,9
1877.8.1,1877,BRZ,cuirassier,1
1877.8.1,1877,BRZ,infantry,13
1877.8.1,1877,ORA,infantry,2
1877.9.1,1877,USA,artillery,48
1877.9.1,1877,USA,dragoon,1
1877.9.1,1877,USA,hussar,8
1877.9.1,1877,ENG,artillery,244
1877.9.1,1877,ENG,cuirassier,2
1877.9.1,1877,ENG,hussar,18
1877.9.1,1877,ENG,infantry,105
1877.9.1,1877,FRA,artillery,146
1877.9.1,1877,FRA,dragoon,1
1877.9.1,1877,FRA,hussar,21
1877.9.1,1877,FRA,infantry,202
1877.9.1,1877,SCA,artillery,49
1877.9.1,1877,SCA,hussar,11
1877.9.1,1877,SCA,infantry,43
1877.9.1,1877,RUS,artillery,93
1877.9.1,1877,RUS,dragoon,14
1877.9.1,1877,RUS,hussar,1
1877.9.1,1877,RUS,infantry,132
1877.9.1,1877,GER,artillery,168
1877.9.1,1877,GER,hussar,26
1877.9.1,1877,GER,infantry,184
1877.9.1,1877,NET,artillery,6
1877.9.1,1877,NET,dragoon,1
1877.9.1,1877,NET,infantry,5
1877.9.1,1877,BEL,artillery,24
1877.9.1,1877,BEL,dragoon,5
1877.9.1,1877,BEL,guard,8
1877.9.1,1877,BEL,infantry,11
1877.9.1,1877,SPA,artillery,54
1877.9.1,1877,SPA,hussar,2
1877.9.1,1877,SPA,infantry,47
1877.9.1,1877,KUK,artillery,95
1877.9.1,1877,KUK,dragoon,15
1877.9.1,1877,KUK,infantry,16
1877.9.1,1877,AST,artillery,31
1877.9.1,1877,AST,hussar,5
1877.9.1,1877,AST,infantry,21
1877.9.1,1877,WAL,artillery,18
1877.9.1,1877,WAL,hussar,2
1877.9.1,1877,WAL,infantry,1
1877.9.1,1877,SAR,artillery,35
1877.9.1,1877,SAR,guard,7
1877.9.1,1877,SAR,hussar,3
1877.9.1,1877,SIC,artillery,68
1877.9.1,1877,SIC,dragoon,16
1877.9.1,1877,SIC,infantry,47
1877.9.1,1877,TUR,artillery,35
1877.9.1,1877,TUR,hussar,7
1877.9.1,1877,TUR,infantry,33
1877.9.1,1877,MCK,cavalry,8
1877.9.1,1877,MCK,infantry,9
1877.9.1,1877,MCK,irregular,28
1877.9.1,1877,PER,artillery,23
1877.9.1,1877,PER,dragoon,1
1877.9.1,1877,PER,hussar,4
1877.9.1,1877,PER,infantry,12
1877.9.1,1877,JAS,dragoon,1
1877.9.1,1877,JAS,infantry,1
1877.9.1,1877,BIK,artillery,2
1877.9.1,1877,BIK,dragoon,1
1877.9.1,1877,BIK,infantry,2
1877.9.1,1877,MEW,dragoon,1
1877.9.1,1877,MEW,infantry,5
1877.9.1,1877,GWA,cavalry,1
1877.9.1,1877,GWA,irregular,1
1877.9.1,1877,BUN,artillery,3
1877.9.1,1877,BUN,dragoon,1
1877.9.1,1877,BUN,infantry,3
1877.9.1,1877,NEP,cavalry,1
1877.9.1,1877,NEP,irregular,5
1877.9.1,1877,SIK,irregular,1
1877.9.1,1877,BHU,irregular,1
1877.9.1,1877,CHL,artillery,46
1877.9.1,1877,CHL,dragoon,6
1877.9.1,1877,CHL,hussar,1
1877.9.1,1877,CHL,infantry,19
1877.9.1,1877,MGL,cavalry,2
1877.9.1,1877,MGL,infantry,4
1877.9.1,1877,MGL,irregular,6
1877.9.1,1877,CHI,cavalry,51
1877.9.1,1877,CHI,infantry,39
1877.9.1,1877,CHI,irregular,225
1877.9.1,1877,GXI,cavalry,46
1877.9.1,1877,GXI,infantry,59
1877.9.1,1877,GXI,irregular,169
1877.9.1,1877,XBI,cavalry,4
1877.9.1,1877,XBI,infantry,2
1877.9.1,1877,XBI,irregular,30
1877.9.1,1877,YNN,cavalry,32
1877.9.1,1877,YNN,infantry,17
1877.9.1,1877,YNN,irregular,143
1877.9.1,1877,TIB,cavalry,3
1877.9.1,1877,TIB,infantry,5
1877.9.1,1877,TIB,irregular,6
1877.9.1,1877,XIN,cavalry,1
1877.9.1,1877,XIN,irregular,6
1877.9.1,1877,ALD,cavalry,2
1877.9.1,1877,ALD,infantry,3
1877.9.1,1877,ALD,irregular,3
1877.9.1,1877,MEX,artillery,54
1877.9.1,1877,MEX,cavalry,1
1877.9.1,1877,MEX,infantry,1
1877.9.1,1877,BRZ,artillery,9
1877.9.1,1877,BRZ,cuirassier,1
1877.9.1,1877,BRZ,infantry,13
1877.9.1,1877,ORA,infantry,2
1877.10.1,1877,USA,artillery,50
1877.10.1,1877,USA,dragoon,1
1877.10.1,1877,USA,hussar,10
1877.10.1,1877,ENG,artillery,244
1877.10.1,1877,ENG,cuirassier,2
1877.10.1,1877,ENG,hussar,18
1877.10.1,1877,ENG,infantry,118
1877.10.1,1877,FRA,artillery,146
1877.10.1,1877,FRA,dragoon,1
1877.10.1,1877,FRA,hussar,21
1877.10.1,1877,FRA,infantry,202
1877.10.1,1877,SCA,artillery,51
1877.10.1,1877,SCA,hussar,11
1877.10.1,1877,SCA,infantry,48
1877.10.1,1877,RUS,artillery,93
1877.10.1,1877,RUS,dragoon,14
1877.10.1,1877,RUS,hussar,1
1877.10.1,1877,RUS,infantry,146
1877.10.1,1877,GER,artillery,168
1877.10.1,1877,GER,hussar,26
1877.10.1,1877,GER,infantry,184
1877.10.1,1877,NET,artillery,6
1877.10.1,1877,NET,dragoon,1
1877.10.1,1877,NET,infantry,5
1877.10.1,1877,BEL,artillery,24
1877.10.1,1877,BEL,dragoon,5
1877.10.1,1877,BEL,guard,8
1877.10.1,1877,BEL,infantry,11
1877.10.1,1877,SPA,artillery,54
1877.10.1,1877,SPA,hussar,2
1877.10.1,1877,SPA,infantry,47
1877.10.1,1877,KUK,artillery,95
1877.10.1,1877,KUK,dragoon,19
1877.10.1,1877,KUK,infantry,31
1877.10.1,1877,AST,artillery,31
1877.10.1,1877,AST,hussar,6
1877.10.1,1877,AST,infantry,21
1877.10.1,1877,WAL,artillery,18
1877.10.1,1877,WAL,hussar,2
1877.10.1,1877,WAL,infantry,1
1877.10.1,1877,SAR,artillery,36
1877.10.1,1877,SAR,guard,7
1877.10.1,1877,SAR,hussar,3
1877.10.1,1877,SAR,infantry,4
1877.10.1,1877,SIC,artillery,68
1877.10.1,1877,SIC,dragoon,16
1877.10.1,1877,SIC,infantry,47
1877.10.1,1877,TUR,artillery,37
1877.10.1,1877,TUR,hussar,8
1877.10.1,1877,TUR,infantry,33
1877.10.1,1877,MCK,cavalry,8
1877.10.1,1877,MCK,infantry,9
1877.10.1,1877,MCK,irregular,28
1877.10.1,1877,PER,artillery,23
1877.10.1,1877,PER,dragoon,1
1877.10.1,1877,PER,hussar,4
1877.10.1,1877,PER,infantry,12
1877.10.1,1877,JAS,dragoon,1
1877.10.1,1877,JAS,infantry,1
1877.10.1,1877,BIK,artillery,2
1877.10.1,1877,BIK,dragoon,1
1877.10.1,1877,BIK,infantry,2
1877.10.1,1877,MEW,dragoon,1
1877.10.1,1877,MEW,infantry,5
1877.10.1,1877,GWA,cavalry,1
1877.10.1,1877,GWA,irregular,1
1877.10.1,1877,BUN,artillery,3
1877.10.1,1877,BUN,dragoon,1
1877.10.1,1877,BUN,infantry,3
1877.10.1,1877,NEP,cavalry,1
1877.10.1,1877,NEP,irregular,5
1877.10.1,1877,SIK,irregular,1
1877.10.1,1877,BHU,irregular,1
1877.10.1,1877,CHL,artillery,46
1877.10.1,1877,CHL,dragoon,6
1877.10.1,1877,CHL,hussar,1
1877.10.1,1877,CHL,infantry,19
1877.10.1,1877,MGL,cavalry,2
1877.10.1,1877,MGL,infantry,4
1877.10.1,1877,MGL,irregular,6
1877.10.1,1877,CHI,cavalry,51
1877.10.1,1877,CHI,infantry,39
1877.10.1,1877,CHI,irregular,225
1877.10.1,1877,GXI,cavalry,46
1877.10.1,1877,GXI,infantry,59
1877.10.1,1877,GXI,irregular,169
1877.10.1,1877,XBI,cavalry,4
1877.10.1,1877,XBI,infantry,2
1877.10.1,1877,XBI,irregular,30
1877.10.1,1877,YNN,cavalry,32
1877.10.1,1877,YNN,infantry,17
1877.10.1,1877,YNN,irregular,144
1877.10.1,1877,TIB,cavalry,3
1877.10.1,1877,TIB,infantry,5
1877.10.1,1877,TIB,irregular,6
1877.10.1,1877,XIN,cavalry,1
1877.10.1,1877,XIN,irregular,6
1877.10.1,1877,ALD,cavalry,2
1877.10.1,1877,ALD,infantry,3
1877.10.1,1877,ALD,irregular,3
1877.10.1,1877,MEX,artillery,54
1877.10.1,1877,MEX,cavalry,1
1877.10.1,1877,MEX,infantry,1
1877.10.1,1877,BRZ,artillery,9
1877.10.1,1877,ORA,infantry,2
1877.11.1,1877,USA,artillery,50
1877.11.1,1877,USA,dragoon,1
1877.11.1,1877,USA,hussar,10
1877.11.1,1877,ENG,artillery,244
1877.11.1,1877,ENG,cuirassier,2
1877.11.1,1877,ENG,hussar,18
1877.11.1,1877,ENG,infantry,127
1877.11.1,1877,FRA,artillery,151
1877.11.1,1877,FRA,dragoon,1
1877.11.1,1877,FRA,hussar,21
1877.11.1,1877,FRA,infantry,202
1877.11.1,1877,SCA,artillery,51
1877.11.1,1877,SCA,hussar,11
1877.11.1,1877,SCA,infantry,48
1877.11.1,1877,RUS,artillery,93
1877.11.1,1877,RUS,dragoon,14
1877.11.1,1877,RUS,hussar,1
1877.11.1,1877,RUS,infantry,158
1877.11.1,1877,GER,artillery,168
1877.11.1,1877,GER,hussar,26
1877.11.1,1877,GER,infantry,184
1877.11.1,1877,NET,artillery,6
1877.11.1,1877,NET,dragoon,1
1877.11.1,1877,NET,infantry,5
1877.11.1,1877,BEL,artillery,24
1877.11.1,1877,BEL,dragoon,5
1877.11.1,1877,BEL,guard,8
1877.11.1,1877,BEL,infantry,11
1877.11.1,1877,SPA,artillery,54
1877.11.1,1877,SPA,hussar,2
1877.11.1,1877,SPA,infantry,47
1877.11.1,1877,KUK,artillery,95
1877.11.1,1877,KUK,dragoon,19
1877.11.1,1877,KUK,infantry,49
1877.11.1,1877,AST,artillery,31
1877.11.1,1877,AST,hussar,6
1877.11.1,1877,AST,infantry,21
1877.11.1,1877,WAL,artillery,18
1877.11.1,1877,WAL,hussar,2
1877.11.1,1877,WAL,infantry,1
1877.11.1,1877,SAR,artillery,36
1877.11.1,1877,SAR,guard,7
1877.11.1,1877,SAR,hussar,3
1877.11.1,1877,SAR,infantry,26
1877.11.1,1877,SIC,artillery,72
1877.11.1,1877,SIC,dragoon,16
1877.11.1,1877,SIC,infantry,47
1877.11.1,1877,TUR,artillery,38
1877.11.1,1877,TUR,hussar,8
1877.11.1,1877,TUR,infantry,33
1877.11.1,1877,MCK,cavalry,8
1877.11.1,1877,MCK,infantry,9
1877.11.1,1877,MCK,irregular,28
1877.11.1,1877,PER,artillery,25
1877.11.1,1877,PER,dragoon,1
1877.11.1,1877,PER,hussar,4
1877.11.1,1877,PER,infantry,13
1877.11.1,1877,JAS,dragoon,1
1877.11.1,1877,JAS,infantry,1
1877.11.1,1877,BIK,artillery,2
1877.11.1,1877,BIK,dragoon,1
1877.11.1,1877,BIK,infantry,2
1877.11.1,1877,MEW,dragoon,1
1877.11.1,1877,MEW,infantry,5
1877.11.1,1877,GWA,irregular,2
1877.11.1,1877,BUN,artillery,3
1877.11.1,1877,BUN,dragoon,1
1877.11.1,1877,BUN,infantry,3
1877.11.1,1877,NEP,cavalry,1
1877.11.1,1877,NEP,irregular,5
1877.11.1,1877,SIK,irregular,1
1877.11.1,1877,BHU,irregular,1
1877.11.1,1877,CHL,artillery,46
1877.11.1,1877,CHL,dragoon,6
1877.11.1,1877,CHL,hussar,2
1877.11.1,1877,CHL,infantry,20
1877.11.1,1877,MGL,cavalry,2
1877.11.1,1877,MGL,infantry,4
1877.11.1,1877,MGL,irregular,6
1877.11.1,1877,CHI,cavalry,51
1877.11.1,1877,CHI,infantry,39
1877.11.1,1877,CHI,irregular,225
1877.11.1,1877,GXI,cavalry,46
1877.11.1,1877,GXI,infantry,59
1877.11.1,1877,GXI,irregular,169
1877.11.1,1877,XBI,cavalry,4
1877.11.1,1877,XBI,infantry,2
1877.11.1,1877,XBI,irregular,30
1877.11.1,1877,YNN,cavalry,32
1877.11.1,1877,YNN,infantry,17
1877.11.1,1877,YNN,irregular,144
1877.11.1,1877,TIB,cavalry,3
1877.11.1,1877,TIB,infantry,5
1877.11.1,1877,TIB,irregular,6
1877.11.1,1877,XIN,cavalry,1
1877.11.1,1877,XIN,irregular,6
1877.11.1,1877,ALD,cavalry,2
1877.11.1,1877,ALD,infantry,3
1877.11.1,1877,ALD,irregular,3
1877.11.1,1877,MEX,artillery,54
1877.11.1,1877,MEX,cavalry,1
1877.11.1,1877,MEX,infantry,1
1877.11.1,1877,BRZ,artillery,9
1877.11.1,1877,ORA,infantry,2
1877.12.1,1877,USA,artillery,49
1877.12.1,1877,USA,dragoon,1
1877.12.1,1877,USA,hussar,10
1877.12.1,1877,ENG,artillery,244
1877.12.1,1877,ENG,cuirassier,2
1877.12.1,1877,ENG,hussar,18
1877.12.1,1877,ENG,infantry,130
1877.12.1,1877,FRA,artillery,151
1877.12.1,1877,FRA,dragoon,1
1877.12.1,1877,FRA,hussar,21
1877.12.1,1877,FRA,infantry,202
1877.12.1,1877,SCA,artillery,53
1877.12.1,1877,SCA,hussar,12
1877.12.1,1877,SCA,infantry,48
1877.12.1,1877,RUS,artillery,93
1877.12.1,1877,RUS,dragoon,14
1877.12.1,1877,RUS,hussar,1
1877.12.1,1877,RUS,infantry,165
1877.12.1,1877,GER,artillery,168
1877.12.1,1877,GER,hussar,26
1877.12.1,1877,GER,infantry,184
1877.12.1,1877,NET,artillery,6
1877.12.1,1877,NET,dragoon,1
1877.12.1,1877,NET,infantry,5
1877.12.1,1877,BEL,artillery,24
1877.12.1,1877,BEL,dragoon,5
1877.12.1,1877,BEL,guard,8
1877.12.1,1877,BEL,infantry,11
1877.12.1,1877,SPA,artillery,54
1877.12.1,1877,SPA,hussar,2
1877.12.1,1877,SPA,infantry,47
1877.12.1,1877,KUK,artillery,95
1877.12.1,1877,KUK,dragoon,19
1877.12.1,1877,KUK,infantry,60
1877.12.1,1877,AST,artillery,31
1877.12.1,1877,AST,hussar,6
1877.12.1,1877,AST,infantry,21
1877.12.1,1877,WAL,artillery,18
1877.12.1,1877,WAL,hussar,2
1877.12.1,1877,WAL,infantry,1
1877.12.1,1877,SAR,artillery,36
1877.12.1,1877,SAR,guard,7
1877.12.1,1877,SAR,hussar,3
1877.12.1,1877,SAR,infantry,30
1877.12.1,1877,SIC,artillery,72
1877.12.1,1877,SIC,dragoon,16
1877.12.1,1877,SIC,infantry,47
1877.12.1,1877,TUR,artillery,38
1877.12.1,1877,TUR,hussar,8
1877.12.1,1877,TUR,infantry,33
1877.12.1,1877,MCK,cavalry,8
1877.12.1,1877,MCK,infantry,9
1877.12.1,1877,MCK,irregular,28
1877.12.1,1877,PER,artillery,25
1877.12.1,1877,PER,dragoon,1
1877.12.1,1877,PER,hussar,4
1877.12.1,1877,PER,infantry,16
1877.12.1,1877,JAS,dragoon,1
1877.12.1,1877,JAS,infantry,1
1877.12.1,1877,BIK,artillery,2
1877.12.1,1877,BIK,dragoon,1
1877.12.1,1877,BIK,infantry,2
1877.12.1,1877,MEW,dragoon,1
1877.12.1,1877,MEW,infantry,5
1877.12.1,1877,GWA,irregular,2
1877.12.1,1877,BUN,artillery,3
1877.12.1,1877,BUN,dragoon,1
1877.12.1,1877,BUN,infantry,3
1877.12.1,1877,NEP,cavalry,1
1877.12.1,1877,NEP,irregular,5
1877.12.1,1877,SIK,irregular,1
1877.12.1,1877,BHU,irregular,1
1877.12.1,1877,CHL,artillery,46
1877.12.1,1877,CHL,dragoon,6
1877.12.1,1877,CHL,hussar,2
1877.12.1,1877,CHL,infantry,20
1877.12.1,1877,MGL,cavalry,2
1877.12.1,1877,MGL,infantry,4
1877.12.1,1877,MGL,irregular,6
1877.12.1,1877,CHI,cavalry,53
1877.12.1,1877,CHI,infantry,40
1877.12.1,1877,CHI,irregular,225
1877.12.1,1877,GXI,cavalry,46
1877.12.1,1877,GXI,infantry,60
1877.12.1,1877,GXI,irregular,169
1877.12.1,1877,XBI,cavalry,4
1877.12.1,1877,XBI,infantry,2
1877.12.1,1877,XBI,irregular,30
1877.12.1,1877,YNN,cavalry,32
1877.12.1,1877,YNN,infantry,17
1877.12.1,1877,YNN,irregular,144
1877.12.1,1877,TIB,cavalry,3
1877.12.1,1877,TIB,infantry,5
1877.12.1,1877,TIB,irregular,6
1877.12.1,1877,XIN,cavalry,1
1877.12.1,1877,XIN,irregular,6
1877.12.1,1877,ALD,cavalry,2
1877.12.1,1877,ALD,infantry,3
1877.12.1,1877,ALD,irregular,3
1877.12.1,1877,MEX,artillery,54
1877.12.1,1877,MEX,cavalry,1
1877.12.1,1877,MEX,infantry,1
1877.12.1,1877,BRZ,artillery,9
1877.12.1,1877,ORA,infantry,2
1878.1.1,1878,USA,artillery,49
1878.1.1,1878,USA,dragoon,1
1878.1.1,1878,USA,hussar,10
1878.1.1,1878,ENG,artillery,245
1878.1.1,1878,ENG,cuirassier,2
1878.1.1,1878,ENG,hussar,18
1878.1.1,1878,ENG,infantry,130
1878.1.1,1878,FRA,artillery,151
1878.1.1,1878,FRA,dragoon,1
1878.1.1,1878,FRA,hussar,21
1878.1.1,1878,FRA,infantry,202
1878.1.1,1878,SCA,artillery,53
1878.1.1,1878,SCA,hussar,12
1878.1.1,1878,SCA,infantry,48
1878.1.1,1878,RUS,artillery,93
1878.1.1,1878,RUS,dragoon,14
1878.1.1,1878,RUS,hussar,1
1878.1.1,1878,RUS,infantry,170
1878.1.1,1878,GER,artillery,168
1878.1.1,1878,GER,hussar,26
1878.1.1,1878,GER,infantry,184
1878.1.1,1878,NET,artillery,6
1878.1.1,1878,NET,dragoon,2
1878.1.1,1878,NET,infantry,5
1878.1.1,1878,BEL,artillery,24
1878.1.1,1878,BEL,dragoon,5
1878.1.1,1878,BEL,guard,8
1878.1.1,1878,BEL,infantry,11
1878.1.1,1878,SPA,artillery,54
1878.1.1,1878,SPA,hussar,2
1878.1.1,1878,SPA,infantry,47
1878.1.1,1878,KUK,artillery,99
1878.1.1,1878,KUK,dragoon,19
1878.1.1,1878,KUK,infantry,66
1878.1.1,1878,AST,artillery,31
1878.1.1,1878,AST,hussar,6
1878.1.1,1878,AST,infantry,21
1878.1.1,1878,WAL,artillery,18
1878.1.1,1878,WAL,hussar,2
1878.1.1,1878,WAL,infantry,1
1878.1.1,1878,SAR,artillery,36
1878.1.1,1878,SAR,guard,7
1878.1.1,1878,SAR,hussar,3
1878.1.1,1878,SAR,infantry,30
1878.1.1,1878,SIC,artillery,73
1878.1.1,1878,SIC,dragoon,16
1878.1.1,1878,SIC,infantry,47
1878.1.1,1878,TUR,artillery,38
1878.1.1,1878,TUR,hussar,8
1878.1.1,1878,TUR,infantry,33
1878.1.1,1878,MCK,cavalry,8
1878.1.1,1878,MCK,infantry,9
1878.1.1,1878,MCK,irregular,28
1878.1.1,1878,PER,artillery,25
1878.1.1,1878,PER,dragoon,1
1878.1.1,1878,PER,hussar,4
1878.1.1,1878,PER,infantry,16
1878.1.1,1878,JAS,dragoon,1
1878.1.1,1878,JAS,infantry,1
1878.1.1,1878,BIK,artillery,2
1878.1.1,1878,BIK,dragoon,1
1878.1.1,1878,BIK,infantry,2
1878.1.1,1878,MEW,dragoon,1
1878.1.1,1878,MEW,infantry,5
1878.1.1,1878,GWA,irregular,2
1878.1.1,1878,BUN,artillery,3
1878.1.1,1878,BUN,dragoon,1
1878.1.1,1878,BUN,infantry,3
1878.1.1,1878,NEP,cavalry,1
1878.1.1,1878,NEP,irregular,5
1878.1.1,1878,SIK,irregular,1
1878.1.1,1878,BHU,irregular,1
1878.1.1,1878,CHL,artillery,46
1878.1.1,1878,CHL,dragoon,6
1878.1.1,1878,CHL,hussar,2
1878.1.1,1878,CHL,infantry,20
1878.1.1,1878,MGL,cavalry,2
1878.1.1,1878,MGL,infantry,4
1878.1.1,1878,MGL,irregular,6
1878.1.1,1878,CHI,cavalry,54
1878.1.1,1878,CHI,infantry,40
1878.1.1,1878,CHI,irregular,225
1878.1.1,1878,GXI,cavalry,46
1878.1.1,1878,GXI,infantry,60
1878.1.1,1878,GXI,irregular,169
1878.1.1,1878,XBI,cavalry,4
1878.1.1,1878,XBI,infantry,2
1878.1.1,1878,XBI,irregular,30
1878.1.1,1878,YNN,cavalry,32
1878.1.1,1878,YNN,infantry,17
1878.1.1,1878,YNN,irregular,144
1878.1.1,1878,TIB,cavalry,3
1878.1.1,1878,TIB,infantry,5
1878.1.1,1878,TIB,irregular,6
1878.1.1,1878,XIN,cavalry,1
1878.1.1,1878,XIN,irregular,6
1878.1.1,1878,ALD,cavalry,2
1878.1.1,1878,ALD,infantry,3
1878.1.1,1878,ALD,irregular,3
1878.1.1,1878,MEX,artillery,54
1878.1.1,1878,MEX,cavalry,1
1878.1.1,1878,MEX,infantry,1
1878.1.1,1878,BRZ,artillery,9
1878.1.1,1878,ORA,infantry,2
1878.2.1,1878,USA,artillery,51
1878.2.1,1878,USA,dragoon,1
1878.2.1,1878,USA,hussar,10
1878.2.1,1878,ENG,artillery,245
1878.2.1,1878,ENG,cuirassier,2
1878.2.1,1878,ENG,hussar,18
1878.2.1,1878,ENG,infantry,130
1878.2.1,1878,FRA,artillery,151
1878.2.1,1878,FRA,dragoon,1
1878.2.1,1878,FRA,hussar,21
1878.2.1,1878,FRA,infantry,202
1878.2.1,1878,SCA,artillery,53
1878.2.1,1878,SCA,hussar,13
1878.2.1,1878,SCA,infantry,48
1878.2.1,1878,RUS,artillery,93
1878.2.1,1878,RUS,dragoon,14
1878.2.1,1878,RUS,hussar,1
1878.2.1,1878,RUS,infantry,180
1878.2.1,1878,GER,artillery,168
1878.2.1,1878,GER,hussar,26
1878.2.1,1878,GER,infantry,184
1878.2.1,1878,NET,artillery,6
1878.2.1,1878,NET,dragoon,2
1878.2.1,1878,NET,infantry,5
1878.2.1,1878,BEL,artillery,24
1878.2.1,1878,BEL,dragoon,5
1878.2.1,1878,BEL,guard,8
1878.2.1,1878,BEL,infantry,11
1878.2.1,1878,SPA,artillery,54
1878.2.1,1878,SPA,hussar,2
1878.2.1,1878,SPA,infantry,47
1878.2.1,1878,KUK,artillery,100
1878.2.1,1878,KUK,dragoon,19
1878.2.1,1878,KUK,infantry,68
1878.2.1,1878,AST,artillery,31
1878.2.1,1878,AST,hussar,6
1878.2.1,1878,AST,infantry,21
1878.2.1,1878,WAL,artillery,18
1878.2.1,1878,WAL,hussar,2
1878.2.1,1878,WAL,infantry,1
1878.2.1,1878,SAR,artillery,36
1878.2.1,1878,SAR,guard,7
1878.2.1,1878,SAR,hussar,3
1878.2.1,1878,SAR,infantry,30
1878.2.1,1878,SIC,artillery,73
1878.2.1,1878,SIC,dragoon,16
1878.2.1,1878,SIC,infantry,47
1878.2.1,1878,TUR,artillery,38
1878.2.1,1878,TUR,hussar,8
1878.2.1,1878,TUR,infantry,33
1878.2.1,1878,MCK,cavalry,8
1878.2.1,1878,MCK,infantry,9
1878.2.1,1878,MCK,irregular,28
1878.2.1,1878,PER,artillery,25
1878.2.1,1878,PER,dragoon,1
1878.2.1,1878,PER,hussar,4
1878.2.1,1878,PER,infantry,16
1878.2.1,1878,JAS,dragoon,1
1878.2.1,1878,JAS,infantry,1
1878.2.1,1878,BIK,artillery,2
1878.2.1,1878,BIK,dragoon,1
1878.2.1,1878,BIK,infantry,2
1878.2.1,1878,MEW,dragoon,1
1878.2.1,1878,MEW,infantry,5
1878.2.1,1878,GWA,irregular,2
1878.2.1,1878,BUN,artillery,3
1878.2.1,1878,BUN,dragoon,1
1878.2.1,1878,BUN,infantry,3
1878.2.1,1878,NEP,cavalry,1
1878.2.1,1878,NEP,irregular,5
1878.2.1,1878,SIK,irregular,1
1878.2.1,1878,BHU,irregular,1
1878.2.1,1878,CHL,artillery,46
1878.2.1,1878,CHL,dragoon,6
1878.2.1,1878,CHL,hussar,2
1878.2.1,1878,CHL,infantry,20
1878.2.1,1878,MGL,cavalry,2
1878.2.1,1878,MGL,infantry,4
1878.2.1,1878,MGL,irregular,6
1878.2.1,1878,CHI,cavalry,54
1878.2.1,1878,CHI,infantry,41
1878.2.1,1878,CHI,irregular,226
1878.2.1,1878,GXI,cavalry,46
1878.2.1,1878,GXI,infantry,60
1878.2.1,1878,GXI,irregular,169
1878.2.1,1878,XBI,cavalry,4
1878.2.1,1878,XBI,infantry,2
1878.2.1,1878,XBI,irregular,30
1878.2.1,1878,YNN,cavalry,32
1878.2.1,1878,YNN,infantry,17
1878.2.1,1878,YNN,irregular,144
1878.2.1,1878,TIB,cavalry,3
1878.2.1,1878,TIB,infantry,5
1878.2.1,1878,TIB,irregular,6
1878.2.1,1878,XIN,cavalry,1
1878.2.1,1878,XIN,irregular,6
1878.2.1,1878,ALD,cavalry,2
1878.2.1,1878,ALD,infantry,3
1878.2.1,1878,ALD,irregular,3
1878.2.1,1878,MEX,artillery,54
1878.2.1,1878,MEX,cavalry,1
1878.2.1,1878,MEX,infantry,1
1878.2.1,1878,BRZ,artillery,9
1878.2.1,1878,ORA,infantry,2
1878.3.1,1878,USA,artillery,51
1878.3.1,1878,USA,dragoon,1
1878.3.1,1878,USA,hussar,10
1878.3.1,1878,ENG,artillery,245
1878.3.1,1878,ENG,cuirassier,2
1878.3.1,1878,ENG,hussar,18
1878.3.1,1878,ENG,infantry,130
1878.3.1,1878,FRA,artillery,151
1878.3.1,1878,FRA,dragoon,1
1878.3.1,1878,FRA,hussar,21
1878.3.1,1878,FRA,infantry,202
1878.3.1,1878,SCA,artillery,53
1878.3.1,1878,SCA,hussar,13
1878.3.1,1878,SCA,infantry,48
1878.3.1,1878,RUS,artillery,93
1878.3.1,1878,RUS,dragoon,14
1878.3.1,1878,RUS,hussar,1
1878.3.1,1878,RUS,infantry,185
1878.3.1,1878,GER,artillery,168
1878.3.1,1878,GER,hussar,26
1878.3.1,1878,GER,infantry,184
1878.3.1,1878,NET,artillery,6
1878.3.1,1878,NET,dragoon,2
1878.3.1,1878,NET,infantry,5
1878.3.1,1878,BEL,artillery,24
1878.3.1,1878,BEL,dragoon,5
1878.3.1,1878,BEL,guard,8
1878.3.1,1878,BEL,infantry,11
1878.3.1,1878,SPA,artillery,54
1878.3.1,1878,SPA,hussar,2
1878.3.1,1878,SPA,infantry,47
1878.3.1,1878,KUK,artillery,100
1878.3.1,1878,KUK,dragoon,20
1878.3.1,1878,KUK,infantry,68
1878.3.1,1878,AST,artillery,31
1878.3.1,1878,AST,hussar,6
1878.3.1,1878,AST,infantry,21
1878.3.1,1878,WAL,artillery,18
1878.3.1,1878,WAL,hussar,2
1878.3.1,1878,WAL,infantry,1
1878.3.1,1878,SAR,artillery,36
1878.3.1,1878,SAR,guard,7
1878.3.1,1878,SAR,hussar,3
1878.3.1,1878,SAR,infantry,30
1878.3.1,1878,SIC,artillery,73
1878.3.1,1878,SIC,dragoon,16
1878.3.1,1878,SIC,infantry,47
1878.3.1,1878,TUR,artillery,38
1878.3.1,1878,TUR,hussar,8
1878.3.1,1878,TUR,infantry,33
1878.3.1,1878,MCK,cavalry,8
1878.3.1,1878,MCK,infantry,9
1878.3.1,1878,MCK,irregular,28
1878.3.1,1878,PER,artillery,25
1878.3.1,1878,PER,dragoon,1
1878.3.1,1878,PER,hussar,4
1878.3.1,1878,PER,infantry,16
1878.3.1,1878,JAS,dragoon,1
1878.3.1,1878,JAS,infantry,1
1878.3.1,1878,BIK,artillery,2
1878.3.1,1878,BIK,dragoon,1
1878.3.1,1878,BIK,infantry,2
1878.3.1,1878,MEW,dragoon,1
1878.3.1,1878,MEW,infantry,5
1878.3.1,1878,GWA,irregular,2
1878.3.1,1878,BUN,artillery,3
1878.3.1,1878,BUN,dragoon,1
1878.3.1,1878,BUN,infantry,3
1878.3.1,1878,NEP,cavalry,1
1878.3.1,1878,NEP,irregular,5
1878.3.1,1878,SIK,irregular,1
1878.3.1,1878,BHU,irregular,1
1878.3.1,1878,CHL,artillery,46
1878.3.1,1878,CHL,dragoon,6
1878.3.1,1878,CHL,hussar,2
1878.3.1,1878,CHL,infantry,20
1878.3.1,1878,MGL,cavalry,2
1878.3.1,1878,MGL,infantry,4
1878.3.1,1878,MGL,irregular,6
1878.3.1,1878,CHI,cavalry,54
1878.3.1,1878,CHI,infantry,42
1878.3.1,1878,CHI,irregular,227
1878.3.1,1878,GXI,cavalry,46
1878.3.1,1878,GXI,infantry,61
1878.3.1,1878,GXI,irregular,169
1878.3.1,1878,XBI,cavalry,4
1878.3.1,1878,XBI,infantry,2
1878.3.1,1878,XBI,irregular,30
1878.3.1,1878,YNN,cavalry,32
1878.3.1,1878,YNN,infantry,17
1878.3.1,1878,YNN,irregular,144
1878.3.1,1878,TIB,cavalry,3
1878.3.1,1878,TIB,infantry,5
1878.3.1,1878,TIB,irregular,6
1878.3.1,1878,XIN,cavalry,1
1878.3.1,1878,XIN,irregular,6
1878.3.1,1878,ALD,cavalry,2
1878.3.1,1878,ALD,infantry,3
1878.3.1,1878,ALD,irregular,3
1878.3.1,1878,MEX,artillery,54
1878.3.1,1878,MEX,cavalry,1
1878.3.1,1878,MEX,infantry,1
1878.3.1,1878,BRZ,artillery,9
1878.3.1,1878,ORA,infantry,2
1878.4.1,1878,USA,artillery,51
1878.4.1,1878,USA,dragoon,1
1878.4.1,1878,USA,hussar,10
1878.4.1,1878,ENG,artillery,245
1878.4.1,1878,ENG,cuirassier,2
1878.4.1,1878,ENG,hussar,18
1878.4.1,1878,ENG,infantry,130
1878.4.1,1878,FRA,artillery,151
1878.4.1,1878,FRA,dragoon,1
1878.4.1,1878,FRA,hussar,21
1878.4.1,1878,FRA,infantry,202
1878.4.1,1878,SCA,artillery,53
1878.4.1,1878,SCA,hussar,13
1878.4.1,1878,SCA,infantry,48
1878.4.1,1878,RUS,artillery,93
1878.4.1,1878,RUS,dragoon,14
1878.4.1,1878,RUS,hussar,1
1878.4.1,1878,RUS,infantry,191
1878.4.1,1878,GER,artillery,168
1878.4.1,1878,GER,hussar,26
1878.4.1,1878,GER,infantry,184
1878.4.1,1878,NET,artillery,6
1878.4.1,1878,NET,dragoon,2
1878.4.1,1878,NET,infantry,5
1878.4.1,1878,BEL,artillery,25
1878.4.1,1878,BEL,dragoon,5
1878.4.1,1878,BEL,guard,8
1878.4.1,1878,BEL,infantry,11
1878.4.1,1878,SPA,artillery,54
1878.4.1,1878,SPA,hussar,2
1878.4.1,1878,SPA,infantry,47
1878.4.1,1878,KUK,artillery,100
1878.4.1,1878,KUK,dragoon,20
1878.4.1,1878,KUK,infantry,68
1878.4.1,1878,AST,artillery,31
1878.4.1,1878,AST,hussar,6
1878.4.1,1878,AST,infantry,21
1878.4.1,1878,WAL,artillery,18
1878.4.1,1878,WAL,hussar,2
1878.4.1,1878,WAL,infantry,1
1878.4.1,1878,SAR,artillery,36
1878.4.1,1878,SAR,guard,7
1878.4.1,1878,SAR,hussar,3
1878.4.1,1878,SAR,infantry,30
1878.4.1,1878,SIC,artillery,73
1878.4.1,1878,SIC,dragoon,16
1878.4.1,1878,SIC,infantry,47
1878.4.1,1878,TUR,artillery,41
1878.4.1,1878,TUR,hussar,8
1878.4.1,1878,TUR,infantry,33
1878.4.1,1878,MCK,cavalry,8
1878.4.1,1878,MCK,infantry,9
1878.4.1,1878,MCK,irregular,28
1878.4.1,1878,PER,artillery,25
1878.4.1,1878,PER,dragoon,1
1878.4.1,1878,PER,hussar,4
1878.4.1,1878,PER,infantry,16
1878.4.1,1878,JAS,dragoon,1
1878.4.1,1878,JAS,infantry,1
1878.4.1,1878,BIK,artillery,2
1878.4.1,1878,BIK,dragoon,1
1878.4.1,1878,BIK,infantry,2
1878.4.1,1878,MEW,dragoon,1
1878.4.1,1878,MEW,infantry,5
1878.4.1,1878,GWA,irregular,2
1878.4.1,1878,BUN,artillery,3
1878.4.1,1878,BUN,dragoon,1
1878.4.1,1878,BUN,infantry,3
1878.4.1,1878,NEP,cavalry,1
1878.4.1,1878,NEP,irregular,5
1878.4.1,1878,SIK,irregular,1
1878.4.1,1878,BHU,irregular,1
1878.4.1,1878,CHL,artillery,46
1878.4.1,1878,CHL,dragoon,6
1878.4.1,1878,CHL,hussar,2
1878.4.1,1878,CHL,infantry,20
1878.4.1,1878,MGL,cavalry,2
1878.4.1,1878,MGL,infantry,4
1878.4.1,1878,MGL,irregular,6
1878.4.1,1878,CHI,cavalry,54
1878.4.1,1878,CHI,infantry,42
1878.4.1,1878,CHI,irregular,229
1878.4.1,1878,GXI,cavalry,46
1878.4.1,1878,GXI,infantry,61
1878.4.1,1878,GXI,irregular,169
1878.4.1,1878,XBI,cavalry,4
1878.4.1,1878,XBI,infantry,2
1878.4.1,1878,XBI,irregular,30
1878.4.1,1878,YNN,cavalry,32
1878.4.1,1878,YNN,infantry,17
1878.4.1,1878,YNN,irregular,144
1878.4.1,1878,TIB,cavalry,3
1878.4.1,1878,TIB,infantry,5
1878.4.1,1878,TIB,irregular,6
1878.4.1,1878,XIN,cavalry,1
1878.4.1,1878,XIN,irregular,6
1878.4.1,1878,ALD,cavalry,2
1878.4.1,1878,ALD,infantry,3
1878.4.1,1878,ALD,irregular,3
1878.4.1,1878,MEX,artillery,54
1878.4.1,1878,MEX,cavalry,1
1878.4.1,1878,MEX,infantry,1
1878.4.1,1878,BRZ,artillery,11
1878.4.1,1878,ORA,infantry,2
1878.5.1,1878,USA,artillery,51
1878.5.1,1878,USA,dragoon,1
1878.5.1,1878,USA,hussar,10
1878.5.1,1878,ENG,artillery,246
1878.5.1,1878,ENG,cuirassier,2
1878.5.1,1878,ENG,hussar,18
1878.5.1,1878,ENG,infantry,130
1878.5.1,1878,FRA,artillery,151
1878.5.1,1878,FRA,dragoon,1
1878.5.1,1878,FRA,hussar,21
1878.5.1,1878,FRA,infantry,202
1878.5.1,1878,SCA,artillery,53
1878.5.1,1878,SCA,hussar,13
1878.5.1,1878,SCA,infantry,48
1878.5.1,1878,RUS,artillery,93
1878.5.1,1878,RUS,dragoon,14
1878.5.1,1878,RUS,hussar,1
1878.5.1,1878,RUS,infantry,195
1878.5.1,1878,GER,artillery,168
1878.5.1,1878,GER,hussar,26
1878.5.1,1878,GER,infantry,184
1878.5.1,1878,NET,artillery,7
1878.5.1,1878,NET,dragoon,2
1878.5.1,1878,NET,infantry,5
1878.5.1,1878,BEL,artillery,25
1878.5.1,1878,BEL,dragoon,6
1878.5.1,1878,BEL,guard,8
1878.5.1,1878,BEL,infantry,11
1878.5.1,1878,SPA,artillery,54
1878.5.1,1878,SPA,hussar,2
1878.5.1,1878,SPA,infantry,47
1878.5.1,1878,KUK,artillery,100
1878.5.1,1878,KUK,dragoon,20
1878.5.1,1878,KUK,infantry,68
1878.5.1,1878,AST,artillery,31
1878.5.1,1878,AST,hussar,6
1878.5.1,1878,AST,infantry,21
1878.5.1,1878,WAL,artillery,18
1878.5.1,1878,WAL,hussar,2
1878.5.1,1878,WAL,infantry,1
1878.5.1,1878,SAR,artillery,36
1878.5.1,1878,SAR,guard,7
1878.5.1,1878,SAR,hussar,3
1878.5.1,1878,SAR,infantry,30
1878.5.1,1878,SIC,artillery,75
1878.5.1,1878,SIC,dragoon,16
1878.5.1,1878,SIC,infantry,47
1878.5.1,1878,TUR,artillery,41
1878.5.1,1878,TUR,hussar,8
1878.5.1,1878,TUR,infantry,33
1878.5.1,1878,MCK,cavalry,8
1878.5.1,1878,MCK,infantry,9
1878.5.1,1878,MCK,irregular,28
1878.5.1,1878,PER,artillery,25
1878.5.1,1878,PER,dragoon,1
1878.5.1,1878,PER,hussar,4
1878.5.1,1878,PER,infantry,16
1878.5.1,1878,JAS,dragoon,1
1878.5.1,1878,JAS,infantry,1
1878.5.1,1878,BIK,artillery,2
1878.5.1,1878,BIK,dragoon,1
1878.5.1,1878,BIK,infantry,2
1878.5.1,1878,MEW,dragoon,1
1878.5.1,1878,MEW,infantry,5
1878.5.1,1878,GWA,irregular,2
1878.5.1,1878,BUN,artillery,3
1878.5.1,1878,BUN,dragoon,1
1878.5.1,1878,BUN,infantry,3
1878.5.1,1878,NEP,cavalry,1
1878.5.1,1878,NEP,irregular,5
1878.5.1,1878,SIK,irregular,1
1878.5.1,1878,BHU,irregular,1
1878.5.1,1878,CHL,artillery,46
1878.5.1,1878,CHL,dragoon,6
1878.5.1,1878,CHL,hussar,2
1878.5.1,1878,CHL,infantry,20
1878.5.1,1878,MGL,cavalry,2
1878.5.1,1878,MGL,infantry,4
1878.5.1,1878,MGL,irregular,6
1878.5.1,1878,CHI,cavalry,54
1878.5.1,1878,CHI,infantry,43
1878.5.1,1878,CHI,irregular,231
1878.5.1,1878,GXI,cavalry,46
1878.5.1,1878,GXI,infantry,61
1878.5.1,1878,GXI,irregular,169
1878.5.1,1878,XBI,cavalry,4
1878.5.1,1878,XBI,infantry,2
1878.5.1,1878,XBI,irregular,30
1878.5.1,1878,YNN,cavalry,32
1878.5.1,1878,YNN,infantry,17
1878.5.1,1878,YNN,irregular,144
1878.5.1,1878,TIB,cavalry,3
1878.5.1,1878,TIB,infantry,5
1878.5.1,1878,TIB,irregular,6
1878.5.1,1878,XIN,cavalry,1
1878.5.1,1878,XIN,irregular,6
1878.5.1,1878,ALD,cavalry,2
1878.5.1,1878,ALD,infantry,3
1878.5.1,1878,ALD,irregular,3
1878.5.1,1878,MEX,artillery,54
1878.5.1,1878,MEX,cavalry,1
1878.5.1,1878,MEX,infantry,1
1878.5.1,1878,BRZ,artillery,13
1878.5.1,1878,ORA,infantry,2
1878.6.1,1878,USA,artillery,51
1878.6.1,1878,USA,dragoon,1
1878.6.1,1878,USA,hussar,10
1878.6.1,1878,ENG,artillery,246
1878.6.1,1878,ENG,cuirassier,2
1878.6.1,1878,ENG,hussar,18
1878.6.1,1878,ENG,infantry,130
1878.6.1,1878,FRA,artillery,151
1878.6.1,1878,FRA,dragoon,1
1878.6.1,1878,FRA,hussar,21
1878.6.1,1878,FRA,infantry,202
1878.6.1,1878,SCA,artillery,53
1878.6.1,1878,SCA,hussar,13
1878.6.1,1878,SCA,infantry,48
1878.6.1,1878,RUS,artillery,93
1878.6.1,1878,RUS,dragoon,14
1878.6.1,1878,RUS,hussar,1
1878.6.1,1878,RUS,infantry,198
1878.6.1,1878,GER,artillery,168
1878.6.1,1878,GER,hussar,26
1878.6.1,1878,GER,infantry,184
1878.6.1,1878,NET,artillery,7
1878.6.1,1878,NET,dragoon,2
1878.6.1,1878,NET,infantry,5
1878.6.1,1878,BEL,artillery,25
1878.6.1,1878,BEL,dragoon,6
1878.6.1,1878,BEL,guard,8
1878.6.1,1878,BEL,infantry,11
1878.6.1,1878,SPA,artillery,54
1878.6.1,1878,SPA,hussar,2
1878.6.1,1878,SPA,infantry,47
1878.6.1,1878,KUK,artillery,100
1878.6.1,1878,KUK,dragoon,20
1878.6.1,1878,KUK,infantry,68
1878.6.1,1878,AST,artillery,31
1878.6.1,1878,AST,hussar,6
1878.6.1,1878,AST,infantry,21
1878.6.1,1878,WAL,artillery,18
1878.6.1,1878,WAL,hussar,2
1878.6.1,1878,WAL,infantry,1
1878.6.1,1878,SAR,artillery,36
1878.6.1,1878,SAR,guard,7
1878.6.1,1878,SAR,hussar,3
1878.6.1,1878,SAR,infantry,30
1878.6.1,1878,SIC,artillery,75
1878.6.1,1878,SIC,dragoon,16
1878.6.1,1878,SIC,infantry,47
1878.6.1,1878,TUR,artillery,41
1878.6.1,1878,TUR,hussar,8
1878.6.1,1878,TUR,infantry,33
1878.6.1,1878,MCK,cavalry,8
1878.6.1,1878,MCK,infantry,9
1878.6.1,1878,MCK,irregular,28
1878.6.1,1878,PER,artillery,25
1878.6.1,1878,PER,dragoon,1
1878.6.1,1878,PER,hussar,4
1878.6.1,1878,PER,infantry,16
1878.6.1,1878,JAS,dragoon,1
1878.6.1,1878,JAS,infantry,1
1878.6.1,1878,BIK,artillery,2
1878.6.1,1878,BIK,dragoon,1
1878.6.1,1878,BIK,infantry,2
1878.6.1,1878,MEW,dragoon,1
1878.6.1,1878,MEW,infantry,5
1878.6.1,1878,GWA,cavalry,1
1878.6.1,1878,GWA,irregular,1
1878.6.1,1878,BUN,artillery,3
1878.6.1,1878,BUN,dragoon,1
1878.6.1,1878,BUN,infantry,3
1878.6.1,1878,NEP,cavalry,1
1878.6.1,1878,NEP,irregular,5
1878.6.1,1878,SIK,irregular,1
1878.6.1,1878,BHU,irregular,1
1878.6.1,1878,CHL,artillery,47
1878.6.1,1878,CHL,dragoon,6
1878.6.1,1878,CHL,hussar,2
1878.6.1,1878,CHL,infantry,20
1878.6.1,1878,MGL,cavalry,2
1878.6.1,1878,MGL,infantry,4
1878.6.1,1878,MGL,irregular,6
1878.6.1,1878,CHI,cavalry,54
1878.6.1,1878,CHI,infantry,43
1878.6.1,1878,CHI,irregular,231
1878.6.1,1878,GXI,cavalry,46
1878.6.1,1878,GXI,infantry,62
1878.6.1,1878,GXI,irregular,169
1878.6.1,1878,XBI,cavalry,4
1878.6.1,1878,XBI,infantry,2
1878.6.1,1878,XBI,irregular,30
1878.6.1,1878,YNN,cavalry,32
1878.6.1,1878,YNN,infantry,17
1878.6.1,1878,YNN,irregular,144
1878.6.1,1878,TIB,cavalry,3
1878.6.1,1878,TIB,infantry,5
1878.6.1,1878,TIB,irregular,6
1878.6.1,1878,XIN,cavalry,1
1878.6.1,1878,XIN,irregular,6
1878.6.1,1878,ALD,cavalry,2
1878.6.1,1878,ALD,infantry,3
1878.6.1,1878,ALD,irregular,3
1878.6.1,1878,MEX,artillery,54
1878.6.1,1878,MEX,cavalry,1
1878.6.1,1878,MEX,infantry,1
1878.6.1,1878,BRZ,artillery,16
1878.6.1,1878,BRZ,dragoon,2
1878.6.1,1878,ORA,infantry,2
1878.7.1,1878,USA,artillery,50
1878.7.1,1878,USA,dragoon,1
1878.7.1,1878,USA,hussar,10
1878.7.1,1878,ENG,artillery,246
1878.7.1,1878,ENG,cuirassier,2
1878.7.1,1878,ENG,hussar,18
1878.7.1,1878,ENG,infantry,130
1878.7.1,1878,FRA,artillery,151
1878.7.1,1878,FRA,dragoon,1
1878.7.1,1878,FRA,hussar,21
1878.7.1,1878,FRA,infantry,202
1878.7.1,1878,SCA,artillery,53
1878.7.1,1878,SCA,hussar,13
1878.7.1,1878,SCA,infantry,48
1878.7.1,1878,RUS,artillery,93
1878.7.1,1878,RUS,dragoon,14
1878.7.1,1878,RUS,hussar,1
1878.7.1,1878,RUS,infantry,198
1878.7.1,1878,GER,artillery,171
1878.7.1,1878,GER,hussar,26
1878.7.1,1878,GER,infantry,184
1878.7.1,1878,NET,artillery,7
1878.7.1,1878,NET,dragoon,2
1878.7.1,1878,NET,infantry,5
1878.7.1,1878,BEL,artillery,26
1878.7.1,1878,BEL,dragoon,6
1878.7.1,1878,BEL,guard,8
1878.7.1,1878,BEL,infantry,11
1878.7.1,1878,SPA,artillery,54
1878.7.1,1878,SPA,hussar,2
1878.7.1,1878,SPA,infantry,47
1878.7.1,1878,KUK,artillery,100
1878.7.1,1878,KUK,dragoon,20
1878.7.1,1878,KUK,infantry,68
1878.7.1,1878,AST,artillery,31
1878.7.1,1878,AST,hussar,6
1878.7.1,1878,AST,infantry,21
1878.7.1,1878,WAL,artillery,18
1878.7.1,1878,WAL,hussar,2
1878.7.1,1878,WAL,infantry,1
1878.7.1,1878,SAR,artillery,36
1878.7.1,1878,SAR,guard,7
1878.7.1,1878,SAR,hussar,3
1878.7.1,1878,SAR,infantry,30
1878.7.1,1878,SIC,artillery,76
1878.7.1,1878,SIC,dragoon,16
1878.7.1,1878,SIC,infantry,47
1878.7.1,1878,TUR,artillery,41
1878.7.1,1878,TUR,hussar,8
1878.7.1,1878,TUR,infantry,33
1878.7.1,1878,MCK,cavalry,8
1878.7.1,1878,MCK,infantry,9
1878.7.1,1878,MCK,irregular,28
1878.7.1,1878,PER,artillery,25
1878.7.1,1878,PER,dragoon,1
1878.7.1,1878,PER,hussar,4
1878.7.1,1878,PER,infantry,16
1878.7.1,1878,JAS,dragoon,1
1878.7.1,1878,JAS,infantry,1
1878.7.1,1878,BIK,artillery,2
1878.7.1,1878,BIK,dragoon,1
1878.7.1,1878,BIK,infantry,2
1878.7.1,1878,MEW,dragoon,1
1878.7.1,1878,MEW,infantry,5
1878.7.1,1878,GWA,cavalry,1
1878.7.1,1878,GWA,irregular,1
1878.7.1,1878,BUN,artillery,3
1878.7.1,1878,BUN,dragoon,1
1878.7.1,1878,BUN,infantry,3
1878.7.1,1878,NEP,cavalry,1
1878.7.1,1878,NEP,irregular,5
1878.7.1,1878,SIK,irregular,1
1878.7.1,1878,BHU,irregular,1
1878.7.1,1878,CHL,artillery,48
1878.7.1,1878,CHL,dragoon,6
1878.7.1,1878,CHL,hussar,2
1878.7.1,1878,CHL,infantry,20
1878.7.1,1878,MGL,cavalry,2
1878.7.1,1878,MGL,infantry,4
1878.7.1,1878,MGL,irregular,6
1878.7.1,1878,CHI,cavalry,54
1878.7.1,1878,CHI,infantry,43
1878.7.1,1878,CHI,irregular,232
1878.7.1,1878,GXI,cavalry,46
1878.7.1,1878,GXI,infantry,62
1878.7.1,1878,GXI,irregular,169
1878.7.1,1878,XBI,cavalry,4
1878.7.1,1878,XBI,infantry,2
1878.7.1,1878,XBI,irregular,30
1878.7.1,1878,YNN,cavalry,32
1878.7.1,1878,YNN,infantry,17
1878.7.1,1878,YNN,irregular,144
1878.7.1,1878,TIB,cavalry,3
1878.7.1,1878,TIB,infantry,5
1878.7.1,1878,TIB,irregular,6
1878.7.1,1878,XIN,cavalry,1
1878.7.1,1878,XIN,irregular,6
1878.7.1,1878,ALD,cavalry,2
1878.7.1,1878,ALD,infantry,3
1878.7.1,1878,ALD,irregular,3
1878.7.1,1878,MEX,artillery,54
1878.7.1,1878,MEX,cavalry,1
1878.7.1,1878,MEX,infantry,1
1878.7.1,1878,BRZ,artillery,19
1878.7.1,1878,BRZ,dragoon,2
1878.7.1,1878,ORA,infantry,2
1878.8.1,1878,USA,artillery,47
1878.8.1,1878,USA,dragoon,1
1878.8.1,1878,USA,hussar,9
1878.8.1,1878,ENG,artillery,246
1878.8.1,1878,ENG,cuirassier,2
1878.8.1,1878,ENG,hussar,18
1878.8.1,1878,ENG,infantry,130
1878.8.1,1878,FRA,artillery,151
1878.8.1,1878,FRA,dragoon,1
1878.8.1,1878,FRA,hussar,21
1878.8.1,1878,FRA,infantry,202
1878.8.1,1878,SCA,artillery,53
1878.8.1,1878,SCA,hussar,13
1878.8.1,1878,SCA,infantry,48
1878.8.1,1878,RUS,artillery,93
1878.8.1,1878,RUS,dragoon,14
1878.8.1,1878,RUS,hussar,1
1878.8.1,1878,RUS,infantry,198
1878.8.1,1878,GER,artillery,174
1878.8.1,1878,GER,hussar,26
1878.8.1,1878,GER,infantry,184
1878.8.1,1878,NET,artillery,7
1878.8.1,1878,NET,dragoon,2
1878.8.1,1878,NET,infantry,5
1878.8.1,1878,BEL,artillery,26
1878.8.1,1878,BEL,dragoon,6
1878.8.1,1878,BEL,guard,8
1878.8.1,1878,BEL,infantry,11
1878.8.1,1878,SPA,artillery,54
1878.8.1,1878,SPA,hussar,2
1878.8.1,1878,SPA,infantry,47
1878.8.1,1878,KUK,artillery,100
1878.8.1,1878,KUK,dragoon,20
1878.8.1,1878,KUK,infantry,68
1878.8.1,1878,AST,artillery,31
1878.8.1,1878,AST,hussar,6
1878.8.1,1878,AST,infantry,21
1878.8.1,1878,WAL,artillery,18
1878.8.1,1878,WAL,hussar,2
1878.8.1,1878,WAL,infantry,1
1878.8.1,1878,SAR,artillery,36
1878.8.1,1878,SAR,guard,7
1878.8.1,1878,SAR,hussar,3
1878.8.1,1878,SAR,infantry,30
1878.8.1,1878,SIC,artillery,76
1878.8.1,1878,SIC,dragoon,16
1878.8.1,1878,SIC,infantry,47
1878.8.1,1878,TUR,artillery,41
1878.8.1,1878,TUR,hussar,8
1878.8.1,1878,TUR,infantry,33
1878.8.1,1878,MCK,cavalry,8
1878.8.1,1878,MCK,infantry,9
1878.8.1,1878,MCK,irregular,28
1878.8.1,1878,PER,artillery,25
1878.8.1,1878,PER,dragoon,1
1878.8.1,1878,PER,hussar,4
1878.8.1,1878,PER,infantry,16
1878.8.1,1878,JAS,dragoon,1
1878.8.1,1878,JAS,infantry,1
1878.8.1,1878,BIK,artillery,2
1878.8.1,1878,BIK,dragoon,1
1878.8.1,1878,BIK,infantry,2
1878.8.1,1878,MEW,dragoon,1
1878.8.1,1878,MEW,infantry,5
1878.8.1,1878,GWA,cavalry,1
1878.8.1,1878,GWA,irregular,1
1878.8.1,1878,BUN,artillery,3
1878.8.1,1878,BUN,dragoon,1
1878.8.1,1878,BUN,infantry,3
1878.8.1,1878,NEP,cavalry,1
1878.8.1,1878,NEP,irregular,5
1878.8.1,1878,SIK,irregular,1
1878.8.1,1878,BHU,irregular,1
1878.8.1,1878,CHL,artillery,48
1878.8.1,1878,CHL,dragoon,6
1878.8.1,1878,CHL,hussar,2
1878.8.1,1878,CHL,infantry,20
1878.8.1,1878,MGL,cavalry,2
1878.8.1,1878,MGL,infantry,4
1878.8.1,1878,MGL,irregular,6
1878.8.1,1878,CHI,cavalry,54
1878.8.1,1878,CHI,infantry,43
1878.8.1,1878,CHI,irregular,233
1878.8.1,1878,GXI,cavalry,46
1878.8.1,1878,GXI,infantry,62
1878.8.1,1878,GXI,irregular,169
1878.8.1,1878,XBI,cavalry,4
1878.8.1,1878,XBI,infantry,2
1878.8.1,1878,XBI,irregular,30
1878.8.1,1878,YNN,cavalry,32
1878.8.1,1878,YNN,infantry,17
1878.8.1,1878,YNN,irregular,144
1878.8.1,1878,TIB,cavalry,3
1878.8.1,1878,TIB,infantry,5
1878.8.1,1878,TIB,irregular,6
1878.8.1,1878,XIN,cavalry,1
1878.8.1,1878,XIN,irregular,6
1878.8.1,1878,ALD,cavalry,2
1878.8.1,1878,ALD,infantry,3
1878.8.1,1878,ALD,irregular,3
1878.8.1,1878,MEX,artillery,54
1878.8.1,1878,MEX,cavalry,1
1878.8.1,1878,MEX,infantry,1
1878.8.1,1878,BRZ,artillery,20
1878.8.1,1878,BRZ,dragoon,2
1878.8.1,1878,ORA,infantry,2
1878.9.1,1878,USA,artillery,47
1878.9.1,1878,USA,dragoon,1
1878.9.1,1878,USA,hussar,9
1878.9.1,1878,ENG,artillery,246
1878.9.1,1878,ENG,cuirassier,2
1878.9.1,1878,ENG,hussar,18
1878.9.1,1878,ENG,infantry,130
1878.9.1,1878,FRA,artillery,151
1878.9.1,1878,FRA,dragoon,1
1878.9.1,1878,FRA,hussar,21
1878.9.1,1878,FRA,infantry,202
1878.9.1,1878,SCA,artillery,53
1878.9.1,1878,SCA,hussar,13
1878.9.1,1878,SCA,infantry,48
1878.9.1,1878,RUS,artillery,93
1878.9.1,1878,RUS,dragoon,14
1878.9.1,1878,RUS,hussar,1
1878.9.1,1878,RUS,infantry,198
1878.9.1,1878,GER,artillery,177
1878.9.1,1878,GER,hussar,26
1878.9.1,1878,GER,infantry,184
1878.9.1,1878,NET,artillery,7
1878.9.1,1878,NET,dragoon,2
1878.9.1,1878,NET,infantry,5
1878.9.1,1878,BEL,artillery,26
1878.9.1,1878,BEL,dragoon,6
1878.9.1,1878,BEL,guard,8
1878.9.1,1878,BEL,infantry,11
1878.9.1,1878,SPA,artillery,54
1878.9.1,1878,SPA,hussar,2
1878.9.1,1878,SPA,infantry,47
1878.9.1,1878,KUK,artillery,100
1878.9.1,1878,KUK,dragoon,20
1878.9.1,1878,KUK,infantry,76
1878.9.1,1878,AST,artillery,31
1878.9.1,1878,AST,hussar,6
1878.9.1,1878,AST,infantry,20
1878.9.1,1878,WAL,artillery,18
1878.9.1,1878,WAL,hussar,2
1878.9.1,1878,WAL,infantry,1
1878.9.1,1878,SAR,artillery,36
1878.9.1,1878,SAR,guard,7
1878.9.1,1878,SAR,hussar,3
1878.9.1,1878,SAR,infantry,30
1878.9.1,1878,SIC,artillery,77
1878.9.1,1878,SIC,dragoon,16
1878.9.1,1878,SIC,infantry,47
1878.9.1,1878,TUR,artillery,41
1878.9.1,1878,TUR,hussar,8
1878.9.1,1878,TUR,infantry,33
1878.9.1,1878,MCK,cavalry,8
1878.9.1,1878,MCK,infantry,9
1878.9.1,1878,MCK,irregular,28
1878.9.1,1878,PER,artillery,25
1878.9.1,1878,PER,dragoon,1
1878.9.1,1878,PER,hussar,4
1878.9.1,1878,PER,infantry,16
1878.9.1,1878,JAS,dragoon,1
1878.9.1,1878,JAS,infantry,1
1878.9.1,1878,BIK,artillery,2
1878.9.1,1878,BIK,dragoon,1
1878.9.1,1878,BIK,infantry,2
1878.9.1,1878,MEW,dragoon,1
1878.9.1,1878,MEW,infantry,5
1878.9.1,1878,GWA,cavalry,1
1878.9.1,1878,GWA,irregular,1
1878.9.1,1878,BUN,artillery,3
1878.9.1,1878,BUN,dragoon,1
1878.9.1,1878,BUN,infantry,3
1878.9.1,1878,NEP,cavalry,1
1878.9.1,1878,NEP,irregular,5
1878.9.1,1878,SIK,irregular,1
1878.9.1,1878,BHU,irregular,1
1878.9.1,1878,CHL,artillery,48
1878.9.1,1878,CHL,dragoon,6
1878.9.1,1878,CHL,hussar,2
1878.9.1,1878,CHL,infantry,20
1878.9.1,1878,MGL,cavalry,2
1878.9.1,1878,MGL,infantry,4
1878.9.1,1878,MGL,irregular,6
1878.9.1,1878,CHI,cavalry,54
1878.9.1,1878,CHI,infantry,44
1878.9.1,1878,CHI,irregular,233
1878.9.1,1878,GXI,cavalry,46
1878.9.1,1878,GXI,infantry,62
1878.9.1,1878,GXI,irregular,169
1878.9.1,1878,XBI,cavalry,4
1878.9.1,1878,XBI,infantry,2
1878.9.1,1878,XBI,irregular,30
1878.9.1,1878,YNN,cavalry,32
1878.9.1,1878,YNN,infantry,17
1878.9.1,1878,YNN,irregular,144
1878.9.1,1878,TIB,cavalry,3
1878.9.1,1878,TIB,infantry,5
1878.9.1,1878,TIB,irregular,6
1878.9.1,1878,XIN,cavalry,1
1878.9.1,1878,XIN,irregular,6
1878.9.1,1878,ALD,cavalry,2
1878.9.1,1878,ALD,infantry,3
1878.9.1,1878,ALD,irregular,3
1878.9.1,1878,MEX,artillery,54
1878.9.1,1878,MEX,cavalry,1
1878.9.1,1878,MEX,infantry,1
1878.9.1,1878,BRZ,artillery,22
1878.9.1,1878,BRZ,dragoon,3
1878.9.1,1878,ORA,infantry,2
1878.10.1,1878,USA,artillery,47
1878.10.1,1878,USA,dragoon,1
1878.10.1,1878,USA,hussar,9
1878.10.1,1878,ENG,artillery,246
1878.10.1,1878,ENG,cuirassier,2
1878.10.1,1878,ENG,hussar,18
1878.10.1,1878,ENG,infantry,130
1878.10.1,1878,FRA,artillery,151
1878.10.1,1878,FRA,dragoon,1
1878.10.1,1878,FRA,hussar,21
1878.10.1,1878,FRA,infantry,202
1878.10.1,1878,SCA,artillery,53
1878.10.1,1878,SCA,hussar,13
1878.10.1,1878,SCA,infantry,48
1878.10.1,1878,RUS,artillery,93
1878.10.1,1878,RUS,dragoon,14
1878.10.1,1878,RUS,hussar,1
1878.10.1,1878,RUS,infantry,196
1878.10.1,1878,GER,artillery,180
1878.10.1,1878,GER,hussar,26
1878.10.1,1878,GER,infantry,184
1878.10.1,1878,NET,artillery,7
1878.10.1,1878,NET,dragoon,2
1878.10.1,1878,BEL,artillery,26
1878.10.1,1878,BEL,dragoon,6
1878.10.1,1878,BEL,guard,8
1878.10.1,1878,BEL,infantry,11
1878.10.1,1878,SPA,artillery,69
1878.10.1,1878,SPA,hussar,2
1878.10.1,1878,SPA,infantry,47
1878.10.1,1878,KUK,artillery,100
1878.10.1,1878,KUK,dragoon,20
1878.10.1,1878,KUK,infantry,76
1878.10.1,1878,AST,artillery,31
1878.10.1,1878,AST,hussar,6
1878.10.1,1878,AST,infantry,20
1878.10.1,1878,WAL,artillery,18
1878.10.1,1878,WAL,hussar,2
1878.10.1,1878,WAL,infantry,1
1878.10.1,1878,SAR,artillery,36
1878.10.1,1878,SAR,guard,7
1878.10.1,1878,SAR,hussar,3
1878.10.1,1878,SAR,infantry,30
1878.10.1,1878,SIC,artillery,77
1878.10.1,1878,SIC,dragoon,16
1878.10.1,1878,SIC,infantry,47
1878.10.1,1878,TUR,artillery,41
1878.10.1,1878,TUR,hussar,8
1878.10.1,1878,TUR,infantry,33
1878.10.1,1878,MCK,cavalry,8
1878.10.1,1878,MCK,infantry,9
1878.10.1,1878,MCK,irregular,28
1878.10.1,1878,PER,artillery,25
1878.10.1,1878,PER,dragoon,1
1878.10.1,1878,PER,hussar,4
1878.10.1,1878,PER,infantry,16
1878.10.1,1878,JAS,dragoon,1
1878.10.1,1878,JAS,infantry,1
1878.10.1,1878,BIK,artillery,2
1878.10.1,1878,BIK,dragoon,1
1878.10.1,1878,BIK,infantry,2
1878.10.1,1878,MEW,dragoon,1
1878.10.1,1878,MEW,infantry,5
1878.10.1,1878,GWA,irregular,2
1878.10.1,1878,BUN,artillery,3
1878.10.1,1878,BUN,dragoon,1
1878.10.1,1878,BUN,infantry,3
1878.10.1,1878,NEP,cavalry,1
1878.10.1,1878,NEP,irregular,5
1878.10.1,1878,SIK,irregular,1
1878.10.1,1878,BHU,irregular,1
1878.10.1,1878,CHL,artillery,48
1878.10.1,1878,CHL,dragoon,6
1878.10.1,1878,CHL,hussar,2
1878.10.1,1878,CHL,infantry,20
1878.10.1,1878,MGL,cavalry,2
1878.10.1,1878,MGL,infantry,4
1878.10.1,1878,MGL,irregular,6
1878.10.1,1878,CHI,cavalry,54
1878.10.1,1878,CHI,infantry,44
1878.10.1,1878,CHI,irregular,234
1878.10.1,1878,GXI,cavalry,46
1878.10.1,1878,GXI,infantry,62
1878.10.1,1878,GXI,irregular,169
1878.10.1,1878,XBI,cavalry,4
1878.10.1,1878,XBI,infantry,2
1878.10.1,1878,XBI,irregular,30
1878.10.1,1878,YNN,cavalry,33
1878.10.1,1878,YNN,infantry,17
1878.10.1,1878,YNN,irregular,144
1878.10.1,1878,TIB,cavalry,3
1878.10.1,1878,TIB,infantry,5
1878.10.1,1878,TIB,irregular,6
1878.10.1,1878,XIN,cavalry,1
1878.10.1,1878,XIN,irregular,6
1878.10.1,1878,ALD,cavalry,2
1878.10.1,1878,ALD,infantry,3
1878.10.1,1878,ALD,irregular,3
1878.10.1,1878,MEX,artillery,54
1878.10.1,1878,MEX,cavalry,1
1878.10.1,1878,MEX,infantry,1
1878.10.1,1878,BRZ,artillery,22
1878.10.1,1878,BRZ,dragoon,4
1878.10.1,1878,ORA,infantry,2
1878.11.1,1878,USA,artillery,50
1878.11.1,1878,USA,dragoon,1
1878.11.1,1878,USA,hussar,9
1878.11.1,1878,ENG,artillery,246
1878.11.1,1878,ENG,cuirassier,2
1878.11.1,1878,ENG,hussar,18
1878.11.1,1878,ENG,infantry,130
1878.11.1,1878,FRA,artillery,151
1878.11.1,1878,FRA,dragoon,1
1878.11.1,1878,FRA,hussar,21
1878.11.1,1878,FRA,infantry,202
1878.11.1,1878,SCA,artillery,53
1878.11.1,1878,SCA,hussar,13
1878.11.1,1878,SCA,infantry,48
1878.11.1,1878,RUS,artillery,100
1878.11.1,1878,RUS,dragoon,14
1878.11.1,1878,RUS,hussar,1
1878.11.1,1878,RUS,infantry,196
1878.11.1,1878,GER,artillery,183
1878.11.1,1878,GER,hussar,26
1878.11.1,1878,GER,infantry,184
1878.11.1,1878,NET,artillery,7
1878.11.1,1878,NET,dragoon,2
1878.11.1,1878,BEL,artillery,26
1878.11.1,1878,BEL,dragoon,6
1878.11.1,1878,BEL,guard,8
1878.11.1,1878,BEL,infantry,11
1878.11.1,1878,SPA,artillery,71
1878.11.1,1878,SPA,hussar,2
1878.11.1,1878,SPA,infantry,47
1878.11.1,1878,KUK,artillery,100
1878.11.1,1878,KUK,dragoon,20
1878.11.1,1878,KUK,infantry,76
1878.11.1,1878,AST,artillery,31
1878.11.1,1878,AST,hussar,6
1878.11.1,1878,AST,infantry,20
1878.11.1,1878,WAL,artillery,18
1878.11.1,1878,WAL,hussar,2
1878.11.1,1878,WAL,infantry,1
1878.11.1,1878,SAR,artillery,36
1878.11.1,1878,SAR,guard,7
1878.11.1,1878,SAR,hussar,3
1878.11.1,1878,SAR,infantry,30
1878.11.1,1878,SIC,artillery,77
1878.11.1,1878,SIC,dragoon,16
1878.11.1,1878,SIC,infantry,47
1878.11.1,1878,TUR,artillery,41
1878.11.1,1878,TUR,hussar,8
1878.11.1,1878,TUR,infantry,33
1878.11.1,1878,MCK,cavalry,8
1878.11.1,1878,MCK,infantry,9
1878.11.1,1878,MCK,irregular,28
1878.11.1,1878,PER,artillery,25
1878.11.1,1878,PER,dragoon,1
1878.11.1,1878,PER,hussar,4
1878.11.1,1878,PER,infantry,16
1878.11.1,1878,JAS,dragoon,1
1878.11.1,1878,JAS,infantry,1
1878.11.1,1878,BIK,artillery,2
1878.11.1,1878,BIK,dragoon,1
1878.11.1,1878,BIK,infantry,2
1878.11.1,1878,MEW,dragoon,1
1878.11.1,1878,MEW,infantry,5
1878.11.1,1878,GWA,irregular,2
1878.11.1,1878,BUN,artillery,3
1878.11.1,1878,BUN,dragoon,1
1878.11.1,1878,BUN,infantry,3
1878.11.1,1878,NEP,cavalry,1
1878.11.1,1878,NEP,irregular,5
1878.11.1,1878,SIK,irregular,1
1878.11.1,1878,BHU,irregular,1
1878.11.1,1878,CHL,artillery,48
1878.11.1,1878,CHL,dragoon,6
1878.11.1,1878,CHL,hussar,2
1878.11.1,1878,CHL,infantry,20
1878.11.1,1878,MGL,cavalry,2
1878.11.1,1878,MGL,infantry,4
1878.11.1,1878,MGL,irregular,6
1878.11.1,1878,CHI,cavalry,54
1878.11.1,1878,CHI,infantry,44
1878.11.1,1878,CHI,irregular,235
1878.11.1,1878,GXI,cavalry,47
1878.11.1,1878,GXI,infantry,62
1878.11.1,1878,GXI,irregular,169
1878.11.1,1878,XBI,cavalry,4
1878.11.1,1878,XBI,infantry,2
1878.11.1,1878,XBI,irregular,30
1878.11.1,1878,YNN,cavalry,33
1878.11.1,1878,YNN,infantry,17
1878.11.1,1878,YNN,irregular,143
1878.11.1,1878,TIB,cavalry,3
1878.11.1,1878,TIB,infantry,5
1878.11.1,1878,TIB,irregular,6
1878.11.1,1878,XIN,cavalry,1
1878.11.1,1878,XIN,irregular,6
1878.11.1,1878,ALD,cavalry,2
1878.11.1,1878,ALD,infantry,3
1878.11.1,1878,ALD,irregular,3
1878.11.1,1878,MEX,artillery,54
1878.11.1,1878,MEX,cavalry,1
1878.11.1,1878,MEX,infantry,1
1878.11.1,1878,BRZ,artillery,23
1878.11.1,1878,BRZ,dragoon,4
1878.11.1,1878,ORA,infantry,2
1878.12.1,1878,USA,artillery,50
1878.12.1,1878,USA,dragoon,1
1878.12.1,1878,USA,hussar,9
1878.12.1,1878,ENG,artillery,246
1878.12.1,1878,ENG,cuirassier,2
1878.12.1,1878,ENG,hussar,18
1878.12.1,1878,ENG,infantry,130
1878.12.1,1878,FRA,artillery,150
1878.12.1,1878,FRA,dragoon,1
1878.12.1,1878,FRA,hussar,20
1878.12.1,1878,FRA,infantry,202
1878.12.1,1878,SCA,artillery,53
1878.12.1,1878,SCA,hussar,13
1878.12.1,1878,SCA,infantry,48
1878.12.1,1878,RUS,artillery,102
1878.12.1,1878,RUS,dragoon,14
1878.12.1,1878,RUS,hussar,1
1878.12.1,1878,RUS,infantry,195
1878.12.1,1878,GER,artillery,186
1878.12.1,1878,GER,hussar,26
1878.12.1,1878,GER,infantry,184
1878.12.1,1878,NET,artillery,7
1878.12.1,1878,NET,dragoon,2
1878.12.1,1878,BEL,artillery,26
1878.12.1,1878,BEL,dragoon,6
1878.12.1,1878,BEL,guard,8
1878.12.1,1878,BEL,infantry,11
1878.12.1,1878,SPA,artillery,71
1878.12.1,1878,SPA,hussar,2
1878.12.1,1878,SPA,infantry,47
1878.12.1,1878,KUK,artillery,100
1878.12.1,1878,KUK,dragoon,20
1878.12.1,1878,KUK,infantry,76
1878.12.1,1878,AST,artillery,31
1878.12.1,1878,AST,hussar,6
1878.12.1,1878,AST,infantry,20
1878.12.1,1878,WAL,artillery,18
1878.12.1,1878,WAL,hussar,2
1878.12.1,1878,WAL,infantry,1
1878.12.1,1878,SAR,artillery,36
1878.12.1,1878,SAR,guard,7
1878.12.1,1878,SAR,hussar,3
1878.12.1,1878,SAR,infantry,30
1878.12.1,1878,SIC,artillery,77
1878.12.1,1878,SIC,dragoon,16
1878.12.1,1878,SIC,infantry,47
1878.12.1,1878,TUR,artillery,41
1878.12.1,1878,TUR,hussar,8
1878.12.1,1878,TUR,infantry,33
1878.12.1,1878,MCK,cavalry,8
1878.12.1,1878,MCK,infantry,9
1878.12.1,1878,MCK,irregular,28
1878.12.1,1878,PER,artillery,25
1878.12.1,1878,PER,dragoon,1
1878.12.1,1878,PER,hussar,4
1878.12.1,1878,PER,infantry,16
1878.12.1,1878,JAS,dragoon,1
1878.12.1,1878,JAS,infantry,1
1878.12.1,1878,BIK,artillery,2
1878.12.1,1878,BIK,dragoon,1
1878.12.1,1878,BIK,infantry,2
1878.12.1,1878,MEW,dragoon,1
1878.12.1,1878,MEW,infantry,5
1878.12.1,1878,GWA,irregular,2
1878.12.1,1878,BUN,artillery,3
1878.12.1,1878,BUN,dragoon,1
1878.12.1,1878,BUN,infantry,3
1878.12.1,1878,NEP,cavalry,1
1878.12.1,1878,NEP,irregular,5
1878.12.1,1878,SIK,irregular,1
1878.12.1,1878,BHU,irregular,1
1878.12.1,1878,CHL,artillery,48
1878.12.1,1878,CHL,dragoon,6
1878.12.1,1878,CHL,hussar,2
1878.12.1,1878,CHL,infantry,20
1878.12.1,1878,MGL,cavalry,2
1878.12.1,1878,MGL,infantry,4
1878.12.1,1878,MGL,irregular,6
1878.12.1,1878,CHI,cavalry,54
1878.12.1,1878,CHI,infantry,45
1878.12.1,1878,CHI,irregular,235
1878.12.1,1878,GXI,cavalry,47
1878.12.1,1878,GXI,infantry,63
1878.12.1,1878,GXI,irregular,169
1878.12.1,1878,XBI,cavalry,4
1878.12.1,1878,XBI,infantry,2
1878.12.1,1878,XBI,irregular,30
1878.12.1,1878,YNN,cavalry,33
1878.12.1,1878,YNN,infantry,17
1878.12.1,1878,YNN,irregular,143
1878.12.1,1878,TIB,cavalry,3
1878.12.1,1878,TIB,infantry,5
1878.12.1,1878,TIB,irregular,6
1878.12.1,1878,XIN,cavalry,1
1878.12.1,1878,XIN,irregular,6
1878.12.1,1878,ALD,cavalry,2
1878.12.1,1878,ALD,infantry,3
1878.12.1,1878,ALD,irregular,3
1878.12.1,1878,MEX,artillery,54
1878.12.1,1878,MEX,cavalry,1
1878.12.1,1878,MEX,infantry,1
1878.12.1,1878,BRZ,artillery,26
1878.12.1,1878,BRZ,dragoon,5
1878.12.1,1878,ORA,infantry,2
1879.1.1,1879,USA,artillery,55
1879.1.1,1879,USA,dragoon,1
1879.1.1,1879,USA,hussar,10
1879.1.1,1879,ENG,artillery,246
1879.1.1,1879,ENG,cuirassier,2
1879.1.1,1879,ENG,hussar,18
1879.1.1,1879,ENG,infantry,130
1879.1.1,1879,FRA,artillery,150
1879.1.1,1879,FRA,dragoon,1
1879.1.1,1879,FRA,hussar,20
1879.1.1,1879,FRA,infantry,202
1879.1.1,1879,SCA,artillery,53
1879.1.1,1879,SCA,hussar,13
1879.1.1,1879,SCA,infantry,48
1879.1.1,1879,RUS,artillery,104
1879.1.1,1879,RUS,dragoon,13
1879.1.1,1879,RUS,hussar,1
1879.1.1,1879,RUS,infantry,195
1879.1.1,1879,GER,artillery,189
1879.1.1,1879,GER,hussar,26
1879.1.1,1879,GER,infantry,184
1879.1.1,1879,NET,artillery,7
1879.1.1,1879,NET,dragoon,2
1879.1.1,1879,BEL,artillery,26
1879.1.1,1879,BEL,dragoon,6
1879.1.1,1879,BEL,guard,8
1879.1.1,1879,BEL,infantry,11
1879.1.1,1879,SPA,artillery,71
1879.1.1,1879,SPA,hussar,2
1879.1.1,1879,SPA,infantry,47
1879.1.1,1879,KUK,artillery,100
1879.1.1,1879,KUK,dragoon,20
1879.1.1,1879,KUK,infantry,76
1879.1.1,1879,AST,artillery,31
1879.1.1,1879,AST,hussar,6
1879.1.1,1879,AST,infantry,20
1879.1.1,1879,WAL,artillery,18
1879.1.1,1879,WAL,hussar,2
1879.1.1,1879,WAL,infantry,1
1879.1.1,1879,SAR,artillery,36
1879.1.1,1879,SAR,guard,7
1879.1.1,1879,SAR,hussar,3
1879.1.1,1879,SAR,infantry,30
1879.1.1,1879,SIC,artillery,77
1879.1.1,1879,SIC,dragoon,16
1879.1.1,1879,SIC,infantry,47
1879.1.1,1879,TUR,artillery,41
1879.1.1,1879,TUR,hussar,8
1879.1.1,1879,TUR,infantry,33
1879.1.1,1879,MCK,cavalry,8
1879.1.1,1879,MCK,infantry,9
1879.1.1,1879,MCK,irregular,28
1879.1.1,1879,PER,artillery,25
1879.1.1,1879,PER,dragoon,1
1879.1.1,1879,PER,hussar,4
1879.1.1,1879,PER,infantry,16
1879.1.1,1879,JAS,dragoon,1
1879.1.1,1879,JAS,infantry,1
1879.1.1,1879,BIK,artillery,2
1879.1.1,1879,BIK,dragoon,1
1879.1.1,1879,BIK,infantry,2
1879.1.1,1879,MEW,dragoon,1
1879.1.1,1879,MEW,infantry,5
1879.1.1,1879,GWA,irregular,2
1879.1.1,1879,BUN,artillery,3
1879.1.1,1879,BUN,dragoon,1
1879.1.1,1879,BUN,infantry,3
1879.1.1,1879,NEP,cavalry,1
1879.1.1,1879,NEP,irregular,5
1879.1.1,1879,SIK,irregular,1
1879.1.1,1879,BHU,irregular,1
1879.1.1,1879,CHL,artillery,48
1879.1.1,1879,CHL,dragoon,6
1879.1.1,1879,CHL,hussar,2
1879.1.1,1879,CHL,infantry,20
1879.1.1,1879,MGL,cavalry,2
1879.1.1,1879,MGL,infantry,4
1879.1.1,1879,MGL,irregular,6
1879.1.1,1879,CHI,cavalry,54
1879.1.1,1879,CHI,infantry,45
1879.1.1,1879,CHI,irregular,236
1879.1.1,1879,GXI,cavalry,47
1879.1.1,1879,GXI,infantry,63
1879.1.1,1879,GXI,irregular,169
1879.1.1,1879,XBI,cavalry,4
1879.1.1,1879,XBI,infantry,2
1879.1.1,1879,XBI,irregular,30
1879.1.1,1879,YNN,cavalry,33
1879.1.1,1879,YNN,infantry,17
1879.1.1,1879,YNN,irregular,143
1879.1.1,1879,TIB,cavalry,3
1879.1.1,1879,TIB,infantry,5
1879.1.1,1879,TIB,irregular,6
1879.1.1,1879,XIN,cavalry,1
1879.1.1,1879,XIN,irregular,6
1879.1.1,1879,ALD,cavalry,2
1879.1.1,1879,ALD,infantry,3
1879.1.1,1879,ALD,irregular,3
1879.1.1,1879,MEX,artillery,54
1879.1.1,1879,MEX,cavalry,1
1879.1.1,1879,MEX,infantry,1
1879.1.1,1879,BRZ,artillery,30
1879.1.1,1879,BRZ,dragoon,5
1879.1.1,1879,ORA,infantry,2
1879.2.1,1879,USA,artillery,63
1879.2.1,1879,USA,dragoon,1
1879.2.1,1879,USA,hussar,10
1879.2.1,1879,ENG,artillery,246
1879.2.1,1879,ENG,cuirassier,2
1879.2.1,1879,ENG,hussar,18
1879.2.1,1879,ENG,infantry,130
1879.2.1,1879,FRA,artillery,150
1879.2.1,1879,FRA,dragoon,1
1879.2.1,1879,FRA,hussar,20
1879.2.1,1879,FRA,infantry,202
1879.2.1,1879,SCA,artillery,53
1879.2.1,1879,SCA,hussar,13
1879.2.1,1879,SCA,infantry,48
1879.2.1,1879,RUS,artillery,104
1879.2.1,1879,RUS,dragoon,13
1879.2.1,1879,RUS,hussar,1
1879.2.1,1879,RUS,infantry,195
1879.2.1,1879,GER,artillery,193
1879.2.1,1879,GER,hussar,26
1879.2.1,1879,GER,infantry,184
1879.2.1,1879,NET,artillery,7
1879.2.1,1879,NET,dragoon,2
1879.2.1,1879,BEL,artillery,26
1879.2.1,1879,BEL,dragoon,6
1879.2.1,1879,BEL,guard,8
1879.2.1,1879,BEL,infantry,11
1879.2.1,1879,SPA,artillery,71
1879.2.1,1879,SPA,hussar,2
1879.2.1,1879,SPA,infantry,47
1879.2.1,1879,KUK,artillery,100
1879.2.1,1879,KUK,dragoon,20
1879.2.1,1879,KUK,infantry,76
1879.2.1,1879,AST,artillery,31
1879.2.1,1879,AST,hussar,6
1879.2.1,1879,AST,infantry,20
1879.2.1,1879,WAL,artillery,18
1879.2.1,1879,WAL,hussar,2
1879.2.1,1879,WAL,infantry,1
1879.2.1,1879,SAR,artillery,36
1879.2.1,1879,SAR,guard,7
1879.2.1,1879,SAR,hussar,3
1879.2.1,1879,SAR,infantry,30
1879.2.1,1879,SIC,artillery,77
1879.2.1,1879,SIC,dragoon,16
1879.2.1,1879,SIC,infantry,47
1879.2.1,1879,TUR,artillery,41
1879.2.1,1879,TUR,hussar,8
1879.2.1,1879,TUR,infantry,34
1879.2.1,1879,MCK,cavalry,8
1879.2.1,1879,MCK,infantry,9
1879.2.1,1879,MCK,irregular,28
1879.2.1,1879,PER,artillery,25
1879.2.1,1879,PER,dragoon,1
1879.2.1,1879,PER,hussar,4
1879.2.1,1879,PER,infantry,16
1879.2.1,1879,JAS,dragoon,1
1879.2.1,1879,JAS,infantry,1
1879.2.1,1879,BIK,artillery,2
1879.2.1,1879,BIK,dragoon,1
1879.2.1,1879,BIK,infantry,2
1879.2.1,1879,MEW,dragoon,1
1879.2.1,1879,MEW,infantry,5
1879.2.1,1879,GWA,irregular,2
1879.2.1,1879,BUN,artillery,3
1879.2.1,1879,BUN,dragoon,1
1879.2.1,1879,BUN,infantry,3
1879.2.1,1879,NEP,cavalry,1
1879.2.1,1879,NEP,irregular,5
1879.2.1,1879,SIK,irregular,1
1879.2.1,1879,BHU,irregular,1
1879.2.1,1879,CHL,artillery,48
1879.2.1,1879,CHL,dragoon,6
1879.2.1,1879,CHL,hussar,2
1879.2.1,1879,CHL,infantry,20
1879.2.1,1879,MGL,cavalry,2
1879.2.1,1879,MGL,infantry,4
1879.2.1,1879,MGL,irregular,6
1879.2.1,1879,CHI,cavalry,54
1879.2.1,1879,CHI,infantry,46
1879.2.1,1879,CHI,irregular,237
1879.2.1,1879,GXI,cavalry,47
1879.2.1,1879,GXI,infantry,64
1879.2.1,1879,GXI,irregular,170
1879.2.1,1879,XBI,cavalry,4
1879.2.1,1879,XBI,infantry,2
1879.2.1,1879,XBI,irregular,30
1879.2.1,1879,YNN,cavalry,33
1879.2.1,1879,YNN,infantry,17
1879.2.1,1879,YNN,irregular,143
1879.2.1,1879,TIB,cavalry,3
1879.2.1,1879,TIB,infantry,5
1879.2.1,1879,TIB,irregular,6
1879.2.1,1879,XIN,cavalry,1
1879.2.1,1879,XIN,irregular,6
1879.2.1,1879,ALD,cavalry,2
1879.2.1,1879,ALD,infantry,3
1879.2.1,1879,ALD,irregular,3
1879.2.1,1879,MEX,artillery,54
1879.2.1,1879,MEX,cavalry,1
1879.2.1,1879,MEX,infantry,1
1879.2.1,1879,BRZ,artillery,32
1879.2.1,1879,BRZ,dragoon,5
1879.2.1,1879,ORA,infantry,2
1879.3.1,1879,USA,artillery,65
1879.3.1,1879,USA,dragoon,1
1879.3.1,1879,USA,hussar,10
1879.3.1,1879,ENG,artillery,246
1879.3.1,1879,ENG,cuirassier,2
1879.3.1,1879,ENG,hussar,18
1879.3.1,1879,ENG,infantry,130
1879.3.1,1879,FRA,artillery,150
1879.3.1,1879,FRA,dragoon,1
1879.3.1,1879,FRA,hussar,20
1879.3.1,1879,FRA,infantry,202
1879.3.1,1879,SCA,artillery,53
1879.3.1,1879,SCA,hussar,13
1879.3.1,1879,SCA,infantry,48
1879.3.1,1879,RUS,artillery,104
1879.3.1,1879,RUS,dragoon,13
1879.3.1,1879,RUS,hussar,1
1879.3.1,1879,RUS,infantry,195
1879.3.1,1879,GER,artillery,193
1879.3.1,1879,GER,hussar,26
1879.3.1,1879,GER,infantry,184
1879.3.1,1879,NET,artillery,7
1879.3.1,1879,NET,dragoon,2
1879.3.1,1879,BEL,artillery,25
1879.3.1,1879,BEL,dragoon,6
1879.3.1,1879,BEL,guard,8
1879.3.1,1879,BEL,infantry,11
1879.3.1,1879,SPA,artillery,71
1879.3.1,1879,SPA,hussar,2
1879.3.1,1879,SPA,infantry,47
1879.3.1,1879,KUK,artillery,100
1879.3.1,1879,KUK,dragoon,20
1879.3.1,1879,KUK,infantry,76
1879.3.1,1879,AST,artillery,31
1879.3.1,1879,AST,hussar,6
1879.3.1,1879,AST,infantry,20
1879.3.1,1879,WAL,artillery,18
1879.3.1,1879,WAL,hussar,2
1879.3.1,1879,WAL,infantry,1
1879.3.1,1879,SAR,artillery,36
1879.3.1,1879,SAR,guard,7
1879.3.1,1879,SAR,hussar,3
1879.3.1,1879,SAR,infantry,30
1879.3.1,1879,SIC,artillery,77
1879.3.1,1879,SIC,dragoon,16
1879.3.1,1879,SIC,infantry,47
1879.3.1,1879,TUR,artillery,41
1879.3.1,1879,TUR,hussar,8
1879.3.1,1879,TUR,infantry,39
1879.3.1,1879,MCK,cavalry,8
1879.3.1,1879,MCK,infantry,9
1879.3.1,1879,MCK,irregular,28
1879.3.1,1879,PER,artillery,25
1879.3.1,1879,PER,dragoon,1
1879.3.1,1879,PER,hussar,4
1879.3.1,1879,PER,infantry,16
1879.3.1,1879,JAS,dragoon,1
1879.3.1,1879,JAS,infantry,1
1879.3.1,1879,BIK,artillery,2
1879.3.1,1879,BIK,dragoon,1
1879.3.1,1879,BIK,infantry,2
1879.3.1,1879,MEW,dragoon,1
1879.3.1,1879,MEW,infantry,5
1879.3.1,1879,GWA,irregular,2
1879.3.1,1879,BUN,artillery,3
1879.3.1,1879,BUN,dragoon,1
1879.3.1,1879,BUN,infantry,3
1879.3.1,1879,NEP,cavalry,1
1879.3.1,1879,NEP,irregular,5
1879.3.1,1879,SIK,irregular,1
1879.3.1,1879,BHU,irregular,1
1879.3.1,1879,CHL,artillery,48
1879.3.1,1879,CHL,dragoon,6
1879.3.1,1879,CHL,hussar,2
1879.3.1,1879,CHL,infantry,20
1879.3.1,1879,MGL,cavalry,2
1879.3.1,1879,MGL,infantry,4
1879.3.1,1879,MGL,irregular,6
1879.3.1,1879,CHI,cavalry,54
1879.3.1,1879,CHI,infantry,47
1879.3.1,1879,CHI,irregular,237
1879.3.1,1879,GXI,cavalry,47
1879.3.1,1879,GXI,infantry,64
1879.3.1,1879,GXI,irregular,170
1879.3.1,1879,XBI,cavalry,4
1879.3.1,1879,XBI,infantry,2
1879.3.1,1879,XBI,irregular,30
1879.3.1,1879,YNN,cavalry,33
1879.3.1,1879,YNN,infantry,17
1879.3.1,1879,YNN,irregular,144
1879.3.1,1879,TIB,cavalry,3
1879.3.1,1879,TIB,infantry,5
1879.3.1,1879,TIB,irregular,6
1879.3.1,1879,XIN,cavalry,1
1879.3.1,1879,XIN,irregular,6
1879.3.1,1879,ALD,cavalry,2
1879.3.1,1879,ALD,infantry,3
1879.3.1,1879,ALD,irregular,3
1879.3.1,1879,MEX,artillery,54
1879.3.1,1879,MEX,cavalry,1
1879.3.1,1879,MEX,infantry,1
1879.3.1,1879,BRZ,artillery,33
1879.3.1,1879,BRZ,dragoon,5
1879.3.1,1879,ORA,infantry,2
1879.3.1,1879,CUB,infantry,4
1879.3.1,1879,CUB,irregular,18
1879.4.1,1879,USA,artillery,76
1879.4.1,1879,USA,dragoon,1
1879.4.1,1879,USA,hussar,9
1879.4.1,1879,ENG,artillery,246
1879.4.1,1879,ENG,cuirassier,2
1879.4.1,1879,ENG,hussar,18
1879.4.1,1879,ENG,infantry,130
1879.4.1,1879,FRA,artillery,150
1879.4.1,1879,FRA,dragoon,1
1879.4.1,1879,FRA,hussar,20
1879.4.1,1879,FRA,infantry,201
1879.4.1,1879,SCA,artillery,53
1879.4.1,1879,SCA,hussar,13
1879.4.1,1879,SCA,infantry,48
1879.4.1,1879,RUS,artillery,106
1879.4.1,1879,RUS,dragoon,13
1879.4.1,1879,RUS,hussar,1
1879.4.1,1879,RUS,infantry,194
1879.4.1,1879,GER,artillery,193
1879.4.1,1879,GER,hussar,26
1879.4.1,1879,GER,infantry,184
1879.4.1,1879,NET,artillery,7
1879.4.1,1879,NET,dragoon,2
1879.4.1,1879,BEL,artillery,25
1879.4.1,1879,BEL,dragoon,6
1879.4.1,1879,BEL,guard,9
1879.4.1,1879,BEL,infantry,11
1879.4.1,1879,SPA,artillery,71
1879.4.1,1879,SPA,hussar,2
1879.4.1,1879,SPA,infantry,47
1879.4.1,1879,KUK,artillery,100
1879.4.1,1879,KUK,dragoon,20
1879.4.1,1879,KUK,infantry,76
1879.4.1,1879,AST,artillery,31
1879.4.1,1879,AST,hussar,6
1879.4.1,1879,AST,infantry,20
1879.4.1,1879,WAL,artillery,18
1879.4.1,1879,WAL,hussar,2
1879.4.1,1879,WAL,infantry,1
1879.4.1,1879,SAR,artillery,36
1879.4.1,1879,SAR,guard,7
1879.4.1,1879,SAR,hussar,3
1879.4.1,1879,SAR,infantry,30
1879.4.1,1879,SIC,artillery,77
1879.4.1,1879,SIC,dragoon,16
1879.4.1,1879,SIC,infantry,47
1879.4.1,1879,TUR,artillery,49
1879.4.1,1879,TUR,hussar,10
1879.4.1,1879,TUR,infantry,39
1879.4.1,1879,MCK,cavalry,8
1879.4.1,1879,MCK,infantry,9
1879.4.1,1879,MCK,irregular,28
1879.4.1,1879,PER,artillery,25
1879.4.1,1879,PER,dragoon,1
1879.4.1,1879,PER,hussar,4
1879.4.1,1879,PER,infantry,16
1879.4.1,1879,JAS,dragoon,1
1879.4.1,1879,JAS,infantry,1
1879.4.1,1879,BIK,artillery,2
1879.4.1,1879,BIK,dragoon,1
1879.4.1,1879,BIK,infantry,2
1879.4.1,1879,MEW,dragoon,1
1879.4.1,1879,MEW,infantry,5
1879.4.1,1879,GWA,irregular,2
1879.4.1,1879,BUN,artillery,3
1879.4.1,1879,BUN,dragoon,1
1879.4.1,1879,BUN,infantry,3
1879.4.1,1879,NEP,cavalry,1
1879.4.1,1879,NEP,irregular,5
1879.4.1,1879,SIK,irregular,1
1879.4.1,1879,BHU,irregular,1
1879.4.1,1879,CHL,artillery,48
1879.4.1,1879,CHL,dragoon,6
1879.4.1,1879,CHL,hussar,2
1879.4.1,1879,CHL,infantry,20
1879.4.1,1879,MGL,cavalry,2
1879.4.1,1879,MGL,infantry,4
1879.4.1,1879,MGL,irregular,6
1879.4.1,1879,CHI,cavalry,54
1879.4.1,1879,CHI,infantry,47
1879.4.1,1879,CHI,irregular,239
1879.4.1,1879,GXI,cavalry,47
1879.4.1,1879,GXI,infantry,64
1879.4.1,1879,GXI,irregular,170
1879.4.1,1879,XBI,cavalry,4
1879.4.1,1879,XBI,infantry,2
1879.4.1,1879,XBI,irregular,30
1879.4.1,1879,YNN,cavalry,33
1879.4.1,1879,YNN,infantry,17
1879.4.1,1879,YNN,irregular,144
1879.4.1,1879,TIB,cavalry,3
1879.4.1,1879,TIB,infantry,5
1879.4.1,1879,TIB,irregular,6
1879.4.1,1879,XIN,cavalry,1
1879.4.1,1879,XIN,irregular,6
1879.4.1,1879,ALD,cavalry,2
1879.4.1,1879,ALD,infantry,3
1879.4.1,1879,ALD,irregular,3
1879.4.1,1879,MEX,artillery,54
1879.4.1,1879,MEX,cavalry,1
1879.4.1,1879,MEX,infantry,1
1879.4.1,1879,BRZ,artillery,33
1879.4.1,1879,BRZ,dragoon,5
1879.4.1,1879,ORA,infantry,2
1879.4.1,1879,CUB,infantry,4
1879.4.1,1879,CUB,irregular,18
1879.5.1,1879,USA,artillery,84
1879.5.1,1879,USA,dragoon,1
1879.5.1,1879,USA,hussar,10
1879.5.1,1879,ENG,artillery,246
1879.5.1,1879,ENG,cuirassier,2
1879.5.1,1879,ENG,hussar,18
1879.5.1,1879,ENG,infantry,130
1879.5.1,1879,FRA,artillery,150
1879.5.1,1879,FRA,dragoon,1
1879.5.1,1879,FRA,hussar,20
1879.5.1,1879,FRA,infantry,201
1879.5.1,1879,SCA,artillery,53
1879.5.1,1879,SCA,hussar,13
1879.5.1,1879,SCA,infantry,48
1879.5.1,1879,RUS,artillery,105
1879.5.1,1879,RUS,dragoon,13
1879.5.1,1879,RUS,hussar,1
1879.5.1,1879,RUS,infantry,193
1879.5.1,1879,GER,artillery,193
1879.5.1,1879,GER,hussar,26
1879.5.1,1879,GER,infantry,184
1879.5.1,1879,NET,artillery,7
1879.5.1,1879,NET,dragoon,2
1879.5.1,1879,BEL,artillery,27
1879.5.1,1879,BEL,dragoon,6
1879.5.1,1879,BEL,guard,9
1879.5.1,1879,BEL,infantry,11
1879.5.1,1879,SPA,artillery,71
1879.5.1,1879,SPA,hussar,2
1879.5.1,1879,SPA,infantry,47
1879.5.1,1879,KUK,artillery,100
1879.5.1,1879,KUK,dragoon,20
1879.5.1,1879,KUK,infantry,76
1879.5.1,1879,AST,artillery,31
1879.5.1,1879,AST,hussar,6
1879.5.1,1879,AST,infantry,20
1879.5.1,1879,WAL,artillery,18
1879.5.1,1879,WAL,hussar,2
1879.5.1,1879,WAL,infantry,1
1879.5.1,1879,SAR,artillery,36
1879.5.1,1879,SAR,guard,7
1879.5.1,1879,SAR,hussar,3
1879.5.1,1879,SAR,infantry,30
1879.5.1,1879,SIC,artillery,77
1879.5.1,1879,SIC,dragoon,16
1879.5.1,1879,SIC,infantry,47
1879.5.1,1879,TUR,artillery,49
1879.5.1,1879,TUR,hussar,10
1879.5.1,1879,TUR,infantry,39
1879.5.1,1879,MCK,cavalry,8
1879.5.1,1879,MCK,infantry,9
1879.5.1,1879,MCK,irregular,28
1879.5.1,1879,PER,artillery,25
1879.5.1,1879,PER,dragoon,1
1879.5.1,1879,PER,hussar,4
1879.5.1,1879,PER,infantry,16
1879.5.1,1879,JAS,dragoon,1
1879.5.1,1879,JAS,infantry,1
1879.5.1,1879,BIK,artillery,2
1879.5.1,1879,BIK,dragoon,1
1879.5.1,1879,BIK,infantry,2
1879.5.1,1879,MEW,dragoon,1
1879.5.1,1879,MEW,infantry,5
1879.5.1,1879,GWA,irregular,2
1879.5.1,1879,BUN,artillery,3
1879.5.1,1879,BUN,dragoon,1
1879.5.1,1879,BUN,infantry,3
1879.5.1,1879,NEP,cavalry,1
1879.5.1,1879,NEP,irregular,5
1879.5.1,1879,SIK,irregular,1
1879.5.1,1879,BHU,irregular,1
1879.5.1,1879,CHL,artillery,48
1879.5.1,1879,CHL,dragoon,6
1879.5.1,1879,CHL,hussar,2
1879.5.1,1879,CHL,infantry,20
1879.5.1,1879,MGL,cavalry,2
1879.5.1,1879,MGL,infantry,4
1879.5.1,1879,MGL,irregular,6
1879.5.1,1879,CHI,cavalry,54
1879.5.1,1879,CHI,infantry,47
1879.5.1,1879,CHI,irregular,240
1879.5.1,1879,GXI,cavalry,47
1879.5.1,1879,GXI,infantry,64
1879.5.1,1879,GXI,irregular,170
1879.5.1,1879,XBI,cavalry,4
1879.5.1,1879,XBI,infantry,2
1879.5.1,1879,XBI,irregular,30
1879.5.1,1879,YNN,cavalry,32
1879.5.1,1879,YNN,infantry,17
1879.5.1,1879,YNN,irregular,144
1879.5.1,1879,TIB,cavalry,3
1879.5.1,1879,TIB,infantry,5
1879.5.1,1879,TIB,irregular,6
1879.5.1,1879,XIN,cavalry,1
1879.5.1,1879,XIN,irregular,6
1879.5.1,1879,ALD,cavalry,2
1879.5.1,1879,ALD,infantry,3
1879.5.1,1879,ALD,irregular,3
1879.5.1,1879,MEX,artillery,54
1879.5.1,1879,MEX,cavalry,1
1879.5.1,1879,MEX,infantry,1
1879.5.1,1879,BRZ,artillery,34
1879.5.1,1879,BRZ,dragoon,5
1879.5.1,1879,ORA,infantry,2
1879.5.1,1879,CUB,infantry,4
1879.5.1,1879,CUB,irregular,18
1879.6.1,1879,USA,artillery,87
1879.6.1,1879,USA,dragoon,1
1879.6.1,1879,USA,hussar,11
1879.6.1,1879,ENG,artillery,246
1879.6.1,1879,ENG,cuirassier,2
1879.6.1,1879,ENG,hussar,18
1879.6.1,1879,ENG,infantry,130
1879.6.1,1879,FRA,artillery,150
1879.6.1,1879,FRA,dragoon,1
1879.6.1,1879,FRA,hussar,20
1879.6.1,1879,FRA,infantry,201
1879.6.1,1879,SCA,artillery,53
1879.6.1,1879,SCA,hussar,13
1879.6.1,1879,SCA,infantry,48
1879.6.1,1879,RUS,artillery,105
1879.6.1,1879,RUS,dragoon,13
1879.6.1,1879,RUS,hussar,1
1879.6.1,1879,RUS,infantry,193
1879.6.1,1879,GER,artillery,194
1879.6.1,1879,GER,hussar,26
1879.6.1,1879,GER,infantry,184
1879.6.1,1879,NET,artillery,7
1879.6.1,1879,NET,dragoon,2
1879.6.1,1879,BEL,artillery,27
1879.6.1,1879,BEL,dragoon,6
1879.6.1,1879,BEL,guard,9
1879.6.1,1879,BEL,infantry,11
1879.6.1,1879,SPA,artillery,71
1879.6.1,1879,SPA,hussar,2
1879.6.1,1879,SPA,infantry,47
1879.6.1,1879,KUK,artillery,100
1879.6.1,1879,KUK,dragoon,20
1879.6.1,1879,KUK,infantry,76
1879.6.1,1879,AST,artillery,31
1879.6.1,1879,AST,hussar,6
1879.6.1,1879,AST,infantry,20
1879.6.1,1879,WAL,artillery,18
1879.6.1,1879,WAL,hussar,2
1879.6.1,1879,WAL,infantry,1
1879.6.1,1879,SAR,artillery,36
1879.6.1,1879,SAR,guard,7
1879.6.1,1879,SAR,hussar,3
1879.6.1,1879,SAR,infantry,30
1879.6.1,1879,SIC,artillery,77
1879.6.1,1879,SIC,dragoon,16
1879.6.1,1879,SIC,infantry,47
1879.6.1,1879,TUR,artillery,49
1879.6.1,1879,TUR,hussar,10
1879.6.1,1879,TUR,infantry,39
1879.6.1,1879,MCK,cavalry,8
1879.6.1,1879,MCK,infantry,9
1879.6.1,1879,MCK,irregular,28
1879.6.1,1879,PER,artillery,25
1879.6.1,1879,PER,dragoon,1
1879.6.1,1879,PER,hussar,4
1879.6.1,1879,PER,infantry,16
1879.6.1,1879,JAS,dragoon,1
1879.6.1,1879,JAS,infantry,1
1879.6.1,1879,BIK,artillery,2
1879.6.1,1879,BIK,dragoon,1
1879.6.1,1879,BIK,infantry,2
1879.6.1,1879,MEW,dragoon,1
1879.6.1,1879,MEW,infantry,5
1879.6.1,1879,GWA,irregular,2
1879.6.1,1879,BUN,artillery,3
1879.6.1,1879,BUN,dragoon,1
1879.6.1,1879,BUN,infantry,3
1879.6.1,1879,NEP,cavalry,1
1879.6.1,1879,NEP,irregular,5
1879.6.1,1879,SIK,irregular,1
1879.6.1,1879,BHU,irregular,1
1879.6.1,1879,CHL,artillery,48
1879.6.1,1879,CHL,dragoon,6
1879.6.1,1879,CHL,hussar,2
1879.6.1,1879,CHL,infantry,20
1879.6.1,1879,MGL,cavalry,2
1879.6.1,1879,MGL,infantry,4
1879.6.1,1879,MGL,irregular,6
1879.6.1,1879,CHI,cavalry,54
1879.6.1,1879,CHI,infantry,48
1879.6.1,1879,CHI,irregular,241
1879.6.1,1879,GXI,cavalry,47
1879.6.1,1879,GXI,infantry,64
1879.6.1,1879,GXI,irregular,170
1879.6.1,1879,XBI,cavalry,4
1879.6.1,1879,XBI,infantry,2
1879.6.1,1879,XBI,irregular,30
1879.6.1,1879,YNN,cavalry,32
1879.6.1,1879,YNN,infantry,17
1879.6.1,1879,YNN,irregular,144
1879.6.1,1879,TIB,cavalry,3
1879.6.1,1879,TIB,infantry,5
1879.6.1,1879,TIB,irregular,6
1879.6.1,1879,XIN,cavalry,1
1879.6.1,1879,XIN,irregular,6
1879.6.1,1879,ALD,cavalry,2
1879.6.1,1879,ALD,infantry,3
1879.6.1,1879,ALD,irregular,3
1879.6.1,1879,MEX,artillery,54
1879.6.1,1879,MEX,cavalry,1
1879.6.1,1879,MEX,infantry,1
1879.6.1,1879,BRZ,artillery,34
1879.6.1,1879,BRZ,dragoon,5
1879.6.1,1879,ORA,infantry,2
1879.6.1,1879,CUB,infantry,5
1879.6.1,1879,CUB,irregular,18
1879.7.1,1879,USA,artillery,87
1879.7.1,1879,USA,dragoon,1
1879.7.1,1879,USA,hussar,11
1879.7.1,1879,ENG,artillery,246
1879.7.1,1879,ENG,cuirassier,2
1879.7.1,1879,ENG,hussar,18
1879.7.1,1879,ENG,infantry,130
1879.7.1,1879,FRA,artillery,150
1879.7.1,1879,FRA,dragoon,1
1879.7.1,1879,FRA,hussar,20
1879.7.1,1879,FRA,infantry,201
1879.7.1,1879,SCA,artillery,53
1879.7.1,1879,SCA,hussar,13
1879.7.1,1879,SCA,infantry,48
1879.7.1,1879,RUS,artillery,105
1879.7.1,1879,RUS,dragoon,13
1879.7.1,1879,RUS,hussar,1
1879.7.1,1879,RUS,infantry,193
1879.7.1,1879,GER,artillery,197
1879.7.1,1879,GER,hussar,26
1879.7.1,1879,GER,infantry,184
1879.7.1,1879,NET,artillery,7
1879.7.1,1879,NET,dragoon,2
1879.7.1,1879,BEL,artillery,28
1879.7.1,1879,BEL,dragoon,6
1879.7.1,1879,BEL,guard,9
1879.7.1,1879,BEL,infantry,11
1879.7.1,1879,SPA,artillery,71
1879.7.1,1879,SPA,hussar,2
1879.7.1,1879,SPA,infantry,47
1879.7.1,1879,KUK,artillery,100
1879.7.1,1879,KUK,dragoon,20
1879.7.1,1879,KUK,infantry,76
1879.7.1,1879,AST,artillery,31
1879.7.1,1879,AST,hussar,6
1879.7.1,1879,AST,infantry,20
1879.7.1,1879,WAL,artillery,18
1879.7.1,1879,WAL,hussar,2
1879.7.1,1879,WAL,infantry,1
1879.7.1,1879,SAR,artillery,36
1879.7.1,1879,SAR,guard,8
1879.7.1,1879,SAR,hussar,3
1879.7.1,1879,SAR,infantry,30
1879.7.1,1879,SIC,artillery,77
1879.7.1,1879,SIC,dragoon,16
1879.7.1,1879,SIC,infantry,47
1879.7.1,1879,TUR,artillery,49
1879.7.1,1879,TUR,hussar,10
1879.7.1,1879,TUR,infantry,39
1879.7.1,1879,MCK,cavalry,8
1879.7.1,1879,MCK,infantry,9
1879.7.1,1879,MCK,irregular,28
1879.7.1,1879,PER,artillery,25
1879.7.1,1879,PER,dragoon,1
1879.7.1,1879,PER,hussar,4
1879.7.1,1879,PER,infantry,16
1879.7.1,1879,JAS,dragoon,1
1879.7.1,1879,JAS,infantry,1
1879.7.1,1879,BIK,artillery,2
1879.7.1,1879,BIK,dragoon,1
1879.7.1,1879,BIK,infantry,2
1879.7.1,1879,MEW,dragoon,1
1879.7.1,1879,MEW,infantry,5
1879.7.1,1879,GWA,irregular,2
1879.7.1,1879,BUN,artillery,3
1879.7.1,1879,BUN,dragoon,1
1879.7.1,1879,BUN,infantry,3
1879.7.1,1879,NEP,cavalry,1
1879.7.1,1879,NEP,irregular,5
1879.7.1,1879,SIK,irregular,1
1879.7.1,1879,BHU,irregular,1
1879.7.1,1879,CHL,artillery,48
1879.7.1,1879,CHL,dragoon,6
1879.7.1,1879,CHL,hussar,2
1879.7.1,1879,CHL,infantry,20
1879.7.1,1879,MGL,cavalry,2
1879.7.1,1879,MGL,infantry,4
1879.7.1,1879,MGL,irregular,6
1879.7.1,1879,CHI,cavalry,54
1879.7.1,1879,CHI,infantry,48
1879.7.1,1879,CHI,irregular,241
1879.7.1,1879,GXI,cavalry,47
1879.7.1,1879,GXI,infantry,65
1879.7.1,1879,GXI,irregular,170
1879.7.1,1879,XBI,cavalry,4
1879.7.1,1879,XBI,infantry,2
1879.7.1,1879,XBI,irregular,30
1879.7.1,1879,YNN,cavalry,32
1879.7.1,1879,YNN,infantry,17
1879.7.1,1879,YNN,irregular,144
1879.7.1,1879,TIB,cavalry,3
1879.7.1,1879,TIB,infantry,5
1879.7.1,1879,TIB,irregular,6
1879.7.1,1879,XIN,cavalry,1
1879.7.1,1879,XIN,irregular,6
1879.7.1,1879,ALD,cavalry,2
1879.7.1,1879,ALD,infantry,3
1879.7.1,1879,ALD,irregular,3
1879.7.1,1879,MEX,artillery,54
1879.7.1,1879,MEX,cavalry,1
1879.7.1,1879,MEX,infantry,1
1879.7.1,1879,BRZ,artillery,34
1879.7.1,1879,BRZ,dragoon,5
1879.7.1,1879,ORA,infantry,2
1879.7.1,1879,CUB,infantry,5
1879.7.1,1879,CUB,irregular,18
1879.8.1,1879,USA,artillery,91
1879.8.1,1879,USA,dragoon,1
1879.8.1,1879,USA,hussar,11
1879.8.1,1879,ENG,artillery,246
1879.8.1,1879,ENG,cuirassier,2
1879.8.1,1879,ENG,hussar,18
1879.8.1,1879,ENG,infantry,130
1879.8.1,1879,FRA,artillery,150
1879.8.1,1879,FRA,dragoon,1
1879.8.1,1879,FRA,hussar,20
1879.8.1,1879,FRA,infantry,201
1879.8.1,1879,SCA,artillery,53
1879.8.1,1879,SCA,hussar,13
1879.8.1,1879,SCA,infantry,48
1879.8.1,1879,RUS,artillery,105
1879.8.1,1879,RUS,dragoon,13
1879.8.1,1879,RUS,hussar,1
1879.8.1,1879,RUS,infantry,193
1879.8.1,1879,GER,artillery,200
1879.8.1,1879,GER,hussar,26
1879.8.1,1879,GER,infantry,184
1879.8.1,1879,NET,artillery,7
1879.8.1,1879,NET,dragoon,2
1879.8.1,1879,BEL,artillery,28
1879.8.1,1879,BEL,dragoon,6
1879.8.1,1879,BEL,guard,9
1879.8.1,1879,BEL,infantry,11
1879.8.1,1879,SPA,artillery,71
1879.8.1,1879,SPA,hussar,2
1879.8.1,1879,SPA,infantry,47
1879.8.1,1879,KUK,artillery,100
1879.8.1,1879,KUK,dragoon,20
1879.8.1,1879,KUK,infantry,76
1879.8.1,1879,AST,artillery,31
1879.8.1,1879,AST,hussar,6
1879.8.1,1879,AST,infantry,20
1879.8.1,1879,WAL,artillery,18
1879.8.1,1879,WAL,hussar,2
1879.8.1,1879,WAL,infantry,1
1879.8.1,1879,SAR,artillery,36
1879.8.1,1879,SAR,guard,8
1879.8.1,1879,SAR,hussar,3
1879.8.1,1879,SAR,infantry,30
1879.8.1,1879,SIC,artillery,77
1879.8.1,1879,SIC,dragoon,16
1879.8.1,1879,SIC,infantry,47
1879.8.1,1879,TUR,artillery,49
1879.8.1,1879,TUR,hussar,10
1879.8.1,1879,TUR,infantry,39
1879.8.1,1879,MCK,cavalry,8
1879.8.1,1879,MCK,infantry,9
1879.8.1,1879,MCK,irregular,28
1879.8.1,1879,PER,artillery,25
1879.8.1,1879,PER,dragoon,1
1879.8.1,1879,PER,hussar,4
1879.8.1,1879,PER,infantry,16
1879.8.1,1879,JAS,dragoon,1
1879.8.1,1879,JAS,infantry,1
1879.8.1,1879,BIK,artillery,2
1879.8.1,1879,BIK,dragoon,1
1879.8.1,1879,BIK,infantry,2
1879.8.1,1879,MEW,dragoon,1
1879.8.1,1879,MEW,infantry,5
1879.8.1,1879,GWA,irregular,2
1879.8.1,1879,BUN,artillery,3
1879.8.1,1879,BUN,dragoon,1
1879.8.1,1879,BUN,infantry,3
1879.8.1,1879,NEP,cavalry,1
1879.8.1,1879,NEP,irregular,5
1879.8.1,1879,SIK,irregular,1
1879.8.1,1879,BHU,irregular,1
1879.8.1,1879,CHL,artillery,48
1879.8.1,1879,CHL,dragoon,6
1879.8.1,1879,CHL,hussar,2
1879.8.1,1879,CHL,infantry,20
1879.8.1,1879,MGL,cavalry,2
1879.8.1,1879,MGL,infantry,4
1879.8.1,1879,MGL,irregular,6
1879.8.1,1879,CHI,cavalry,54
1879.8.1,1879,CHI,infantry,48
1879.8.1,1879,CHI,irregular,241
1879.8.1,1879,GXI,cavalry,47
1879.8.1,1879,GXI,infantry,65
1879.8.1,1879,GXI,irregular,170
1879.8.1,1879,XBI,cavalry,4
1879.8.1,1879,XBI,infantry,2
1879.8.1,1879,XBI,irregular,30
1879.8.1,1879,YNN,cavalry,32
1879.8.1,1879,YNN,infantry,17
1879.8.1,1879,YNN,irregular,145
1879.8.1,1879,TIB,cavalry,3
1879.8.1,1879,TIB,infantry,5
1879.8.1,1879,TIB,irregular,6
1879.8.1,1879,XIN,cavalry,1
1879.8.1,1879,XIN,irregular,6
1879.8.1,1879,ALD,cavalry,2
1879.8.1,1879,ALD,infantry,3
1879.8.1,1879,ALD,irregular,3
1879.8.1,1879,MEX,artillery,54
1879.8.1,1879,MEX,cavalry,1
1879.8.1,1879,MEX,infantry,1
1879.8.1,1879,BRZ,artillery,34
1879.8.1,1879,BRZ,dragoon,5
1879.8.1,1879,ORA,infantry,2
1879.9.1,1879,USA,artillery,94
1879.9.1,1879,USA,dragoon,1
1879.9.1,1879,USA,hussar,11
1879.9.1,1879,ENG,artillery,246
1879.9.1,1879,ENG,cuirassier,2
1879.9.1,1879,ENG,hussar,18
1879.9.1,1879,ENG,infantry,130
1879.9.1,1879,FRA,artillery,150
1879.9.1,1879,FRA,dragoon,1
1879.9.1,1879,FRA,hussar,20
1879.9.1,1879,FRA,infantry,201
1879.9.1,1879,SCA,artillery,53
1879.9.1,1879,SCA,hussar,13
1879.9.1,1879,SCA,infantry,48
1879.9.1,1879,RUS,artillery,105
1879.9.1,1879,RUS,dragoon,13
1879.9.1,1879,RUS,hussar,1
1879.9.1,1879,RUS,infantry,193
1879.9.1,1879,GER,artillery,202
1879.9.1,1879,GER,hussar,26
1879.9.1,1879,GER,infantry,184
1879.9.1,1879,NET,artillery,7
1879.9.1,1879,NET,dragoon,2
1879.9.1,1879,NET,infantry,5
1879.9.1,1879,BEL,artillery,28
1879.9.1,1879,BEL,dragoon,6
1879.9.1,1879,BEL,guard,9
1879.9.1,1879,BEL,infantry,11
1879.9.1,1879,SPA,artillery,71
1879.9.1,1879,SPA,hussar,2
1879.9.1,1879,SPA,infantry,47
1879.9.1,1879,KUK,artillery,93
1879.9.1,1879,KUK,dragoon,19
1879.9.1,1879,KUK,infantry,76
1879.9.1,1879,AST,artillery,31
1879.9.1,1879,AST,hussar,6
1879.9.1,1879,AST,infantry,20
1879.9.1,1879,WAL,artillery,18
1879.9.1,1879,WAL,hussar,2
1879.9.1,1879,WAL,infantry,1
1879.9.1,1879,SAR,artillery,37
1879.9.1,1879,SAR,guard,8
1879.9.1,1879,SAR,hussar,3
1879.9.1,1879,SAR,infantry,30
1879.9.1,1879,SIC,artillery,77
1879.9.1,1879,SIC,dragoon,16
1879.9.1,1879,SIC,infantry,47
1879.9.1,1879,TUR,artillery,49
1879.9.1,1879,TUR,hussar,10
1879.9.1,1879,TUR,infantry,39
1879.9.1,1879,MCK,cavalry,8
1879.9.1,1879,MCK,infantry,9
1879.9.1,1879,MCK,irregular,28
1879.9.1,1879,PER,artillery,28
1879.9.1,1879,PER,dragoon,1
1879.9.1,1879,PER,hussar,4
1879.9.1,1879,PER,infantry,16
1879.9.1,1879,JAS,dragoon,1
1879.9.1,1879,JAS,infantry,1
1879.9.1,1879,BIK,artillery,2
1879.9.1,1879,BIK,dragoon,1
1879.9.1,1879,BIK,infantry,2
1879.9.1,1879,MEW,dragoon,1
1879.9.1,1879,MEW,infantry,5
1879.9.1,1879,GWA,irregular,2
1879.9.1,1879,BUN,artillery,3
1879.9.1,1879,BUN,dragoon,1
1879.9.1,1879,BUN,infantry,3
1879.9.1,1879,NEP,cavalry,1
1879.9.1,1879,NEP,irregular,5
1879.9.1,1879,SIK,irregular,1
1879.9.1,1879,BHU,irregular,1
1879.9.1,1879,CHL,artillery,48
1879.9.1,1879,CHL,dragoon,6
1879.9.1,1879,CHL,hussar,2
1879.9.1,1879,CHL,infantry,20
1879.9.1,1879,MGL,cavalry,2
1879.9.1,1879,MGL,infantry,4
1879.9.1,1879,MGL,irregular,6
1879.9.1,1879,CHI,cavalry,56
1879.9.1,1879,CHI,infantry,49
1879.9.1,1879,CHI,irregular,241
1879.9.1,1879,GXI,cavalry,47
1879.9.1,1879,GXI,infantry,65
1879.9.1,1879,GXI,irregular,170
1879.9.1,1879,XBI,cavalry,4
1879.9.1,1879,XBI,infantry,2
1879.9.1,1879,XBI,irregular,30
1879.9.1,1879,YNN,cavalry,32
1879.9.1,1879,YNN,infantry,17
1879.9.1,1879,YNN,irregular,145
1879.9.1,1879,TIB,cavalry,3
1879.9.1,1879,TIB,infantry,5
1879.9.1,1879,TIB,irregular,6
1879.9.1,1879,XIN,cavalry,1
1879.9.1,1879,XIN,irregular,6
1879.9.1,1879,ALD,cavalry,2
1879.9.1,1879,ALD,infantry,3
1879.9.1,1879,ALD,irregular,3
1879.9.1,1879,MEX,artillery,63
1879.9.1,1879,MEX,cavalry,1
1879.9.1,1879,MEX,infantry,8
1879.9.1,1879,BRZ,artillery,38
1879.9.1,1879,BRZ,dragoon,5
1879.9.1,1879,ORA,infantry,2
1879.10.1,1879,USA,artillery,99
1879.10.1,1879,USA,dragoon,1
1879.10.1,1879,USA,hussar,11
1879.10.1,1879,USA,infantry,9
1879.10.1,1879,ENG,artillery,245
1879.10.1,1879,ENG,cuirassier,2
1879.10.1,1879,ENG,hussar,18
1879.10.1,1879,ENG,infantry,130
1879.10.1,1879,FRA,artillery,150
1879.10.1,1879,FRA,dragoon,1
1879.10.1,1879,FRA,hussar,20
1879.10.1,1879,FRA,infantry,201
1879.10.1,1879,SCA,artillery,53
1879.10.1,1879,SCA,hussar,13
1879.10.1,1879,SCA,infantry,48
1879.10.1,1879,RUS,artillery,105
1879.10.1,1879,RUS,dragoon,13
1879.10.1,1879,RUS,hussar,1
1879.10.1,1879,RUS,infantry,192
1879.10.1,1879,GER,artillery,205
1879.10.1,1879,GER,hussar,26
1879.10.1,1879,GER,infantry,184
1879.10.1,1879,NET,artillery,7
1879.10.1,1879,NET,dragoon,2
1879.10.1,1879,NET,infantry,5
1879.10.1,1879,BEL,artillery,28
1879.10.1,1879,BEL,dragoon,5
1879.10.1,1879,BEL,guard,9
1879.10.1,1879,BEL,infantry,11
1879.10.1,1879,SPA,artillery,71
1879.10.1,1879,SPA,hussar,2
1879.10.1,1879,SPA,infantry,47
1879.10.1,1879,KUK,artillery,93
1879.10.1,1879,KUK,dragoon,19
1879.10.1,1879,KUK,infantry,76
1879.10.1,1879,AST,artillery,32
1879.10.1,1879,AST,hussar,7
1879.10.1,1879,AST,infantry,20
1879.10.1,1879,WAL,artillery,18
1879.10.1,1879,WAL,hussar,2
1879.10.1,1879,WAL,infantry,1
1879.10.1,1879,SAR,artillery,37
1879.10.1,1879,SAR,guard,8
1879.10.1,1879,SAR,hussar,2
1879.10.1,1879,SAR,infantry,30
1879.10.1,1879,SIC,artillery,77
1879.10.1,1879,SIC,dragoon,16
1879.10.1,1879,SIC,infantry,47
1879.10.1,1879,TUR,artillery,49
1879.10.1,1879,TUR,hussar,10
1879.10.1,1879,TUR,infantry,40
1879.10.1,1879,MCK,cavalry,8
1879.10.1,1879,MCK,infantry,9
1879.10.1,1879,MCK,irregular,28
1879.10.1,1879,PER,artillery,29
1879.10.1,1879,PER,dragoon,1
1879.10.1,1879,PER,hussar,4
1879.10.1,1879,PER,infantry,18
1879.10.1,1879,JAS,dragoon,1
1879.10.1,1879,JAS,infantry,2
1879.10.1,1879,BIK,artillery,2
1879.10.1,1879,BIK,dragoon,1
1879.10.1,1879,BIK,infantry,5
1879.10.1,1879,MEW,dragoon,1
1879.10.1,1879,MEW,infantry,9
1879.10.1,1879,GWA,infantry,1
1879.10.1,1879,GWA,irregular,2
1879.10.1,1879,BUN,artillery,3
1879.10.1,1879,BUN,dragoon,1
1879.10.1,1879,BUN,infantry,4
1879.10.1,1879,NEP,cavalry,1
1879.10.1,1879,NEP,irregular,5
1879.10.1,1879,SIK,irregular,1
1879.10.1,1879,BHU,irregular,1
1879.10.1,1879,CHL,artillery,48
1879.10.1,1879,CHL,dragoon,6
1879.10.1,1879,CHL,hussar,2
1879.10.1,1879,CHL,infantry,20
1879.10.1,1879,MGL,cavalry,2
1879.10.1,1879,MGL,infantry,4
1879.10.1,1879,MGL,irregular,6
1879.10.1,1879,CHI,cavalry,57
1879.10.1,1879,CHI,infantry,49
1879.10.1,1879,CHI,irregular,242
1879.10.1,1879,GXI,cavalry,47
1879.10.1,1879,GXI,infantry,66
1879.10.1,1879,GXI,irregular,170
1879.10.1,1879,XBI,cavalry,4
1879.10.1,1879,XBI,infantry,2
1879.10.1,1879,XBI,irregular,30
1879.10.1,1879,YNN,cavalry,32
1879.10.1,1879,YNN,infantry,17
1879.10.1,1879,YNN,irregular,145
1879.10.1,1879,TIB,cavalry,3
1879.10.1,1879,TIB,infantry,5
1879.10.1,1879,TIB,irregular,6
1879.10.1,1879,XIN,cavalry,1
1879.10.1,1879,XIN,irregular,6
1879.10.1,1879,ALD,cavalry,2
1879.10.1,1879,ALD,infantry,3
1879.10.1,1879,ALD,irregular,3
1879.10.1,1879,MEX,artillery,63
1879.10.1,1879,MEX,cavalry,1
1879.10.1,1879,MEX,infantry,14
1879.10.1,1879,BRZ,artillery,38
1879.10.1,1879,BRZ,dragoon,5
1879.10.1,1879,ORA,infantry,2
1879.11.1,1879,USA,artillery,101
1879.11.1,1879,USA,dragoon,1
1879.11.1,1879,USA,hussar,11
1879.11.1,1879,USA,infantry,19
1879.11.1,1879,ENG,artillery,245
1879.11.1,1879,ENG,cuirassier,2
1879.11.1,1879,ENG,hussar,18
1879.11.1,1879,ENG,infantry,159
1879.11.1,1879,FRA,artillery,158
1879.11.1,1879,FRA,dragoon,1
1879.11.1,1879,FRA,hussar,20
1879.11.1,1879,FRA,infantry,201
1879.11.1,1879,SCA,artillery,53
1879.11.1,1879,SCA,hussar,13
1879.11.1,1879,SCA,infantry,48
1879.11.1,1879,RUS,artillery,105
1879.11.1,1879,RUS,dragoon,12
1879.11.1,1879,RUS,hussar,1
1879.11.1,1879,RUS,infantry,192
1879.11.1,1879,GER,artillery,203
1879.11.1,1879,GER,hussar,26
1879.11.1,1879,GER,infantry,184
1879.11.1,1879,NET,artillery,7
1879.11.1,1879,NET,dragoon,2
1879.11.1,1879,NET,infantry,5
1879.11.1,1879,BEL,artillery,28
1879.11.1,1879,BEL,dragoon,5
1879.11.1,1879,BEL,guard,9
1879.11.1,1879,BEL,infantry,11
1879.11.1,1879,SPA,artillery,71
1879.11.1,1879,SPA,hussar,2
1879.11.1,1879,SPA,infantry,47
1879.11.1,1879,KUK,artillery,91
1879.11.1,1879,KUK,dragoon,18
1879.11.1,1879,KUK,infantry,75
1879.11.1,1879,AST,artillery,32
1879.11.1,1879,AST,hussar,7
1879.11.1,1879,AST,infantry,20
1879.11.1,1879,WAL,artillery,18
1879.11.1,1879,WAL,hussar,2
1879.11.1,1879,WAL,infantry,1
1879.11.1,1879,SAR,artillery,37
1879.11.1,1879,SAR,guard,8
1879.11.1,1879,SAR,hussar,2
1879.11.1,1879,SAR,infantry,30
1879.11.1,1879,SIC,artillery,79
1879.11.1,1879,SIC,dragoon,16
1879.11.1,1879,SIC,infantry,47
1879.11.1,1879,TUR,artillery,49
1879.11.1,1879,TUR,hussar,10
1879.11.1,1879,TUR,infantry,39
1879.11.1,1879,MCK,cavalry,8
1879.11.1,1879,MCK,infantry,9
1879.11.1,1879,MCK,irregular,28
1879.11.1,1879,PER,artillery,29
1879.11.1,1879,PER,dragoon,1
1879.11.1,1879,PER,hussar,4
1879.11.1,1879,PER,infantry,23
1879.11.1,1879,JAS,dragoon,1
1879.11.1,1879,JAS,infantry,2
1879.11.1,1879,BIK,artillery,2
1879.11.1,1879,BIK,dragoon,1
1879.11.1,1879,BIK,infantry,5
1879.11.1,1879,MEW,dragoon,1
1879.11.1,1879,MEW,infantry,9
1879.11.1,1879,GWA,infantry,1
1879.11.1,1879,GWA,irregular,2
1879.11.1,1879,BUN,artillery,3
1879.11.1,1879,BUN,dragoon,1
1879.11.1,1879,BUN,infantry,5
1879.11.1,1879,NEP,cavalry,1
1879.11.1,1879,NEP,irregular,5
1879.11.1,1879,SIK,irregular,1
1879.11.1,1879,BHU,irregular,1
1879.11.1,1879,CHL,artillery,50
1879.11.1,1879,CHL,dragoon,6
1879.11.1,1879,CHL,hussar,2
1879.11.1,1879,CHL,infantry,20
1879.11.1,1879,MGL,cavalry,2
1879.11.1,1879,MGL,infantry,4
1879.11.1,1879,MGL,irregular,6
1879.11.1,1879,CHI,cavalry,57
1879.11.1,1879,CHI,infantry,49
1879.11.1,1879,CHI,irregular,244
1879.11.1,1879,GXI,cavalry,47
1879.11.1,1879,GXI,infantry,66
1879.11.1,1879,GXI,irregular,170
1879.11.1,1879,XBI,cavalry,4
1879.11.1,1879,XBI,infantry,2
1879.11.1,1879,XBI,irregular,30
1879.11.1,1879,YNN,cavalry,32
1879.11.1,1879,YNN,infantry,17
1879.11.1,1879,YNN,irregular,145
1879.11.1,1879,TIB,cavalry,3
1879.11.1,1879,TIB,infantry,5
1879.11.1,1879,TIB,irregular,6
1879.11.1,1879,XIN,cavalry,1
1879.11.1,1879,XIN,irregular,6
1879.11.1,1879,ALD,cavalry,2
1879.11.1,1879,ALD,infantry,3
1879.11.1,1879,ALD,irregular,3
1879.11.1,1879,MEX,artillery,63
1879.11.1,1879,MEX,cavalry,1
1879.11.1,1879,MEX,infantry,20
1879.11.1,1879,BRZ,artillery,38
1879.11.1,1879,BRZ,dragoon,5
1879.11.1,1879,ORA,infantry,2
1879.12.1,1879,USA,artillery,103
1879.12.1,1879,USA,dragoon,1
1879.12.1,1879,USA,hussar,11
1879.12.1,1879,USA,infantry,29
1879.12.1,1879,ENG,artillery,262
1879.12.1,1879,ENG,cuirassier,2
1879.12.1,1879,ENG,hussar,19
1879.12.1,1879,ENG,infantry,159
1879.12.1,1879,FRA,artillery,157
1879.12.1,1879,FRA,dragoon,1
1879.12.1,1879,FRA,hussar,20
1879.12.1,1879,FRA,infantry,195
1879.12.1,1879,SCA,artillery,53
1879.12.1,1879,SCA,hussar,13
1879.12.1,1879,SCA,infantry,48
1879.12.1,1879,RUS,artillery,105
1879.12.1,1879,RUS,dragoon,12
1879.12.1,1879,RUS,hussar,1
1879.12.1,1879,RUS,infantry,192
1879.12.1,1879,GER,artillery,204
1879.12.1,1879,GER,hussar,26
1879.12.1,1879,GER,infantry,184
1879.12.1,1879,NET,artillery,7
1879.12.1,1879,NET,dragoon,2
1879.12.1,1879,NET,infantry,5
1879.12.1,1879,BEL,artillery,30
1879.12.1,1879,BEL,dragoon,5
1879.12.1,1879,BEL,guard,9
1879.12.1,1879,BEL,infantry,11
1879.12.1,1879,SPA,artillery,70
1879.12.1,1879,SPA,hussar,2
1879.12.1,1879,SPA,infantry,47
1879.12.1,1879,KUK,artillery,89
1879.12.1,1879,KUK,dragoon,18
1879.12.1,1879,KUK,infantry,75
1879.12.1,1879,AST,artillery,32
1879.12.1,1879,AST,hussar,7
1879.12.1,1879,AST,infantry,20
1879.12.1,1879,WAL,artillery,18
1879.12.1,1879,WAL,hussar,2
1879.12.1,1879,WAL,infantry,1
1879.12.1,1879,SAR,artillery,37
1879.12.1,1879,SAR,guard,8
1879.12.1,1879,SAR,hussar,2
1879.12.1,1879,SAR,infantry,30
1879.12.1,1879,SIC,artillery,79
1879.12.1,1879,SIC,dragoon,16
1879.12.1,1879,SIC,infantry,47
1879.12.1,1879,TUR,artillery,34
1879.12.1,1879,TUR,hussar,7
1879.12.1,1879,TUR,infantry,29
1879.12.1,1879,MCK,cavalry,8
1879.12.1,1879,MCK,infantry,9
1879.12.1,1879,MCK,irregular,28
1879.12.1,1879,PER,artillery,30
1879.12.1,1879,PER,dragoon,1
1879.12.1,1879,PER,hussar,4
1879.12.1,1879,PER,infantry,24
1879.12.1,1879,JAS,dragoon,1
1879.12.1,1879,JAS,infantry,2
1879.12.1,1879,BIK,artillery,2
1879.12.1,1879,BIK,dragoon,1
1879.12.1,1879,BIK,infantry,5
1879.12.1,1879,MEW,dragoon,1
1879.12.1,1879,MEW,infantry,9
1879.12.1,1879,GWA,cavalry,1
1879.12.1,1879,GWA,infantry,1
1879.12.1,1879,GWA,irregular,2
1879.12.1,1879,BUN,artillery,3
1879.12.1,1879,BUN,dragoon,1
1879.12.1,1879,BUN,infantry,5
1879.12.1,1879,NEP,cavalry,1
1879.12.1,1879,NEP,irregular,5
1879.12.1,1879,SIK,irregular,1
1879.12.1,1879,BHU,irregular,1
1879.12.1,1879,CHL,artillery,51
1879.12.1,1879,CHL,dragoon,6
1879.12.1,1879,CHL,hussar,2
1879.12.1,1879,CHL,infantry,20
1879.12.1,1879,MGL,cavalry,2
1879.12.1,1879,MGL,infantry,4
1879.12.1,1879,MGL,irregular,6
1879.12.1,1879,CHI,cavalry,57
1879.12.1,1879,CHI,infantry,49
1879.12.1,1879,CHI,irregular,244
1879.12.1,1879,GXI,cavalry,47
1879.12.1,1879,GXI,infantry,66
1879.12.1,1879,GXI,irregular,170
1879.12.1,1879,XBI,cavalry,4
1879.12.1,1879,XBI,infantry,2
1879.12.1,1879,XBI,irregular,30
1879.12.1,1879,YNN,cavalry,33
1879.12.1,1879,YNN,infantry,17
1879.12.1,1879,YNN,irregular,145
1879.12.1,1879,TIB,cavalry,3
1879.12.1,1879,TIB,infantry,5
1879.12.1,1879,TIB,irregular,6
1879.12.1,1879,XIN,cavalry,1
1879.12.1,1879,XIN,irregular,6
1879.12.1,1879,ALD,cavalry,2
1879.12.1,1879,ALD,infantry,3
1879.12.1,1879,ALD,irregular,3
1879.12.1,1879,MEX,artillery,63
1879.12.1,1879,MEX,cavalry,1
1879.12.1,1879,MEX,infantry,25
1879.12.1,1879,BRZ,artillery,38
1879.12.1,1879,BRZ,dragoon,5
1879.12.1,1879,ORA,infantry,2
1880.1.1,1880,USA,artillery,104
1880.1.1,1880,USA,dragoon,1
1880.1.1,1880,USA,hussar,11
1880.1.1,1880,USA,infantry,40
1880.1.1,1880,ENG,artillery,262
1880.1.1,1880,ENG,cuirassier,2
1880.1.1,1880,ENG,hussar,19
1880.1.1,1880,ENG,infantry,159
1880.1.1,1880,FRA,artillery,147
1880.1.1,1880,FRA,dragoon,1
1880.1.1,1880,FRA,hussar,20
1880.1.1,1880,FRA,infantry,195
1880.1.1,1880,SCA,artillery,53
1880.1.1,1880,SCA,hussar,13
1880.1.1,1880,SCA,infantry,48
1880.1.1,1880,RUS,artillery,105
1880.1.1,1880,RUS,dragoon,12
1880.1.1,1880,RUS,hussar,1
1880.1.1,1880,RUS,infantry,192
1880.1.1,1880,GER,artillery,206
1880.1.1,1880,GER,hussar,26
1880.1.1,1880,GER,infantry,184
1880.1.1,1880,NET,artillery,7
1880.1.1,1880,NET,dragoon,2
1880.1.1,1880,NET,infantry,5
1880.1.1,1880,BEL,artillery,30
1880.1.1,1880,BEL,dragoon,5
1880.1.1,1880,BEL,guard,9
1880.1.1,1880,BEL,infantry,11
1880.1.1,1880,SPA,artillery,70
1880.1.1,1880,SPA,hussar,2
1880.1.1,1880,SPA,infantry,47
1880.1.1,1880,KUK,artillery,87
1880.1.1,1880,KUK,dragoon,16
1880.1.1,1880,KUK,infantry,75
1880.1.1,1880,AST,artillery,31
1880.1.1,1880,AST,hussar,7
1880.1.1,1880,AST,infantry,20
1880.1.1,1880,WAL,artillery,18
1880.1.1,1880,WAL,hussar,2
1880.1.1,1880,WAL,infantry,1
1880.1.1,1880,SAR,artillery,37
1880.1.1,1880,SAR,guard,8
1880.1.1,1880,SAR,hussar,2
1880.1.1,1880,SAR,infantry,30
1880.1.1,1880,SIC,artillery,76
1880.1.1,1880,SIC,dragoon,16
1880.1.1,1880,SIC,infantry,47
1880.1.1,1880,TUR,artillery,33
1880.1.1,1880,TUR,hussar,7
1880.1.1,1880,TUR,infantry,29
1880.1.1,1880,MCK,cavalry,8
1880.1.1,1880,MCK,infantry,9
1880.1.1,1880,MCK,irregular,28
1880.1.1,1880,PER,artillery,30
1880.1.1,1880,PER,dragoon,1
1880.1.1,1880,PER,hussar,4
1880.1.1,1880,PER,infantry,24
1880.1.1,1880,JAS,dragoon,1
1880.1.1,1880,JAS,infantry,2
1880.1.1,1880,BIK,artillery,2
1880.1.1,1880,BIK,dragoon,1
1880.1.1,1880,BIK,infantry,5
1880.1.1,1880,MEW,dragoon,1
1880.1.1,1880,MEW,infantry,9
1880.1.1,1880,GWA,cavalry,1
1880.1.1,1880,GWA,infantry,1
1880.1.1,1880,GWA,irregular,3
1880.1.1,1880,BUN,artillery,3
1880.1.1,1880,BUN,dragoon,1
1880.1.1,1880,BUN,infantry,5
1880.1.1,1880,NEP,cavalry,1
1880.1.1,1880,NEP,irregular,5
1880.1.1,1880,SIK,irregular,1
1880.1.1,1880,BHU,irregular,1
1880.1.1,1880,CHL,artillery,51
1880.1.1,1880,CHL,dragoon,6
1880.1.1,1880,CHL,hussar,2
1880.1.1,1880,CHL,infantry,20
1880.1.1,1880,MGL,cavalry,2
1880.1.1,1880,MGL,infantry,4
1880.1.1,1880,MGL,irregular,6
1880.1.1,1880,CHI,cavalry,57
1880.1.1,1880,CHI,infantry,49
1880.1.1,1880,CHI,irregular,245
1880.1.1,1880,GXI,cavalry,47
1880.1.1,1880,GXI,infantry,66
1880.1.1,1880,GXI,irregular,170
1880.1.1,1880,XBI,cavalry,4
1880.1.1,1880,XBI,infantry,2
1880.1.1,1880,XBI,irregular,30
1880.1.1,1880,YNN,cavalry,33
1880.1.1,1880,YNN,infantry,17
1880.1.1,1880,YNN,irregular,145
1880.1.1,1880,TIB,cavalry,3
1880.1.1,1880,TIB,infantry,5
1880.1.1,1880,TIB,irregular,6
1880.1.1,1880,XIN,cavalry,1
1880.1.1,1880,XIN,irregular,6
1880.1.1,1880,ALD,cavalry,2
1880.1.1,1880,ALD,infantry,3
1880.1.1,1880,ALD,irregular,3
1880.1.1,1880,MEX,artillery,63
1880.1.1,1880,MEX,cavalry,1
1880.1.1,1880,MEX,infantry,29
1880.1.1,1880,BRZ,artillery,39
1880.1.1,1880,BRZ,dragoon,5
1880.1.1,1880,ORA,infantry,2
1880.2.1,1880,USA,artillery,105
1880.2.1,1880,USA,dragoon,1
1880.2.1,1880,USA,hussar,13
1880.2.1,1880,USA,infantry,51
1880.2.1,1880,ENG,artillery,262
1880.2.1,1880,ENG,cuirassier,2
1880.2.1,1880,ENG,hussar,19
1880.2.1,1880,ENG,infantry,161
1880.2.1,1880,FRA,artillery,147
1880.2.1,1880,FRA,dragoon,1
1880.2.1,1880,FRA,hussar,20
1880.2.1,1880,FRA,infantry,195
1880.2.1,1880,SCA,artillery,53
1880.2.1,1880,SCA,hussar,13
1880.2.1,1880,SCA,infantry,48
1880.2.1,1880,RUS,artillery,104
1880.2.1,1880,RUS,dragoon,12
1880.2.1,1880,RUS,hussar,1
1880.2.1,1880,RUS,infantry,192
1880.2.1,1880,GER,artillery,208
1880.2.1,1880,GER,hussar,26
1880.2.1,1880,GER,infantry,184
1880.2.1,1880,NET,artillery,7
1880.2.1,1880,NET,dragoon,2
1880.2.1,1880,NET,infantry,5
1880.2.1,1880,BEL,artillery,30
1880.2.1,1880,BEL,dragoon,5
1880.2.1,1880,BEL,guard,9
1880.2.1,1880,BEL,infantry,11
1880.2.1,1880,SPA,artillery,69
1880.2.1,1880,SPA,hussar,2
1880.2.1,1880,SPA,infantry,47
1880.2.1,1880,KUK,artillery,86
1880.2.1,1880,KUK,dragoon,16
1880.2.1,1880,KUK,infantry,74
1880.2.1,1880,AST,artillery,31
1880.2.1,1880,AST,hussar,7
1880.2.1,1880,AST,infantry,18
1880.2.1,1880,WAL,artillery,18
1880.2.1,1880,WAL,hussar,2
1880.2.1,1880,WAL,infantry,1
1880.2.1,1880,SAR,artillery,37
1880.2.1,1880,SAR,guard,8
1880.2.1,1880,SAR,hussar,2
1880.2.1,1880,SAR,infantry,30
1880.2.1,1880,SIC,artillery,76
1880.2.1,1880,SIC,dragoon,16
1880.2.1,1880,SIC,infantry,47
1880.2.1,1880,TUR,artillery,33
1880.2.1,1880,TUR,hussar,7
1880.2.1,1880,TUR,infantry,28
1880.2.1,1880,MCK,cavalry,8
1880.2.1,1880,MCK,infantry,9
1880.2.1,1880,MCK,irregular,28
1880.2.1,1880,PER,artillery,30
1880.2.1,1880,PER,dragoon,1
1880.2.1,1880,PER,hussar,4
1880.2.1,1880,PER,infantry,24
1880.2.1,1880,JAS,dragoon,1
1880.2.1,1880,JAS,infantry,2
1880.2.1,1880,BIK,artillery,2
1880.2.1,1880,BIK,dragoon,1
1880.2.1,1880,BIK,infantry,5
1880.2.1,1880,MEW,dragoon,1
1880.2.1,1880,MEW,infantry,9
1880.2.1,1880,GWA,cavalry,1
1880.2.1,1880,GWA,infantry,1
1880.2.1,1880,GWA,irregular,3
1880.2.1,1880,BUN,artillery,3
1880.2.1,1880,BUN,dragoon,1
1880.2.1,1880,BUN,infantry,5
1880.2.1,1880,NEP,cavalry,1
1880.2.1,1880,NEP,irregular,5
1880.2.1,1880,SIK,irregular,1
1880.2.1,1880,BHU,irregular,1
1880.2.1,1880,CHL,artillery,51
1880.2.1,1880,CHL,dragoon,6
1880.2.1,1880,CHL,hussar,2
1880.2.1,1880,CHL,infantry,20
1880.2.1,1880,MGL,cavalry,2
1880.2.1,1880,MGL,infantry,4
1880.2.1,1880,MGL,irregular,6
1880.2.1,1880,CHI,cavalry,57
1880.2.1,1880,CHI,infantry,52
1880.2.1,1880,CHI,irregular,246
1880.2.1,1880,GXI,cavalry,47
1880.2.1,1880,GXI,infantry,66
1880.2.1,1880,GXI,irregular,170
1880.2.1,1880,XBI,cavalry,4
1880.2.1,1880,XBI,infantry,2
1880.2.1,1880,XBI,irregular,30
1880.2.1,1880,YNN,cavalry,33
1880.2.1,1880,YNN,infantry,17
1880.2.1,1880,YNN,irregular,145
1880.2.1,1880,TIB,cavalry,3
1880.2.1,1880,TIB,infantry,5
1880.2.1,1880,TIB,irregular,6
1880.2.1,1880,XIN,cavalry,1
1880.2.1,1880,XIN,irregular,6
1880.2.1,1880,ALD,cavalry,2
1880.2.1,1880,ALD,infantry,3
1880.2.1,1880,ALD,irregular,3
1880.2.1,1880,MEX,artillery,63
1880.2.1,1880,MEX,cavalry,1
1880.2.1,1880,MEX,infantry,29
1880.2.1,1880,BRZ,artillery,39
1880.2.1,1880,BRZ,dragoon,5
1880.2.1,1880,ORA,infantry,2
1880.3.1,1880,USA,artillery,107
1880.3.1,1880,USA,dragoon,1
1880.3.1,1880,USA,hussar,14
1880.3.1,1880,USA,infantry,60
1880.3.1,1880,ENG,artillery,263
1880.3.1,1880,ENG,cuirassier,2
1880.3.1,1880,ENG,hussar,19
1880.3.1,1880,ENG,infantry,161
1880.3.1,1880,FRA,artillery,147
1880.3.1,1880,FRA,dragoon,1
1880.3.1,1880,FRA,hussar,20
1880.3.1,1880,FRA,infantry,195
1880.3.1,1880,SCA,artillery,51
1880.3.1,1880,SCA,hussar,13
1880.3.1,1880,SCA,infantry,48
1880.3.1,1880,RUS,artillery,104
1880.3.1,1880,RUS,dragoon,12
1880.3.1,1880,RUS,hussar,1
1880.3.1,1880,RUS,infantry,191
1880.3.1,1880,GER,artillery,208
1880.3.1,1880,GER,hussar,26
1880.3.1,1880,GER,infantry,184
1880.3.1,1880,NET,artillery,7
1880.3.1,1880,NET,dragoon,2
1880.3.1,1880,NET,infantry,5
1880.3.1,1880,BEL,artillery,30
1880.3.1,1880,BEL,dragoon,5
1880.3.1,1880,BEL,guard,9
1880.3.1,1880,BEL,infantry,11
1880.3.1,1880,SPA,artillery,69
1880.3.1,1880,SPA,hussar,2
1880.3.1,1880,SPA,infantry,47
1880.3.1,1880,KUK,artillery,86
1880.3.1,1880,KUK,dragoon,16
1880.3.1,1880,KUK,infantry,74
1880.3.1,1880,AST,artillery,31
1880.3.1,1880,AST,hussar,7
1880.3.1,1880,AST,infantry,18
1880.3.1,1880,WAL,artillery,18
1880.3.1,1880,WAL,hussar,2
1880.3.1,1880,WAL,infantry,1
1880.3.1,1880,SAR,artillery,38
1880.3.1,1880,SAR,guard,8
1880.3.1,1880,SAR,hussar,2
1880.3.1,1880,SAR,infantry,30
1880.3.1,1880,SIC,artillery,76
1880.3.1,1880,SIC,dragoon,16
1880.3.1,1880,SIC,infantry,47
1880.3.1,1880,TUR,artillery,33
1880.3.1,1880,TUR,hussar,7
1880.3.1,1880,TUR,infantry,28
1880.3.1,1880,MCK,cavalry,8
1880.3.1,1880,MCK,infantry,9
1880.3.1,1880,MCK,irregular,28
1880.3.1,1880,PER,artillery,30
1880.3.1,1880,PER,dragoon,1
1880.3.1,1880,PER,hussar,4
1880.3.1,1880,PER,infantry,24
1880.3.1,1880,JAS,dragoon,1
1880.3.1,1880,JAS,infantry,2
1880.3.1,1880,BIK,artillery,2
1880.3.1,1880,BIK,dragoon,1
1880.3.1,1880,BIK,infantry,5
1880.3.1,1880,MEW,dragoon,1
1880.3.1,1880,MEW,infantry,9
1880.3.1,1880,GWA,cavalry,1
1880.3.1,1880,GWA,infantry,1
1880.3.1,1880,GWA,irregular,4
1880.3.1,1880,BUN,artillery,3
1880.3.1,1880,BUN,dragoon,1
1880.3.1,1880,BUN,infantry,5
1880.3.1,1880,NEP,cavalry,1
1880.3.1,1880,NEP,irregular,5
1880.3.1,1880,SIK,irregular,1
1880.3.1,1880,BHU,irregular,1
1880.3.1,1880,CHL,artillery,51
1880.3.1,1880,CHL,dragoon,6
1880.3.1,1880,CHL,hussar,2
1880.3.1,1880,CHL,infantry,20
1880.3.1,1880,MGL,cavalry,2
1880.3.1,1880,MGL,infantry,4
1880.3.1,1880,MGL,irregular,6
1880.3.1,1880,CHI,cavalry,57
1880.3.1,1880,CHI,infantry,52
1880.3.1,1880,CHI,irregular,246
1880.3.1,1880,GXI,cavalry,47
1880.3.1,1880,GXI,infantry,67
1880.3.1,1880,GXI,irregular,170
1880.3.1,1880,XBI,cavalry,4
1880.3.1,1880,XBI,infantry,2
1880.3.1,1880,XBI,irregular,30
1880.3.1,1880,YNN,cavalry,33
1880.3.1,1880,YNN,infantry,17
1880.3.1,1880,YNN,irregular,145
1880.3.1,1880,TIB,cavalry,3
1880.3.1,1880,TIB,infantry,5
1880.3.1,1880,TIB,irregular,6
1880.3.1,1880,XIN,cavalry,1
1880.3.1,1880,XIN,irregular,6
1880.3.1,1880,ALD,cavalry,2
1880.3.1,1880,ALD,infantry,3
1880.3.1,1880,ALD,irregular,3
1880.3.1,1880,MEX,artillery,63
1880.3.1,1880,MEX,cavalry,1
1880.3.1,1880,MEX,infantry,29
1880.3.1,1880,BRZ,artillery,42
1880.3.1,1880,BRZ,dragoon,5
1880.3.1,1880,ORA,infantry,2
1880.4.1,1880,USA,artillery,109
1880.4.1,1880,USA,dragoon,1
1880.4.1,1880,USA,hussar,14
1880.4.1,1880,USA,infantry,76
1880.4.1,1880,ENG,artillery,272
1880.4.1,1880,ENG,cuirassier,2
1880.4.1,1880,ENG,hussar,19
1880.4.1,1880,ENG,infantry,161
1880.4.1,1880,FRA,artillery,146
1880.4.1,1880,FRA,dragoon,1
1880.4.1,1880,FRA,hussar,20
1880.4.1,1880,FRA,infantry,195
1880.4.1,1880,SCA,artillery,51
1880.4.1,1880,SCA,hussar,13
1880.4.1,1880,SCA,infantry,48
1880.4.1,1880,RUS,artillery,104
1880.4.1,1880,RUS,dragoon,10
1880.4.1,1880,RUS,hussar,1
1880.4.1,1880,RUS,infantry,191
1880.4.1,1880,GER,artillery,207
1880.4.1,1880,GER,hussar,26
1880.4.1,1880,GER,infantry,184
1880.4.1,1880,NET,artillery,7
1880.4.1,1880,NET,dragoon,2
1880.4.1,1880,NET,infantry,5
1880.4.1,1880,BEL,artillery,30
1880.4.1,1880,BEL,dragoon,5
1880.4.1,1880,BEL,guard,9
1880.4.1,1880,BEL,infantry,11
1880.4.1,1880,SPA,artillery,69
1880.4.1,1880,SPA,hussar,3
1880.4.1,1880,SPA,infantry,47
1880.4.1,1880,KUK,artillery,84
1880.4.1,1880,KUK,dragoon,16
1880.4.1,1880,KUK,infantry,74
1880.4.1,1880,AST,artillery,31
1880.4.1,1880,AST,hussar,7
1880.4.1,1880,AST,infantry,20
1880.4.1,1880,WAL,artillery,18
1880.4.1,1880,WAL,hussar,2
1880.4.1,1880,WAL,infantry,1
1880.4.1,1880,SAR,artillery,38
1880.4.1,1880,SAR,guard,8
1880.4.1,1880,SAR,hussar,2
1880.4.1,1880,SAR,infantry,30
1880.4.1,1880,SIC,artillery,76
1880.4.1,1880,SIC,dragoon,16
1880.4.1,1880,SIC,infantry,47
1880.4.1,1880,TUR,artillery,33
1880.4.1,1880,TUR,hussar,7
1880.4.1,1880,TUR,infantry,28
1880.4.1,1880,MCK,cavalry,8
1880.4.1,1880,MCK,infantry,9
1880.4.1,1880,MCK,irregular,28
1880.4.1,1880,PER,artillery,30
1880.4.1,1880,PER,dragoon,1
1880.4.1,1880,PER,hussar,4
1880.4.1,1880,PER,infantry,24
1880.4.1,1880,JAS,dragoon,1
1880.4.1,1880,JAS,infantry,2
1880.4.1,1880,BIK,artillery,2
1880.4.1,1880,BIK,dragoon,1
1880.4.1,1880,BIK,infantry,5
1880.4.1,1880,MEW,dragoon,1
1880.4.1,1880,MEW,infantry,9
1880.4.1,1880,GWA,cavalry,1
1880.4.1,1880,GWA,infantry,1
1880.4.1,1880,GWA,irregular,4
1880.4.1,1880,BUN,artillery,3
1880.4.1,1880,BUN,dragoon,1
1880.4.1,1880,BUN,infantry,5
1880.4.1,1880,NEP,cavalry,1
1880.4.1,1880,NEP,irregular,5
1880.4.1,1880,SIK,irregular,1
1880.4.1,1880,BHU,irregular,1
1880.4.1,1880,CHL,artillery,51
1880.4.1,1880,CHL,dragoon,6
1880.4.1,1880,CHL,hussar,2
1880.4.1,1880,CHL,infantry,20
1880.4.1,1880,MGL,cavalry,2
1880.4.1,1880,MGL,infantry,4
1880.4.1,1880,MGL,irregular,6
1880.4.1,1880,CHI,cavalry,58
1880.4.1,1880,CHI,infantry,52
1880.4.1,1880,CHI,irregular,247
1880.4.1,1880,GXI,cavalry,48
1880.4.1,1880,GXI,infantry,67
1880.4.1,1880,GXI,irregular,170
1880.4.1,1880,XBI,cavalry,4
1880.4.1,1880,XBI,infantry,2
1880.4.1,1880,XBI,irregular,30
1880.4.1,1880,YNN,cavalry,33
1880.4.1,1880,YNN,infantry,17
1880.4.1,1880,YNN,irregular,145
1880.4.1,1880,TIB,cavalry,3
1880.4.1,1880,TIB,infantry,5
1880.4.1,1880,TIB,irregular,6
1880.4.1,1880,XIN,cavalry,1
1880.4.1,1880,XIN,irregular,6
1880.4.1,1880,ALD,cavalry,2
1880.4.1,1880,ALD,infantry,3
1880.4.1,1880,ALD,irregular,3
1880.4.1,1880,MEX,artillery,63
1880.4.1,1880,MEX,cavalry,1
1880.4.1,1880,MEX,infantry,29
1880.4.1,1880,BRZ,artillery,44
1880.4.1,1880,BRZ,dragoon,5
1880.4.1,1880,ORA,infantry,2
1880.5.1,1880,USA,artillery,113
1880.5.1,1880,USA,dragoon,1
1880.5.1,1880,USA,hussar,14
1880.5.1,1880,USA,infantry,91
1880.5.1,1880,ENG,artillery,272
1880.5.1,1880,ENG,cuirassier,2
1880.5.1,1880,ENG,hussar,19
1880.5.1,1880,ENG,infantry,161
1880.5.1,1880,FRA,artillery,146
1880.5.1,1880,FRA,dragoon,1
1880.5.1,1880,FRA,hussar,20
1880.5.1,1880,FRA,infantry,195
1880.5.1,1880,SCA,artillery,51
1880.5.1,1880,SCA,hussar,13
1880.5.1,1880,SCA,infantry,48
1880.5.1,1880,RUS,artillery,103
1880.5.1,1880,RUS,dragoon,10
1880.5.1,1880,RUS,hussar,1
1880.5.1,1880,RUS,infantry,191
1880.5.1,1880,GER,artillery,206
1880.5.1,1880,GER,hussar,26
1880.5.1,1880,GER,infantry,184
1880.5.1,1880,NET,artillery,7
1880.5.1,1880,NET,dragoon,2
1880.5.1,1880,NET,infantry,5
1880.5.1,1880,BEL,artillery,30
1880.5.1,1880,BEL,dragoon,5
1880.5.1,1880,BEL,guard,9
1880.5.1,1880,BEL,infantry,11
1880.5.1,1880,SPA,artillery,69
1880.5.1,1880,SPA,hussar,2
1880.5.1,1880,SPA,infantry,47
1880.5.1,1880,KUK,artillery,84
1880.5.1,1880,KUK,dragoon,16
1880.5.1,1880,KUK,infantry,74
1880.5.1,1880,AST,artillery,31
1880.5.1,1880,AST,hussar,7
1880.5.1,1880,AST,infantry,30
1880.5.1,1880,WAL,artillery,18
1880.5.1,1880,WAL,hussar,2
1880.5.1,1880,WAL,infantry,1
1880.5.1,1880,SAR,artillery,38
1880.5.1,1880,SAR,guard,8
1880.5.1,1880,SAR,hussar,2
1880.5.1,1880,SAR,infantry,30
1880.5.1,1880,SIC,artillery,76
1880.5.1,1880,SIC,dragoon,16
1880.5.1,1880,SIC,infantry,47
1880.5.1,1880,TUR,artillery,30
1880.5.1,1880,TUR,hussar,6
1880.5.1,1880,TUR,infantry,29
1880.5.1,1880,MCK,cavalry,8
1880.5.1,1880,MCK,infantry,9
1880.5.1,1880,MCK,irregular,28
1880.5.1,1880,PER,artillery,30
1880.5.1,1880,PER,dragoon,1
1880.5.1,1880,PER,hussar,4
1880.5.1,1880,PER,infantry,24
1880.5.1,1880,JAS,dragoon,1
1880.5.1,1880,JAS,infantry,2
1880.5.1,1880,BIK,artillery,2
1880.5.1,1880,BIK,dragoon,1
1880.5.1,1880,BIK,infantry,5
1880.5.1,1880,MEW,dragoon,1
1880.5.1,1880,MEW,infantry,9
1880.5.1,1880,GWA,cavalry,1
1880.5.1,1880,GWA,infantry,1
1880.5.1,1880,GWA,irregular,4
1880.5.1,1880,BUN,artillery,3
1880.5.1,1880,BUN,dragoon,1
1880.5.1,1880,BUN,infantry,5
1880.5.1,1880,NEP,cavalry,1
1880.5.1,1880,NEP,irregular,5
1880.5.1,1880,SIK,irregular,1
1880.5.1,1880,BHU,irregular,1
1880.5.1,1880,CHL,artillery,51
1880.5.1,1880,CHL,dragoon,6
1880.5.1,1880,CHL,hussar,2
1880.5.1,1880,CHL,infantry,20
1880.5.1,1880,MGL,cavalry,2
1880.5.1,1880,MGL,infantry,4
1880.5.1,1880,MGL,irregular,6
1880.5.1,1880,CHI,cavalry,58
1880.5.1,1880,CHI,infantry,52
1880.5.1,1880,CHI,irregular,248
1880.5.1,1880,GXI,cavalry,48
1880.5.1,1880,GXI,infantry,67
1880.5.1,1880,GXI,irregular,170
1880.5.1,1880,XBI,cavalry,4
1880.5.1,1880,XBI,infantry,2
1880.5.1,1880,XBI,irregular,30
1880.5.1,1880,YNN,cavalry,33
1880.5.1,1880,YNN,infantry,17
1880.5.1,1880,YNN,irregular,145
1880.5.1,1880,TIB,cavalry,3
1880.5.1,1880,TIB,infantry,5
1880.5.1,1880,TIB,irregular,6
1880.5.1,1880,XIN,cavalry,1
1880.5.1,1880,XIN,irregular,6
1880.5.1,1880,ALD,cavalry,2
1880.5.1,1880,ALD,infantry,3
1880.5.1,1880,ALD,irregular,3
1880.5.1,1880,MEX,artillery,63
1880.5.1,1880,MEX,cavalry,1
1880.5.1,1880,MEX,infantry,29
1880.5.1,1880,BRZ,artillery,45
1880.5.1,1880,BRZ,dragoon,5
1880.5.1,1880,ORA,infantry,2
1880.6.1,1880,USA,artillery,115
1880.6.1,1880,USA,dragoon,1
1880.6.1,1880,USA,hussar,16
1880.6.1,1880,USA,infantry,99
1880.6.1,1880,ENG,artillery,272
1880.6.1,1880,ENG,cuirassier,2
1880.6.1,1880,ENG,hussar,19
1880.6.1,1880,ENG,infantry,161
1880.6.1,1880,FRA,artillery,146
1880.6.1,1880,FRA,dragoon,1
1880.6.1,1880,FRA,hussar,20
1880.6.1,1880,FRA,infantry,195
1880.6.1,1880,SCA,artillery,51
1880.6.1,1880,SCA,hussar,13
1880.6.1,1880,SCA,infantry,48
1880.6.1,1880,RUS,artillery,103
1880.6.1,1880,RUS,dragoon,10
1880.6.1,1880,RUS,hussar,1
1880.6.1,1880,RUS,infantry,191
1880.6.1,1880,GER,artillery,205
1880.6.1,1880,GER,hussar,26
1880.6.1,1880,GER,infantry,184
1880.6.1,1880,NET,artillery,7
1880.6.1,1880,NET,dragoon,2
1880.6.1,1880,NET,infantry,5
1880.6.1,1880,BEL,artillery,30
1880.6.1,1880,BEL,dragoon,5
1880.6.1,1880,BEL,guard,9
1880.6.1,1880,BEL,infantry,11
1880.6.1,1880,SPA,artillery,78
1880.6.1,1880,SPA,hussar,3
1880.6.1,1880,SPA,infantry,47
1880.6.1,1880,KUK,artillery,84
1880.6.1,1880,KUK,dragoon,16
1880.6.1,1880,KUK,infantry,74
1880.6.1,1880,AST,artillery,31
1880.6.1,1880,AST,hussar,7
1880.6.1,1880,AST,infantry,40
1880.6.1,1880,WAL,artillery,18
1880.6.1,1880,WAL,hussar,2
1880.6.1,1880,WAL,infantry,1
1880.6.1,1880,SAR,artillery,38
1880.6.1,1880,SAR,guard,8
1880.6.1,1880,SAR,hussar,2
1880.6.1,1880,SAR,infantry,30
1880.6.1,1880,SIC,artillery,75
1880.6.1,1880,SIC,dragoon,16
1880.6.1,1880,SIC,infantry,47
1880.6.1,1880,TUR,artillery,34
1880.6.1,1880,TUR,hussar,6
1880.6.1,1880,TUR,infantry,30
1880.6.1,1880,MCK,cavalry,8
1880.6.1,1880,MCK,infantry,9
1880.6.1,1880,MCK,irregular,28
1880.6.1,1880,PER,artillery,30
1880.6.1,1880,PER,dragoon,1
1880.6.1,1880,PER,hussar,4
1880.6.1,1880,PER,infantry,24
1880.6.1,1880,JAS,dragoon,1
1880.6.1,1880,JAS,infantry,2
1880.6.1,1880,BIK,artillery,2
1880.6.1,1880,BIK,dragoon,1
1880.6.1,1880,BIK,infantry,5
1880.6.1,1880,MEW,dragoon,1
1880.6.1,1880,MEW,infantry,9
1880.6.1,1880,GWA,cavalry,1
1880.6.1,1880,GWA,infantry,1
1880.6.1,1880,GWA,irregular,4
1880.6.1,1880,BUN,artillery,3
1880.6.1,1880,BUN,dragoon,1
1880.6.1,1880,BUN,infantry,5
1880.6.1,1880,NEP,cavalry,1
1880.6.1,1880,NEP,irregular,5
1880.6.1,1880,SIK,irregular,1
1880.6.1,1880,BHU,irregular,1
1880.6.1,1880,CHL,artillery,51
1880.6.1,1880,CHL,dragoon,6
1880.6.1,1880,CHL,hussar,2
1880.6.1,1880,CHL,infantry,20
1880.6.1,1880,MGL,cavalry,2
1880.6.1,1880,MGL,infantry,4
1880.6.1,1880,MGL,irregular,6
1880.6.1,1880,CHI,cavalry,58
1880.6.1,1880,CHI,infantry,53
1880.6.1,1880,CHI,irregular,248
1880.6.1,1880,GXI,cavalry,48
1880.6.1,1880,GXI,infantry,68
1880.6.1,1880,GXI,irregular,170
1880.6.1,1880,XBI,cavalry,4
1880.6.1,1880,XBI,infantry,2
1880.6.1,1880,XBI,irregular,30
1880.6.1,1880,YNN,cavalry,33
1880.6.1,1880,YNN,infantry,17
1880.6.1,1880,YNN,irregular,146
1880.6.1,1880,TIB,cavalry,3
1880.6.1,1880,TIB,infantry,5
1880.6.1,1880,TIB,irregular,6
1880.6.1,1880,XIN,cavalry,1
1880.6.1,1880,XIN,irregular,6
1880.6.1,1880,ALD,cavalry,2
1880.6.1,1880,ALD,infantry,3
1880.6.1,1880,ALD,irregular,3
1880.6.1,1880,MEX,artillery,63
1880.6.1,1880,MEX,cavalry,1
1880.6.1,1880,MEX,infantry,29
1880.6.1,1880,BRZ,artillery,45
1880.6.1,1880,BRZ,dragoon,5
1880.6.1,1880,ORA,infantry,2
1880.7.1,1880,USA,artillery,115
1880.7.1,1880,USA,dragoon,1
1880.7.1,1880,USA,hussar,17
1880.7.1,1880,USA,infantry,109
1880.7.1,1880,ENG,artillery,272
1880.7.1,1880,ENG,cuirassier,2
1880.7.1,1880,ENG,hussar,19
1880.7.1,1880,ENG,infantry,160
1880.7.1,1880,FRA,artillery,146
1880.7.1,1880,FRA,dragoon,1
1880.7.1,1880,FRA,hussar,20
1880.7.1,1880,FRA,infantry,195
1880.7.1,1880,SCA,artillery,51
1880.7.1,1880,SCA,hussar,13
1880.7.1,1880,SCA,infantry,48
1880.7.1,1880,RUS,artillery,103
1880.7.1,1880,RUS,dragoon,10
1880.7.1,1880,RUS,hussar,1
1880.7.1,1880,RUS,infantry,191
1880.7.1,1880,GER,artillery,205
1880.7.1,1880,GER,hussar,26
1880.7.1,1880,GER,infantry,184
1880.7.1,1880,NET,artillery,7
1880.7.1,1880,NET,dragoon,2
1880.7.1,1880,NET,infantry,5
1880.7.1,1880,BEL,artillery,30
1880.7.1,1880,BEL,dragoon,5
1880.7.1,1880,BEL,guard,9
1880.7.1,1880,BEL,infantry,11
1880.7.1,1880,SPA,artillery,78
1880.7.1,1880,SPA,hussar,3
1880.7.1,1880,SPA,infantry,47
1880.7.1,1880,KUK,artillery,84
1880.7.1,1880,KUK,dragoon,16
1880.7.1,1880,KUK,infantry,74
1880.7.1,1880,AST,artillery,30
1880.7.1,1880,AST,hussar,5
1880.7.1,1880,AST,infantry,40
1880.7.1,1880,WAL,artillery,18
1880.7.1,1880,WAL,hussar,2
1880.7.1,1880,WAL,infantry,1
1880.7.1,1880,SAR,artillery,38
1880.7.1,1880,SAR,guard,8
1880.7.1,1880,SAR,hussar,2
1880.7.1,1880,SAR,infantry,30
1880.7.1,1880,SIC,artillery,75
1880.7.1,1880,SIC,dragoon,16
1880.7.1,1880,SIC,infantry,47
1880.7.1,1880,TUR,artillery,37
1880.7.1,1880,TUR,hussar,7
1880.7.1,1880,TUR,infantry,29
1880.7.1,1880,MCK,cavalry,8
1880.7.1,1880,MCK,infantry,9
1880.7.1,1880,MCK,irregular,28
1880.7.1,1880,PER,artillery,30
1880.7.1,1880,PER,dragoon,1
1880.7.1,1880,PER,hussar,4
1880.7.1,1880,PER,infantry,24
1880.7.1,1880,JAS,dragoon,1
1880.7.1,1880,JAS,infantry,2
1880.7.1,1880,BIK,artillery,2
1880.7.1,1880,BIK,dragoon,1
1880.7.1,1880,BIK,infantry,5
1880.7.1,1880,MEW,dragoon,1
1880.7.1,1880,MEW,infantry,9
1880.7.1,1880,GWA,cavalry,1
1880.7.1,1880,GWA,infantry,1
1880.7.1,1880,GWA,irregular,4
1880.7.1,1880,BUN,artillery,3
1880.7.1,1880,BUN,dragoon,1
1880.7.1,1880,BUN,infantry,5
1880.7.1,1880,NEP,cavalry,1
1880.7.1,1880,NEP,irregular,5
1880.7.1,1880,SIK,irregular,1
1880.7.1,1880,BHU,irregular,1
1880.7.1,1880,CHL,artillery,51
1880.7.1,1880,CHL,dragoon,6
1880.7.1,1880,CHL,hussar,2
1880.7.1,1880,CHL,infantry,20
1880.7.1,1880,MGL,cavalry,2
1880.7.1,1880,MGL,infantry,4
1880.7.1,1880,MGL,irregular,6
1880.7.1,1880,CHI,cavalry,58
1880.7.1,1880,CHI,infantry,53
1880.7.1,1880,CHI,irregular,249
1880.7.1,1880,GXI,cavalry,48
1880.7.1,1880,GXI,infantry,68
1880.7.1,1880,GXI,irregular,170
1880.7.1,1880,XBI,cavalry,4
1880.7.1,1880,XBI,infantry,2
1880.7.1,1880,XBI,irregular,30
1880.7.1,1880,YNN,cavalry,33
1880.7.1,1880,YNN,infantry,17
1880.7.1,1880,YNN,irregular,146
1880.7.1,1880,TIB,cavalry,3
1880.7.1,1880,TIB,infantry,5
1880.7.1,1880,TIB,irregular,6
1880.7.1,1880,XIN,cavalry,1
1880.7.1,1880,XIN,irregular,6
1880.7.1,1880,ALD,cavalry,2
1880.7.1,1880,ALD,infantry,3
1880.7.1,1880,ALD,irregular,3
1880.7.1,1880,MEX,artillery,63
1880.7.1,1880,MEX,cavalry,1
1880.7.1,1880,MEX,infantry,29
1880.7.1,1880,BRZ,artillery,46
1880.7.1,1880,BRZ,dragoon,5
1880.7.1,1880,ORA,infantry,2
1880.8.1,1880,USA,artillery,116
1880.8.1,1880,USA,dragoon,1
1880.8.1,1880,USA,hussar,17
1880.8.1,1880,USA,infantry,119
1880.8.1,1880,ENG,artillery,272
1880.8.1,1880,ENG,cuirassier,2
1880.8.1,1880,ENG,hussar,19
1880.8.1,1880,ENG,infantry,160
1880.8.1,1880,FRA,artillery,146
1880.8.1,1880,FRA,dragoon,1
1880.8.1,1880,FRA,hussar,20
1880.8.1,1880,FRA,infantry,195
1880.8.1,1880,SCA,artillery,51
1880.8.1,1880,SCA,hussar,13
1880.8.1,1880,SCA,infantry,48
1880.8.1,1880,RUS,artillery,103
1880.8.1,1880,RUS,dragoon,10
1880.8.1,1880,RUS,hussar,1
1880.8.1,1880,RUS,infantry,191
1880.8.1,1880,GER,artillery,205
1880.8.1,1880,GER,hussar,26
1880.8.1,1880,GER,infantry,184
1880.8.1,1880,NET,artillery,7
1880.8.1,1880,NET,dragoon,2
1880.8.1,1880,NET,infantry,5
1880.8.1,1880,BEL,artillery,30
1880.8.1,1880,BEL,dragoon,5
1880.8.1,1880,BEL,guard,9
1880.8.1,1880,BEL,infantry,11
1880.8.1,1880,SPA,artillery,78
1880.8.1,1880,SPA,hussar,3
1880.8.1,1880,SPA,infantry,47
1880.8.1,1880,KUK,artillery,84
1880.8.1,1880,KUK,dragoon,16
1880.8.1,1880,KUK,infantry,74
1880.8.1,1880,AST,artillery,31
1880.8.1,1880,AST,hussar,5
1880.8.1,1880,AST,infantry,40
1880.8.1,1880,WAL,artillery,18
1880.8.1,1880,WAL,hussar,2
1880.8.1,1880,WAL,infantry,1
1880.8.1,1880,SAR,artillery,38
1880.8.1,1880,SAR,guard,8
1880.8.1,1880,SAR,hussar,2
1880.8.1,1880,SAR,infantry,30
1880.8.1,1880,SIC,artillery,74
1880.8.1,1880,SIC,dragoon,16
1880.8.1,1880,SIC,infantry,47
1880.8.1,1880,TUR,artillery,33
1880.8.1,1880,TUR,hussar,7
1880.8.1,1880,TUR,infantry,29
1880.8.1,1880,MCK,cavalry,8
1880.8.1,1880,MCK,infantry,9
1880.8.1,1880,MCK,irregular,28
1880.8.1,1880,PER,artillery,30
1880.8.1,1880,PER,dragoon,1
1880.8.1,1880,PER,hussar,4
1880.8.1,1880,PER,infantry,24
1880.8.1,1880,JAS,dragoon,1
1880.8.1,1880,JAS,infantry,2
1880.8.1,1880,BIK,artillery,2
1880.8.1,1880,BIK,dragoon,1
1880.8.1,1880,BIK,infantry,5
1880.8.1,1880,MEW,dragoon,1
1880.8.1,1880,MEW,infantry,9
1880.8.1,1880,GWA,cavalry,1
1880.8.1,1880,GWA,infantry,1
1880.8.1,1880,GWA,irregular,4
1880.8.1,1880,BUN,artillery,3
1880.8.1,1880,BUN,dragoon,1
1880.8.1,1880,BUN,infantry,5
1880.8.1,1880,NEP,cavalry,1
1880.8.1,1880,NEP,irregular,5
1880.8.1,1880,SIK,irregular,1
1880.8.1,1880,BHU,irregular,1
1880.8.1,1880,CHL,artillery,51
1880.8.1,1880,CHL,dragoon,6
1880.8.1,1880,CHL,hussar,2
1880.8.1,1880,CHL,infantry,20
1880.8.1,1880,MGL,cavalry,2
1880.8.1,1880,MGL,infantry,4
1880.8.1,1880,MGL,irregular,6
1880.8.1,1880,CHI,cavalry,59
1880.8.1,1880,CHI,infantry,54
1880.8.1,1880,CHI,irregular,250
1880.8.1,1880,GXI,cavalry,48
1880.8.1,1880,GXI,infantry,69
1880.8.1,1880,GXI,irregular,170
1880.8.1,1880,XBI,cavalry,4
1880.8.1,1880,XBI,infantry,2
1880.8.1,1880,XBI,irregular,30
1880.8.1,1880,YNN,cavalry,33
1880.8.1,1880,YNN,infantry,17
1880.8.1,1880,YNN,irregular,147
1880.8.1,1880,TIB,cavalry,3
1880.8.1,1880,TIB,infantry,5
1880.8.1,1880,TIB,irregular,6
1880.8.1,1880,XIN,cavalry,1
1880.8.1,1880,XIN,irregular,6
1880.8.1,1880,ALD,cavalry,2
1880.8.1,1880,ALD,infantry,3
1880.8.1,1880,ALD,irregular,3
1880.8.1,1880,MEX,artillery,64
1880.8.1,1880,MEX,cavalry,1
1880.8.1,1880,MEX,infantry,29
1880.8.1,1880,BRZ,artillery,46
1880.8.1,1880,BRZ,dragoon,5
1880.8.1,1880,ORA,infantry,2
1880.9.1,1880,USA,artillery,116
1880.9.1,1880,USA,dragoon,1
1880.9.1,1880,USA,hussar,17
1880.9.1,1880,USA,infantry,126
1880.9.1,1880,ENG,artillery,271
1880.9.1,1880,ENG,cuirassier,2
1880.9.1,1880,ENG,hussar,19
1880.9.1,1880,ENG,infantry,160
1880.9.1,1880,FRA,artillery,146
1880.9.1,1880,FRA,dragoon,1
1880.9.1,1880,FRA,hussar,20
1880.9.1,1880,FRA,infantry,195
1880.9.1,1880,SCA,artillery,51
1880.9.1,1880,SCA,hussar,12
1880.9.1,1880,SCA,infantry,47
1880.9.1,1880,RUS,artillery,102
1880.9.1,1880,RUS,dragoon,9
1880.9.1,1880,RUS,hussar,1
1880.9.1,1880,RUS,infantry,191
1880.9.1,1880,GER,artillery,204
1880.9.1,1880,GER,hussar,26
1880.9.1,1880,GER,infantry,184
1880.9.1,1880,NET,artillery,7
1880.9.1,1880,NET,dragoon,2
1880.9.1,1880,NET,infantry,5
1880.9.1,1880,BEL,artillery,30
1880.9.1,1880,BEL,dragoon,5
1880.9.1,1880,BEL,guard,9
1880.9.1,1880,BEL,infantry,11
1880.9.1,1880,SPA,artillery,78
1880.9.1,1880,SPA,hussar,3
1880.9.1,1880,SPA,infantry,47
1880.9.1,1880,KUK,artillery,79
1880.9.1,1880,KUK,dragoon,16
1880.9.1,1880,KUK,infantry,73
1880.9.1,1880,AST,artillery,32
1880.9.1,1880,AST,hussar,5
1880.9.1,1880,AST,infantry,40
1880.9.1,1880,WAL,artillery,18
1880.9.1,1880,WAL,hussar,2
1880.9.1,1880,WAL,infantry,1
1880.9.1,1880,SAR,artillery,38
1880.9.1,1880,SAR,guard,8
1880.9.1,1880,SAR,hussar,2
1880.9.1,1880,SAR,infantry,30
1880.9.1,1880,SIC,artillery,74
1880.9.1,1880,SIC,dragoon,16
1880.9.1,1880,SIC,infantry,47
1880.9.1,1880,TUR,artillery,33
1880.9.1,1880,TUR,hussar,7
1880.9.1,1880,TUR,infantry,29
1880.9.1,1880,MCK,cavalry,8
1880.9.1,1880,MCK,infantry,9
1880.9.1,1880,MCK,irregular,28
1880.9.1,1880,PER,artillery,30
1880.9.1,1880,PER,dragoon,1
1880.9.1,1880,PER,hussar,4
1880.9.1,1880,PER,infantry,24
1880.9.1,1880,JAS,dragoon,1
1880.9.1,1880,JAS,infantry,2
1880.9.1,1880,BIK,artillery,2
1880.9.1,1880,BIK,dragoon,1
1880.9.1,1880,BIK,infantry,5
1880.9.1,1880,MEW,dragoon,1
1880.9.1,1880,MEW,infantry,9
1880.9.1,1880,GWA,cavalry,1
1880.9.1,1880,GWA,infantry,1
1880.9.1,1880,GWA,irregular,4
1880.9.1,1880,BUN,artillery,3
1880.9.1,1880,BUN,dragoon,1
1880.9.1,1880,BUN,infantry,5
1880.9.1,1880,NEP,cavalry,1
1880.9.1,1880,NEP,irregular,5
1880.9.1,1880,SIK,irregular,1
1880.9.1,1880,BHU,irregular,1
1880.9.1,1880,CHL,artillery,51
1880.9.1,1880,CHL,dragoon,6
1880.9.1,1880,CHL,hussar,2
1880.9.1,1880,CHL,infantry,20
1880.9.1,1880,MGL,cavalry,2
1880.9.1,1880,MGL,infantry,4
1880.9.1,1880,MGL,irregular,6
1880.9.1,1880,CHI,cavalry,59
1880.9.1,1880,CHI,infantry,54
1880.9.1,1880,CHI,irregular,251
1880.9.1,1880,GXI,cavalry,48
1880.9.1,1880,GXI,infantry,69
1880.9.1,1880,GXI,irregular,170
1880.9.1,1880,XBI,cavalry,4
1880.9.1,1880,XBI,infantry,2
1880.9.1,1880,XBI,irregular,30
1880.9.1,1880,YNN,cavalry,33
1880.9.1,1880,YNN,infantry,17
1880.9.1,1880,YNN,irregular,147
1880.9.1,1880,TIB,cavalry,3
1880.9.1,1880,TIB,infantry,5
1880.9.1,1880,TIB,irregular,6
1880.9.1,1880,XIN,cavalry,1
1880.9.1,1880,XIN,irregular,6
1880.9.1,1880,ALD,infantry,3
1880.9.1,1880,MEX,artillery,64
1880.9.1,1880,MEX,cavalry,1
1880.9.1,1880,MEX,infantry,29
1880.9.1,1880,BRZ,artillery,47
1880.9.1,1880,BRZ,dragoon,5
1880.9.1,1880,ORA,infantry,2
1880.10.1,1880,USA,artillery,117
1880.10.1,1880,USA,dragoon,1
1880.10.1,1880,USA,hussar,17
1880.10.1,1880,USA,infantry,127
1880.10.1,1880,ENG,artillery,271
1880.10.1,1880,ENG,cuirassier,2
1880.10.1,1880,ENG,hussar,19
1880.10.1,1880,ENG,infantry,160
1880.10.1,1880,FRA,artillery,153
1880.10.1,1880,FRA,dragoon,1
1880.10.1,1880,FRA,hussar,20
1880.10.1,1880,FRA,infantry,195
1880.10.1,1880,SCA,artillery,51
1880.10.1,1880,SCA,hussar,12
1880.10.1,1880,SCA,infantry,47
1880.10.1,1880,RUS,artillery,101
1880.10.1,1880,RUS,dragoon,9
1880.10.1,1880,RUS,hussar,1
1880.10.1,1880,RUS,infantry,191
1880.10.1,1880,GER,artillery,198
1880.10.1,1880,GER,hussar,26
1880.10.1,1880,GER,infantry,184
1880.10.1,1880,NET,artillery,7
1880.10.1,1880,NET,dragoon,2
1880.10.1,1880,NET,infantry,5
1880.10.1,1880,BEL,artillery,29
1880.10.1,1880,BEL,dragoon,5
1880.10.1,1880,BEL,guard,9
1880.10.1,1880,BEL,infantry,11
1880.10.1,1880,SPA,artillery,79
1880.10.1,1880,SPA,hussar,3
1880.10.1,1880,SPA,infantry,47
1880.10.1,1880,KUK,artillery,79
1880.10.1,1880,KUK,dragoon,16
1880.10.1,1880,KUK,infantry,73
1880.10.1,1880,AST,artillery,32
1880.10.1,1880,AST,hussar,5
1880.10.1,1880,AST,infantry,40
1880.10.1,1880,WAL,artillery,18
1880.10.1,1880,WAL,hussar,2
1880.10.1,1880,WAL,infantry,1
1880.10.1,1880,SAR,artillery,38
1880.10.1,1880,SAR,guard,8
1880.10.1,1880,SAR,hussar,2
1880.10.1,1880,SAR,infantry,30
1880.10.1,1880,SIC,artillery,74
1880.10.1,1880,SIC,dragoon,16
1880.10.1,1880,SIC,infantry,47
1880.10.1,1880,TUR,artillery,33
1880.10.1,1880,TUR,hussar,7
1880.10.1,1880,TUR,infantry,29
1880.10.1,1880,MCK,cavalry,8
1880.10.1,1880,MCK,infantry,9
1880.10.1,1880,MCK,irregular,28
1880.10.1,1880,PER,artillery,30
1880.10.1,1880,PER,dragoon,1
1880.10.1,1880,PER,hussar,4
1880.10.1,1880,PER,infantry,24
1880.10.1,1880,JAS,dragoon,1
1880.10.1,1880,JAS,infantry,2
1880.10.1,1880,BIK,artillery,2
1880.10.1,1880,BIK,dragoon,1
1880.10.1,1880,BIK,infantry,5
1880.10.1,1880,MEW,dragoon,1
1880.10.1,1880,MEW,infantry,9
1880.10.1,1880,GWA,cavalry,1
1880.10.1,1880,GWA,infantry,1
1880.10.1,1880,GWA,irregular,4
1880.10.1,1880,BUN,artillery,3
1880.10.1,1880,BUN,dragoon,1
1880.10.1,1880,BUN,infantry,5
1880.10.1,1880,NEP,cavalry,1
1880.10.1,1880,NEP,irregular,5
1880.10.1,1880,SIK,irregular,1
1880.10.1,1880,BHU,irregular,1
1880.10.1,1880,CHL,artillery,51
1880.10.1,1880,CHL,dragoon,6
1880.10.1,1880,CHL,hussar,2
1880.10.1,1880,CHL,infantry,20
1880.10.1,1880,MGL,cavalry,2
1880.10.1,1880,MGL,infantry,4
1880.10.1,1880,MGL,irregular,6
1880.10.1,1880,CHI,cavalry,59
1880.10.1,1880,CHI,infantry,54
1880.10.1,1880,CHI,irregular,251
1880.10.1,1880,GXI,cavalry,48
1880.10.1,1880,GXI,infantry,69
1880.10.1,1880,GXI,irregular,170
1880.10.1,1880,XBI,cavalry,4
1880.10.1,1880,XBI,infantry,2
1880.10.1,1880,XBI,irregular,30
1880.10.1,1880,YNN,cavalry,33
1880.10.1,1880,YNN,infantry,17
1880.10.1,1880,YNN,irregular,147
1880.10.1,1880,TIB,cavalry,3
1880.10.1,1880,TIB,infantry,5
1880.10.1,1880,TIB,irregular,6
1880.10.1,1880,XIN,cavalry,1
1880.10.1,1880,XIN,irregular,6
1880.10.1,1880,ALD,infantry,3
1880.10.1,1880,MEX,artillery,64
1880.10.1,1880,MEX,cavalry,1
1880.10.1,1880,MEX,infantry,29
1880.10.1,1880,BRZ,artillery,49
1880.10.1,1880,BRZ,dragoon,5
1880.10.1,1880,ORA,infantry,2
1880.11.1,1880,USA,artillery,120
1880.11.1,1880,USA,dragoon,1
1880.11.1,1880,USA,hussar,17
1880.11.1,1880,USA,infantry,127
1880.11.1,1880,ENG,artillery,270
1880.11.1,1880,ENG,cuirassier,2
1880.11.1,1880,ENG,hussar,19
1880.11.1,1880,ENG,infantry,160
1880.11.1,1880,FRA,artillery,153
1880.11.1,1880,FRA,dragoon,1
1880.11.1,1880,FRA,hussar,20
1880.11.1,1880,FRA,infantry,195
1880.11.1,1880,SCA,artillery,51
1880.11.1,1880,SCA,hussar,11
1880.11.1,1880,SCA,infantry,47
1880.11.1,1880,RUS,artillery,100
1880.11.1,1880,RUS,dragoon,8
1880.11.1,1880,RUS,hussar,1
1880.11.1,1880,RUS,infantry,191
1880.11.1,1880,GER,artillery,198
1880.11.1,1880,GER,hussar,26
1880.11.1,1880,GER,infantry,184
1880.11.1,1880,NET,artillery,7
1880.11.1,1880,NET,dragoon,2
1880.11.1,1880,NET,infantry,5
1880.11.1,1880,BEL,artillery,29
1880.11.1,1880,BEL,dragoon,5
1880.11.1,1880,BEL,guard,9
1880.11.1,1880,BEL,infantry,11
1880.11.1,1880,SPA,artillery,79
1880.11.1,1880,SPA,hussar,3
1880.11.1,1880,SPA,infantry,47
1880.11.1,1880,KUK,artillery,78
1880.11.1,1880,KUK,dragoon,15
1880.11.1,1880,KUK,infantry,73
1880.11.1,1880,AST,artillery,32
1880.11.1,1880,AST,hussar,5
1880.11.1,1880,AST,infantry,40
1880.11.1,1880,WAL,artillery,18
1880.11.1,1880,WAL,hussar,2
1880.11.1,1880,WAL,infantry,1
1880.11.1,1880,SAR,artillery,38
1880.11.1,1880,SAR,guard,8
1880.11.1,1880,SAR,hussar,2
1880.11.1,1880,SAR,infantry,30
1880.11.1,1880,SIC,artillery,72
1880.11.1,1880,SIC,dragoon,16
1880.11.1,1880,SIC,infantry,47
1880.11.1,1880,TUR,artillery,33
1880.11.1,1880,TUR,hussar,7
1880.11.1,1880,TUR,infantry,29
1880.11.1,1880,MCK,cavalry,8
1880.11.1,1880,MCK,infantry,9
1880.11.1,1880,MCK,irregular,28
1880.11.1,1880,PER,artillery,30
1880.11.1,1880,PER,dragoon,1
1880.11.1,1880,PER,hussar,5
1880.11.1,1880,PER,infantry,24
1880.11.1,1880,JAS,dragoon,1
1880.11.1,1880,JAS,infantry,2
1880.11.1,1880,BIK,artillery,2
1880.11.1,1880,BIK,dragoon,1
1880.11.1,1880,BIK,infantry,5
1880.11.1,1880,MEW,dragoon,1
1880.11.1,1880,MEW,infantry,9
1880.11.1,1880,GWA,cavalry,1
1880.11.1,1880,GWA,infantry,1
1880.11.1,1880,GWA,irregular,4
1880.11.1,1880,BUN,artillery,3
1880.11.1,1880,BUN,dragoon,1
1880.11.1,1880,BUN,infantry,5
1880.11.1,1880,NEP,cavalry,1
1880.11.1,1880,NEP,irregular,5
1880.11.1,1880,SIK,irregular,1
1880.11.1,1880,BHU,irregular,1
1880.11.1,1880,CHL,artillery,51
1880.11.1,1880,CHL,dragoon,6
1880.11.1,1880,CHL,hussar,2
1880.11.1,1880,CHL,infantry,20
1880.11.1,1880,MGL,cavalry,2
1880.11.1,1880,MGL,infantry,4
1880.11.1,1880,MGL,irregular,6
1880.11.1,1880,CHI,cavalry,59
1880.11.1,1880,CHI,infantry,54
1880.11.1,1880,CHI,irregular,251
1880.11.1,1880,GXI,cavalry,48
1880.11.1,1880,GXI,infantry,69
1880.11.1,1880,GXI,irregular,170
1880.11.1,1880,XBI,cavalry,4
1880.11.1,1880,XBI,infantry,2
1880.11.1,1880,XBI,irregular,30
1880.11.1,1880,YNN,cavalry,33
1880.11.1,1880,YNN,infantry,17
1880.11.1,1880,YNN,irregular,147
1880.11.1,1880,TIB,cavalry,3
1880.11.1,1880,TIB,infantry,5
1880.11.1,1880,TIB,irregular,6
1880.11.1,1880,XIN,cavalry,1
1880.11.1,1880,XIN,irregular,6
1880.11.1,1880,ALD,infantry,3
1880.11.1,1880,MEX,artillery,64
1880.11.1,1880,MEX,cavalry,1
1880.11.1,1880,MEX,infantry,29
1880.11.1,1880,BRZ,artillery,49
1880.11.1,1880,BRZ,dragoon,5
1880.11.1,1880,ORA,infantry,2
1880.12.1,1880,USA,artillery,120
1880.12.1,1880,USA,dragoon,1
1880.12.1,1880,USA,hussar,18
1880.12.1,1880,USA,infantry,127
1880.12.1,1880,ENG,artillery,270
1880.12.1,1880,ENG,cuirassier,2
1880.12.1,1880,ENG,hussar,19
1880.12.1,1880,ENG,infantry,160
1880.12.1,1880,FRA,artillery,153
1880.12.1,1880,FRA,dragoon,1
1880.12.1,1880,FRA,hussar,20
1880.12.1,1880,FRA,infantry,195
1880.12.1,1880,SCA,artillery,51
1880.12.1,1880,SCA,hussar,11
1880.12.1,1880,SCA,infantry,46
1880.12.1,1880,RUS,artillery,97
1880.12.1,1880,RUS,dragoon,8
1880.12.1,1880,RUS,hussar,1
1880.12.1,1880,RUS,infantry,184
1880.12.1,1880,GER,artillery,197
1880.12.1,1880,GER,hussar,26
1880.12.1,1880,GER,infantry,184
1880.12.1,1880,NET,artillery,7
1880.12.1,1880,NET,dragoon,2
1880.12.1,1880,NET,infantry,5
1880.12.1,1880,BEL,artillery,29
1880.12.1,1880,BEL,dragoon,5
1880.12.1,1880,BEL,guard,9
1880.12.1,1880,BEL,infantry,11
1880.12.1,1880,SPA,artillery,79
1880.12.1,1880,SPA,hussar,3
1880.12.1,1880,SPA,infantry,47
1880.12.1,1880,KUK,artillery,78
1880.12.1,1880,KUK,dragoon,14
1880.12.1,1880,KUK,infantry,73
1880.12.1,1880,AST,artillery,32
1880.12.1,1880,AST,hussar,5
1880.12.1,1880,AST,infantry,40
1880.12.1,1880,WAL,artillery,18
1880.12.1,1880,WAL,hussar,2
1880.12.1,1880,WAL,infantry,1
1880.12.1,1880,SAR,artillery,38
1880.12.1,1880,SAR,guard,8
1880.12.1,1880,SAR,hussar,2
1880.12.1,1880,SAR,infantry,30
1880.12.1,1880,SIC,artillery,71
1880.12.1,1880,SIC,dragoon,15
1880.12.1,1880,SIC,infantry,47
1880.12.1,1880,TUR,artillery,32
1880.12.1,1880,TUR,hussar,7
1880.12.1,1880,TUR,infantry,29
1880.12.1,1880,MCK,cavalry,8
1880.12.1,1880,MCK,infantry,9
1880.12.1,1880,MCK,irregular,28
1880.12.1,1880,PER,artillery,30
1880.12.1,1880,PER,dragoon,1
1880.12.1,1880,PER,hussar,5
1880.12.1,1880,PER,infantry,24
1880.12.1,1880,JAS,dragoon,1
1880.12.1,1880,JAS,infantry,2
1880.12.1,1880,BIK,artillery,2
1880.12.1,1880,BIK,dragoon,1
1880.12.1,1880,BIK,infantry,5
1880.12.1,1880,MEW,dragoon,1
1880.12.1,1880,MEW,infantry,9
1880.12.1,1880,GWA,cavalry,1
1880.12.1,1880,GWA,infantry,1
1880.12.1,1880,GWA,irregular,4
1880.12.1,1880,BUN,artillery,3
1880.12.1,1880,BUN,dragoon,1
1880.12.1,1880,BUN,infantry,5
1880.12.1,1880,NEP,cavalry,1
1880.12.1,1880,NEP,irregular,5
1880.12.1,1880,SIK,irregular,1
1880.12.1,1880,BHU,irregular,1
1880.12.1,1880,CHL,artillery,51
1880.12.1,1880,CHL,dragoon,6
1880.12.1,1880,CHL,hussar,2
1880.12.1,1880,CHL,infantry,20
1880.12.1,1880,MGL,cavalry,2
1880.12.1,1880,MGL,infantry,4
1880.12.1,1880,MGL,irregular,6
1880.12.1,1880,CHI,cavalry,60
1880.12.1,1880,CHI,infantry,54
1880.12.1,1880,CHI,irregular,251
1880.12.1,1880,GXI,cavalry,48
1880.12.1,1880,GXI,infantry,69
1880.12.1,1880,GXI,irregular,170
1880.12.1,1880,XBI,cavalry,4
1880.12.1,1880,XBI,infantry,2
1880.12.1,1880,XBI,irregular,30
1880.12.1,1880,YNN,cavalry,33
1880.12.1,1880,YNN,infantry,17
1880.12.1,1880,YNN,irregular,147
1880.12.1,1880,TIB,cavalry,3
1880.12.1,1880,TIB,infantry,5
1880.12.1,1880,TIB,irregular,6
1880.12.1,1880,XIN,cavalry,1
1880.12.1,1880,XIN,irregular,6
1880.12.1,1880,ALD,infantry,3
1880.12.1,1880,MEX,artillery,63
1880.12.1,1880,MEX,cavalry,1
1880.12.1,1880,MEX,infantry,29
1880.12.1,1880,BRZ,artillery,49
1880.12.1,1880,BRZ,dragoon,5
1880.12.1,1880,ORA,infantry,2
1881.1.1,1881,USA,artillery,120
1881.1.1,1881,USA,dragoon,1
1881.1.1,1881,USA,hussar,18
1881.1.1,1881,USA,infantry,127
1881.1.1,1881,ENG,artillery,270
1881.1.1,1881,ENG,cuirassier,2
1881.1.1,1881,ENG,hussar,19
1881.1.1,1881,ENG,infantry,160
1881.1.1,1881,FRA,artillery,153
1881.1.1,1881,FRA,dragoon,1
1881.1.1,1881,FRA,hussar,19
1881.1.1,1881,FRA,infantry,175
1881.1.1,1881,SCA,artillery,48
1881.1.1,1881,SCA,hussar,11
1881.1.1,1881,SCA,infantry,45
1881.1.1,1881,RUS,artillery,101
1881.1.1,1881,RUS,dragoon,8
1881.1.1,1881,RUS,hussar,1
1881.1.1,1881,RUS,infantry,183
1881.1.1,1881,GER,artillery,197
1881.1.1,1881,GER,hussar,26
1881.1.1,1881,GER,infantry,183
1881.1.1,1881,NET,infantry,1
1881.1.1,1881,BEL,artillery,31
1881.1.1,1881,BEL,dragoon,5
1881.1.1,1881,BEL,guard,9
1881.1.1,1881,BEL,infantry,11
1881.1.1,1881,SPA,artillery,79
1881.1.1,1881,SPA,hussar,3
1881.1.1,1881,SPA,infantry,47
1881.1.1,1881,KUK,artillery,76
1881.1.1,1881,KUK,dragoon,13
1881.1.1,1881,KUK,infantry,73
1881.1.1,1881,AST,artillery,33
1881.1.1,1881,AST,hussar,5
1881.1.1,1881,AST,infantry,40
1881.1.1,1881,WAL,artillery,18
1881.1.1,1881,WAL,hussar,2
1881.1.1,1881,WAL,infantry,1
1881.1.1,1881,SAR,artillery,38
1881.1.1,1881,SAR,guard,8
1881.1.1,1881,SAR,hussar,2
1881.1.1,1881,SAR,infantry,30
1881.1.1,1881,SIC,artillery,71
1881.1.1,1881,SIC,dragoon,15
1881.1.1,1881,SIC,infantry,47
1881.1.1,1881,TUR,artillery,28
1881.1.1,1881,TUR,hussar,5
1881.1.1,1881,TUR,infantry,24
1881.1.1,1881,MCK,cavalry,8
1881.1.1,1881,MCK,infantry,9
1881.1.1,1881,MCK,irregular,28
1881.1.1,1881,PER,artillery,30
1881.1.1,1881,PER,dragoon,1
1881.1.1,1881,PER,hussar,5
1881.1.1,1881,PER,infantry,24
1881.1.1,1881,JAS,dragoon,1
1881.1.1,1881,JAS,infantry,2
1881.1.1,1881,BIK,artillery,2
1881.1.1,1881,BIK,dragoon,1
1881.1.1,1881,BIK,infantry,5
1881.1.1,1881,MEW,dragoon,1
1881.1.1,1881,MEW,infantry,9
1881.1.1,1881,GWA,cavalry,1
1881.1.1,1881,GWA,infantry,1
1881.1.1,1881,GWA,irregular,4
1881.1.1,1881,BUN,artillery,3
1881.1.1,1881,BUN,dragoon,1
1881.1.1,1881,BUN,infantry,5
1881.1.1,1881,NEP,cavalry,1
1881.1.1,1881,NEP,irregular,5
1881.1.1,1881,SIK,irregular,1
1881.1.1,1881,BHU,irregular,1
1881.1.1,1881,CHL,artillery,51
1881.1.1,1881,CHL,dragoon,6
1881.1.1,1881,CHL,hussar,2
1881.1.1,1881,CHL,infantry,20
1881.1.1,1881,MGL,cavalry,2
1881.1.1,1881,MGL,infantry,4
1881.1.1,1881,MGL,irregular,6
1881.1.1,1881,CHI,cavalry,61
1881.1.1,1881,CHI,infantry,55
1881.1.1,1881,CHI,irregular,252
1881.1.1,1881,GXI,cavalry,48
1881.1.1,1881,GXI,infantry,69
1881.1.1,1881,GXI,irregular,170
1881.1.1,1881,XBI,cavalry,4
1881.1.1,1881,XBI,infantry,2
1881.1.1,1881,XBI,irregular,30
1881.1.1,1881,YNN,cavalry,33
1881.1.1,1881,YNN,infantry,17
1881.1.1,1881,YNN,irregular,147
1881.1.1,1881,TIB,cavalry,3
1881.1.1,1881,TIB,infantry,5
1881.1.1,1881,TIB,irregular,6
1881.1.1,1881,XIN,cavalry,1
1881.1.1,1881,XIN,irregular,6
1881.1.1,1881,ALD,infantry,3
1881.1.1,1881,MEX,artillery,63
1881.1.1,1881,MEX,cavalry,1
1881.1.1,1881,MEX,infantry,29
1881.1.1,1881,BRZ,artillery,49
1881.1.1,1881,BRZ,dragoon,5
1881.1.1,1881,ORA,infantry,2
1881.2.1,1881,USA,artillery,121
1881.2.1,1881,USA,dragoon,1
1881.2.1,1881,USA,hussar,18
1881.2.1,1881,USA,infantry,127
1881.2.1,1881,ENG,artillery,270
1881.2.1,1881,ENG,cuirassier,2
1881.2.1,1881,ENG,hussar,19
1881.2.1,1881,ENG,infantry,160
1881.2.1,1881,FRA,artillery,153
1881.2.1,1881,FRA,dragoon,1
1881.2.1,1881,FRA,hussar,19
1881.2.1,1881,FRA,infantry,175
1881.2.1,1881,SCA,artillery,48
1881.2.1,1881,SCA,hussar,11
1881.2.1,1881,SCA,infantry,45
1881.2.1,1881,RUS,artillery,101
1881.2.1,1881,RUS,dragoon,8
1881.2.1,1881,RUS,hussar,1
1881.2.1,1881,RUS,infantry,183
1881.2.1,1881,GER,artillery,198
1881.2.1,1881,GER,hussar,26
1881.2.1,1881,GER,infantry,183
1881.2.1,1881,NET,infantry,1
1881.2.1,1881,BEL,artillery,31
1881.2.1,1881,BEL,dragoon,5
1881.2.1,1881,BEL,guard,9
1881.2.1,1881,BEL,infantry,11
1881.2.1,1881,SPA,artillery,79
1881.2.1,1881,SPA,hussar,3
1881.2.1,1881,SPA,infantry,47
1881.2.1,1881,KUK,artillery,76
1881.2.1,1881,KUK,dragoon,13
1881.2.1,1881,KUK,infantry,73
1881.2.1,1881,AST,artillery,32
1881.2.1,1881,AST,hussar,4
1881.2.1,1881,AST,infantry,39
1881.2.1,1881,WAL,artillery,18
1881.2.1,1881,WAL,hussar,2
1881.2.1,1881,WAL,infantry,1
1881.2.1,1881,SAR,artillery,39
1881.2.1,1881,SAR,guard,8
1881.2.1,1881,SAR,hussar,2
1881.2.1,1881,SAR,infantry,30
1881.2.1,1881,SIC,artillery,71
1881.2.1,1881,SIC,dragoon,15
1881.2.1,1881,SIC,infantry,47
1881.2.1,1881,TUR,artillery,28
1881.2.1,1881,TUR,hussar,5
1881.2.1,1881,TUR,infantry,24
1881.2.1,1881,MCK,cavalry,8
1881.2.1,1881,MCK,infantry,9
1881.2.1,1881,MCK,irregular,28
1881.2.1,1881,PER,artillery,30
1881.2.1,1881,PER,dragoon,1
1881.2.1,1881,PER,hussar,5
1881.2.1,1881,PER,infantry,24
1881.2.1,1881,JAS,dragoon,1
1881.2.1,1881,JAS,infantry,2
1881.2.1,1881,BIK,artillery,2
1881.2.1,1881,BIK,dragoon,1
1881.2.1,1881,BIK,infantry,5
1881.2.1,1881,MEW,dragoon,1
1881.2.1,1881,MEW,infantry,9
1881.2.1,1881,GWA,cavalry,1
1881.2.1,1881,GWA,infantry,1
1881.2.1,1881,GWA,irregular,4
1881.2.1,1881,BUN,artillery,3
1881.2.1,1881,BUN,dragoon,1
1881.2.1,1881,BUN,infantry,5
1881.2.1,1881,NEP,cavalry,1
1881.2.1,1881,NEP,irregular,5
1881.2.1,1881,SIK,irregular,1
1881.2.1,1881,BHU,irregular,1
1881.2.1,1881,CHL,artillery,51
1881.2.1,1881,CHL,dragoon,6
1881.2.1,1881,CHL,hussar,2
1881.2.1,1881,CHL,infantry,20
1881.2.1,1881,MGL,cavalry,2
1881.2.1,1881,MGL,infantry,4
1881.2.1,1881,MGL,irregular,6
1881.2.1,1881,CHI,cavalry,63
1881.2.1,1881,CHI,infantry,55
1881.2.1,1881,CHI,irregular,252
1881.2.1,1881,GXI,cavalry,48
1881.2.1,1881,GXI,infantry,69
1881.2.1,1881,GXI,irregular,170
1881.2.1,1881,XBI,cavalry,4
1881.2.1,1881,XBI,infantry,2
1881.2.1,1881,XBI,irregular,30
1881.2.1,1881,YNN,cavalry,33
1881.2.1,1881,YNN,infantry,17
1881.2.1,1881,YNN,irregular,147
1881.2.1,1881,TIB,cavalry,3
1881.2.1,1881,TIB,infantry,5
1881.2.1,1881,TIB,irregular,6
1881.2.1,1881,XIN,cavalry,1
1881.2.1,1881,XIN,irregular,6
1881.2.1,1881,ALD,infantry,3
1881.2.1,1881,MEX,artillery,63
1881.2.1,1881,MEX,cavalry,1
1881.2.1,1881,MEX,infantry,29
1881.2.1,1881,BRZ,artillery,49
1881.2.1,1881,BRZ,dragoon,5
1881.2.1,1881,ORA,infantry,2
1881.3.1,1881,USA,artillery,122
1881.3.1,1881,USA,dragoon,1
1881.3.1,1881,USA,hussar,18
1881.3.1,1881,USA,infantry,127
1881.3.1,1881,ENG,artillery,270
1881.3.1,1881,ENG,cuirassier,2
1881.3.1,1881,ENG,hussar,19
1881.3.1,1881,ENG,infantry,160
1881.3.1,1881,FRA,artillery,152
1881.3.1,1881,FRA,dragoon,1
1881.3.1,1881,FRA,hussar,19
1881.3.1,1881,FRA,infantry,175
1881.3.1,1881,SCA,artillery,46
1881.3.1,1881,SCA,hussar,11
1881.3.1,1881,SCA,infantry,44
1881.3.1,1881,RUS,artillery,100
1881.3.1,1881,RUS,dragoon,8
1881.3.1,1881,RUS,hussar,1
1881.3.1,1881,RUS,infantry,183
1881.3.1,1881,GER,artillery,201
1881.3.1,1881,GER,hussar,25
1881.3.1,1881,GER,infantry,183
1881.3.1,1881,NET,infantry,1
1881.3.1,1881,BEL,artillery,29
1881.3.1,1881,BEL,dragoon,5
1881.3.1,1881,BEL,guard,9
1881.3.1,1881,BEL,infantry,11
1881.3.1,1881,SPA,artillery,78
1881.3.1,1881,SPA,hussar,3
1881.3.1,1881,SPA,infantry,47
1881.3.1,1881,KUK,artillery,74
1881.3.1,1881,KUK,dragoon,12
1881.3.1,1881,KUK,infantry,73
1881.3.1,1881,AST,artillery,32
1881.3.1,1881,AST,hussar,4
1881.3.1,1881,AST,infantry,39
1881.3.1,1881,WAL,artillery,18
1881.3.1,1881,WAL,hussar,2
1881.3.1,1881,WAL,infantry,1
1881.3.1,1881,SAR,artillery,39
1881.3.1,1881,SAR,guard,8
1881.3.1,1881,SAR,hussar,2
1881.3.1,1881,SAR,infantry,30
1881.3.1,1881,SIC,artillery,71
1881.3.1,1881,SIC,dragoon,15
1881.3.1,1881,SIC,infantry,47
1881.3.1,1881,TUR,artillery,28
1881.3.1,1881,TUR,hussar,5
1881.3.1,1881,TUR,infantry,25
1881.3.1,1881,MCK,cavalry,8
1881.3.1,1881,MCK,infantry,9
1881.3.1,1881,MCK,irregular,28
1881.3.1,1881,PER,artillery,30
1881.3.1,1881,PER,dragoon,1
1881.3.1,1881,PER,hussar,5
1881.3.1,1881,PER,infantry,24
1881.3.1,1881,JAS,dragoon,1
1881.3.1,1881,JAS,infantry,2
1881.3.1,1881,BIK,artillery,2
1881.3.1,1881,BIK,dragoon,1
1881.3.1,1881,BIK,infantry,5
1881.3.1,1881,MEW,dragoon,1
1881.3.1,1881,MEW,infantry,9
1881.3.1,1881,GWA,cavalry,1
1881.3.1,1881,GWA,infantry,1
1881.3.1,1881,GWA,irregular,4
1881.3.1,1881,BUN,artillery,3
1881.3.1,1881,BUN,dragoon,1
1881.3.1,1881,BUN,infantry,5
1881.3.1,1881,NEP,cavalry,1
1881.3.1,1881,NEP,irregular,5
1881.3.1,1881,SIK,irregular,1
1881.3.1,1881,BHU,irregular,1
1881.3.1,1881,CHL,artillery,51
1881.3.1,1881,CHL,dragoon,6
1881.3.1,1881,CHL,hussar,2
1881.3.1,1881,CHL,infantry,20
1881.3.1,1881,MGL,cavalry,2
1881.3.1,1881,MGL,infantry,4
1881.3.1,1881,MGL,irregular,6
1881.3.1,1881,CHI,cavalry,63
1881.3.1,1881,CHI,infantry,56
1881.3.1,1881,CHI,irregular,253
1881.3.1,1881,GXI,cavalry,48
1881.3.1,1881,GXI,infantry,69
1881.3.1,1881,GXI,irregular,170
1881.3.1,1881,XBI,cavalry,4
1881.3.1,1881,XBI,infantry,2
1881.3.1,1881,XBI,irregular,30
1881.3.1,1881,YNN,cavalry,33
1881.3.1,1881,YNN,infantry,17
1881.3.1,1881,YNN,irregular,147
1881.3.1,1881,TIB,cavalry,3
1881.3.1,1881,TIB,infantry,5
1881.3.1,1881,TIB,irregular,6
1881.3.1,1881,XIN,cavalry,1
1881.3.1,1881,XIN,irregular,6
1881.3.1,1881,ALD,infantry,3
1881.3.1,1881,MEX,artillery,63
1881.3.1,1881,MEX,cavalry,1
1881.3.1,1881,MEX,infantry,29
1881.3.1,1881,BRZ,artillery,49
1881.3.1,1881,BRZ,dragoon,5
1881.3.1,1881,ORA,infantry,2
1881.4.1,1881,USA,artillery,122
1881.4.1,1881,USA,dragoon,1
1881.4.1,1881,USA,hussar,17
1881.4.1,1881,USA,infantry,127
1881.4.1,1881,ENG,artillery,269
1881.4.1,1881,ENG,cuirassier,2
1881.4.1,1881,ENG,hussar,19
1881.4.1,1881,ENG,infantry,159
1881.4.1,1881,FRA,artillery,150
1881.4.1,1881,FRA,dragoon,1
1881.4.1,1881,FRA,hussar,19
1881.4.1,1881,FRA,infantry,175
1881.4.1,1881,SCA,artillery,46
1881.4.1,1881,SCA,hussar,11
1881.4.1,1881,SCA,infantry,43
1881.4.1,1881,RUS,artillery,100
1881.4.1,1881,RUS,dragoon,8
1881.4.1,1881,RUS,hussar,1
1881.4.1,1881,RUS,infantry,183
1881.4.1,1881,GER,artillery,202
1881.4.1,1881,GER,hussar,25
1881.4.1,1881,GER,infantry,182
1881.4.1,1881,NET,infantry,1
1881.4.1,1881,BEL,artillery,28
1881.4.1,1881,BEL,dragoon,5
1881.4.1,1881,BEL,guard,9
1881.4.1,1881,BEL,infantry,11
1881.4.1,1881,SPA,artillery,78
1881.4.1,1881,SPA,hussar,3
1881.4.1,1881,SPA,infantry,47
1881.4.1,1881,KUK,artillery,74
1881.4.1,1881,KUK,dragoon,12
1881.4.1,1881,KUK,infantry,73
1881.4.1,1881,AST,artillery,34
1881.4.1,1881,AST,hussar,4
1881.4.1,1881,AST,infantry,39
1881.4.1,1881,WAL,artillery,18
1881.4.1,1881,WAL,hussar,2
1881.4.1,1881,WAL,infantry,1
1881.4.1,1881,SAR,artillery,39
1881.4.1,1881,SAR,guard,8
1881.4.1,1881,SAR,hussar,2
1881.4.1,1881,SAR,infantry,30
1881.4.1,1881,SIC,artillery,71
1881.4.1,1881,SIC,dragoon,15
1881.4.1,1881,SIC,infantry,47
1881.4.1,1881,TUR,artillery,29
1881.4.1,1881,TUR,hussar,6
1881.4.1,1881,TUR,infantry,27
1881.4.1,1881,MCK,cavalry,8
1881.4.1,1881,MCK,infantry,9
1881.4.1,1881,MCK,irregular,28
1881.4.1,1881,PER,artillery,30
1881.4.1,1881,PER,dragoon,1
1881.4.1,1881,PER,hussar,5
1881.4.1,1881,PER,infantry,24
1881.4.1,1881,JAS,dragoon,1
1881.4.1,1881,JAS,infantry,2
1881.4.1,1881,BIK,artillery,2
1881.4.1,1881,BIK,dragoon,1
1881.4.1,1881,BIK,infantry,5
1881.4.1,1881,MEW,dragoon,1
1881.4.1,1881,MEW,infantry,9
1881.4.1,1881,GWA,cavalry,1
1881.4.1,1881,GWA,infantry,1
1881.4.1,1881,GWA,irregular,4
1881.4.1,1881,BUN,artillery,3
1881.4.1,1881,BUN,dragoon,1
1881.4.1,1881,BUN,infantry,5
1881.4.1,1881,NEP,cavalry,1
1881.4.1,1881,NEP,irregular,5
1881.4.1,1881,SIK,irregular,1
1881.4.1,1881,BHU,irregular,1
1881.4.1,1881,CHL,artillery,51
1881.4.1,1881,CHL,dragoon,6
1881.4.1,1881,CHL,hussar,2
1881.4.1,1881,CHL,infantry,20
1881.4.1,1881,MGL,cavalry,2
1881.4.1,1881,MGL,infantry,4
1881.4.1,1881,MGL,irregular,6
1881.4.1,1881,CHI,cavalry,63
1881.4.1,1881,CHI,infantry,57
1881.4.1,1881,CHI,irregular,253
1881.4.1,1881,GXI,cavalry,48
1881.4.1,1881,GXI,infantry,69
1881.4.1,1881,GXI,irregular,170
1881.4.1,1881,XBI,cavalry,4
1881.4.1,1881,XBI,infantry,2
1881.4.1,1881,XBI,irregular,30
1881.4.1,1881,YNN,cavalry,33
1881.4.1,1881,YNN,infantry,17
1881.4.1,1881,YNN,irregular,147
1881.4.1,1881,TIB,cavalry,3
1881.4.1,1881,TIB,infantry,5
1881.4.1,1881,TIB,irregular,6
1881.4.1,1881,XIN,cavalry,1
1881.4.1,1881,XIN,irregular,6
1881.4.1,1881,ALD,infantry,3
1881.4.1,1881,MEX,artillery,63
1881.4.1,1881,MEX,cavalry,1
1881.4.1,1881,MEX,infantry,29
1881.4.1,1881,BRZ,artillery,49
1881.4.1,1881,BRZ,dragoon,5
1881.4.1,1881,ORA,infantry,2
1881.5.1,1881,USA,artillery,123
1881.5.1,1881,USA,dragoon,1
1881.5.1,1881,USA,hussar,17
1881.5.1,1881,USA,infantry,127
1881.5.1,1881,ENG,artillery,269
1881.5.1,1881,ENG,cuirassier,2
1881.5.1,1881,ENG,hussar,19
1881.5.1,1881,ENG,infantry,159
1881.5.1,1881,FRA,artillery,150
1881.5.1,1881,FRA,dragoon,1
1881.5.1,1881,FRA,hussar,18
1881.5.1,1881,FRA,infantry,175
1881.5.1,1881,SCA,artillery,44
1881.5.1,1881,SCA,hussar,10
1881.5.1,1881,SCA,infantry,42
1881.5.1,1881,RUS,artillery,101
1881.5.1,1881,RUS,dragoon,8
1881.5.1,1881,RUS,hussar,1
1881.5.1,1881,RUS,infantry,183
1881.5.1,1881,GER,artillery,201
1881.5.1,1881,GER,hussar,25
1881.5.1,1881,GER,infantry,182
1881.5.1,1881,NET,infantry,1
1881.5.1,1881,BEL,artillery,28
1881.5.1,1881,BEL,dragoon,4
1881.5.1,1881,BEL,guard,9
1881.5.1,1881,BEL,infantry,11
1881.5.1,1881,SPA,artillery,75
1881.5.1,1881,SPA,hussar,3
1881.5.1,1881,SPA,infantry,47
1881.5.1,1881,KUK,artillery,74
1881.5.1,1881,KUK,dragoon,12
1881.5.1,1881,KUK,infantry,73
1881.5.1,1881,AST,artillery,34
1881.5.1,1881,AST,hussar,4
1881.5.1,1881,AST,infantry,39
1881.5.1,1881,WAL,artillery,18
1881.5.1,1881,WAL,hussar,2
1881.5.1,1881,WAL,infantry,1
1881.5.1,1881,SAR,artillery,39
1881.5.1,1881,SAR,guard,8
1881.5.1,1881,SAR,hussar,2
1881.5.1,1881,SAR,infantry,30
1881.5.1,1881,SIC,artillery,71
1881.5.1,1881,SIC,dragoon,15
1881.5.1,1881,SIC,infantry,47
1881.5.1,1881,TUR,artillery,30
1881.5.1,1881,TUR,hussar,6
1881.5.1,1881,TUR,infantry,24
1881.5.1,1881,MCK,cavalry,8
1881.5.1,1881,MCK,infantry,9
1881.5.1,1881,MCK,irregular,28
1881.5.1,1881,PER,artillery,30
1881.5.1,1881,PER,dragoon,1
1881.5.1,1881,PER,hussar,5
1881.5.1,1881,PER,infantry,24
1881.5.1,1881,JAS,dragoon,1
1881.5.1,1881,JAS,infantry,2
1881.5.1,1881,BIK,artillery,2
1881.5.1,1881,BIK,dragoon,1
1881.5.1,1881,BIK,infantry,5
1881.5.1,1881,MEW,dragoon,1
1881.5.1,1881,MEW,infantry,9
1881.5.1,1881,GWA,cavalry,1
1881.5.1,1881,GWA,infantry,1
1881.5.1,1881,GWA,irregular,4
1881.5.1,1881,BUN,artillery,3
1881.5.1,1881,BUN,dragoon,1
1881.5.1,1881,BUN,infantry,5
1881.5.1,1881,NEP,cavalry,1
1881.5.1,1881,NEP,irregular,5
1881.5.1,1881,SIK,irregular,1
1881.5.1,1881,BHU,irregular,1
1881.5.1,1881,CHL,artillery,51
1881.5.1,1881,CHL,dragoon,6
1881.5.1,1881,CHL,hussar,2
1881.5.1,1881,CHL,infantry,20
1881.5.1,1881,MGL,cavalry,2
1881.5.1,1881,MGL,infantry,4
1881.5.1,1881,MGL,irregular,6
1881.5.1,1881,CHI,cavalry,63
1881.5.1,1881,CHI,infantry,59
1881.5.1,1881,CHI,irregular,254
1881.5.1,1881,GXI,cavalry,48
1881.5.1,1881,GXI,infantry,69
1881.5.1,1881,GXI,irregular,170
1881.5.1,1881,XBI,cavalry,4
1881.5.1,1881,XBI,infantry,2
1881.5.1,1881,XBI,irregular,30
1881.5.1,1881,YNN,cavalry,33
1881.5.1,1881,YNN,infantry,17
1881.5.1,1881,YNN,irregular,147
1881.5.1,1881,TIB,cavalry,3
1881.5.1,1881,TIB,infantry,5
1881.5.1,1881,TIB,irregular,6
1881.5.1,1881,XIN,cavalry,1
1881.5.1,1881,XIN,irregular,6
1881.5.1,1881,ALD,infantry,3
1881.5.1,1881,MEX,artillery,63
1881.5.1,1881,MEX,cavalry,1
1881.5.1,1881,MEX,infantry,29
1881.5.1,1881,BRZ,artillery,49
1881.5.1,1881,BRZ,dragoon,5
1881.5.1,1881,ORA,infantry,2
1881.6.1,1881,USA,artillery,126
1881.6.1,1881,USA,dragoon,1
1881.6.1,1881,USA,hussar,17
1881.6.1,1881,USA,infantry,127
1881.6.1,1881,ENG,artillery,268
1881.6.1,1881,ENG,cuirassier,2
1881.6.1,1881,ENG,hussar,19
1881.6.1,1881,ENG,infantry,158
1881.6.1,1881,FRA,artillery,150
1881.6.1,1881,FRA,dragoon,1
1881.6.1,1881,FRA,hussar,18
1881.6.1,1881,FRA,infantry,175
1881.6.1,1881,SCA,artillery,42
1881.6.1,1881,SCA,hussar,10
1881.6.1,1881,SCA,infantry,42
1881.6.1,1881,RUS,artillery,101
1881.6.1,1881,RUS,dragoon,8
1881.6.1,1881,RUS,hussar,1
1881.6.1,1881,RUS,infantry,183
1881.6.1,1881,GER,artillery,194
1881.6.1,1881,GER,hussar,25
1881.6.1,1881,GER,infantry,182
1881.6.1,1881,NET,hussar,1
1881.6.1,1881,NET,infantry,1
1881.6.1,1881,BEL,artillery,28
1881.6.1,1881,BEL,dragoon,4
1881.6.1,1881,BEL,guard,9
1881.6.1,1881,BEL,infantry,11
1881.6.1,1881,SPA,artillery,74
1881.6.1,1881,SPA,hussar,3
1881.6.1,1881,SPA,infantry,47
1881.6.1,1881,KUK,artillery,74
1881.6.1,1881,KUK,dragoon,12
1881.6.1,1881,KUK,infantry,73
1881.6.1,1881,AST,artillery,34
1881.6.1,1881,AST,hussar,4
1881.6.1,1881,AST,infantry,39
1881.6.1,1881,WAL,artillery,18
1881.6.1,1881,WAL,hussar,2
1881.6.1,1881,WAL,infantry,1
1881.6.1,1881,SAR,artillery,39
1881.6.1,1881,SAR,guard,8
1881.6.1,1881,SAR,hussar,2
1881.6.1,1881,SAR,infantry,30
1881.6.1,1881,SIC,artillery,71
1881.6.1,1881,SIC,dragoon,15
1881.6.1,1881,SIC,infantry,47
1881.6.1,1881,TUR,artillery,29
1881.6.1,1881,TUR,hussar,7
1881.6.1,1881,TUR,infantry,23
1881.6.1,1881,MCK,cavalry,8
1881.6.1,1881,MCK,infantry,9
1881.6.1,1881,MCK,irregular,28
1881.6.1,1881,PER,artillery,30
1881.6.1,1881,PER,dragoon,1
1881.6.1,1881,PER,hussar,5
1881.6.1,1881,PER,infantry,24
1881.6.1,1881,JAS,dragoon,1
1881.6.1,1881,JAS,infantry,2
1881.6.1,1881,BIK,artillery,2
1881.6.1,1881,BIK,dragoon,1
1881.6.1,1881,BIK,infantry,5
1881.6.1,1881,MEW,dragoon,1
1881.6.1,1881,MEW,infantry,9
1881.6.1,1881,GWA,cavalry,1
1881.6.1,1881,GWA,infantry,1
1881.6.1,1881,GWA,irregular,4
1881.6.1,1881,BUN,artillery,3
1881.6.1,1881,BUN,dragoon,1
1881.6.1,1881,BUN,infantry,5
1881.6.1,1881,NEP,cavalry,1
1881.6.1,1881,NEP,irregular,5
1881.6.1,1881,SIK,irregular,1
1881.6.1,1881,BHU,irregular,1
1881.6.1,1881,CHL,artillery,50
1881.6.1,1881,CHL,dragoon,6
1881.6.1,1881,CHL,hussar,2
1881.6.1,1881,CHL,infantry,20
1881.6.1,1881,MGL,cavalry,2
1881.6.1,1881,MGL,infantry,4
1881.6.1,1881,MGL,irregular,6
1881.6.1,1881,CHI,cavalry,64
1881.6.1,1881,CHI,infantry,59
1881.6.1,1881,CHI,irregular,255
1881.6.1,1881,GXI,cavalry,48
1881.6.1,1881,GXI,infantry,69
1881.6.1,1881,GXI,irregular,170
1881.6.1,1881,XBI,cavalry,4
1881.6.1,1881,XBI,infantry,2
1881.6.1,1881,XBI,irregular,30
1881.6.1,1881,YNN,cavalry,33
1881.6.1,1881,YNN,infantry,17
1881.6.1,1881,YNN,irregular,147
1881.6.1,1881,TIB,cavalry,3
1881.6.1,1881,TIB,infantry,5
1881.6.1,1881,TIB,irregular,6
1881.6.1,1881,XIN,cavalry,1
1881.6.1,1881,XIN,irregular,6
1881.6.1,1881,ALD,infantry,3
1881.6.1,1881,MEX,artillery,63
1881.6.1,1881,MEX,cavalry,1
1881.6.1,1881,MEX,infantry,29
1881.6.1,1881,BRZ,artillery,49
1881.6.1,1881,BRZ,dragoon,5
1881.6.1,1881,ORA,infantry,2
1881.7.1,1881,USA,artillery,125
1881.7.1,1881,USA,dragoon,1
1881.7.1,1881,USA,hussar,17
1881.7.1,1881,USA,infantry,127
1881.7.1,1881,ENG,artillery,268
1881.7.1,1881,ENG,cuirassier,2
1881.7.1,1881,ENG,hussar,19
1881.7.1,1881,ENG,infantry,158
1881.7.1,1881,FRA,artillery,150
1881.7.1,1881,FRA,dragoon,1
1881.7.1,1881,FRA,hussar,18
1881.7.1,1881,FRA,infantry,175
1881.7.1,1881,SCA,artillery,42
1881.7.1,1881,SCA,hussar,10
1881.7.1,1881,SCA,infantry,42
1881.7.1,1881,RUS,artillery,98
1881.7.1,1881,RUS,dragoon,8
1881.7.1,1881,RUS,hussar,1
1881.7.1,1881,RUS,infantry,182
1881.7.1,1881,GER,artillery,193
1881.7.1,1881,GER,hussar,25
1881.7.1,1881,GER,infantry,182
1881.7.1,1881,NET,hussar,1
1881.7.1,1881,NET,infantry,1
1881.7.1,1881,BEL,artillery,28
1881.7.1,1881,BEL,dragoon,4
1881.7.1,1881,BEL,guard,9
1881.7.1,1881,BEL,infantry,11
1881.7.1,1881,SPA,artillery,74
1881.7.1,1881,SPA,hussar,3
1881.7.1,1881,SPA,infantry,47
1881.7.1,1881,KUK,artillery,74
1881.7.1,1881,KUK,dragoon,12
1881.7.1,1881,KUK,infantry,73
1881.7.1,1881,AST,artillery,35
1881.7.1,1881,AST,hussar,4
1881.7.1,1881,AST,infantry,39
1881.7.1,1881,WAL,artillery,18
1881.7.1,1881,WAL,hussar,2
1881.7.1,1881,WAL,infantry,1
1881.7.1,1881,SAR,artillery,39
1881.7.1,1881,SAR,guard,8
1881.7.1,1881,SAR,hussar,2
1881.7.1,1881,SAR,infantry,30
1881.7.1,1881,SIC,artillery,71
1881.7.1,1881,SIC,dragoon,15
1881.7.1,1881,SIC,infantry,47
1881.7.1,1881,TUR,artillery,25
1881.7.1,1881,TUR,hussar,7
1881.7.1,1881,TUR,infantry,23
1881.7.1,1881,MCK,cavalry,8
1881.7.1,1881,MCK,infantry,9
1881.7.1,1881,MCK,irregular,28
1881.7.1,1881,PER,artillery,30
1881.7.1,1881,PER,dragoon,1
1881.7.1,1881,PER,hussar,5
1881.7.1,1881,PER,infantry,24
1881.7.1,1881,JAS,dragoon,1
1881.7.1,1881,JAS,infantry,2
1881.7.1,1881,BIK,artillery,2
1881.7.1,1881,BIK,dragoon,1
1881.7.1,1881,BIK,infantry,5
1881.7.1,1881,MEW,dragoon,1
1881.7.1,1881,MEW,infantry,9
1881.7.1,1881,GWA,cavalry,1
1881.7.1,1881,GWA,infantry,1
1881.7.1,1881,GWA,irregular,4
1881.7.1,1881,BUN,artillery,3
1881.7.1,1881,BUN,dragoon,1
1881.7.1,1881,BUN,infantry,5
1881.7.1,1881,NEP,cavalry,1
1881.7.1,1881,NEP,irregular,5
1881.7.1,1881,SIK,irregular,1
1881.7.1,1881,BHU,irregular,1
1881.7.1,1881,CHL,artillery,50
1881.7.1,1881,CHL,dragoon,6
1881.7.1,1881,CHL,hussar,2
1881.7.1,1881,CHL,infantry,20
1881.7.1,1881,MGL,cavalry,2
1881.7.1,1881,MGL,infantry,4
1881.7.1,1881,MGL,irregular,6
1881.7.1,1881,CHI,cavalry,64
1881.7.1,1881,CHI,infantry,62
1881.7.1,1881,CHI,irregular,255
1881.7.1,1881,GXI,cavalry,48
1881.7.1,1881,GXI,infantry,69
1881.7.1,1881,GXI,irregular,170
1881.7.1,1881,XBI,cavalry,4
1881.7.1,1881,XBI,infantry,2
1881.7.1,1881,XBI,irregular,30
1881.7.1,1881,YNN,cavalry,33
1881.7.1,1881,YNN,infantry,17
1881.7.1,1881,YNN,irregular,147
1881.7.1,1881,TIB,cavalry,3
1881.7.1,1881,TIB,infantry,5
1881.7.1,1881,TIB,irregular,6
1881.7.1,1881,XIN,cavalry,1
1881.7.1,1881,XIN,irregular,6
1881.7.1,1881,ALD,infantry,3
1881.7.1,1881,MEX,artillery,63
1881.7.1,1881,MEX,cavalry,1
1881.7.1,1881,MEX,infantry,29
1881.7.1,1881,BRZ,artillery,49
1881.7.1,1881,BRZ,dragoon,5
1881.7.1,1881,ORA,infantry,2
1881.8.1,1881,USA,artillery,127
1881.8.1,1881,USA,dragoon,1
1881.8.1,1881,USA,hussar,17
1881.8.1,1881,USA,infantry,127
1881.8.1,1881,ENG,artillery,268
1881.8.1,1881,ENG,cuirassier,2
1881.8.1,1881,ENG,hussar,19
1881.8.1,1881,ENG,infantry,157
1881.8.1,1881,FRA,artillery,150
1881.8.1,1881,FRA,dragoon,1
1881.8.1,1881,FRA,hussar,18
1881.8.1,1881,FRA,infantry,175
1881.8.1,1881,SCA,artillery,41
1881.8.1,1881,SCA,hussar,9
1881.8.1,1881,SCA,infantry,42
1881.8.1,1881,RUS,artillery,98
1881.8.1,1881,RUS,dragoon,8
1881.8.1,1881,RUS,hussar,1
1881.8.1,1881,RUS,infantry,182
1881.8.1,1881,GER,artillery,192
1881.8.1,1881,GER,hussar,25
1881.8.1,1881,GER,infantry,182
1881.8.1,1881,NET,hussar,1
1881.8.1,1881,NET,infantry,1
1881.8.1,1881,BEL,artillery,28
1881.8.1,1881,BEL,dragoon,4
1881.8.1,1881,BEL,guard,9
1881.8.1,1881,BEL,infantry,11
1881.8.1,1881,SPA,artillery,74
1881.8.1,1881,SPA,hussar,3
1881.8.1,1881,SPA,infantry,47
1881.8.1,1881,KUK,artillery,74
1881.8.1,1881,KUK,dragoon,12
1881.8.1,1881,KUK,infantry,73
1881.8.1,1881,AST,artillery,35
1881.8.1,1881,AST,hussar,4
1881.8.1,1881,AST,infantry,39
1881.8.1,1881,WAL,artillery,18
1881.8.1,1881,WAL,hussar,2
1881.8.1,1881,WAL,infantry,1
1881.8.1,1881,SAR,artillery,39
1881.8.1,1881,SAR,guard,8
1881.8.1,1881,SAR,hussar,2
1881.8.1,1881,SAR,infantry,30
1881.8.1,1881,SIC,artillery,71
1881.8.1,1881,SIC,dragoon,15
1881.8.1,1881,SIC,infantry,47
1881.8.1,1881,TUR,artillery,25
1881.8.1,1881,TUR,hussar,7
1881.8.1,1881,TUR,infantry,23
1881.8.1,1881,MCK,cavalry,8
1881.8.1,1881,MCK,infantry,9
1881.8.1,1881,MCK,irregular,28
1881.8.1,1881,PER,artillery,30
1881.8.1,1881,PER,dragoon,1
1881.8.1,1881,PER,hussar,5
1881.8.1,1881,PER,infantry,24
1881.8.1,1881,JAS,dragoon,1
1881.8.1,1881,JAS,infantry,2
1881.8.1,1881,BIK,artillery,2
1881.8.1,1881,BIK,dragoon,1
1881.8.1,1881,BIK,infantry,5
1881.8.1,1881,MEW,dragoon,1
1881.8.1,1881,MEW,infantry,9
1881.8.1,1881,GWA,cavalry,1
1881.8.1,1881,GWA,infantry,1
1881.8.1,1881,GWA,irregular,4
1881.8.1,1881,BUN,artillery,3
1881.8.1,1881,BUN,dragoon,1
1881.8.1,1881,BUN,infantry,5
1881.8.1,1881,NEP,cavalry,1
1881.8.1,1881,NEP,irregular,5
1881.8.1,1881,SIK,irregular,1
1881.8.1,1881,BHU,irregular,1
1881.8.1,1881,CHL,artillery,50
1881.8.1,1881,CHL,dragoon,6
1881.8.1,1881,CHL,hussar,2
1881.8.1,1881,CHL,infantry,20
1881.8.1,1881,MGL,cavalry,2
1881.8.1,1881,MGL,infantry,4
1881.8.1,1881,MGL,irregular,6
1881.8.1,1881,CHI,cavalry,64
1881.8.1,1881,CHI,infantry,63
1881.8.1,1881,CHI,irregular,257
1881.8.1,1881,GXI,cavalry,48
1881.8.1,1881,GXI,infantry,69
1881.8.1,1881,GXI,irregular,170
1881.8.1,1881,XBI,cavalry,4
1881.8.1,1881,XBI,infantry,2
1881.8.1,1881,XBI,irregular,30
1881.8.1,1881,YNN,cavalry,33
1881.8.1,1881,YNN,infantry,17
1881.8.1,1881,YNN,irregular,147
1881.8.1,1881,TIB,cavalry,3
1881.8.1,1881,TIB,infantry,5
1881.8.1,1881,TIB,irregular,6
1881.8.1,1881,XIN,cavalry,1
1881.8.1,1881,XIN,irregular,6
1881.8.1,1881,ALD,infantry,3
1881.8.1,1881,MEX,artillery,63
1881.8.1,1881,MEX,cavalry,1
1881.8.1,1881,MEX,infantry,29
1881.8.1,1881,BRZ,artillery,49
1881.8.1,1881,BRZ,dragoon,5
1881.8.1,1881,ORA,infantry,2
1881.9.1,1881,USA,artillery,127
1881.9.1,1881,USA,dragoon,1
1881.9.1,1881,USA,hussar,17
1881.9.1,1881,USA,infantry,127
1881.9.1,1881,ENG,artillery,268
1881.9.1,1881,ENG,cuirassier,2
1881.9.1,1881,ENG,hussar,19
1881.9.1,1881,ENG,infantry,157
1881.9.1,1881,FRA,artillery,150
1881.9.1,1881,FRA,dragoon,1
1881.9.1,1881,FRA,hussar,18
1881.9.1,1881,FRA,infantry,175
1881.9.1,1881,SCA,artillery,41
1881.9.1,1881,SCA,hussar,9
1881.9.1,1881,SCA,infantry,41
1881.9.1,1881,RUS,artillery,96
1881.9.1,1881,RUS,dragoon,8
1881.9.1,1881,RUS,hussar,1
1881.9.1,1881,RUS,infantry,180
1881.9.1,1881,GER,artillery,192
1881.9.1,1881,GER,hussar,25
1881.9.1,1881,GER,infantry,182
1881.9.1,1881,NET,hussar,1
1881.9.1,1881,NET,infantry,1
1881.9.1,1881,BEL,artillery,28
1881.9.1,1881,BEL,dragoon,4
1881.9.1,1881,BEL,guard,9
1881.9.1,1881,BEL,infantry,11
1881.9.1,1881,SPA,artillery,74
1881.9.1,1881,SPA,hussar,3
1881.9.1,1881,SPA,infantry,47
1881.9.1,1881,KUK,artillery,74
1881.9.1,1881,KUK,dragoon,12
1881.9.1,1881,KUK,infantry,73
1881.9.1,1881,AST,artillery,36
1881.9.1,1881,AST,hussar,4
1881.9.1,1881,AST,infantry,39
1881.9.1,1881,WAL,artillery,18
1881.9.1,1881,WAL,hussar,2
1881.9.1,1881,WAL,infantry,1
1881.9.1,1881,SAR,artillery,39
1881.9.1,1881,SAR,guard,8
1881.9.1,1881,SAR,hussar,2
1881.9.1,1881,SAR,infantry,30
1881.9.1,1881,SIC,artillery,71
1881.9.1,1881,SIC,dragoon,15
1881.9.1,1881,SIC,infantry,47
1881.9.1,1881,TUR,artillery,25
1881.9.1,1881,TUR,hussar,7
1881.9.1,1881,TUR,infantry,23
1881.9.1,1881,MCK,cavalry,8
1881.9.1,1881,MCK,infantry,9
1881.9.1,1881,MCK,irregular,28
1881.9.1,1881,PER,artillery,30
1881.9.1,1881,PER,dragoon,1
1881.9.1,1881,PER,hussar,5
1881.9.1,1881,PER,infantry,24
1881.9.1,1881,JAS,dragoon,1
1881.9.1,1881,JAS,infantry,2
1881.9.1,1881,BIK,artillery,2
1881.9.1,1881,BIK,dragoon,1
1881.9.1,1881,BIK,infantry,5
1881.9.1,1881,MEW,dragoon,1
1881.9.1,1881,MEW,infantry,9
1881.9.1,1881,GWA,cavalry,1
1881.9.1,1881,GWA,infantry,1
1881.9.1,1881,GWA,irregular,4
1881.9.1,1881,BUN,artillery,3
1881.9.1,1881,BUN,dragoon,1
1881.9.1,1881,BUN,infantry,5
1881.9.1,1881,NEP,cavalry,1
1881.9.1,1881,NEP,irregular,5
1881.9.1,1881,SIK,irregular,1
1881.9.1,1881,BHU,irregular,1
1881.9.1,1881,CHL,artillery,50
1881.9.1,1881,CHL,dragoon,6
1881.9.1,1881,CHL,hussar,2
1881.9.1,1881,CHL,infantry,19
1881.9.1,1881,MGL,cavalry,2
1881.9.1,1881,MGL,infantry,4
1881.9.1,1881,MGL,irregular,6
1881.9.1,1881,CHI,cavalry,64
1881.9.1,1881,CHI,infantry,64
1881.9.1,1881,CHI,irregular,258
1881.9.1,1881,GXI,cavalry,48
1881.9.1,1881,GXI,infantry,69
1881.9.1,1881,GXI,irregular,170
1881.9.1,1881,XBI,cavalry,4
1881.9.1,1881,XBI,infantry,2
1881.9.1,1881,XBI,irregular,30
1881.9.1,1881,YNN,cavalry,33
1881.9.1,1881,YNN,infantry,17
1881.9.1,1881,YNN,irregular,147
1881.9.1,1881,TIB,cavalry,3
1881.9.1,1881,TIB,infantry,5
1881.9.1,1881,TIB,irregular,6
1881.9.1,1881,XIN,cavalry,1
1881.9.1,1881,XIN,irregular,6
1881.9.1,1881,ALD,infantry,3
1881.9.1,1881,MEX,artillery,63
1881.9.1,1881,MEX,cavalry,1
1881.9.1,1881,MEX,infantry,29
1881.9.1,1881,BRZ,artillery,49
1881.9.1,1881,BRZ,dragoon,5
1881.9.1,1881,ORA,infantry,2
1881.10.1,1881,USA,artillery,114
1881.10.1,1881,USA,dragoon,1
1881.10.1,1881,USA,hussar,17
1881.10.1,1881,USA,infantry,127
1881.10.1,1881,ENG,artillery,266
1881.10.1,1881,ENG,cuirassier,2
1881.10.1,1881,ENG,hussar,19
1881.10.1,1881,ENG,infantry,156
1881.10.1,1881,FRA,artillery,150
1881.10.1,1881,FRA,dragoon,1
1881.10.1,1881,FRA,hussar,18
1881.10.1,1881,FRA,infantry,175
1881.10.1,1881,SCA,artillery,39
1881.10.1,1881,SCA,hussar,9
1881.10.1,1881,SCA,infantry,41
1881.10.1,1881,RUS,artillery,96
1881.10.1,1881,RUS,dragoon,8
1881.10.1,1881,RUS,hussar,1
1881.10.1,1881,RUS,infantry,179
1881.10.1,1881,GER,artillery,192
1881.10.1,1881,GER,hussar,24
1881.10.1,1881,GER,infantry,182
1881.10.1,1881,NET,hussar,1
1881.10.1,1881,NET,infantry,1
1881.10.1,1881,BEL,artillery,29
1881.10.1,1881,BEL,dragoon,4
1881.10.1,1881,BEL,guard,9
1881.10.1,1881,BEL,infantry,11
1881.10.1,1881,SPA,artillery,74
1881.10.1,1881,SPA,hussar,3
1881.10.1,1881,SPA,infantry,47
1881.10.1,1881,KUK,artillery,74
1881.10.1,1881,KUK,dragoon,12
1881.10.1,1881,KUK,infantry,73
1881.10.1,1881,AST,artillery,33
1881.10.1,1881,AST,hussar,4
1881.10.1,1881,AST,infantry,39
1881.10.1,1881,WAL,artillery,18
1881.10.1,1881,WAL,hussar,2
1881.10.1,1881,WAL,infantry,1
1881.10.1,1881,SAR,artillery,39
1881.10.1,1881,SAR,guard,8
1881.10.1,1881,SAR,hussar,2
1881.10.1,1881,SAR,infantry,30
1881.10.1,1881,SIC,artillery,71
1881.10.1,1881,SIC,dragoon,15
1881.10.1,1881,SIC,infantry,47
1881.10.1,1881,TUR,artillery,25
1881.10.1,1881,TUR,hussar,7
1881.10.1,1881,TUR,infantry,23
1881.10.1,1881,MCK,cavalry,8
1881.10.1,1881,MCK,infantry,9
1881.10.1,1881,MCK,irregular,28
1881.10.1,1881,PER,artillery,30
1881.10.1,1881,PER,dragoon,1
1881.10.1,1881,PER,hussar,5
1881.10.1,1881,PER,infantry,24
1881.10.1,1881,JAS,dragoon,1
1881.10.1,1881,JAS,infantry,2
1881.10.1,1881,BIK,artillery,2
1881.10.1,1881,BIK,dragoon,1
1881.10.1,1881,BIK,infantry,5
1881.10.1,1881,MEW,dragoon,1
1881.10.1,1881,MEW,infantry,9
1881.10.1,1881,GWA,cavalry,1
1881.10.1,1881,GWA,infantry,1
1881.10.1,1881,GWA,irregular,4
1881.10.1,1881,BUN,artillery,3
1881.10.1,1881,BUN,dragoon,1
1881.10.1,1881,BUN,infantry,5
1881.10.1,1881,NEP,cavalry,1
1881.10.1,1881,NEP,irregular,5
1881.10.1,1881,SIK,irregular,1
1881.10.1,1881,BHU,irregular,1
1881.10.1,1881,CHL,artillery,50
1881.10.1,1881,CHL,dragoon,6
1881.10.1,1881,CHL,hussar,2
1881.10.1,1881,CHL,infantry,19
1881.10.1,1881,MGL,cavalry,2
1881.10.1,1881,MGL,infantry,4
1881.10.1,1881,MGL,irregular,6
1881.10.1,1881,CHI,cavalry,64
1881.10.1,1881,CHI,infantry,64
1881.10.1,1881,CHI,irregular,260
1881.10.1,1881,GXI,cavalry,48
1881.10.1,1881,GXI,infantry,71
1881.10.1,1881,GXI,irregular,170
1881.10.1,1881,XBI,cavalry,4
1881.10.1,1881,XBI,infantry,2
1881.10.1,1881,XBI,irregular,30
1881.10.1,1881,YNN,cavalry,33
1881.10.1,1881,YNN,infantry,17
1881.10.1,1881,YNN,irregular,147
1881.10.1,1881,TIB,cavalry,3
1881.10.1,1881,TIB,infantry,5
1881.10.1,1881,TIB,irregular,6
1881.10.1,1881,XIN,cavalry,1
1881.10.1,1881,XIN,irregular,6
1881.10.1,1881,ALD,infantry,3
1881.10.1,1881,MEX,artillery,62
1881.10.1,1881,MEX,cavalry,1
1881.10.1,1881,MEX,infantry,29
1881.10.1,1881,BRZ,artillery,49
1881.10.1,1881,BRZ,dragoon,5
1881.10.1,1881,ORA,infantry,2
1881.11.1,1881,USA,artillery,113
1881.11.1,1881,USA,dragoon,1
1881.11.1,1881,USA,hussar,17
1881.11.1,1881,USA,infantry,127
1881.11.1,1881,ENG,artillery,265
1881.11.1,1881,ENG,cuirassier,2
1881.11.1,1881,ENG,hussar,19
1881.11.1,1881,ENG,infantry,156
1881.11.1,1881,FRA,artillery,148
1881.11.1,1881,FRA,dragoon,1
1881.11.1,1881,FRA,hussar,18
1881.11.1,1881,FRA,infantry,175
1881.11.1,1881,SCA,artillery,39
1881.11.1,1881,SCA,hussar,9
1881.11.1,1881,SCA,infantry,41
1881.11.1,1881,RUS,artillery,91
1881.11.1,1881,RUS,dragoon,8
1881.11.1,1881,RUS,hussar,1
1881.11.1,1881,RUS,infantry,178
1881.11.1,1881,GER,artillery,190
1881.11.1,1881,GER,hussar,24
1881.11.1,1881,GER,infantry,182
1881.11.1,1881,NET,hussar,1
1881.11.1,1881,NET,infantry,1
1881.11.1,1881,BEL,artillery,29
1881.11.1,1881,BEL,dragoon,4
1881.11.1,1881,BEL,guard,9
1881.11.1,1881,BEL,infantry,11
1881.11.1,1881,SPA,artillery,74
1881.11.1,1881,SPA,hussar,3
1881.11.1,1881,SPA,infantry,47
1881.11.1,1881,KUK,artillery,74
1881.11.1,1881,KUK,dragoon,12
1881.11.1,1881,KUK,infantry,73
1881.11.1,1881,AST,artillery,33
1881.11.1,1881,AST,hussar,4
1881.11.1,1881,AST,infantry,39
1881.11.1,1881,WAL,artillery,18
1881.11.1,1881,WAL,hussar,2
1881.11.1,1881,WAL,infantry,1
1881.11.1,1881,SAR,artillery,39
1881.11.1,1881,SAR,guard,8
1881.11.1,1881,SAR,hussar,2
1881.11.1,1881,SAR,infantry,30
1881.11.1,1881,SIC,artillery,71
1881.11.1,1881,SIC,dragoon,15
1881.11.1,1881,SIC,infantry,47
1881.11.1,1881,TUR,artillery,25
1881.11.1,1881,TUR,hussar,7
1881.11.1,1881,TUR,infantry,23
1881.11.1,1881,MCK,cavalry,8
1881.11.1,1881,MCK,infantry,9
1881.11.1,1881,MCK,irregular,28
1881.11.1,1881,PER,artillery,30
1881.11.1,1881,PER,dragoon,1
1881.11.1,1881,PER,hussar,5
1881.11.1,1881,PER,infantry,24
1881.11.1,1881,JAS,dragoon,1
1881.11.1,1881,JAS,infantry,2
1881.11.1,1881,BIK,artillery,2
1881.11.1,1881,BIK,dragoon,1
1881.11.1,1881,BIK,infantry,5
1881.11.1,1881,MEW,dragoon,1
1881.11.1,1881,MEW,infantry,9
1881.11.1,1881,GWA,cavalry,1
1881.11.1,1881,GWA,infantry,1
1881.11.1,1881,GWA,irregular,4
1881.11.1,1881,BUN,artillery,3
1881.11.1,1881,BUN,dragoon,1
1881.11.1,1881,BUN,infantry,5
1881.11.1,1881,NEP,cavalry,1
1881.11.1,1881,NEP,irregular,5
1881.11.1,1881,SIK,irregular,1
1881.11.1,1881,BHU,irregular,1
1881.11.1,1881,CHL,artillery,50
1881.11.1,1881,CHL,dragoon,6
1881.11.1,1881,CHL,hussar,2
1881.11.1,1881,CHL,infantry,19
1881.11.1,1881,MGL,cavalry,2
1881.11.1,1881,MGL,infantry,4
1881.11.1,1881,MGL,irregular,6
1881.11.1,1881,CHI,cavalry,64
1881.11.1,1881,CHI,infantry,65
1881.11.1,1881,CHI,irregular,260
1881.11.1,1881,GXI,cavalry,48
1881.11.1,1881,GXI,infantry,71
1881.11.1,1881,GXI,irregular,170
1881.11.1,1881,XBI,cavalry,4
1881.11.1,1881,XBI,infantry,2
1881.11.1,1881,XBI,irregular,30
1881.11.1,1881,YNN,cavalry,33
1881.11.1,1881,YNN,infantry,17
1881.11.1,1881,YNN,irregular,147
1881.11.1,1881,TIB,cavalry,3
1881.11.1,1881,TIB,infantry,5
1881.11.1,1881,TIB,irregular,6
1881.11.1,1881,XIN,cavalry,1
1881.11.1,1881,XIN,irregular,6
1881.11.1,1881,ALD,infantry,3
1881.11.1,1881,MEX,artillery,62
1881.11.1,1881,MEX,cavalry,1
1881.11.1,1881,MEX,infantry,29
1881.11.1,1881,BRZ,artillery,49
1881.11.1,1881,BRZ,dragoon,5
1881.12.1,1881,USA,artillery,113
1881.12.1,1881,USA,dragoon,1
1881.12.1,1881,USA,hussar,17
1881.12.1,1881,USA,infantry,127
1881.12.1,1881,ENG,artillery,262
1881.12.1,1881,ENG,cuirassier,2
1881.12.1,1881,ENG,hussar,19
1881.12.1,1881,ENG,infantry,153
1881.12.1,1881,FRA,artillery,148
1881.12.1,1881,FRA,dragoon,1
1881.12.1,1881,FRA,hussar,18
1881.12.1,1881,FRA,infantry,175
1881.12.1,1881,SCA,artillery,38
1881.12.1,1881,SCA,hussar,9
1881.12.1,1881,SCA,infantry,40
1881.12.1,1881,RUS,artillery,86
1881.12.1,1881,RUS,dragoon,7
1881.12.1,1881,RUS,hussar,1
1881.12.1,1881,RUS,infantry,177
1881.12.1,1881,GER,artillery,189
1881.12.1,1881,GER,hussar,24
1881.12.1,1881,GER,infantry,182
1881.12.1,1881,NET,hussar,1
1881.12.1,1881,NET,infantry,1
1881.12.1,1881,BEL,artillery,29
1881.12.1,1881,BEL,dragoon,4
1881.12.1,1881,BEL,guard,9
1881.12.1,1881,BEL,infantry,11
1881.12.1,1881,SPA,artillery,74
1881.12.1,1881,SPA,hussar,3
1881.12.1,1881,SPA,infantry,47
1881.12.1,1881,KUK,artillery,74
1881.12.1,1881,KUK,dragoon,12
1881.12.1,1881,KUK,infantry,73
1881.12.1,1881,AST,artillery,33
1881.12.1,1881,AST,hussar,4
1881.12.1,1881,AST,infantry,39
1881.12.1,1881,WAL,artillery,18
1881.12.1,1881,WAL,hussar,2
1881.12.1,1881,WAL,infantry,1
1881.12.1,1881,SAR,artillery,39
1881.12.1,1881,SAR,guard,8
1881.12.1,1881,SAR,hussar,2
1881.12.1,1881,SAR,infantry,30
1881.12.1,1881,SIC,artillery,71
1881.12.1,1881,SIC,dragoon,15
1881.12.1,1881,SIC,infantry,47
1881.12.1,1881,TUR,artillery,25
1881.12.1,1881,TUR,hussar,7
1881.12.1,1881,TUR,infantry,23
1881.12.1,1881,MCK,cavalry,8
1881.12.1,1881,MCK,infantry,9
1881.12.1,1881,MCK,irregular,28
1881.12.1,1881,PER,artillery,30
1881.12.1,1881,PER,dragoon,1
1881.12.1,1881,PER,hussar,5
1881.12.1,1881,PER,infantry,24
1881.12.1,1881,JAS,dragoon,1
1881.12.1,1881,JAS,infantry,2
1881.12.1,1881,BIK,artillery,2
1881.12.1,1881,BIK,dragoon,1
1881.12.1,1881,BIK,infantry,5
1881.12.1,1881,MEW,dragoon,1
1881.12.1,1881,MEW,infantry,9
1881.12.1,1881,GWA,cavalry,1
1881.12.1,1881,GWA,infantry,1
1881.12.1,1881,GWA,irregular,4
1881.12.1,1881,BUN,artillery,3
1881.12.1,1881,BUN,dragoon,1
1881.12.1,1881,BUN,infantry,5
1881.12.1,1881,NEP,cavalry,1
1881.12.1,1881,NEP,irregular,5
1881.12.1,1881,SIK,irregular,1
1881.12.1,1881,BHU,irregular,1
1881.12.1,1881,CHL,artillery,50
1881.12.1,1881,CHL,dragoon,6
1881.12.1,1881,CHL,hussar,2
1881.12.1,1881,CHL,infantry,19
1881.12.1,1881,MGL,cavalry,2
1881.12.1,1881,MGL,infantry,4
1881.12.1,1881,MGL,irregular,6
1881.12.1,1881,CHI,cavalry,65
1881.12.1,1881,CHI,infantry,66
1881.12.1,1881,CHI,irregular,261
1881.12.1,1881,GXI,cavalry,48
1881.12.1,1881,GXI,infantry,71
1881.12.1,1881,GXI,irregular,170
1881.12.1,1881,XBI,cavalry,4
1881.12.1,1881,XBI,infantry,2
1881.12.1,1881,XBI,irregular,30
1881.12.1,1881,YNN,cavalry,33
1881.12.1,1881,YNN,infantry,17
1881.12.1,1881,YNN,irregular,147
1881.12.1,1881,TIB,cavalry,3
1881.12.1,1881,TIB,infantry,5
1881.12.1,1881,TIB,irregular,6
1881.12.1,1881,XIN,cavalry,1
1881.12.1,1881,XIN,irregular,6
1881.12.1,1881,ALD,infantry,3
1881.12.1,1881,MEX,artillery,62
1881.12.1,1881,MEX,cavalry,1
1881.12.1,1881,MEX,infantry,29
1881.12.1,1881,BRZ,artillery,49
1881.12.1,1881,BRZ,dragoon,5
1882.1.1,1882,USA,artillery,113
1882.1.1,1882,USA,dragoon,1
1882.1.1,1882,USA,hussar,17
1882.1.1,1882,USA,infantry,127
1882.1.1,1882,ENG,artillery,258
1882.1.1,1882,ENG,cuirassier,2
1882.1.1,1882,ENG,hussar,19
1882.1.1,1882,ENG,infantry,153
1882.1.1,1882,FRA,artillery,148
1882.1.1,1882,FRA,dragoon,1
1882.1.1,1882,FRA,hussar,18
1882.1.1,1882,FRA,infantry,175
1882.1.1,1882,SCA,artillery,38
1882.1.1,1882,SCA,hussar,9
1882.1.1,1882,SCA,infantry,40
1882.1.1,1882,RUS,artillery,86
1882.1.1,1882,RUS,dragoon,7
1882.1.1,1882,RUS,hussar,1
1882.1.1,1882,RUS,infantry,177
1882.1.1,1882,GER,artillery,188
1882.1.1,1882,GER,hussar,24
1882.1.1,1882,GER,infantry,182
1882.1.1,1882,NET,hussar,1
1882.1.1,1882,NET,infantry,1
1882.1.1,1882,BEL,artillery,29
1882.1.1,1882,BEL,dragoon,4
1882.1.1,1882,BEL,guard,9
1882.1.1,1882,BEL,infantry,11
1882.1.1,1882,SPA,artillery,74
1882.1.1,1882,SPA,hussar,3
1882.1.1,1882,SPA,infantry,47
1882.1.1,1882,KUK,artillery,72
1882.1.1,1882,KUK,dragoon,12
1882.1.1,1882,KUK,infantry,73
1882.1.1,1882,AST,artillery,33
1882.1.1,1882,AST,hussar,4
1882.1.1,1882,AST,infantry,39
1882.1.1,1882,WAL,artillery,18
1882.1.1,1882,WAL,hussar,2
1882.1.1,1882,WAL,infantry,1
1882.1.1,1882,SAR,artillery,39
1882.1.1,1882,SAR,guard,8
1882.1.1,1882,SAR,hussar,2
1882.1.1,1882,SAR,infantry,30
1882.1.1,1882,SIC,artillery,70
1882.1.1,1882,SIC,dragoon,14
1882.1.1,1882,SIC,infantry,47
1882.1.1,1882,TUR,artillery,25
1882.1.1,1882,TUR,hussar,7
1882.1.1,1882,TUR,infantry,23
1882.1.1,1882,MCK,cavalry,8
1882.1.1,1882,MCK,infantry,9
1882.1.1,1882,MCK,irregular,28
1882.1.1,1882,PER,artillery,30
1882.1.1,1882,PER,dragoon,1
1882.1.1,1882,PER,hussar,5
1882.1.1,1882,PER,infantry,24
1882.1.1,1882,JAS,dragoon,1
1882.1.1,1882,JAS,infantry,2
1882.1.1,1882,BIK,artillery,2
1882.1.1,1882,BIK,dragoon,1
1882.1.1,1882,BIK,infantry,5
1882.1.1,1882,MEW,dragoon,1
1882.1.1,1882,MEW,infantry,9
1882.1.1,1882,GWA,cavalry,1
1882.1.1,1882,GWA,infantry,1
1882.1.1,1882,GWA,irregular,4
1882.1.1,1882,BUN,artillery,3
1882.1.1,1882,BUN,dragoon,1
1882.1.1,1882,BUN,infantry,5
1882.1.1,1882,NEP,cavalry,1
1882.1.1,1882,NEP,irregular,5
1882.1.1,1882,SIK,irregular,1
1882.1.1,1882,BHU,irregular,1
1882.1.1,1882,CHL,artillery,50
1882.1.1,1882,CHL,dragoon,6
1882.1.1,1882,CHL,hussar,2
1882.1.1,1882,CHL,infantry,19
1882.1.1,1882,MGL,cavalry,2
1882.1.1,1882,MGL,infantry,4
1882.1.1,1882,MGL,irregular,6
1882.1.1,1882,CHI,cavalry,65
1882.1.1,1882,CHI,infantry,67
1882.1.1,1882,CHI,irregular,262
1882.1.1,1882,GXI,cavalry,48
1882.1.1,1882,GXI,infantry,71
1882.1.1,1882,GXI,irregular,170
1882.1.1,1882,XBI,cavalry,4
1882.1.1,1882,XBI,infantry,2
1882.1.1,1882,XBI,irregular,30
1882.1.1,1882,YNN,cavalry,33
1882.1.1,1882,YNN,infantry,17
1882.1.1,1882,YNN,irregular,148
1882.1.1,1882,TIB,cavalry,3
1882.1.1,1882,TIB,infantry,5
1882.1.1,1882,TIB,irregular,6
1882.1.1,1882,XIN,cavalry,1
1882.1.1,1882,XIN,irregular,6
1882.1.1,1882,ALD,infantry,3
1882.1.1,1882,MEX,artillery,62
1882.1.1,1882,MEX,cavalry,1
1882.1.1,1882,MEX,infantry,29
1882.1.1,1882,BRZ,artillery,49
1882.1.1,1882,BRZ,dragoon,5
1882.2.1,1882,USA,artillery,113
1882.2.1,1882,USA,dragoon,1
1882.2.1,1882,USA,hussar,17
1882.2.1,1882,USA,infantry,127
1882.2.1,1882,ENG,artillery,258
1882.2.1,1882,ENG,cuirassier,2
1882.2.1,1882,ENG,hussar,19
1882.2.1,1882,ENG,infantry,152
1882.2.1,1882,FRA,artillery,148
1882.2.1,1882,FRA,dragoon,1
1882.2.1,1882,FRA,hussar,18
1882.2.1,1882,FRA,infantry,175
1882.2.1,1882,SCA,artillery,38
1882.2.1,1882,SCA,hussar,9
1882.2.1,1882,SCA,infantry,40
1882.2.1,1882,RUS,artillery,86
1882.2.1,1882,RUS,dragoon,7
1882.2.1,1882,RUS,hussar,1
1882.2.1,1882,RUS,infantry,177
1882.2.1,1882,GER,artillery,184
1882.2.1,1882,GER,hussar,24
1882.2.1,1882,GER,infantry,182
1882.2.1,1882,NET,hussar,1
1882.2.1,1882,NET,infantry,1
1882.2.1,1882,BEL,artillery,22
1882.2.1,1882,BEL,dragoon,4
1882.2.1,1882,BEL,guard,9
1882.2.1,1882,BEL,infantry,11
1882.2.1,1882,SPA,artillery,74
1882.2.1,1882,SPA,hussar,3
1882.2.1,1882,SPA,infantry,47
1882.2.1,1882,KUK,artillery,72
1882.2.1,1882,KUK,dragoon,12
1882.2.1,1882,KUK,infantry,73
1882.2.1,1882,AST,artillery,33
1882.2.1,1882,AST,hussar,4
1882.2.1,1882,AST,infantry,39
1882.2.1,1882,WAL,artillery,18
1882.2.1,1882,WAL,hussar,2
1882.2.1,1882,WAL,infantry,1
1882.2.1,1882,SAR,artillery,39
1882.2.1,1882,SAR,guard,8
1882.2.1,1882,SAR,hussar,2
1882.2.1,1882,SAR,infantry,30
1882.2.1,1882,SIC,artillery,70
1882.2.1,1882,SIC,dragoon,14
1882.2.1,1882,SIC,infantry,47
1882.2.1,1882,TUR,artillery,25
1882.2.1,1882,TUR,hussar,7
1882.2.1,1882,TUR,infantry,23
1882.2.1,1882,MCK,cavalry,8
1882.2.1,1882,MCK,infantry,9
1882.2.1,1882,MCK,irregular,28
1882.2.1,1882,PER,artillery,30
1882.2.1,1882,PER,dragoon,1
1882.2.1,1882,PER,hussar,5
1882.2.1,1882,PER,infantry,24
1882.2.1,1882,JAS,dragoon,1
1882.2.1,1882,JAS,infantry,2
1882.2.1,1882,BIK,artillery,2
1882.2.1,1882,BIK,dragoon,1
1882.2.1,1882,BIK,infantry,5
1882.2.1,1882,MEW,dragoon,1
1882.2.1,1882,MEW,infantry,9
1882.2.1,1882,GWA,cavalry,1
1882.2.1,1882,GWA,infantry,1
1882.2.1,1882,GWA,irregular,4
1882.2.1,1882,BUN,artillery,3
1882.2.1,1882,BUN,dragoon,1
1882.2.1,1882,BUN,infantry,5
1882.2.1,1882,NEP,cavalry,1
1882.2.1,1882,NEP,irregular,5
1882.2.1,1882,SIK,irregular,1
1882.2.1,1882,BHU,irregular,1
1882.2.1,1882,CHL,artillery,50
1882.2.1,1882,CHL,dragoon,6
1882.2.1,1882,CHL,hussar,2
1882.2.1,1882,CHL,infantry,19
1882.2.1,1882,MGL,cavalry,2
1882.2.1,1882,MGL,infantry,4
1882.2.1,1882,MGL,irregular,6
1882.2.1,1882,CHI,cavalry,65
1882.2.1,1882,CHI,infantry,68
1882.2.1,1882,CHI,irregular,262
1882.2.1,1882,GXI,cavalry,49
1882.2.1,1882,GXI,infantry,72
1882.2.1,1882,GXI,irregular,170
1882.2.1,1882,XBI,cavalry,4
1882.2.1,1882,XBI,infantry,2
1882.2.1,1882,XBI,irregular,30
1882.2.1,1882,YNN,cavalry,33
1882.2.1,1882,YNN,infantry,17
1882.2.1,1882,YNN,irregular,148
1882.2.1,1882,TIB,cavalry,3
1882.2.1,1882,TIB,infantry,5
1882.2.1,1882,TIB,irregular,6
1882.2.1,1882,XIN,cavalry,1
1882.2.1,1882,XIN,irregular,6
1882.2.1,1882,ALD,infantry,3
1882.2.1,1882,MEX,artillery,62
1882.2.1,1882,MEX,cavalry,1
1882.2.1,1882,MEX,infantry,29
1882.2.1,1882,BRZ,artillery,49
1882.2.1,1882,BRZ,dragoon,5
1882.3.1,1882,USA,artillery,112
1882.3.1,1882,USA,dragoon,1
1882.3.1,1882,USA,hussar,17
1882.3.1,1882,USA,infantry,127
1882.3.1,1882,ENG,artillery,258
1882.3.1,1882,ENG,cuirassier,2
1882.3.1,1882,ENG,hussar,19
1882.3.1,1882,ENG,infantry,150
1882.3.1,1882,FRA,artillery,146
1882.3.1,1882,FRA,dragoon,1
1882.3.1,1882,FRA,hussar,18
1882.3.1,1882,FRA,infantry,175
1882.3.1,1882,SCA,artillery,38
1882.3.1,1882,SCA,hussar,9
1882.3.1,1882,SCA,infantry,40
1882.3.1,1882,RUS,artillery,86
1882.3.1,1882,RUS,dragoon,7
1882.3.1,1882,RUS,hussar,1
1882.3.1,1882,RUS,infantry,177
1882.3.1,1882,GER,artillery,180
1882.3.1,1882,GER,hussar,24
1882.3.1,1882,GER,infantry,182
1882.3.1,1882,NET,hussar,1
1882.3.1,1882,NET,infantry,1
1882.3.1,1882,BEL,artillery,23
1882.3.1,1882,BEL,dragoon,4
1882.3.1,1882,BEL,guard,9
1882.3.1,1882,BEL,infantry,11
1882.3.1,1882,SPA,artillery,74
1882.3.1,1882,SPA,hussar,3
1882.3.1,1882,SPA,infantry,47
1882.3.1,1882,KUK,artillery,72
1882.3.1,1882,KUK,dragoon,12
1882.3.1,1882,KUK,infantry,73
1882.3.1,1882,AST,artillery,34
1882.3.1,1882,AST,hussar,4
1882.3.1,1882,AST,infantry,39
1882.3.1,1882,WAL,artillery,18
1882.3.1,1882,WAL,hussar,2
1882.3.1,1882,WAL,infantry,1
1882.3.1,1882,SAR,artillery,39
1882.3.1,1882,SAR,guard,8
1882.3.1,1882,SAR,hussar,2
1882.3.1,1882,SAR,infantry,30
1882.3.1,1882,SIC,artillery,70
1882.3.1,1882,SIC,dragoon,14
1882.3.1,1882,SIC,infantry,47
1882.3.1,1882,TUR,artillery,24
1882.3.1,1882,TUR,hussar,7
1882.3.1,1882,TUR,infantry,23
1882.3.1,1882,MCK,cavalry,8
1882.3.1,1882,MCK,infantry,9
1882.3.1,1882,MCK,irregular,28
1882.3.1,1882,PER,artillery,31
1882.3.1,1882,PER,dragoon,1
1882.3.1,1882,PER,hussar,5
1882.3.1,1882,PER,infantry,24
1882.3.1,1882,JAS,dragoon,1
1882.3.1,1882,JAS,infantry,2
1882.3.1,1882,BIK,artillery,2
1882.3.1,1882,BIK,dragoon,1
1882.3.1,1882,BIK,infantry,5
1882.3.1,1882,MEW,dragoon,1
1882.3.1,1882,MEW,infantry,9
1882.3.1,1882,GWA,cavalry,1
1882.3.1,1882,GWA,infantry,1
1882.3.1,1882,GWA,irregular,4
1882.3.1,1882,BUN,artillery,3
1882.3.1,1882,BUN,dragoon,1
1882.3.1,1882,BUN,infantry,5
1882.3.1,1882,NEP,cavalry,1
1882.3.1,1882,NEP,irregular,5
1882.3.1,1882,SIK,irregular,1
1882.3.1,1882,BHU,irregular,1
1882.3.1,1882,CHL,artillery,50
1882.3.1,1882,CHL,dragoon,5
1882.3.1,1882,CHL,hussar,2
1882.3.1,1882,CHL,infantry,19
1882.3.1,1882,MGL,cavalry,2
1882.3.1,1882,MGL,infantry,4
1882.3.1,1882,MGL,irregular,6
1882.3.1,1882,CHI,cavalry,66
1882.3.1,1882,CHI,infantry,69
1882.3.1,1882,CHI,irregular,263
1882.3.1,1882,GXI,cavalry,49
1882.3.1,1882,GXI,infantry,74
1882.3.1,1882,GXI,irregular,170
1882.3.1,1882,XBI,cavalry,4
1882.3.1,1882,XBI,infantry,2
1882.3.1,1882,XBI,irregular,30
1882.3.1,1882,YNN,cavalry,33
1882.3.1,1882,YNN,infantry,17
1882.3.1,1882,YNN,irregular,148
1882.3.1,1882,TIB,cavalry,3
1882.3.1,1882,TIB,infantry,5
1882.3.1,1882,TIB,irregular,6
1882.3.1,1882,XIN,cavalry,1
1882.3.1,1882,XIN,irregular,6
1882.3.1,1882,ALD,cuirassier,1
1882.3.1,1882,ALD,infantry,3
1882.3.1,1882,MEX,artillery,62
1882.3.1,1882,MEX,cavalry,1
1882.3.1,1882,MEX,infantry,29
1882.3.1,1882,BRZ,artillery,49
1882.3.1,1882,BRZ,dragoon,5
1882.4.1,1882,USA,artillery,109
1882.4.1,1882,USA,dragoon,1
1882.4.1,1882,USA,hussar,16
1882.4.1,1882,USA,infantry,126
1882.4.1,1882,ENG,artillery,256
1882.4.1,1882,ENG,cuirassier,2
1882.4.1,1882,ENG,hussar,19
1882.4.1,1882,ENG,infantry,150
1882.4.1,1882,FRA,artillery,145
1882.4.1,1882,FRA,dragoon,1
1882.4.1,1882,FRA,hussar,18
1882.4.1,1882,FRA,infantry,175
1882.4.1,1882,SCA,artillery,38
1882.4.1,1882,SCA,hussar,9
1882.4.1,1882,SCA,infantry,39
1882.4.1,1882,RUS,artillery,86
1882.4.1,1882,RUS,dragoon,7
1882.4.1,1882,RUS,hussar,1
1882.4.1,1882,RUS,infantry,177
1882.4.1,1882,GER,artillery,174
1882.4.1,1882,GER,hussar,24
1882.4.1,1882,GER,infantry,181
1882.4.1,1882,NET,hussar,1
1882.4.1,1882,NET,infantry,1
1882.4.1,1882,BEL,artillery,23
1882.4.1,1882,BEL,dragoon,4
1882.4.1,1882,BEL,guard,9
1882.4.1,1882,BEL,infantry,11
1882.4.1,1882,SPA,artillery,74
1882.4.1,1882,SPA,hussar,3
1882.4.1,1882,SPA,infantry,47
1882.4.1,1882,KUK,artillery,72
1882.4.1,1882,KUK,dragoon,12
1882.4.1,1882,KUK,infantry,73
1882.4.1,1882,AST,artillery,34
1882.4.1,1882,AST,hussar,4
1882.4.1,1882,AST,infantry,39
1882.4.1,1882,WAL,artillery,18
1882.4.1,1882,WAL,hussar,2
1882.4.1,1882,WAL,infantry,1
1882.4.1,1882,SAR,artillery,40
1882.4.1,1882,SAR,guard,8
1882.4.1,1882,SAR,hussar,2
1882.4.1,1882,SAR,infantry,30
1882.4.1,1882,SIC,artillery,70
1882.4.1,1882,SIC,dragoon,14
1882.4.1,1882,SIC,infantry,47
1882.4.1,1882,TUR,artillery,24
1882.4.1,1882,TUR,hussar,7
1882.4.1,1882,TUR,infantry,23
1882.4.1,1882,MCK,cavalry,8
1882.4.1,1882,MCK,infantry,9
1882.4.1,1882,MCK,irregular,28
1882.4.1,1882,PER,artillery,33
1882.4.1,1882,PER,dragoon,1
1882.4.1,1882,PER,hussar,5
1882.4.1,1882,PER,infantry,24
1882.4.1,1882,JAS,dragoon,1
1882.4.1,1882,JAS,infantry,2
1882.4.1,1882,BIK,artillery,2
1882.4.1,1882,BIK,dragoon,1
1882.4.1,1882,BIK,infantry,5
1882.4.1,1882,MEW,dragoon,1
1882.4.1,1882,MEW,infantry,9
1882.4.1,1882,GWA,cavalry,1
1882.4.1,1882,GWA,infantry,1
1882.4.1,1882,GWA,irregular,4
1882.4.1,1882,BUN,artillery,3
1882.4.1,1882,BUN,dragoon,1
1882.4.1,1882,BUN,infantry,5
1882.4.1,1882,NEP,cavalry,1
1882.4.1,1882,NEP,irregular,5
1882.4.1,1882,SIK,irregular,1
1882.4.1,1882,BHU,irregular,1
1882.4.1,1882,CHL,artillery,50
1882.4.1,1882,CHL,dragoon,5
1882.4.1,1882,CHL,hussar,2
1882.4.1,1882,CHL,infantry,19
1882.4.1,1882,MGL,cavalry,2
1882.4.1,1882,MGL,infantry,4
1882.4.1,1882,MGL,irregular,6
1882.4.1,1882,CHI,cavalry,66
1882.4.1,1882,CHI,infantry,69
1882.4.1,1882,CHI,irregular,263
1882.4.1,1882,GXI,cavalry,49
1882.4.1,1882,GXI,infantry,75
1882.4.1,1882,GXI,irregular,170
1882.4.1,1882,XBI,cavalry,4
1882.4.1,1882,XBI,infantry,2
1882.4.1,1882,XBI,irregular,30
1882.4.1,1882,YNN,cavalry,33
1882.4.1,1882,YNN,infantry,17
1882.4.1,1882,YNN,irregular,148
1882.4.1,1882,TIB,cavalry,3
1882.4.1,1882,TIB,infantry,5
1882.4.1,1882,TIB,irregular,6
1882.4.1,1882,XIN,cavalry,1
1882.4.1,1882,XIN,irregular,6
1882.4.1,1882,ALD,cuirassier,1
1882.4.1,1882,ALD,infantry,3
1882.4.1,1882,MEX,artillery,62
1882.4.1,1882,MEX,cavalry,1
1882.4.1,1882,MEX,infantry,29
1882.4.1,1882,BRZ,artillery,49
1882.4.1,1882,BRZ,dragoon,5
1882.5.1,1882,USA,artillery,108
1882.5.1,1882,USA,dragoon,1
1882.5.1,1882,USA,hussar,16
1882.5.1,1882,USA,infantry,115
1882.5.1,1882,ENG,artillery,255
1882.5.1,1882,ENG,cuirassier,2
1882.5.1,1882,ENG,hussar,19
1882.5.1,1882,ENG,infantry,150
1882.5.1,1882,FRA,artillery,144
1882.5.1,1882,FRA,dragoon,1
1882.5.1,1882,FRA,hussar,17
1882.5.1,1882,FRA,infantry,175
1882.5.1,1882,SCA,artillery,35
1882.5.1,1882,SCA,hussar,8
1882.5.1,1882,SCA,infantry,39
1882.5.1,1882,RUS,artillery,85
1882.5.1,1882,RUS,dragoon,7
1882.5.1,1882,RUS,hussar,1
1882.5.1,1882,RUS,infantry,177
1882.5.1,1882,GER,artillery,166
1882.5.1,1882,GER,hussar,24
1882.5.1,1882,GER,infantry,181
1882.5.1,1882,NET,hussar,1
1882.5.1,1882,NET,infantry,1
1882.5.1,1882,BEL,artillery,21
1882.5.1,1882,BEL,dragoon,4
1882.5.1,1882,BEL,guard,7
1882.5.1,1882,BEL,infantry,11
1882.5.1,1882,SPA,artillery,73
1882.5.1,1882,SPA,hussar,3
1882.5.1,1882,SPA,infantry,47
1882.5.1,1882,KUK,artillery,70
1882.5.1,1882,KUK,dragoon,11
1882.5.1,1882,KUK,infantry,73
1882.5.1,1882,AST,artillery,34
1882.5.1,1882,AST,hussar,4
1882.5.1,1882,AST,infantry,39
1882.5.1,1882,WAL,artillery,18
1882.5.1,1882,WAL,hussar,2
1882.5.1,1882,WAL,infantry,1
1882.5.1,1882,SAR,artillery,40
1882.5.1,1882,SAR,guard,8
1882.5.1,1882,SAR,hussar,2
1882.5.1,1882,SAR,infantry,30
1882.5.1,1882,SIC,artillery,69
1882.5.1,1882,SIC,dragoon,14
1882.5.1,1882,SIC,infantry,47
1882.5.1,1882,TUR,artillery,24
1882.5.1,1882,TUR,hussar,7
1882.5.1,1882,TUR,infantry,23
1882.5.1,1882,MCK,cavalry,8
1882.5.1,1882,MCK,infantry,9
1882.5.1,1882,MCK,irregular,28
1882.5.1,1882,PER,artillery,28
1882.5.1,1882,PER,dragoon,1
1882.5.1,1882,PER,hussar,4
1882.5.1,1882,PER,infantry,20
1882.5.1,1882,JAS,dragoon,1
1882.5.1,1882,JAS,infantry,2
1882.5.1,1882,BIK,artillery,2
1882.5.1,1882,BIK,dragoon,1
1882.5.1,1882,BIK,infantry,5
1882.5.1,1882,MEW,dragoon,1
1882.5.1,1882,MEW,infantry,9
1882.5.1,1882,GWA,cavalry,1
1882.5.1,1882,GWA,infantry,1
1882.5.1,1882,GWA,irregular,4
1882.5.1,1882,BUN,artillery,3
1882.5.1,1882,BUN,dragoon,1
1882.5.1,1882,BUN,infantry,5
1882.5.1,1882,NEP,cavalry,1
1882.5.1,1882,NEP,irregular,5
1882.5.1,1882,SIK,irregular,1
1882.5.1,1882,BHU,irregular,1
1882.5.1,1882,CHL,artillery,50
1882.5.1,1882,CHL,dragoon,5
1882.5.1,1882,CHL,hussar,2
1882.5.1,1882,CHL,infantry,19
1882.5.1,1882,MGL,cavalry,2
1882.5.1,1882,MGL,infantry,4
1882.5.1,1882,MGL,irregular,6
1882.5.1,1882,CHI,cavalry,66
1882.5.1,1882,CHI,infantry,70
1882.5.1,1882,CHI,irregular,263
1882.5.1,1882,GXI,cavalry,49
1882.5.1,1882,GXI,infantry,75
1882.5.1,1882,GXI,irregular,170
1882.5.1,1882,XBI,cavalry,4
1882.5.1,1882,XBI,infantry,2
1882.5.1,1882,XBI,irregular,30
1882.5.1,1882,YNN,cavalry,33
1882.5.1,1882,YNN,infantry,17
1882.5.1,1882,YNN,irregular,148
1882.5.1,1882,TIB,cavalry,3
1882.5.1,1882,TIB,infantry,5
1882.5.1,1882,TIB,irregular,6
1882.5.1,1882,XIN,cavalry,1
1882.5.1,1882,XIN,irregular,6
1882.5.1,1882,ALD,cuirassier,1
1882.5.1,1882,ALD,infantry,3
1882.5.1,1882,MEX,artillery,62
1882.5.1,1882,MEX,cavalry,1
1882.5.1,1882,MEX,infantry,29
1882.5.1,1882,BRZ,artillery,49
1882.5.1,1882,BRZ,dragoon,5
1882.6.1,1882,USA,artillery,105
1882.6.1,1882,USA,dragoon,1
1882.6.1,1882,USA,hussar,16
1882.6.1,1882,USA,infantry,115
1882.6.1,1882,ENG,artillery,255
1882.6.1,1882,ENG,cuirassier,2
1882.6.1,1882,ENG,hussar,19
1882.6.1,1882,ENG,infantry,150
1882.6.1,1882,FRA,artillery,142
1882.6.1,1882,FRA,dragoon,1
1882.6.1,1882,FRA,hussar,17
1882.6.1,1882,FRA,infantry,175
1882.6.1,1882,SCA,artillery,34
1882.6.1,1882,SCA,hussar,7
1882.6.1,1882,SCA,infantry,39
1882.6.1,1882,RUS,artillery,91
1882.6.1,1882,RUS,dragoon,7
1882.6.1,1882,RUS,hussar,1
1882.6.1,1882,RUS,infantry,177
1882.6.1,1882,GER,artillery,164
1882.6.1,1882,GER,hussar,24
1882.6.1,1882,GER,infantry,181
1882.6.1,1882,NET,hussar,1
1882.6.1,1882,NET,infantry,1
1882.6.1,1882,BEL,artillery,21
1882.6.1,1882,BEL,dragoon,4
1882.6.1,1882,BEL,guard,7
1882.6.1,1882,BEL,infantry,11
1882.6.1,1882,SPA,artillery,72
1882.6.1,1882,SPA,hussar,3
1882.6.1,1882,SPA,infantry,47
1882.6.1,1882,KUK,artillery,64
1882.6.1,1882,KUK,dragoon,9
1882.6.1,1882,KUK,infantry,69
1882.6.1,1882,AST,artillery,33
1882.6.1,1882,AST,hussar,4
1882.6.1,1882,AST,infantry,39
1882.6.1,1882,WAL,artillery,18
1882.6.1,1882,WAL,hussar,2
1882.6.1,1882,WAL,infantry,1
1882.6.1,1882,SAR,artillery,40
1882.6.1,1882,SAR,guard,8
1882.6.1,1882,SAR,hussar,2
1882.6.1,1882,SAR,infantry,30
1882.6.1,1882,SIC,artillery,69
1882.6.1,1882,SIC,dragoon,14
1882.6.1,1882,SIC,infantry,47
1882.6.1,1882,TUR,artillery,23
1882.6.1,1882,TUR,hussar,7
1882.6.1,1882,TUR,infantry,23
1882.6.1,1882,MCK,cavalry,8
1882.6.1,1882,MCK,infantry,9
1882.6.1,1882,MCK,irregular,28
1882.6.1,1882,PER,artillery,28
1882.6.1,1882,PER,dragoon,1
1882.6.1,1882,PER,hussar,4
1882.6.1,1882,PER,infantry,20
1882.6.1,1882,JAS,dragoon,1
1882.6.1,1882,JAS,infantry,2
1882.6.1,1882,BIK,artillery,2
1882.6.1,1882,BIK,dragoon,1
1882.6.1,1882,BIK,infantry,5
1882.6.1,1882,MEW,dragoon,1
1882.6.1,1882,MEW,infantry,9
1882.6.1,1882,GWA,cavalry,1
1882.6.1,1882,GWA,infantry,1
1882.6.1,1882,GWA,irregular,4
1882.6.1,1882,BUN,artillery,3
1882.6.1,1882,BUN,dragoon,1
1882.6.1,1882,BUN,infantry,5
1882.6.1,1882,NEP,cavalry,1
1882.6.1,1882,NEP,irregular,5
1882.6.1,1882,SIK,irregular,1
1882.6.1,1882,BHU,irregular,1
1882.6.1,1882,CHL,artillery,50
1882.6.1,1882,CHL,dragoon,5
1882.6.1,1882,CHL,hussar,2
1882.6.1,1882,CHL,infantry,19
1882.6.1,1882,MGL,cavalry,2
1882.6.1,1882,MGL,infantry,4
1882.6.1,1882,MGL,irregular,6
1882.6.1,1882,CHI,cavalry,66
1882.6.1,1882,CHI,infantry,71
1882.6.1,1882,CHI,irregular,264
1882.6.1,1882,GXI,cavalry,49
1882.6.1,1882,GXI,infantry,76
1882.6.1,1882,GXI,irregular,170
1882.6.1,1882,XBI,cavalry,4
1882.6.1,1882,XBI,infantry,2
1882.6.1,1882,XBI,irregular,30
1882.6.1,1882,YNN,cavalry,33
1882.6.1,1882,YNN,infantry,17
1882.6.1,1882,YNN,irregular,148
1882.6.1,1882,TIB,cavalry,3
1882.6.1,1882,TIB,infantry,5
1882.6.1,1882,TIB,irregular,6
1882.6.1,1882,XIN,cavalry,1
1882.6.1,1882,XIN,irregular,6
1882.6.1,1882,ALD,cuirassier,1
1882.6.1,1882,ALD,infantry,3
1882.6.1,1882,MEX,artillery,62
1882.6.1,1882,MEX,cavalry,1
1882.6.1,1882,MEX,infantry,29
1882.6.1,1882,BRZ,artillery,49
1882.6.1,1882,BRZ,dragoon,5
1882.7.1,1882,USA,artillery,105
1882.7.1,1882,USA,dragoon,1
1882.7.1,1882,USA,hussar,16
1882.7.1,1882,USA,infantry,115
1882.7.1,1882,ENG,artillery,256
1882.7.1,1882,ENG,cuirassier,2
1882.7.1,1882,ENG,hussar,19
1882.7.1,1882,ENG,infantry,150
1882.7.1,1882,FRA,artillery,140
1882.7.1,1882,FRA,dragoon,1
1882.7.1,1882,FRA,hussar,17
1882.7.1,1882,FRA,infantry,175
1882.7.1,1882,SCA,artillery,34
1882.7.1,1882,SCA,hussar,7
1882.7.1,1882,SCA,infantry,39
1882.7.1,1882,RUS,artillery,86
1882.7.1,1882,RUS,dragoon,7
1882.7.1,1882,RUS,hussar,1
1882.7.1,1882,RUS,infantry,177
1882.7.1,1882,GER,artillery,161
1882.7.1,1882,GER,hussar,23
1882.7.1,1882,GER,infantry,181
1882.7.1,1882,NET,hussar,1
1882.7.1,1882,NET,infantry,1
1882.7.1,1882,BEL,artillery,21
1882.7.1,1882,BEL,dragoon,4
1882.7.1,1882,BEL,guard,7
1882.7.1,1882,BEL,infantry,11
1882.7.1,1882,SPA,artillery,72
1882.7.1,1882,SPA,hussar,3
1882.7.1,1882,SPA,infantry,47
1882.7.1,1882,KUK,artillery,63
1882.7.1,1882,KUK,dragoon,9
1882.7.1,1882,KUK,infantry,69
1882.7.1,1882,CHL,artillery,50
1882.7.1,1882,CHL,dragoon,5
1882.7.1,1882,CHL,hussar,2
1882.7.1,1882,CHL,infantry,19
1882.7.1,1882,AST,artillery,33
1882.7.1,1882,AST,hussar,4
1882.7.1,1882,AST,infantry,39
1882.7.1,1882,WAL,artillery,18
1882.7.1,1882,WAL,hussar,2
1882.7.1,1882,WAL,infantry,1
1882.7.1,1882,SAR,artillery,40
1882.7.1,1882,SAR,guard,8
1882.7.1,1882,SAR,hussar,2
1882.7.1,1882,SAR,infantry,30
1882.7.1,1882,SIC,artillery,66
1882.7.1,1882,SIC,dragoon,14
1882.7.1,1882,SIC,infantry,47
1882.7.1,1882,TUR,artillery,23
1882.7.1,1882,TUR,hussar,7
1882.7.1,1882,TUR,infantry,23
1882.7.1,1882,MCK,cavalry,8
1882.7.1,1882,MCK,infantry,9
1882.7.1,1882,MCK,irregular,28
1882.7.1,1882,PER,artillery,28
1882.7.1,1882,PER,dragoon,1
1882.7.1,1882,PER,hussar,4
1882.7.1,1882,PER,infantry,20
1882.7.1,1882,JAS,dragoon,1
1882.7.1,1882,JAS,infantry,2
1882.7.1,1882,BIK,artillery,2
1882.7.1,1882,BIK,dragoon,1
1882.7.1,1882,BIK,infantry,5
1882.7.1,1882,MEW,dragoon,1
1882.7.1,1882,MEW,infantry,9
1882.7.1,1882,GWA,cavalry,1
1882.7.1,1882,GWA,infantry,1
1882.7.1,1882,GWA,irregular,4
1882.7.1,1882,BUN,artillery,3
1882.7.1,1882,BUN,dragoon,1
1882.7.1,1882,BUN,infantry,5
1882.7.1,1882,NEP,cavalry,1
1882.7.1,1882,NEP,irregular,5
1882.7.1,1882,SIK,irregular,1
1882.7.1,1882,BHU,irregular,1
1882.7.1,1882,MGL,cavalry,2
1882.7.1,1882,MGL,infantry,4
1882.7.1,1882,MGL,irregular,6
1882.7.1,1882,CHI,cavalry,67
1882.7.1,1882,CHI,infantry,72
1882.7.1,1882,CHI,irregular,264
1882.7.1,1882,GXI,cavalry,49
1882.7.1,1882,GXI,infantry,76
1882.7.1,1882,GXI,irregular,170
1882.7.1,1882,XBI,cavalry,4
1882.7.1,1882,XBI,infantry,2
1882.7.1,1882,XBI,irregular,30
1882.7.1,1882,YNN,cavalry,33
1882.7.1,1882,YNN,infantry,17
1882.7.1,1882,YNN,irregular,148
1882.7.1,1882,TIB,cavalry,3
1882.7.1,1882,TIB,infantry,5
1882.7.1,1882,TIB,irregular,6
1882.7.1,1882,XIN,cavalry,1
1882.7.1,1882,XIN,irregular,6
1882.7.1,1882,ALD,cuirassier,1
1882.7.1,1882,ALD,infantry,3
1882.7.1,1882,MEX,artillery,62
1882.7.1,1882,MEX,cavalry,1
1882.7.1,1882,MEX,infantry,29
1882.7.1,1882,BRZ,artillery,49
1882.7.1,1882,BRZ,dragoon,5
1882.7.1,1882,BRZ,infantry,1
1882.8.1,1882,USA,artillery,105
1882.8.1,1882,USA,dragoon,1
1882.8.1,1882,USA,hussar,16
1882.8.1,1882,USA,infantry,115
1882.8.1,1882,ENG,artillery,256
1882.8.1,1882,ENG,cuirassier,2
1882.8.1,1882,ENG,hussar,19
1882.8.1,1882,ENG,infantry,149
1882.8.1,1882,FRA,artillery,139
1882.8.1,1882,FRA,dragoon,1
1882.8.1,1882,FRA,hussar,17
1882.8.1,1882,FRA,infantry,174
1882.8.1,1882,SCA,artillery,34
1882.8.1,1882,SCA,hussar,7
1882.8.1,1882,SCA,infantry,39
1882.8.1,1882,RUS,artillery,86
1882.8.1,1882,RUS,dragoon,7
1882.8.1,1882,RUS,hussar,1
1882.8.1,1882,RUS,infantry,177
1882.8.1,1882,GER,artillery,158
1882.8.1,1882,GER,hussar,23
1882.8.1,1882,GER,infantry,181
1882.8.1,1882,NET,hussar,1
1882.8.1,1882,NET,infantry,1
1882.8.1,1882,BEL,artillery,21
1882.8.1,1882,BEL,dragoon,4
1882.8.1,1882,BEL,guard,7
1882.8.1,1882,BEL,infantry,11
1882.8.1,1882,SPA,artillery,68
1882.8.1,1882,SPA,hussar,2
1882.8.1,1882,SPA,infantry,47
1882.8.1,1882,KUK,artillery,63
1882.8.1,1882,KUK,dragoon,9
1882.8.1,1882,KUK,infantry,69
1882.8.1,1882,CHL,artillery,50
1882.8.1,1882,CHL,dragoon,5
1882.8.1,1882,CHL,hussar,2
1882.8.1,1882,CHL,infantry,19
1882.8.1,1882,AST,artillery,33
1882.8.1,1882,AST,hussar,4
1882.8.1,1882,AST,infantry,39
1882.8.1,1882,WAL,artillery,18
1882.8.1,1882,WAL,hussar,2
1882.8.1,1882,WAL,infantry,1
1882.8.1,1882,SAR,artillery,40
1882.8.1,1882,SAR,guard,8
1882.8.1,1882,SAR,hussar,2
1882.8.1,1882,SAR,infantry,30
1882.8.1,1882,SIC,artillery,66
1882.8.1,1882,SIC,dragoon,14
1882.8.1,1882,SIC,infantry,47
1882.8.1,1882,TUR,artillery,23
1882.8.1,1882,TUR,hussar,7
1882.8.1,1882,TUR,infantry,23
1882.8.1,1882,MCK,cavalry,8
1882.8.1,1882,MCK,infantry,9
1882.8.1,1882,MCK,irregular,28
1882.8.1,1882,PER,artillery,28
1882.8.1,1882,PER,dragoon,1
1882.8.1,1882,PER,hussar,4
1882.8.1,1882,PER,infantry,20
1882.8.1,1882,JAS,dragoon,1
1882.8.1,1882,JAS,infantry,2
1882.8.1,1882,BIK,artillery,2
1882.8.1,1882,BIK,dragoon,1
1882.8.1,1882,BIK,infantry,5
1882.8.1,1882,MEW,dragoon,1
1882.8.1,1882,MEW,infantry,9
1882.8.1,1882,GWA,cavalry,1
1882.8.1,1882,GWA,infantry,1
1882.8.1,1882,GWA,irregular,4
1882.8.1,1882,BUN,artillery,3
1882.8.1,1882,BUN,dragoon,1
1882.8.1,1882,BUN,infantry,5
1882.8.1,1882,NEP,cavalry,1
1882.8.1,1882,NEP,irregular,5
1882.8.1,1882,SIK,irregular,1
1882.8.1,1882,BHU,irregular,1
1882.8.1,1882,MGL,cavalry,2
1882.8.1,1882,MGL,infantry,4
1882.8.1,1882,MGL,irregular,6
1882.8.1,1882,CHI,cavalry,68
1882.8.1,1882,CHI,infantry,73
1882.8.1,1882,CHI,irregular,266
1882.8.1,1882,GXI,cavalry,49
1882.8.1,1882,GXI,infantry,76
1882.8.1,1882,GXI,irregular,170
1882.8.1,1882,XBI,cavalry,4
1882.8.1,1882,XBI,infantry,2
1882.8.1,1882,XBI,irregular,30
1882.8.1,1882,YNN,cavalry,33
1882.8.1,1882,YNN,infantry,17
1882.8.1,1882,YNN,irregular,148
1882.8.1,1882,TIB,cavalry,3
1882.8.1,1882,TIB,infantry,5
1882.8.1,1882,TIB,irregular,6
1882.8.1,1882,XIN,cavalry,1
1882.8.1,1882,XIN,irregular,6
1882.8.1,1882,ALD,cuirassier,1
1882.8.1,1882,ALD,infantry,3
1882.8.1,1882,MEX,artillery,62
1882.8.1,1882,MEX,cavalry,1
1882.8.1,1882,MEX,infantry,29
1882.8.1,1882,BRZ,artillery,49
1882.8.1,1882,BRZ,dragoon,5
1882.8.1,1882,BRZ,infantry,4
1882.9.1,1882,USA,artillery,105
1882.9.1,1882,USA,dragoon,1
1882.9.1,1882,USA,hussar,16
1882.9.1,1882,USA,infantry,115
1882.9.1,1882,ENG,artillery,254
1882.9.1,1882,ENG,cuirassier,2
1882.9.1,1882,ENG,hussar,19
1882.9.1,1882,ENG,infantry,148
1882.9.1,1882,FRA,artillery,139
1882.9.1,1882,FRA,dragoon,1
1882.9.1,1882,FRA,hussar,17
1882.9.1,1882,FRA,infantry,174
1882.9.1,1882,SCA,artillery,34
1882.9.1,1882,SCA,hussar,7
1882.9.1,1882,SCA,infantry,39
1882.9.1,1882,RUS,artillery,86
1882.9.1,1882,RUS,dragoon,7
1882.9.1,1882,RUS,hussar,1
1882.9.1,1882,RUS,infantry,177
1882.9.1,1882,GER,artillery,155
1882.9.1,1882,GER,hussar,23
1882.9.1,1882,GER,infantry,181
1882.9.1,1882,NET,hussar,1
1882.9.1,1882,NET,infantry,1
1882.9.1,1882,BEL,artillery,18
1882.9.1,1882,BEL,dragoon,4
1882.9.1,1882,BEL,guard,5
1882.9.1,1882,BEL,infantry,11
1882.9.1,1882,SPA,artillery,68
1882.9.1,1882,SPA,hussar,2
1882.9.1,1882,SPA,infantry,47
1882.9.1,1882,KUK,artillery,63
1882.9.1,1882,KUK,dragoon,9
1882.9.1,1882,KUK,infantry,69
1882.9.1,1882,CHL,artillery,50
1882.9.1,1882,CHL,dragoon,7
1882.9.1,1882,CHL,hussar,2
1882.9.1,1882,CHL,infantry,19
1882.9.1,1882,AST,artillery,33
1882.9.1,1882,AST,hussar,4
1882.9.1,1882,AST,infantry,39
1882.9.1,1882,WAL,artillery,18
1882.9.1,1882,WAL,hussar,2
1882.9.1,1882,WAL,infantry,1
1882.9.1,1882,SAR,artillery,40
1882.9.1,1882,SAR,guard,8
1882.9.1,1882,SAR,hussar,2
1882.9.1,1882,SAR,infantry,30
1882.9.1,1882,SIC,artillery,66
1882.9.1,1882,SIC,dragoon,14
1882.9.1,1882,SIC,infantry,47
1882.9.1,1882,TUR,artillery,23
1882.9.1,1882,TUR,hussar,7
1882.9.1,1882,TUR,infantry,23
1882.9.1,1882,MCK,cavalry,8
1882.9.1,1882,MCK,infantry,9
1882.9.1,1882,MCK,irregular,28
1882.9.1,1882,PER,artillery,28
1882.9.1,1882,PER,dragoon,1
1882.9.1,1882,PER,hussar,4
1882.9.1,1882,PER,infantry,21
1882.9.1,1882,JAS,dragoon,1
1882.9.1,1882,JAS,infantry,2
1882.9.1,1882,BIK,artillery,2
1882.9.1,1882,BIK,dragoon,1
1882.9.1,1882,BIK,infantry,5
1882.9.1,1882,MEW,dragoon,1
1882.9.1,1882,MEW,infantry,9
1882.9.1,1882,GWA,cavalry,1
1882.9.1,1882,GWA,infantry,1
1882.9.1,1882,GWA,irregular,4
1882.9.1,1882,BUN,artillery,3
1882.9.1,1882,BUN,dragoon,1
1882.9.1,1882,BUN,infantry,5
1882.9.1,1882,NEP,cavalry,1
1882.9.1,1882,NEP,irregular,5
1882.9.1,1882,SIK,irregular,1
1882.9.1,1882,BHU,irregular,1
1882.9.1,1882,MGL,cavalry,2
1882.9.1,1882,MGL,infantry,4
1882.9.1,1882,MGL,irregular,6
1882.9.1,1882,CHI,cavalry,68
1882.9.1,1882,CHI,infantry,74
1882.9.1,1882,CHI,irregular,267
1882.9.1,1882,GXI,cavalry,49
1882.9.1,1882,GXI,infantry,76
1882.9.1,1882,GXI,irregular,170
1882.9.1,1882,XBI,cavalry,4
1882.9.1,1882,XBI,infantry,2
1882.9.1,1882,XBI,irregular,30
1882.9.1,1882,YNN,cavalry,33
1882.9.1,1882,YNN,infantry,17
1882.9.1,1882,YNN,irregular,148
1882.9.1,1882,TIB,cavalry,3
1882.9.1,1882,TIB,infantry,5
1882.9.1,1882,TIB,irregular,6
1882.9.1,1882,XIN,cavalry,1
1882.9.1,1882,XIN,irregular,6
1882.9.1,1882,ALD,cuirassier,1
1882.9.1,1882,ALD,infantry,3
1882.9.1,1882,MEX,artillery,62
1882.9.1,1882,MEX,cavalry,1
1882.9.1,1882,MEX,infantry,29
1882.9.1,1882,BRZ,artillery,49
1882.9.1,1882,BRZ,dragoon,5
1882.9.1,1882,BRZ,infantry,7
1882.10.1,1882,USA,artillery,105
1882.10.1,1882,USA,dragoon,1
1882.10.1,1882,USA,hussar,16
1882.10.1,1882,USA,infantry,115
1882.10.1,1882,ENG,artillery,254
1882.10.1,1882,ENG,cuirassier,2
1882.10.1,1882,ENG,hussar,19
1882.10.1,1882,ENG,infantry,148
1882.10.1,1882,FRA,artillery,139
1882.10.1,1882,FRA,dragoon,1
1882.10.1,1882,FRA,hussar,16
1882.10.1,1882,FRA,infantry,174
1882.10.1,1882,SCA,artillery,34
1882.10.1,1882,SCA,hussar,7
1882.10.1,1882,SCA,infantry,39
1882.10.1,1882,RUS,artillery,85
1882.10.1,1882,RUS,dragoon,7
1882.10.1,1882,RUS,hussar,1
1882.10.1,1882,RUS,infantry,177
1882.10.1,1882,GER,artillery,149
1882.10.1,1882,GER,hussar,22
1882.10.1,1882,GER,infantry,165
1882.10.1,1882,NET,hussar,1
1882.10.1,1882,NET,infantry,1
1882.10.1,1882,BEL,artillery,14
1882.10.1,1882,BEL,dragoon,4
1882.10.1,1882,BEL,guard,5
1882.10.1,1882,BEL,infantry,11
1882.10.1,1882,SPA,artillery,68
1882.10.1,1882,SPA,hussar,2
1882.10.1,1882,SPA,infantry,47
1882.10.1,1882,KUK,artillery,62
1882.10.1,1882,KUK,dragoon,9
1882.10.1,1882,KUK,infantry,69
1882.10.1,1882,CHL,artillery,50
1882.10.1,1882,CHL,dragoon,7
1882.10.1,1882,CHL,hussar,2
1882.10.1,1882,CHL,infantry,19
1882.10.1,1882,AST,artillery,33
1882.10.1,1882,AST,hussar,4
1882.10.1,1882,AST,infantry,39
1882.10.1,1882,WAL,artillery,18
1882.10.1,1882,WAL,hussar,2
1882.10.1,1882,WAL,infantry,1
1882.10.1,1882,SAR,artillery,40
1882.10.1,1882,SAR,guard,8
1882.10.1,1882,SAR,hussar,2
1882.10.1,1882,SAR,infantry,30
1882.10.1,1882,SIC,artillery,66
1882.10.1,1882,SIC,dragoon,14
1882.10.1,1882,SIC,infantry,47
1882.10.1,1882,TUR,artillery,22
1882.10.1,1882,TUR,hussar,7
1882.10.1,1882,TUR,infantry,23
1882.10.1,1882,MCK,cavalry,8
1882.10.1,1882,MCK,infantry,9
1882.10.1,1882,MCK,irregular,28
1882.10.1,1882,PER,artillery,29
1882.10.1,1882,PER,dragoon,1
1882.10.1,1882,PER,hussar,5
1882.10.1,1882,PER,infantry,23
1882.10.1,1882,JAS,dragoon,1
1882.10.1,1882,JAS,infantry,2
1882.10.1,1882,BIK,artillery,2
1882.10.1,1882,BIK,dragoon,1
1882.10.1,1882,BIK,infantry,5
1882.10.1,1882,MEW,dragoon,1
1882.10.1,1882,MEW,infantry,9
1882.10.1,1882,GWA,cavalry,1
1882.10.1,1882,GWA,infantry,1
1882.10.1,1882,GWA,irregular,4
1882.10.1,1882,BUN,artillery,3
1882.10.1,1882,BUN,dragoon,1
1882.10.1,1882,BUN,infantry,5
1882.10.1,1882,NEP,cavalry,1
1882.10.1,1882,NEP,irregular,5
1882.10.1,1882,SIK,irregular,1
1882.10.1,1882,BHU,irregular,1
1882.10.1,1882,MGL,cavalry,2
1882.10.1,1882,MGL,infantry,4
1882.10.1,1882,MGL,irregular,6
1882.10.1,1882,CHI,cavalry,68
1882.10.1,1882,CHI,infantry,74
1882.10.1,1882,CHI,irregular,268
1882.10.1,1882,GXI,cavalry,49
1882.10.1,1882,GXI,infantry,76
1882.10.1,1882,GXI,irregular,171
1882.10.1,1882,XBI,cavalry,4
1882.10.1,1882,XBI,infantry,2
1882.10.1,1882,XBI,irregular,30
1882.10.1,1882,YNN,cavalry,33
1882.10.1,1882,YNN,infantry,17
1882.10.1,1882,YNN,irregular,148
1882.10.1,1882,TIB,cavalry,3
1882.10.1,1882,TIB,infantry,5
1882.10.1,1882,TIB,irregular,6
1882.10.1,1882,XIN,cavalry,1
1882.10.1,1882,XIN,irregular,6
1882.10.1,1882,ALD,cuirassier,1
1882.10.1,1882,ALD,infantry,3
1882.10.1,1882,MEX,artillery,62
1882.10.1,1882,MEX,cavalry,1
1882.10.1,1882,MEX,infantry,29
1882.10.1,1882,BRZ,artillery,49
1882.10.1,1882,BRZ,dragoon,5
1882.10.1,1882,BRZ,infantry,10
1882.11.1,1882,USA,artillery,104
1882.11.1,1882,USA,dragoon,1
1882.11.1,1882,USA,hussar,15
1882.11.1,1882,USA,infantry,115
1882.11.1,1882,ENG,artillery,254
1882.11.1,1882,ENG,cuirassier,2
1882.11.1,1882,ENG,hussar,19
1882.11.1,1882,ENG,infantry,148
1882.11.1,1882,FRA,artillery,137
1882.11.1,1882,FRA,dragoon,1
1882.11.1,1882,FRA,hussar,16
1882.11.1,1882,FRA,infantry,174
1882.11.1,1882,SCA,artillery,33
1882.11.1,1882,SCA,hussar,6
1882.11.1,1882,SCA,infantry,39
1882.11.1,1882,RUS,artillery,85
1882.11.1,1882,RUS,dragoon,7
1882.11.1,1882,RUS,hussar,1
1882.11.1,1882,RUS,infantry,177
1882.11.1,1882,GER,artillery,149
1882.11.1,1882,GER,hussar,21
1882.11.1,1882,GER,infantry,165
1882.11.1,1882,NET,artillery,3
1882.11.1,1882,NET,hussar,1
1882.11.1,1882,NET,infantry,1
1882.11.1,1882,BEL,artillery,11
1882.11.1,1882,BEL,dragoon,4
1882.11.1,1882,BEL,guard,4
1882.11.1,1882,BEL,infantry,11
1882.11.1,1882,SPA,artillery,67
1882.11.1,1882,SPA,hussar,2
1882.11.1,1882,SPA,infantry,47
1882.11.1,1882,KUK,artillery,62
1882.11.1,1882,KUK,dragoon,9
1882.11.1,1882,KUK,infantry,69
1882.11.1,1882,CHL,artillery,50
1882.11.1,1882,CHL,dragoon,7
1882.11.1,1882,CHL,hussar,2
1882.11.1,1882,CHL,infantry,20
1882.11.1,1882,AST,artillery,33
1882.11.1,1882,AST,hussar,4
1882.11.1,1882,AST,infantry,39
1882.11.1,1882,WAL,artillery,18
1882.11.1,1882,WAL,hussar,2
1882.11.1,1882,WAL,infantry,1
1882.11.1,1882,SAR,artillery,40
1882.11.1,1882,SAR,guard,8
1882.11.1,1882,SAR,hussar,2
1882.11.1,1882,SAR,infantry,30
1882.11.1,1882,SIC,artillery,66
1882.11.1,1882,SIC,dragoon,14
1882.11.1,1882,SIC,infantry,47
1882.11.1,1882,TUR,artillery,21
1882.11.1,1882,TUR,hussar,6
1882.11.1,1882,TUR,infantry,23
1882.11.1,1882,MCK,cavalry,8
1882.11.1,1882,MCK,infantry,9
1882.11.1,1882,MCK,irregular,28
1882.11.1,1882,PER,artillery,30
1882.11.1,1882,PER,dragoon,1
1882.11.1,1882,PER,hussar,5
1882.11.1,1882,PER,infantry,23
1882.11.1,1882,JAS,dragoon,1
1882.11.1,1882,JAS,infantry,2
1882.11.1,1882,BIK,artillery,2
1882.11.1,1882,BIK,dragoon,1
1882.11.1,1882,BIK,infantry,5
1882.11.1,1882,MEW,dragoon,1
1882.11.1,1882,MEW,infantry,9
1882.11.1,1882,GWA,cavalry,1
1882.11.1,1882,GWA,infantry,1
1882.11.1,1882,GWA,irregular,4
1882.11.1,1882,BUN,artillery,3
1882.11.1,1882,BUN,dragoon,1
1882.11.1,1882,BUN,infantry,5
1882.11.1,1882,NEP,cavalry,1
1882.11.1,1882,NEP,irregular,5
1882.11.1,1882,SIK,irregular,1
1882.11.1,1882,BHU,irregular,1
1882.11.1,1882,MGL,cavalry,2
1882.11.1,1882,MGL,infantry,4
1882.11.1,1882,MGL,irregular,6
1882.11.1,1882,CHI,cavalry,68
1882.11.1,1882,CHI,infantry,75
1882.11.1,1882,CHI,irregular,270
1882.11.1,1882,GXI,cavalry,49
1882.11.1,1882,GXI,infantry,76
1882.11.1,1882,GXI,irregular,171
1882.11.1,1882,XBI,cavalry,4
1882.11.1,1882,XBI,infantry,2
1882.11.1,1882,XBI,irregular,30
1882.11.1,1882,YNN,cavalry,33
1882.11.1,1882,YNN,infantry,17
1882.11.1,1882,YNN,irregular,148
1882.11.1,1882,TIB,cavalry,3
1882.11.1,1882,TIB,infantry,5
1882.11.1,1882,TIB,irregular,6
1882.11.1,1882,XIN,cavalry,1
1882.11.1,1882,XIN,irregular,6
1882.11.1,1882,ALD,cuirassier,1
1882.11.1,1882,ALD,infantry,3
1882.11.1,1882,MEX,artillery,62
1882.11.1,1882,MEX,cavalry,1
1882.11.1,1882,MEX,infantry,29
1882.11.1,1882,BRZ,artillery,49
1882.11.1,1882,BRZ,dragoon,5
1882.11.1,1882,BRZ,infantry,12
1882.12.1,1882,USA,artillery,84
1882.12.1,1882,USA,dragoon,1
1882.12.1,1882,USA,hussar,12
1882.12.1,1882,USA,infantry,115
1882.12.1,1882,ENG,artillery,255
1882.12.1,1882,ENG,cuirassier,2
1882.12.1,1882,ENG,hussar,19
1882.12.1,1882,ENG,infantry,148
1882.12.1,1882,FRA,artillery,136
1882.12.1,1882,FRA,dragoon,1
1882.12.1,1882,FRA,hussar,16
1882.12.1,1882,FRA,infantry,174
1882.12.1,1882,SCA,artillery,33
1882.12.1,1882,SCA,hussar,6
1882.12.1,1882,SCA,infantry,39
1882.12.1,1882,RUS,artillery,83
1882.12.1,1882,RUS,dragoon,7
1882.12.1,1882,RUS,hussar,1
1882.12.1,1882,RUS,infantry,177
1882.12.1,1882,GER,artillery,133
1882.12.1,1882,GER,hussar,20
1882.12.1,1882,GER,infantry,156
1882.12.1,1882,NET,artillery,3
1882.12.1,1882,NET,hussar,1
1882.12.1,1882,NET,infantry,1
1882.12.1,1882,BEL,artillery,11
1882.12.1,1882,BEL,dragoon,3
1882.12.1,1882,BEL,guard,4
1882.12.1,1882,BEL,infantry,11
1882.12.1,1882,SPA,artillery,66
1882.12.1,1882,SPA,hussar,2
1882.12.1,1882,SPA,infantry,47
1882.12.1,1882,KUK,artillery,62
1882.12.1,1882,KUK,dragoon,9
1882.12.1,1882,KUK,infantry,69
1882.12.1,1882,CHL,artillery,50
1882.12.1,1882,CHL,dragoon,7
1882.12.1,1882,CHL,hussar,2
1882.12.1,1882,CHL,infantry,20
1882.12.1,1882,AST,artillery,33
1882.12.1,1882,AST,hussar,4
1882.12.1,1882,AST,infantry,39
1882.12.1,1882,WAL,artillery,18
1882.12.1,1882,WAL,hussar,2
1882.12.1,1882,WAL,infantry,1
1882.12.1,1882,SAR,artillery,39
1882.12.1,1882,SAR,guard,8
1882.12.1,1882,SAR,hussar,2
1882.12.1,1882,SAR,infantry,30
1882.12.1,1882,SIC,artillery,66
1882.12.1,1882,SIC,dragoon,14
1882.12.1,1882,SIC,infantry,47
1882.12.1,1882,LUC,infantry,1
1882.12.1,1882,LUC,irregular,6
1882.12.1,1882,TUR,artillery,21
1882.12.1,1882,TUR,hussar,6
1882.12.1,1882,TUR,infantry,23
1882.12.1,1882,MCK,cavalry,8
1882.12.1,1882,MCK,infantry,9
1882.12.1,1882,MCK,irregular,28
1882.12.1,1882,PER,artillery,30
1882.12.1,1882,PER,dragoon,1
1882.12.1,1882,PER,hussar,5
1882.12.1,1882,PER,infantry,23
1882.12.1,1882,JAS,dragoon,1
1882.12.1,1882,JAS,infantry,2
1882.12.1,1882,BIK,artillery,2
1882.12.1,1882,BIK,dragoon,1
1882.12.1,1882,BIK,infantry,5
1882.12.1,1882,MEW,dragoon,1
1882.12.1,1882,MEW,infantry,9
1882.12.1,1882,GWA,cavalry,1
1882.12.1,1882,GWA,infantry,1
1882.12.1,1882,GWA,irregular,4
1882.12.1,1882,BUN,artillery,3
1882.12.1,1882,BUN,dragoon,1
1882.12.1,1882,BUN,infantry,5
1882.12.1,1882,NEP,cavalry,1
1882.12.1,1882,NEP,irregular,5
1882.12.1,1882,SIK,irregular,1
1882.12.1,1882,BHU,irregular,1
1882.12.1,1882,MGL,cavalry,2
1882.12.1,1882,MGL,infantry,4
1882.12.1,1882,MGL,irregular,6
1882.12.1,1882,CHI,cavalry,68
1882.12.1,1882,CHI,infantry,77
1882.12.1,1882,CHI,irregular,271
1882.12.1,1882,GXI,cavalry,50
1882.12.1,1882,GXI,infantry,76
1882.12.1,1882,GXI,irregular,171
1882.12.1,1882,XBI,cavalry,4
1882.12.1,1882,XBI,infantry,2
1882.12.1,1882,XBI,irregular,30
1882.12.1,1882,YNN,cavalry,33
1882.12.1,1882,YNN,infantry,17
1882.12.1,1882,YNN,irregular,148
1882.12.1,1882,TIB,cavalry,3
1882.12.1,1882,TIB,infantry,5
1882.12.1,1882,TIB,irregular,6
1882.12.1,1882,XIN,cavalry,1
1882.12.1,1882,XIN,irregular,6
1882.12.1,1882,ALD,cuirassier,1
1882.12.1,1882,ALD,infantry,3
1882.12.1,1882,MEX,artillery,62
1882.12.1,1882,MEX,cavalry,1
1882.12.1,1882,MEX,infantry,29
1882.12.1,1882,BRZ,artillery,49
1882.12.1,1882,BRZ,dragoon,5
1882.12.1,1882,BRZ,infantry,13
1883.1.1,1883,USA,artillery,84
1883.1.1,1883,USA,dragoon,1
1883.1.1,1883,USA,hussar,12
1883.1.1,1883,ENG,artillery,255
1883.1.1,1883,ENG,cuirassier,2
1883.1.1,1883,ENG,hussar,19
1883.1.1,1883,ENG,infantry,62
1883.1.1,1883,FRA,artillery,133
1883.1.1,1883,FRA,dragoon,1
1883.1.1,1883,FRA,hussar,19
1883.1.1,1883,FRA,infantry,174
1883.1.1,1883,SCA,artillery,32
1883.1.1,1883,SCA,hussar,6
1883.1.1,1883,SCA,infantry,5
1883.1.1,1883,RUS,artillery,83
1883.1.1,1883,RUS,dragoon,7
1883.1.1,1883,RUS,hussar,1
1883.1.1,1883,RUS,infantry,15
1883.1.1,1883,GER,artillery,132
1883.1.1,1883,GER,hussar,20
1883.1.1,1883,GER,infantry,12
1883.1.1,1883,NET,artillery,3
1883.1.1,1883,NET,hussar,1
1883.1.1,1883,NET,infantry,1
1883.1.1,1883,BEL,artillery,5
1883.1.1,1883,BEL,dragoon,2
1883.1.1,1883,BEL,guard,2
1883.1.1,1883,BEL,infantry,7
1883.1.1,1883,SPA,artillery,65
1883.1.1,1883,SPA,hussar,2
1883.1.1,1883,SPA,infantry,1
1883.1.1,1883,KUK,artillery,58
1883.1.1,1883,KUK,dragoon,7
1883.1.1,1883,KUK,infantry,2
1883.1.1,1883,CHL,artillery,50
1883.1.1,1883,CHL,dragoon,7
1883.1.1,1883,CHL,hussar,2
1883.1.1,1883,CHL,infantry,20
1883.1.1,1883,AST,artillery,33
1883.1.1,1883,AST,hussar,4
1883.1.1,1883,AST,infantry,39
1883.1.1,1883,WAL,artillery,18
1883.1.1,1883,WAL,hussar,2
1883.1.1,1883,WAL,infantry,1
1883.1.1,1883,SAR,artillery,39
1883.1.1,1883,SAR,guard,8
1883.1.1,1883,SAR,hussar,2
1883.1.1,1883,SAR,infantry,30
1883.1.1,1883,SIC,artillery,66
1883.1.1,1883,SIC,dragoon,14
1883.1.1,1883,TUR,artillery,21
1883.1.1,1883,TUR,hussar,6
1883.1.1,1883,TUR,infantry,23
1883.1.1,1883,MCK,cavalry,8
1883.1.1,1883,MCK,infantry,9
1883.1.1,1883,MCK,irregular,28
1883.1.1,1883,PER,artillery,30
1883.1.1,1883,PER,dragoon,1
1883.1.1,1883,PER,hussar,5
1883.1.1,1883,PER,infantry,23
1883.1.1,1883,JAS,dragoon,1
1883.1.1,1883,JAS,infantry,1
1883.1.1,1883,BIK,artillery,2
1883.1.1,1883,BIK,dragoon,1
1883.1.1,1883,BIK,infantry,2
1883.1.1,1883,MEW,dragoon,1
1883.1.1,1883,MEW,infantry,5
1883.1.1,1883,GWA,irregular,1
1883.1.1,1883,BUN,artillery,3
1883.1.1,1883,BUN,dragoon,1
1883.1.1,1883,BUN,infantry,3
1883.1.1,1883,NEP,cavalry,1
1883.1.1,1883,NEP,irregular,5
1883.1.1,1883,SIK,irregular,1
1883.1.1,1883,BHU,irregular,1
1883.1.1,1883,MGL,cavalry,2
1883.1.1,1883,MGL,infantry,4
1883.1.1,1883,MGL,irregular,6
1883.1.1,1883,CHI,cavalry,68
1883.1.1,1883,CHI,infantry,78
1883.1.1,1883,CHI,irregular,271
1883.1.1,1883,GXI,cavalry,50
1883.1.1,1883,GXI,infantry,77
1883.1.1,1883,GXI,irregular,171
1883.1.1,1883,XBI,cavalry,4
1883.1.1,1883,XBI,infantry,2
1883.1.1,1883,XBI,irregular,30
1883.1.1,1883,YNN,cavalry,33
1883.1.1,1883,YNN,infantry,17
1883.1.1,1883,YNN,irregular,148
1883.1.1,1883,TIB,cavalry,3
1883.1.1,1883,TIB,infantry,5
1883.1.1,1883,TIB,irregular,6
1883.1.1,1883,XIN,cavalry,1
1883.1.1,1883,XIN,irregular,6
1883.1.1,1883,ALD,cuirassier,1
1883.1.1,1883,ALD,infantry,3
1883.1.1,1883,MEX,artillery,57
1883.1.1,1883,MEX,cavalry,1
1883.1.1,1883,MEX,infantry,1
1883.1.1,1883,BRZ,artillery,49
1883.1.1,1883,BRZ,dragoon,5
1883.1.1,1883,BRZ,infantry,13
1883.2.1,1883,USA,artillery,47
1883.2.1,1883,USA,hussar,8
1883.2.1,1883,ENG,artillery,256
1883.2.1,1883,ENG,cuirassier,2
1883.2.1,1883,ENG,hussar,19
1883.2.1,1883,ENG,infantry,62
1883.2.1,1883,FRA,artillery,130
1883.2.1,1883,FRA,dragoon,1
1883.2.1,1883,FRA,hussar,19
1883.2.1,1883,FRA,infantry,4
1883.2.1,1883,SCA,artillery,32
1883.2.1,1883,SCA,hussar,6
1883.2.1,1883,SCA,infantry,5
1883.2.1,1883,RUS,artillery,83
1883.2.1,1883,RUS,dragoon,6
1883.2.1,1883,RUS,hussar,1
1883.2.1,1883,RUS,infantry,15
1883.2.1,1883,GER,artillery,132
1883.2.1,1883,GER,hussar,20
1883.2.1,1883,GER,infantry,12
1883.2.1,1883,NET,artillery,3
1883.2.1,1883,NET,hussar,1
1883.2.1,1883,NET,infantry,1
1883.2.1,1883,BEL,artillery,4
1883.2.1,1883,BEL,dragoon,2
1883.2.1,1883,BEL,guard,2
1883.2.1,1883,BEL,infantry,7
1883.2.1,1883,SPA,artillery,65
1883.2.1,1883,SPA,hussar,2
1883.2.1,1883,KUK,artillery,58
1883.2.1,1883,KUK,dragoon,7
1883.2.1,1883,KUK,infantry,2
1883.2.1,1883,CHL,artillery,50
1883.2.1,1883,CHL,dragoon,7
1883.2.1,1883,CHL,hussar,2
1883.2.1,1883,CHL,infantry,20
1883.2.1,1883,AST,artillery,33
1883.2.1,1883,AST,hussar,4
1883.2.1,1883,AST,infantry,39
1883.2.1,1883,WAL,artillery,18
1883.2.1,1883,WAL,hussar,2
1883.2.1,1883,WAL,infantry,1
1883.2.1,1883,SAR,artillery,39
1883.2.1,1883,SAR,guard,8
1883.2.1,1883,SAR,hussar,2
1883.2.1,1883,SAR,infantry,30
1883.2.1,1883,SIC,artillery,66
1883.2.1,1883,SIC,dragoon,14
1883.2.1,1883,TUR,artillery,21
1883.2.1,1883,TUR,hussar,6
1883.2.1,1883,TUR,infantry,23
1883.2.1,1883,MCK,cavalry,8
1883.2.1,1883,MCK,infantry,9
1883.2.1,1883,MCK,irregular,28
1883.2.1,1883,PER,artillery,30
1883.2.1,1883,PER,dragoon,1
1883.2.1,1883,PER,hussar,5
1883.2.1,1883,PER,infantry,15
1883.2.1,1883,JAS,dragoon,1
1883.2.1,1883,JAS,infantry,1
1883.2.1,1883,BIK,artillery,2
1883.2.1,1883,BIK,dragoon,1
1883.2.1,1883,BIK,infantry,2
1883.2.1,1883,MEW,dragoon,1
1883.2.1,1883,MEW,infantry,5
1883.2.1,1883,GWA,irregular,1
1883.2.1,1883,BUN,artillery,3
1883.2.1,1883,BUN,dragoon,1
1883.2.1,1883,BUN,infantry,3
1883.2.1,1883,NEP,cavalry,1
1883.2.1,1883,NEP,irregular,5
1883.2.1,1883,SIK,irregular,1
1883.2.1,1883,BHU,irregular,1
1883.2.1,1883,MGL,cavalry,2
1883.2.1,1883,MGL,infantry,4
1883.2.1,1883,MGL,irregular,6
1883.2.1,1883,CHI,cavalry,69
1883.2.1,1883,CHI,infantry,79
1883.2.1,1883,CHI,irregular,273
1883.2.1,1883,GXI,cavalry,50
1883.2.1,1883,GXI,infantry,78
1883.2.1,1883,GXI,irregular,171
1883.2.1,1883,XBI,cavalry,4
1883.2.1,1883,XBI,infantry,2
1883.2.1,1883,XBI,irregular,30
1883.2.1,1883,YNN,cavalry,33
1883.2.1,1883,YNN,infantry,17
1883.2.1,1883,YNN,irregular,148
1883.2.1,1883,TIB,cavalry,3
1883.2.1,1883,TIB,infantry,5
1883.2.1,1883,TIB,irregular,6
1883.2.1,1883,XIN,cavalry,1
1883.2.1,1883,XIN,irregular,6
1883.2.1,1883,ALD,cuirassier,1
1883.2.1,1883,ALD,infantry,3
1883.2.1,1883,MEX,artillery,57
1883.2.1,1883,MEX,cavalry,1
1883.2.1,1883,MEX,infantry,1
1883.2.1,1883,BRZ,artillery,49
1883.2.1,1883,BRZ,dragoon,5
1883.2.1,1883,BRZ,infantry,13
1883.3.1,1883,USA,artillery,47
1883.3.1,1883,USA,hussar,8
1883.3.1,1883,ENG,artillery,259
1883.3.1,1883,ENG,cuirassier,2
1883.3.1,1883,ENG,hussar,19
1883.3.1,1883,ENG,infantry,62
1883.3.1,1883,FRA,artillery,130
1883.3.1,1883,FRA,dragoon,1
1883.3.1,1883,FRA,hussar,19
1883.3.1,1883,FRA,infantry,4
1883.3.1,1883,SCA,artillery,32
1883.3.1,1883,SCA,hussar,6
1883.3.1,1883,SCA,infantry,5
1883.3.1,1883,RUS,artillery,83
1883.3.1,1883,RUS,dragoon,6
1883.3.1,1883,RUS,hussar,1
1883.3.1,1883,RUS,infantry,37
1883.3.1,1883,GER,artillery,132
1883.3.1,1883,GER,hussar,20
1883.3.1,1883,GER,infantry,12
1883.3.1,1883,NET,artillery,5
1883.3.1,1883,NET,hussar,1
1883.3.1,1883,NET,infantry,1
1883.3.1,1883,BEL,artillery,4
1883.3.1,1883,BEL,dragoon,2
1883.3.1,1883,BEL,guard,2
1883.3.1,1883,BEL,infantry,7
1883.3.1,1883,SPA,artillery,65
1883.3.1,1883,SPA,hussar,2
1883.3.1,1883,KUK,artillery,58
1883.3.1,1883,KUK,dragoon,7
1883.3.1,1883,KUK,infantry,2
1883.3.1,1883,CHL,artillery,50
1883.3.1,1883,CHL,dragoon,7
1883.3.1,1883,CHL,hussar,2
1883.3.1,1883,CHL,infantry,20
1883.3.1,1883,AST,artillery,33
1883.3.1,1883,AST,hussar,4
1883.3.1,1883,AST,infantry,39
1883.3.1,1883,WAL,artillery,18
1883.3.1,1883,WAL,hussar,2
1883.3.1,1883,WAL,infantry,1
1883.3.1,1883,SAR,artillery,39
1883.3.1,1883,SAR,guard,8
1883.3.1,1883,SAR,hussar,2
1883.3.1,1883,SIC,artillery,66
1883.3.1,1883,SIC,dragoon,14
1883.3.1,1883,TUR,artillery,21
1883.3.1,1883,TUR,hussar,6
1883.3.1,1883,TUR,infantry,23
1883.3.1,1883,MCK,cavalry,8
1883.3.1,1883,MCK,infantry,9
1883.3.1,1883,MCK,irregular,28
1883.3.1,1883,PER,artillery,30
1883.3.1,1883,PER,dragoon,1
1883.3.1,1883,PER,hussar,5
1883.3.1,1883,PER,infantry,15
1883.3.1,1883,JAS,dragoon,1
1883.3.1,1883,JAS,infantry,1
1883.3.1,1883,BIK,artillery,2
1883.3.1,1883,BIK,dragoon,1
1883.3.1,1883,BIK,infantry,2
1883.3.1,1883,MEW,dragoon,1
1883.3.1,1883,MEW,infantry,5
1883.3.1,1883,GWA,irregular,1
1883.3.1,1883,BUN,artillery,3
1883.3.1,1883,BUN,dragoon,1
1883.3.1,1883,BUN,infantry,3
1883.3.1,1883,NEP,cavalry,1
1883.3.1,1883,NEP,irregular,5
1883.3.1,1883,SIK,irregular,1
1883.3.1,1883,BHU,irregular,1
1883.3.1,1883,MGL,cavalry,2
1883.3.1,1883,MGL,infantry,4
1883.3.1,1883,MGL,irregular,6
1883.3.1,1883,CHI,cavalry,69
1883.3.1,1883,CHI,infantry,79
1883.3.1,1883,CHI,irregular,274
1883.3.1,1883,GXI,cavalry,50
1883.3.1,1883,GXI,infantry,78
1883.3.1,1883,GXI,irregular,171
1883.3.1,1883,XBI,cavalry,4
1883.3.1,1883,XBI,infantry,2
1883.3.1,1883,XBI,irregular,30
1883.3.1,1883,YNN,cavalry,33
1883.3.1,1883,YNN,infantry,17
1883.3.1,1883,YNN,irregular,149
1883.3.1,1883,TIB,cavalry,3
1883.3.1,1883,TIB,infantry,5
1883.3.1,1883,TIB,irregular,6
1883.3.1,1883,XIN,cavalry,1
1883.3.1,1883,XIN,irregular,6
1883.3.1,1883,ALD,cuirassier,1
1883.3.1,1883,ALD,infantry,3
1883.3.1,1883,MEX,artillery,57
1883.3.1,1883,MEX,cavalry,1
1883.3.1,1883,MEX,infantry,1
1883.3.1,1883,BRZ,artillery,49
1883.3.1,1883,BRZ,dragoon,5
1883.3.1,1883,BRZ,infantry,13
1883.4.1,1883,USA,artillery,47
1883.4.1,1883,USA,hussar,8
1883.4.1,1883,ENG,artillery,261
1883.4.1,1883,ENG,cuirassier,2
1883.4.1,1883,ENG,hussar,19
1883.4.1,1883,ENG,infantry,62
1883.4.1,1883,FRA,artillery,130
1883.4.1,1883,FRA,dragoon,1
1883.4.1,1883,FRA,hussar,19
1883.4.1,1883,FRA,infantry,4
1883.4.1,1883,SCA,artillery,32
1883.4.1,1883,SCA,hussar,6
1883.4.1,1883,SCA,infantry,10
1883.4.1,1883,RUS,artillery,83
1883.4.1,1883,RUS,dragoon,6
1883.4.1,1883,RUS,hussar,1
1883.4.1,1883,RUS,infantry,45
1883.4.1,1883,GER,artillery,132
1883.4.1,1883,GER,hussar,20
1883.4.1,1883,GER,infantry,12
1883.4.1,1883,NET,artillery,5
1883.4.1,1883,NET,hussar,1
1883.4.1,1883,NET,infantry,1
1883.4.1,1883,BEL,artillery,4
1883.4.1,1883,BEL,dragoon,2
1883.4.1,1883,BEL,guard,2
1883.4.1,1883,BEL,infantry,7
1883.4.1,1883,SPA,artillery,65
1883.4.1,1883,SPA,hussar,2
1883.4.1,1883,KUK,artillery,58
1883.4.1,1883,KUK,dragoon,7
1883.4.1,1883,KUK,infantry,2
1883.4.1,1883,CHL,artillery,50
1883.4.1,1883,CHL,dragoon,7
1883.4.1,1883,CHL,hussar,2
1883.4.1,1883,CHL,infantry,20
1883.4.1,1883,AST,artillery,33
1883.4.1,1883,AST,hussar,4
1883.4.1,1883,AST,infantry,39
1883.4.1,1883,WAL,artillery,18
1883.4.1,1883,WAL,hussar,2
1883.4.1,1883,WAL,infantry,1
1883.4.1,1883,SAR,artillery,39
1883.4.1,1883,SAR,guard,9
1883.4.1,1883,SAR,hussar,2
1883.4.1,1883,SIC,artillery,66
1883.4.1,1883,SIC,dragoon,14
1883.4.1,1883,TUR,artillery,21
1883.4.1,1883,TUR,hussar,6
1883.4.1,1883,TUR,infantry,23
1883.4.1,1883,MCK,cavalry,8
1883.4.1,1883,MCK,infantry,9
1883.4.1,1883,MCK,irregular,28
1883.4.1,1883,PER,artillery,30
1883.4.1,1883,PER,dragoon,1
1883.4.1,1883,PER,hussar,5
1883.4.1,1883,PER,infantry,16
1883.4.1,1883,JAS,dragoon,1
1883.4.1,1883,JAS,infantry,1
1883.4.1,1883,BIK,artillery,2
1883.4.1,1883,BIK,dragoon,1
1883.4.1,1883,BIK,infantry,2
1883.4.1,1883,MEW,dragoon,1
1883.4.1,1883,MEW,infantry,5
1883.4.1,1883,GWA,irregular,1
1883.4.1,1883,BUN,artillery,3
1883.4.1,1883,BUN,dragoon,1
1883.4.1,1883,BUN,infantry,3
1883.4.1,1883,NEP,cavalry,1
1883.4.1,1883,NEP,irregular,5
1883.4.1,1883,SIK,irregular,1
1883.4.1,1883,BHU,irregular,1
1883.4.1,1883,MGL,cavalry,2
1883.4.1,1883,MGL,infantry,4
1883.4.1,1883,MGL,irregular,6
1883.4.1,1883,CHI,cavalry,69
1883.4.1,1883,CHI,infantry,79
1883.4.1,1883,CHI,irregular,274
1883.4.1,1883,GXI,cavalry,50
1883.4.1,1883,GXI,infantry,78
1883.4.1,1883,GXI,irregular,171
1883.4.1,1883,XBI,cavalry,4
1883.4.1,1883,XBI,infantry,2
1883.4.1,1883,XBI,irregular,30
1883.4.1,1883,YNN,cavalry,33
1883.4.1,1883,YNN,infantry,17
1883.4.1,1883,YNN,irregular,149
1883.4.1,1883,TIB,cavalry,3
1883.4.1,1883,TIB,infantry,5
1883.4.1,1883,TIB,irregular,6
1883.4.1,1883,XIN,cavalry,1
1883.4.1,1883,XIN,irregular,6
1883.4.1,1883,ALD,cuirassier,1
1883.4.1,1883,ALD,infantry,3
1883.4.1,1883,MEX,artillery,57
1883.4.1,1883,MEX,cavalry,1
1883.4.1,1883,MEX,infantry,1
1883.4.1,1883,BRZ,artillery,49
1883.4.1,1883,BRZ,dragoon,5
1883.4.1,1883,BRZ,infantry,13
1883.5.1,1883,USA,artillery,49
1883.5.1,1883,USA,hussar,8
1883.5.1,1883,ENG,artillery,264
1883.5.1,1883,ENG,cuirassier,2
1883.5.1,1883,ENG,hussar,19
1883.5.1,1883,ENG,infantry,62
1883.5.1,1883,FRA,artillery,130
1883.5.1,1883,FRA,dragoon,1
1883.5.1,1883,FRA,hussar,19
1883.5.1,1883,FRA,infantry,4
1883.5.1,1883,SCA,artillery,52
1883.5.1,1883,SCA,hussar,16
1883.5.1,1883,SCA,infantry,10
1883.5.1,1883,RUS,artillery,83
1883.5.1,1883,RUS,dragoon,6
1883.5.1,1883,RUS,hussar,1
1883.5.1,1883,RUS,infantry,58
1883.5.1,1883,GER,artillery,132
1883.5.1,1883,GER,hussar,20
1883.5.1,1883,GER,infantry,12
1883.5.1,1883,NET,artillery,5
1883.5.1,1883,NET,hussar,1
1883.5.1,1883,NET,infantry,1
1883.5.1,1883,BEL,artillery,4
1883.5.1,1883,BEL,dragoon,2
1883.5.1,1883,BEL,guard,2
1883.5.1,1883,BEL,infantry,7
1883.5.1,1883,SPA,artillery,65
1883.5.1,1883,SPA,hussar,2
1883.5.1,1883,KUK,artillery,58
1883.5.1,1883,KUK,dragoon,7
1883.5.1,1883,KUK,infantry,2
1883.5.1,1883,CHL,artillery,50
1883.5.1,1883,CHL,dragoon,7
1883.5.1,1883,CHL,hussar,2
1883.5.1,1883,CHL,infantry,20
1883.5.1,1883,AST,artillery,33
1883.5.1,1883,AST,hussar,4
1883.5.1,1883,AST,infantry,39
1883.5.1,1883,WAL,artillery,18
1883.5.1,1883,WAL,hussar,2
1883.5.1,1883,WAL,infantry,1
1883.5.1,1883,SAR,artillery,39
1883.5.1,1883,SAR,guard,9
1883.5.1,1883,SAR,hussar,2
1883.5.1,1883,SIC,artillery,66
1883.5.1,1883,SIC,dragoon,14
1883.5.1,1883,TUR,artillery,21
1883.5.1,1883,TUR,hussar,6
1883.5.1,1883,TUR,infantry,23
1883.5.1,1883,MCK,cavalry,8
1883.5.1,1883,MCK,infantry,9
1883.5.1,1883,MCK,irregular,28
1883.5.1,1883,PER,artillery,30
1883.5.1,1883,PER,dragoon,1
1883.5.1,1883,PER,hussar,5
1883.5.1,1883,PER,infantry,16
1883.5.1,1883,JAS,dragoon,1
1883.5.1,1883,JAS,infantry,1
1883.5.1,1883,BIK,artillery,2
1883.5.1,1883,BIK,dragoon,1
1883.5.1,1883,BIK,infantry,2
1883.5.1,1883,MEW,dragoon,1
1883.5.1,1883,MEW,infantry,5
1883.5.1,1883,GWA,irregular,1
1883.5.1,1883,BUN,artillery,3
1883.5.1,1883,BUN,dragoon,1
1883.5.1,1883,BUN,infantry,3
1883.5.1,1883,NEP,cavalry,1
1883.5.1,1883,NEP,irregular,5
1883.5.1,1883,SIK,irregular,1
1883.5.1,1883,BHU,irregular,1
1883.5.1,1883,MGL,cavalry,2
1883.5.1,1883,MGL,infantry,4
1883.5.1,1883,MGL,irregular,6
1883.5.1,1883,CHI,cavalry,69
1883.5.1,1883,CHI,infantry,82
1883.5.1,1883,CHI,irregular,275
1883.5.1,1883,GXI,cavalry,50
1883.5.1,1883,GXI,infantry,79
1883.5.1,1883,GXI,irregular,171
1883.5.1,1883,XBI,cavalry,4
1883.5.1,1883,XBI,infantry,2
1883.5.1,1883,XBI,irregular,30
1883.5.1,1883,YNN,cavalry,34
1883.5.1,1883,YNN,infantry,17
1883.5.1,1883,YNN,irregular,149
1883.5.1,1883,TIB,cavalry,3
1883.5.1,1883,TIB,infantry,5
1883.5.1,1883,TIB,irregular,6
1883.5.1,1883,XIN,cavalry,1
1883.5.1,1883,XIN,irregular,6
1883.5.1,1883,ALD,cuirassier,1
1883.5.1,1883,ALD,infantry,3
1883.5.1,1883,MEX,artillery,57
1883.5.1,1883,MEX,cavalry,1
1883.5.1,1883,MEX,infantry,1
1883.5.1,1883,BRZ,artillery,49
1883.5.1,1883,BRZ,dragoon,5
1883.5.1,1883,BRZ,infantry,13
1883.6.1,1883,USA,artillery,52
1883.6.1,1883,USA,hussar,8
1883.6.1,1883,ENG,artillery,266
1883.6.1,1883,ENG,cuirassier,2
1883.6.1,1883,ENG,hussar,19
1883.6.1,1883,ENG,infantry,62
1883.6.1,1883,FRA,artillery,130
1883.6.1,1883,FRA,dragoon,1
1883.6.1,1883,FRA,hussar,19
1883.6.1,1883,FRA,infantry,4
1883.6.1,1883,SCA,artillery,52
1883.6.1,1883,SCA,hussar,16
1883.6.1,1883,SCA,infantry,10
1883.6.1,1883,RUS,artillery,83
1883.6.1,1883,RUS,dragoon,6
1883.6.1,1883,RUS,hussar,1
1883.6.1,1883,RUS,infantry,71
1883.6.1,1883,GER,artillery,132
1883.6.1,1883,GER,hussar,20
1883.6.1,1883,GER,infantry,12
1883.6.1,1883,NET,artillery,5
1883.6.1,1883,NET,hussar,1
1883.6.1,1883,NET,infantry,1
1883.6.1,1883,BEL,artillery,4
1883.6.1,1883,BEL,dragoon,2
1883.6.1,1883,BEL,guard,2
1883.6.1,1883,BEL,infantry,7
1883.6.1,1883,SPA,artillery,65
1883.6.1,1883,SPA,hussar,2
1883.6.1,1883,KUK,artillery,58
1883.6.1,1883,KUK,dragoon,7
1883.6.1,1883,KUK,infantry,2
1883.6.1,1883,CHL,artillery,50
1883.6.1,1883,CHL,dragoon,7
1883.6.1,1883,CHL,hussar,2
1883.6.1,1883,CHL,infantry,20
1883.6.1,1883,AST,artillery,33
1883.6.1,1883,AST,hussar,4
1883.6.1,1883,AST,infantry,39
1883.6.1,1883,WAL,artillery,18
1883.6.1,1883,WAL,hussar,2
1883.6.1,1883,WAL,infantry,1
1883.6.1,1883,SAR,artillery,40
1883.6.1,1883,SAR,guard,9
1883.6.1,1883,SAR,hussar,2
1883.6.1,1883,SIC,artillery,66
1883.6.1,1883,SIC,dragoon,14
1883.6.1,1883,TUR,artillery,21
1883.6.1,1883,TUR,hussar,6
1883.6.1,1883,TUR,infantry,10
1883.6.1,1883,MCK,cavalry,8
1883.6.1,1883,MCK,infantry,9
1883.6.1,1883,MCK,irregular,28
1883.6.1,1883,PER,artillery,30
1883.6.1,1883,PER,dragoon,1
1883.6.1,1883,PER,hussar,5
1883.6.1,1883,PER,infantry,16
1883.6.1,1883,JAS,dragoon,1
1883.6.1,1883,JAS,infantry,1
1883.6.1,1883,BIK,artillery,2
1883.6.1,1883,BIK,dragoon,1
1883.6.1,1883,BIK,infantry,2
1883.6.1,1883,MEW,dragoon,1
1883.6.1,1883,MEW,infantry,5
1883.6.1,1883,GWA,irregular,1
1883.6.1,1883,BUN,artillery,3
1883.6.1,1883,BUN,dragoon,1
1883.6.1,1883,BUN,infantry,3
1883.6.1,1883,NEP,cavalry,1
1883.6.1,1883,NEP,irregular,5
1883.6.1,1883,SIK,irregular,1
1883.6.1,1883,BHU,irregular,1
1883.6.1,1883,MGL,cavalry,2
1883.6.1,1883,MGL,infantry,4
1883.6.1,1883,MGL,irregular,6
1883.6.1,1883,CHI,cavalry,69
1883.6.1,1883,CHI,infantry,83
1883.6.1,1883,CHI,irregular,276
1883.6.1,1883,GXI,cavalry,50
1883.6.1,1883,GXI,infantry,80
1883.6.1,1883,GXI,irregular,171
1883.6.1,1883,XBI,cavalry,4
1883.6.1,1883,XBI,infantry,2
1883.6.1,1883,XBI,irregular,30
1883.6.1,1883,YNN,cavalry,34
1883.6.1,1883,YNN,infantry,18
1883.6.1,1883,YNN,irregular,149
1883.6.1,1883,TIB,cavalry,3
1883.6.1,1883,TIB,infantry,5
1883.6.1,1883,TIB,irregular,6
1883.6.1,1883,XIN,cavalry,1
1883.6.1,1883,XIN,irregular,6
1883.6.1,1883,ALD,cuirassier,1
1883.6.1,1883,ALD,infantry,3
1883.6.1,1883,MEX,artillery,57
1883.6.1,1883,MEX,cavalry,1
1883.6.1,1883,MEX,infantry,1
1883.6.1,1883,BRZ,artillery,49
1883.6.1,1883,BRZ,dragoon,5
1883.6.1,1883,BRZ,infantry,13
1883.7.1,1883,USA,artillery,55
1883.7.1,1883,USA,hussar,8
1883.7.1,1883,ENG,artillery,268
1883.7.1,1883,ENG,cuirassier,2
1883.7.1,1883,ENG,hussar,19
1883.7.1,1883,ENG,infantry,62
1883.7.1,1883,FRA,artillery,130
1883.7.1,1883,FRA,dragoon,1
1883.7.1,1883,FRA,hussar,19
1883.7.1,1883,FRA,infantry,4
1883.7.1,1883,SCA,artillery,52
1883.7.1,1883,SCA,hussar,16
1883.7.1,1883,SCA,infantry,10
1883.7.1,1883,RUS,artillery,107
1883.7.1,1883,RUS,dragoon,6
1883.7.1,1883,RUS,hussar,1
1883.7.1,1883,RUS,infantry,93
1883.7.1,1883,GER,artillery,132
1883.7.1,1883,GER,hussar,20
1883.7.1,1883,GER,infantry,12
1883.7.1,1883,NET,artillery,5
1883.7.1,1883,NET,hussar,1
1883.7.1,1883,NET,infantry,1
1883.7.1,1883,BEL,artillery,4
1883.7.1,1883,BEL,dragoon,2
1883.7.1,1883,BEL,guard,2
1883.7.1,1883,BEL,infantry,7
1883.7.1,1883,SPA,artillery,65
1883.7.1,1883,SPA,hussar,2
1883.7.1,1883,KUK,artillery,58
1883.7.1,1883,KUK,dragoon,7
1883.7.1,1883,KUK,infantry,2
1883.7.1,1883,CHL,artillery,50
1883.7.1,1883,CHL,dragoon,7
1883.7.1,1883,CHL,hussar,2
1883.7.1,1883,CHL,infantry,20
1883.7.1,1883,AST,artillery,33
1883.7.1,1883,AST,hussar,4
1883.7.1,1883,AST,infantry,39
1883.7.1,1883,WAL,artillery,18
1883.7.1,1883,WAL,hussar,2
1883.7.1,1883,WAL,infantry,1
1883.7.1,1883,SAR,artillery,40
1883.7.1,1883,SAR,guard,9
1883.7.1,1883,SAR,hussar,2
1883.7.1,1883,SIC,artillery,66
1883.7.1,1883,SIC,dragoon,14
1883.7.1,1883,TUR,artillery,21
1883.7.1,1883,TUR,hussar,6
1883.7.1,1883,TUR,infantry,10
1883.7.1,1883,MCK,cavalry,8
1883.7.1,1883,MCK,infantry,9
1883.7.1,1883,MCK,irregular,28
1883.7.1,1883,PER,artillery,30
1883.7.1,1883,PER,dragoon,1
1883.7.1,1883,PER,hussar,5
1883.7.1,1883,PER,infantry,16
1883.7.1,1883,JAS,dragoon,1
1883.7.1,1883,JAS,infantry,1
1883.7.1,1883,BIK,artillery,2
1883.7.1,1883,BIK,dragoon,1
1883.7.1,1883,BIK,infantry,2
1883.7.1,1883,MEW,dragoon,1
1883.7.1,1883,MEW,infantry,5
1883.7.1,1883,GWA,irregular,1
1883.7.1,1883,BUN,artillery,3
1883.7.1,1883,BUN,dragoon,1
1883.7.1,1883,BUN,infantry,3
1883.7.1,1883,NEP,cavalry,1
1883.7.1,1883,NEP,irregular,5
1883.7.1,1883,SIK,irregular,1
1883.7.1,1883,BHU,irregular,1
1883.7.1,1883,MGL,cavalry,2
1883.7.1,1883,MGL,infantry,4
1883.7.1,1883,MGL,irregular,6
1883.7.1,1883,CHI,cavalry,69
1883.7.1,1883,CHI,infantry,84
1883.7.1,1883,CHI,irregular,277
1883.7.1,1883,GXI,cavalry,51
1883.7.1,1883,GXI,infantry,80
1883.7.1,1883,GXI,irregular,171
1883.7.1,1883,XBI,cavalry,4
1883.7.1,1883,XBI,infantry,2
1883.7.1,1883,XBI,irregular,30
1883.7.1,1883,YNN,cavalry,34
1883.7.1,1883,YNN,infantry,18
1883.7.1,1883,YNN,irregular,149
1883.7.1,1883,TIB,cavalry,3
1883.7.1,1883,TIB,infantry,5
1883.7.1,1883,TIB,irregular,6
1883.7.1,1883,XIN,cavalry,1
1883.7.1,1883,XIN,irregular,6
1883.7.1,1883,ALD,cuirassier,1
1883.7.1,1883,ALD,infantry,3
1883.7.1,1883,MEX,artillery,57
1883.7.1,1883,MEX,cavalry,1
1883.7.1,1883,MEX,infantry,1
1883.7.1,1883,BRZ,artillery,49
1883.7.1,1883,BRZ,dragoon,5
1883.7.1,1883,BRZ,infantry,13
1883.8.1,1883,USA,artillery,58
1883.8.1,1883,USA,hussar,8
1883.8.1,1883,ENG,artillery,272
1883.8.1,1883,ENG,cuirassier,2
1883.8.1,1883,ENG,hussar,19
1883.8.1,1883,ENG,infantry,62
1883.8.1,1883,FRA,artillery,130
1883.8.1,1883,FRA,dragoon,1
1883.8.1,1883,FRA,hussar,19
1883.8.1,1883,FRA,infantry,4
1883.8.1,1883,SCA,artillery,52
1883.8.1,1883,SCA,hussar,16
1883.8.1,1883,SCA,infantry,11
1883.8.1,1883,RUS,artillery,107
1883.8.1,1883,RUS,dragoon,6
1883.8.1,1883,RUS,hussar,1
1883.8.1,1883,RUS,infantry,108
1883.8.1,1883,GER,artillery,134
1883.8.1,1883,GER,hussar,20
1883.8.1,1883,GER,infantry,12
1883.8.1,1883,NET,artillery,5
1883.8.1,1883,NET,hussar,1
1883.8.1,1883,NET,infantry,1
1883.8.1,1883,BEL,artillery,4
1883.8.1,1883,BEL,dragoon,2
1883.8.1,1883,BEL,guard,2
1883.8.1,1883,BEL,infantry,7
1883.8.1,1883,SPA,artillery,65
1883.8.1,1883,SPA,hussar,2
1883.8.1,1883,KUK,artillery,58
1883.8.1,1883,KUK,dragoon,7
1883.8.1,1883,KUK,infantry,2
1883.8.1,1883,CHL,artillery,50
1883.8.1,1883,CHL,dragoon,7
1883.8.1,1883,CHL,hussar,2
1883.8.1,1883,CHL,infantry,20
1883.8.1,1883,AST,artillery,33
1883.8.1,1883,AST,hussar,4
1883.8.1,1883,AST,infantry,39
1883.8.1,1883,WAL,artillery,18
1883.8.1,1883,WAL,hussar,2
1883.8.1,1883,WAL,infantry,1
1883.8.1,1883,SAR,artillery,40
1883.8.1,1883,SAR,guard,9
1883.8.1,1883,SAR,hussar,2
1883.8.1,1883,SIC,artillery,66
1883.8.1,1883,SIC,dragoon,14
1883.8.1,1883,TUR,artillery,21
1883.8.1,1883,TUR,hussar,6
1883.8.1,1883,TUR,infantry,10
1883.8.1,1883,MCK,cavalry,8
1883.8.1,1883,MCK,infantry,9
1883.8.1,1883,MCK,irregular,28
1883.8.1,1883,PER,artillery,30
1883.8.1,1883,PER,dragoon,1
1883.8.1,1883,PER,hussar,5
1883.8.1,1883,PER,infantry,16
1883.8.1,1883,JAS,dragoon,1
1883.8.1,1883,JAS,infantry,1
1883.8.1,1883,BIK,artillery,2
1883.8.1,1883,BIK,dragoon,1
1883.8.1,1883,BIK,infantry,2
1883.8.1,1883,MEW,dragoon,1
1883.8.1,1883,MEW,infantry,5
1883.8.1,1883,GWA,irregular,1
1883.8.1,1883,BUN,artillery,3
1883.8.1,1883,BUN,dragoon,1
1883.8.1,1883,BUN,infantry,3
1883.8.1,1883,NEP,cavalry,1
1883.8.1,1883,NEP,irregular,5
1883.8.1,1883,SIK,irregular,1
1883.8.1,1883,BHU,irregular,1
1883.8.1,1883,MGL,cavalry,2
1883.8.1,1883,MGL,infantry,4
1883.8.1,1883,MGL,irregular,6
1883.8.1,1883,CHI,cavalry,69
1883.8.1,1883,CHI,infantry,85
1883.8.1,1883,CHI,irregular,278
1883.8.1,1883,GXI,cavalry,51
1883.8.1,1883,GXI,infantry,81
1883.8.1,1883,GXI,irregular,171
1883.8.1,1883,XBI,cavalry,4
1883.8.1,1883,XBI,infantry,2
1883.8.1,1883,XBI,irregular,30
1883.8.1,1883,YNN,cavalry,34
1883.8.1,1883,YNN,infantry,18
1883.8.1,1883,YNN,irregular,147
1883.8.1,1883,TIB,cavalry,3
1883.8.1,1883,TIB,infantry,5
1883.8.1,1883,TIB,irregular,6
1883.8.1,1883,XIN,cavalry,1
1883.8.1,1883,XIN,irregular,6
1883.8.1,1883,ALD,cuirassier,1
1883.8.1,1883,ALD,infantry,3
1883.8.1,1883,MEX,artillery,57
1883.8.1,1883,MEX,cavalry,1
1883.8.1,1883,MEX,infantry,1
1883.8.1,1883,BRZ,artillery,49
1883.8.1,1883,BRZ,dragoon,5
1883.8.1,1883,BRZ,infantry,13
1883.9.1,1883,USA,artillery,60
1883.9.1,1883,USA,hussar,8
1883.9.1,1883,ENG,artillery,275
1883.9.1,1883,ENG,cuirassier,2
1883.9.1,1883,ENG,hussar,19
1883.9.1,1883,ENG,infantry,62
1883.9.1,1883,FRA,artillery,130
1883.9.1,1883,FRA,dragoon,1
1883.9.1,1883,FRA,hussar,19
1883.9.1,1883,FRA,infantry,4
1883.9.1,1883,SCA,artillery,55
1883.9.1,1883,SCA,hussar,16
1883.9.1,1883,SCA,infantry,11
1883.9.1,1883,RUS,artillery,107
1883.9.1,1883,RUS,dragoon,6
1883.9.1,1883,RUS,hussar,1
1883.9.1,1883,RUS,infantry,134
1883.9.1,1883,GER,artillery,137
1883.9.1,1883,GER,hussar,20
1883.9.1,1883,GER,infantry,12
1883.9.1,1883,NET,artillery,5
1883.9.1,1883,NET,hussar,1
1883.9.1,1883,NET,infantry,1
1883.9.1,1883,BEL,artillery,4
1883.9.1,1883,BEL,dragoon,2
1883.9.1,1883,BEL,guard,2
1883.9.1,1883,BEL,infantry,7
1883.9.1,1883,SPA,artillery,65
1883.9.1,1883,SPA,hussar,2
1883.9.1,1883,KUK,artillery,60
1883.9.1,1883,KUK,dragoon,7
1883.9.1,1883,KUK,infantry,2
1883.9.1,1883,CHL,artillery,50
1883.9.1,1883,CHL,dragoon,7
1883.9.1,1883,CHL,hussar,2
1883.9.1,1883,CHL,infantry,20
1883.9.1,1883,AST,artillery,33
1883.9.1,1883,AST,hussar,4
1883.9.1,1883,AST,infantry,39
1883.9.1,1883,WAL,artillery,18
1883.9.1,1883,WAL,hussar,2
1883.9.1,1883,WAL,infantry,1
1883.9.1,1883,SAR,artillery,40
1883.9.1,1883,SAR,guard,9
1883.9.1,1883,SAR,hussar,3
1883.9.1,1883,SIC,artillery,66
1883.9.1,1883,SIC,dragoon,14
1883.9.1,1883,TUR,artillery,21
1883.9.1,1883,TUR,hussar,6
1883.9.1,1883,TUR,infantry,10
1883.9.1,1883,MCK,cavalry,8
1883.9.1,1883,MCK,infantry,9
1883.9.1,1883,MCK,irregular,28
1883.9.1,1883,PER,artillery,30
1883.9.1,1883,PER,dragoon,1
1883.9.1,1883,PER,hussar,5
1883.9.1,1883,PER,infantry,16
1883.9.1,1883,JAS,dragoon,1
1883.9.1,1883,JAS,infantry,1
1883.9.1,1883,BIK,artillery,2
1883.9.1,1883,BIK,dragoon,1
1883.9.1,1883,BIK,infantry,2
1883.9.1,1883,MEW,dragoon,1
1883.9.1,1883,MEW,infantry,5
1883.9.1,1883,GWA,irregular,1
1883.9.1,1883,BUN,artillery,3
1883.9.1,1883,BUN,dragoon,1
1883.9.1,1883,BUN,infantry,3
1883.9.1,1883,NEP,cavalry,1
1883.9.1,1883,NEP,irregular,5
1883.9.1,1883,SIK,irregular,1
1883.9.1,1883,BHU,irregular,1
1883.9.1,1883,MGL,cavalry,2
1883.9.1,1883,MGL,infantry,4
1883.9.1,1883,MGL,irregular,6
1883.9.1,1883,CHI,cavalry,70
1883.9.1,1883,CHI,infantry,86
1883.9.1,1883,CHI,irregular,279
1883.9.1,1883,GXI,cavalry,51
1883.9.1,1883,GXI,infantry,81
1883.9.1,1883,GXI,irregular,170
1883.9.1,1883,XBI,cavalry,4
1883.9.1,1883,XBI,infantry,2
1883.9.1,1883,XBI,irregular,30
1883.9.1,1883,YNN,cavalry,34
1883.9.1,1883,YNN,infantry,18
1883.9.1,1883,YNN,irregular,147
1883.9.1,1883,TIB,cavalry,3
1883.9.1,1883,TIB,infantry,5
1883.9.1,1883,TIB,irregular,6
1883.9.1,1883,XIN,cavalry,1
1883.9.1,1883,XIN,irregular,6
1883.9.1,1883,ALD,cuirassier,1
1883.9.1,1883,ALD,infantry,3
1883.9.1,1883,MEX,artillery,57
1883.9.1,1883,MEX,cavalry,1
1883.9.1,1883,MEX,infantry,1
1883.9.1,1883,BRZ,artillery,49
1883.9.1,1883,BRZ,dragoon,5
1883.9.1,1883,BRZ,infantry,13
1883.10.1,1883,USA,artillery,61
1883.10.1,1883,USA,hussar,8
1883.10.1,1883,ENG,artillery,277
1883.10.1,1883,ENG,cuirassier,2
1883.10.1,1883,ENG,hussar,19
1883.10.1,1883,ENG,infantry,62
1883.10.1,1883,FRA,artillery,130
1883.10.1,1883,FRA,dragoon,1
1883.10.1,1883,FRA,hussar,19
1883.10.1,1883,FRA,infantry,4
1883.10.1,1883,SCA,artillery,55
1883.10.1,1883,SCA,hussar,16
1883.10.1,1883,SCA,infantry,11
1883.10.1,1883,RUS,artillery,107
1883.10.1,1883,RUS,dragoon,6
1883.10.1,1883,RUS,hussar,1
1883.10.1,1883,RUS,infantry,156
1883.10.1,1883,GER,artillery,139
1883.10.1,1883,GER,hussar,20
1883.10.1,1883,GER,infantry,12
1883.10.1,1883,NET,artillery,5
1883.10.1,1883,NET,hussar,1
1883.10.1,1883,NET,infantry,1
1883.10.1,1883,BEL,artillery,4
1883.10.1,1883,BEL,dragoon,2
1883.10.1,1883,BEL,guard,2
1883.10.1,1883,BEL,infantry,7
1883.10.1,1883,SPA,artillery,65
1883.10.1,1883,SPA,hussar,2
1883.10.1,1883,KUK,artillery,61
1883.10.1,1883,KUK,dragoon,7
1883.10.1,1883,KUK,infantry,2
1883.10.1,1883,CHL,artillery,50
1883.10.1,1883,CHL,dragoon,8
1883.10.1,1883,CHL,hussar,2
1883.10.1,1883,CHL,infantry,20
1883.10.1,1883,AST,artillery,33
1883.10.1,1883,AST,hussar,4
1883.10.1,1883,AST,infantry,39
1883.10.1,1883,WAL,artillery,18
1883.10.1,1883,WAL,hussar,2
1883.10.1,1883,WAL,infantry,1
1883.10.1,1883,SAR,artillery,40
1883.10.1,1883,SAR,guard,9
1883.10.1,1883,SAR,hussar,3
1883.10.1,1883,SIC,artillery,66
1883.10.1,1883,SIC,dragoon,14
1883.10.1,1883,TUR,artillery,21
1883.10.1,1883,TUR,hussar,6
1883.10.1,1883,TUR,infantry,10
1883.10.1,1883,MCK,cavalry,8
1883.10.1,1883,MCK,infantry,9
1883.10.1,1883,MCK,irregular,28
1883.10.1,1883,PER,artillery,30
1883.10.1,1883,PER,dragoon,1
1883.10.1,1883,PER,hussar,5
1883.10.1,1883,PER,infantry,16
1883.10.1,1883,JAS,dragoon,1
1883.10.1,1883,JAS,infantry,1
1883.10.1,1883,BIK,artillery,2
1883.10.1,1883,BIK,dragoon,1
1883.10.1,1883,BIK,infantry,2
1883.10.1,1883,MEW,dragoon,1
1883.10.1,1883,MEW,infantry,5
1883.10.1,1883,GWA,irregular,1
1883.10.1,1883,BUN,artillery,3
1883.10.1,1883,BUN,dragoon,1
1883.10.1,1883,BUN,infantry,3
1883.10.1,1883,NEP,cavalry,1
1883.10.1,1883,NEP,irregular,5
1883.10.1,1883,SIK,irregular,1
1883.10.1,1883,BHU,irregular,1
1883.10.1,1883,MGL,cavalry,2
1883.10.1,1883,MGL,infantry,4
1883.10.1,1883,MGL,irregular,6
1883.10.1,1883,CHI,cavalry,70
1883.10.1,1883,CHI,infantry,87
1883.10.1,1883,CHI,irregular,280
1883.10.1,1883,GXI,cavalry,51
1883.10.1,1883,GXI,infantry,81
1883.10.1,1883,GXI,irregular,170
1883.10.1,1883,XBI,cavalry,4
1883.10.1,1883,XBI,infantry,2
1883.10.1,1883,XBI,irregular,30
1883.10.1,1883,YNN,cavalry,34
1883.10.1,1883,YNN,infantry,18
1883.10.1,1883,YNN,irregular,147
1883.10.1,1883,TIB,cavalry,3
1883.10.1,1883,TIB,infantry,5
1883.10.1,1883,TIB,irregular,6
1883.10.1,1883,XIN,cavalry,1
1883.10.1,1883,XIN,irregular,6
1883.10.1,1883,ALD,cuirassier,1
1883.10.1,1883,ALD,infantry,3
1883.10.1,1883,MEX,artillery,57
1883.10.1,1883,MEX,cavalry,1
1883.10.1,1883,MEX,infantry,1
1883.10.1,1883,BRZ,artillery,49
1883.10.1,1883,BRZ,dragoon,5
1883.10.1,1883,BRZ,infantry,13
1883.11.1,1883,USA,artillery,61
1883.11.1,1883,USA,hussar,8
1883.11.1,1883,ENG,artillery,280
1883.11.1,1883,ENG,cuirassier,2
1883.11.1,1883,ENG,hussar,19
1883.11.1,1883,ENG,infantry,62
1883.11.1,1883,FRA,artillery,130
1883.11.1,1883,FRA,dragoon,1
1883.11.1,1883,FRA,hussar,19
1883.11.1,1883,FRA,infantry,4
1883.11.1,1883,SCA,artillery,55
1883.11.1,1883,SCA,hussar,16
1883.11.1,1883,SCA,infantry,11
1883.11.1,1883,RUS,artillery,109
1883.11.1,1883,RUS,dragoon,6
1883.11.1,1883,RUS,hussar,1
1883.11.1,1883,RUS,infantry,187
1883.11.1,1883,GER,artillery,140
1883.11.1,1883,GER,hussar,20
1883.11.1,1883,GER,infantry,12
1883.11.1,1883,NET,artillery,5
1883.11.1,1883,NET,hussar,1
1883.11.1,1883,NET,infantry,1
1883.11.1,1883,BEL,artillery,4
1883.11.1,1883,BEL,dragoon,2
1883.11.1,1883,BEL,guard,2
1883.11.1,1883,BEL,infantry,7
1883.11.1,1883,SPA,artillery,65
1883.11.1,1883,SPA,hussar,2
1883.11.1,1883,KUK,artillery,63
1883.11.1,1883,KUK,dragoon,9
1883.11.1,1883,KUK,infantry,2
1883.11.1,1883,CHL,artillery,50
1883.11.1,1883,CHL,dragoon,8
1883.11.1,1883,CHL,hussar,2
1883.11.1,1883,CHL,infantry,20
1883.11.1,1883,AST,artillery,33
1883.11.1,1883,AST,hussar,4
1883.11.1,1883,AST,infantry,39
1883.11.1,1883,WAL,artillery,18
1883.11.1,1883,WAL,hussar,2
1883.11.1,1883,WAL,infantry,1
1883.11.1,1883,SAR,artillery,40
1883.11.1,1883,SAR,guard,9
1883.11.1,1883,SAR,hussar,3
1883.11.1,1883,SIC,artillery,66
1883.11.1,1883,SIC,dragoon,14
1883.11.1,1883,TUR,artillery,21
1883.11.1,1883,TUR,hussar,6
1883.11.1,1883,TUR,infantry,10
1883.11.1,1883,MCK,cavalry,8
1883.11.1,1883,MCK,infantry,9
1883.11.1,1883,MCK,irregular,28
1883.11.1,1883,PER,artillery,30
1883.11.1,1883,PER,dragoon,1
1883.11.1,1883,PER,hussar,5
1883.11.1,1883,PER,infantry,16
1883.11.1,1883,JAS,dragoon,1
1883.11.1,1883,JAS,infantry,1
1883.11.1,1883,BIK,artillery,2
1883.11.1,1883,BIK,dragoon,1
1883.11.1,1883,BIK,infantry,2
1883.11.1,1883,MEW,dragoon,1
1883.11.1,1883,MEW,infantry,5
1883.11.1,1883,GWA,irregular,1
1883.11.1,1883,BUN,artillery,3
1883.11.1,1883,BUN,dragoon,1
1883.11.1,1883,BUN,infantry,3
1883.11.1,1883,NEP,cavalry,1
1883.11.1,1883,NEP,irregular,5
1883.11.1,1883,SIK,irregular,1
1883.11.1,1883,BHU,irregular,1
1883.11.1,1883,MGL,cavalry,2
1883.11.1,1883,MGL,infantry,4
1883.11.1,1883,MGL,irregular,6
1883.11.1,1883,CHI,cavalry,70
1883.11.1,1883,CHI,infantry,88
1883.11.1,1883,CHI,irregular,280
1883.11.1,1883,GXI,cavalry,51
1883.11.1,1883,GXI,infantry,81
1883.11.1,1883,GXI,irregular,170
1883.11.1,1883,XBI,cavalry,4
1883.11.1,1883,XBI,infantry,2
1883.11.1,1883,XBI,irregular,30
1883.11.1,1883,YNN,cavalry,34
1883.11.1,1883,YNN,infantry,18
1883.11.1,1883,YNN,irregular,148
1883.11.1,1883,TIB,cavalry,3
1883.11.1,1883,TIB,infantry,5
1883.11.1,1883,TIB,irregular,6
1883.11.1,1883,XIN,cavalry,1
1883.11.1,1883,XIN,irregular,6
1883.11.1,1883,ALD,cuirassier,1
1883.11.1,1883,ALD,infantry,3
1883.11.1,1883,MEX,artillery,59
1883.11.1,1883,MEX,cavalry,1
1883.11.1,1883,MEX,infantry,1
1883.11.1,1883,BRZ,artillery,49
1883.11.1,1883,BRZ,dragoon,5
1883.11.1,1883,BRZ,infantry,13
1883.12.1,1883,USA,artillery,61
1883.12.1,1883,USA,hussar,8
1883.12.1,1883,ENG,artillery,283
1883.12.1,1883,ENG,cuirassier,2
1883.12.1,1883,ENG,hussar,19
1883.12.1,1883,ENG,infantry,62
1883.12.1,1883,FRA,artillery,130
1883.12.1,1883,FRA,dragoon,1
1883.12.1,1883,FRA,hussar,19
1883.12.1,1883,FRA,infantry,4
1883.12.1,1883,SCA,artillery,55
1883.12.1,1883,SCA,hussar,16
1883.12.1,1883,SCA,infantry,11
1883.12.1,1883,RUS,artillery,109
1883.12.1,1883,RUS,dragoon,6
1883.12.1,1883,RUS,hussar,1
1883.12.1,1883,RUS,infantry,205
1883.12.1,1883,GER,artillery,143
1883.12.1,1883,GER,hussar,20
1883.12.1,1883,GER,infantry,12
1883.12.1,1883,NET,artillery,5
1883.12.1,1883,NET,hussar,1
1883.12.1,1883,NET,infantry,1
1883.12.1,1883,BEL,artillery,4
1883.12.1,1883,BEL,dragoon,2
1883.12.1,1883,BEL,guard,2
1883.12.1,1883,BEL,infantry,7
1883.12.1,1883,SPA,artillery,65
1883.12.1,1883,SPA,hussar,2
1883.12.1,1883,KUK,artillery,63
1883.12.1,1883,KUK,dragoon,9
1883.12.1,1883,KUK,infantry,2
1883.12.1,1883,CHL,artillery,50
1883.12.1,1883,CHL,dragoon,8
1883.12.1,1883,CHL,hussar,2
1883.12.1,1883,CHL,infantry,20
1883.12.1,1883,AST,artillery,33
1883.12.1,1883,AST,hussar,4
1883.12.1,1883,AST,infantry,39
1883.12.1,1883,WAL,artillery,18
1883.12.1,1883,WAL,hussar,2
1883.12.1,1883,WAL,infantry,1
1883.12.1,1883,SAR,artillery,40
1883.12.1,1883,SAR,guard,9
1883.12.1,1883,SAR,hussar,3
1883.12.1,1883,SIC,artillery,66
1883.12.1,1883,SIC,dragoon,14
1883.12.1,1883,TUR,artillery,21
1883.12.1,1883,TUR,hussar,6
1883.12.1,1883,TUR,infantry,10
1883.12.1,1883,MCK,cavalry,8
1883.12.1,1883,MCK,infantry,9
1883.12.1,1883,MCK,irregular,28
1883.12.1,1883,PER,artillery,30
1883.12.1,1883,PER,dragoon,1
1883.12.1,1883,PER,hussar,5
1883.12.1,1883,PER,infantry,16
1883.12.1,1883,JAS,dragoon,1
1883.12.1,1883,JAS,infantry,1
1883.12.1,1883,BIK,artillery,2
1883.12.1,1883,BIK,dragoon,1
1883.12.1,1883,BIK,infantry,2
1883.12.1,1883,MEW,dragoon,1
1883.12.1,1883,MEW,infantry,5
1883.12.1,1883,GWA,cuirassier,1
1883.12.1,1883,BUN,artillery,3
1883.12.1,1883,BUN,dragoon,1
1883.12.1,1883,BUN,infantry,3
1883.12.1,1883,BAS,dragoon,1
1883.12.1,1883,NEP,cavalry,1
1883.12.1,1883,NEP,irregular,5
1883.12.1,1883,SIK,irregular,1
1883.12.1,1883,BHU,irregular,1
1883.12.1,1883,MGL,cavalry,2
1883.12.1,1883,MGL,infantry,4
1883.12.1,1883,MGL,irregular,6
1883.12.1,1883,CHI,cavalry,70
1883.12.1,1883,CHI,infantry,89
1883.12.1,1883,CHI,irregular,280
1883.12.1,1883,GXI,cavalry,51
1883.12.1,1883,GXI,infantry,81
1883.12.1,1883,GXI,irregular,170
1883.12.1,1883,XBI,cavalry,4
1883.12.1,1883,XBI,infantry,2
1883.12.1,1883,XBI,irregular,30
1883.12.1,1883,YNN,cavalry,34
1883.12.1,1883,YNN,infantry,18
1883.12.1,1883,YNN,irregular,148
1883.12.1,1883,TIB,cavalry,3
1883.12.1,1883,TIB,infantry,5
1883.12.1,1883,TIB,irregular,6
1883.12.1,1883,XIN,cavalry,1
1883.12.1,1883,XIN,irregular,6
1883.12.1,1883,ALD,cuirassier,1
1883.12.1,1883,ALD,infantry,3
1883.12.1,1883,MEX,artillery,64
1883.12.1,1883,MEX,cavalry,1
1883.12.1,1883,MEX,infantry,1
1883.12.1,1883,BRZ,artillery,49
1883.12.1,1883,BRZ,dragoon,5
1883.12.1,1883,BRZ,infantry,13
1884.1.1,1884,USA,artillery,62
1884.1.1,1884,USA,hussar,8
1884.1.1,1884,ENG,artillery,286
1884.1.1,1884,ENG,cuirassier,2
1884.1.1,1884,ENG,hussar,19
1884.1.1,1884,ENG,infantry,62
1884.1.1,1884,FRA,artillery,130
1884.1.1,1884,FRA,dragoon,1
1884.1.1,1884,FRA,hussar,19
1884.1.1,1884,FRA,infantry,4
1884.1.1,1884,SCA,artillery,55
1884.1.1,1884,SCA,hussar,16
1884.1.1,1884,SCA,infantry,9
1884.1.1,1884,RUS,artillery,109
1884.1.1,1884,RUS,dragoon,6
1884.1.1,1884,RUS,hussar,1
1884.1.1,1884,RUS,infantry,220
1884.1.1,1884,GER,artillery,146
1884.1.1,1884,GER,hussar,20
1884.1.1,1884,GER,infantry,12
1884.1.1,1884,NET,artillery,5
1884.1.1,1884,NET,hussar,1
1884.1.1,1884,NET,infantry,1
1884.1.1,1884,BEL,artillery,4
1884.1.1,1884,BEL,dragoon,2
1884.1.1,1884,BEL,guard,2
1884.1.1,1884,BEL,infantry,7
1884.1.1,1884,SPA,artillery,65
1884.1.1,1884,SPA,hussar,2
1884.1.1,1884,KUK,artillery,65
1884.1.1,1884,KUK,dragoon,11
1884.1.1,1884,KUK,infantry,2
1884.1.1,1884,CHL,artillery,50
1884.1.1,1884,CHL,dragoon,8
1884.1.1,1884,CHL,hussar,2
1884.1.1,1884,CHL,infantry,20
1884.1.1,1884,AST,artillery,33
1884.1.1,1884,AST,hussar,4
1884.1.1,1884,AST,infantry,39
1884.1.1,1884,WAL,artillery,18
1884.1.1,1884,WAL,hussar,2
1884.1.1,1884,WAL,infantry,1
1884.1.1,1884,SAR,artillery,40
1884.1.1,1884,SAR,guard,9
1884.1.1,1884,SAR,hussar,3
1884.1.1,1884,SIC,artillery,66
1884.1.1,1884,SIC,dragoon,14
1884.1.1,1884,TUR,artillery,21
1884.1.1,1884,TUR,hussar,6
1884.1.1,1884,TUR,infantry,2
1884.1.1,1884,MCK,cavalry,8
1884.1.1,1884,MCK,infantry,9
1884.1.1,1884,MCK,irregular,28
1884.1.1,1884,PER,artillery,30
1884.1.1,1884,PER,dragoon,1
1884.1.1,1884,PER,hussar,5
1884.1.1,1884,PER,infantry,15
1884.1.1,1884,JAS,dragoon,1
1884.1.1,1884,JAS,infantry,1
1884.1.1,1884,BIK,artillery,2
1884.1.1,1884,BIK,dragoon,1
1884.1.1,1884,BIK,infantry,2
1884.1.1,1884,MEW,dragoon,1
1884.1.1,1884,MEW,infantry,5
1884.1.1,1884,GWA,cuirassier,1
1884.1.1,1884,BUN,artillery,3
1884.1.1,1884,BUN,dragoon,1
1884.1.1,1884,BUN,infantry,3
1884.1.1,1884,BAS,dragoon,1
1884.1.1,1884,NEP,cavalry,1
1884.1.1,1884,NEP,irregular,5
1884.1.1,1884,SIK,irregular,1
1884.1.1,1884,BHU,irregular,1
1884.1.1,1884,MGL,cavalry,2
1884.1.1,1884,MGL,infantry,4
1884.1.1,1884,MGL,irregular,6
1884.1.1,1884,CHI,cavalry,70
1884.1.1,1884,CHI,infantry,89
1884.1.1,1884,CHI,irregular,280
1884.1.1,1884,GXI,cavalry,51
1884.1.1,1884,GXI,infantry,81
1884.1.1,1884,GXI,irregular,170
1884.1.1,1884,XBI,cavalry,4
1884.1.1,1884,XBI,infantry,2
1884.1.1,1884,XBI,irregular,30
1884.1.1,1884,YNN,cavalry,34
1884.1.1,1884,YNN,infantry,19
1884.1.1,1884,YNN,irregular,148
1884.1.1,1884,TIB,cavalry,3
1884.1.1,1884,TIB,infantry,5
1884.1.1,1884,TIB,irregular,6
1884.1.1,1884,XIN,cavalry,1
1884.1.1,1884,XIN,irregular,6
1884.1.1,1884,ALD,cuirassier,1
1884.1.1,1884,ALD,infantry,3
1884.1.1,1884,MEX,artillery,65
1884.1.1,1884,MEX,cavalry,1
1884.1.1,1884,MEX,infantry,1
1884.1.1,1884,BRZ,artillery,49
1884.1.1,1884,BRZ,dragoon,5
1884.1.1,1884,BRZ,infantry,14
1884.2.1,1884,USA,artillery,63
1884.2.1,1884,USA,hussar,8
1884.2.1,1884,ENG,artillery,287
1884.2.1,1884,ENG,cuirassier,2
1884.2.1,1884,ENG,hussar,19
1884.2.1,1884,ENG,infantry,62
1884.2.1,1884,FRA,artillery,130
1884.2.1,1884,FRA,dragoon,1
1884.2.1,1884,FRA,hussar,19
1884.2.1,1884,FRA,infantry,4
1884.2.1,1884,SCA,artillery,54
1884.2.1,1884,SCA,hussar,16
1884.2.1,1884,SCA,infantry,9
1884.2.1,1884,RUS,artillery,109
1884.2.1,1884,RUS,dragoon,6
1884.2.1,1884,RUS,hussar,1
1884.2.1,1884,RUS,infantry,243
1884.2.1,1884,GER,artillery,148
1884.2.1,1884,GER,hussar,20
1884.2.1,1884,GER,infantry,12
1884.2.1,1884,NET,artillery,5
1884.2.1,1884,NET,hussar,1
1884.2.1,1884,BEL,artillery,4
1884.2.1,1884,BEL,dragoon,2
1884.2.1,1884,BEL,guard,2
1884.2.1,1884,BEL,infantry,7
1884.2.1,1884,SPA,artillery,65
1884.2.1,1884,SPA,hussar,2
1884.2.1,1884,KUK,artillery,68
1884.2.1,1884,KUK,dragoon,13
1884.2.1,1884,KUK,infantry,2
1884.2.1,1884,CHL,artillery,50
1884.2.1,1884,CHL,dragoon,8
1884.2.1,1884,CHL,hussar,2
1884.2.1,1884,CHL,infantry,20
1884.2.1,1884,AST,artillery,33
1884.2.1,1884,AST,hussar,4
1884.2.1,1884,AST,infantry,39
1884.2.1,1884,WAL,artillery,18
1884.2.1,1884,WAL,hussar,2
1884.2.1,1884,WAL,infantry,1
1884.2.1,1884,SAR,artillery,40
1884.2.1,1884,SAR,guard,9
1884.2.1,1884,SAR,hussar,3
1884.2.1,1884,SIC,artillery,66
1884.2.1,1884,SIC,dragoon,14
1884.2.1,1884,TUR,artillery,21
1884.2.1,1884,TUR,hussar,6
1884.2.1,1884,TUR,infantry,2
1884.2.1,1884,MCK,cavalry,8
1884.2.1,1884,MCK,infantry,9
1884.2.1,1884,MCK,irregular,28
1884.2.1,1884,PER,artillery,30
1884.2.1,1884,PER,dragoon,1
1884.2.1,1884,PER,hussar,5
1884.2.1,1884,PER,infantry,15
1884.2.1,1884,JAS,dragoon,1
1884.2.1,1884,JAS,infantry,1
1884.2.1,1884,BIK,artillery,2
1884.2.1,1884,BIK,dragoon,1
1884.2.1,1884,BIK,infantry,2
1884.2.1,1884,MEW,dragoon,1
1884.2.1,1884,MEW,infantry,5
1884.2.1,1884,GWA,cuirassier,1
1884.2.1,1884,BUN,artillery,3
1884.2.1,1884,BUN,dragoon,1
1884.2.1,1884,BUN,infantry,3
1884.2.1,1884,BAS,dragoon,1
1884.2.1,1884,BAS,infantry,1
1884.2.1,1884,NEP,cavalry,1
1884.2.1,1884,NEP,irregular,5
1884.2.1,1884,SIK,irregular,1
1884.2.1,1884,BHU,irregular,1
1884.2.1,1884,MGL,cavalry,2
1884.2.1,1884,MGL,infantry,4
1884.2.1,1884,MGL,irregular,6
1884.2.1,1884,CHI,cavalry,72
1884.2.1,1884,CHI,infantry,90
1884.2.1,1884,CHI,irregular,280
1884.2.1,1884,GXI,cavalry,51
1884.2.1,1884,GXI,infantry,82
1884.2.1,1884,GXI,irregular,170
1884.2.1,1884,XBI,cavalry,4
1884.2.1,1884,XBI,infantry,2
1884.2.1,1884,XBI,irregular,30
1884.2.1,1884,YNN,cavalry,34
1884.2.1,1884,YNN,infantry,19
1884.2.1,1884,YNN,irregular,148
1884.2.1,1884,TIB,cavalry,3
1884.2.1,1884,TIB,infantry,5
1884.2.1,1884,TIB,irregular,6
1884.2.1,1884,XIN,cavalry,1
1884.2.1,1884,XIN,irregular,6
1884.2.1,1884,ALD,cuirassier,1
1884.2.1,1884,ALD,infantry,3
1884.2.1,1884,MEX,artillery,66
1884.2.1,1884,MEX,cavalry,1
1884.2.1,1884,MEX,infantry,1
1884.2.1,1884,BRZ,artillery,49
1884.2.1,1884,BRZ,dragoon,5
1884.2.1,1884,BRZ,infantry,14
1884.3.1,1884,USA,artillery,63
1884.3.1,1884,USA,hussar,8
1884.3.1,1884,ENG,artillery,290
1884.3.1,1884,ENG,cuirassier,2
1884.3.1,1884,ENG,hussar,19
1884.3.1,1884,ENG,infantry,62
1884.3.1,1884,FRA,artillery,130
1884.3.1,1884,FRA,dragoon,1
1884.3.1,1884,FRA,hussar,19
1884.3.1,1884,FRA,infantry,4
1884.3.1,1884,SCA,artillery,54
1884.3.1,1884,SCA,hussar,16
1884.3.1,1884,SCA,infantry,4
1884.3.1,1884,RUS,artillery,109
1884.3.1,1884,RUS,dragoon,6
1884.3.1,1884,RUS,hussar,1
1884.3.1,1884,RUS,infantry,252
1884.3.1,1884,GER,artillery,151
1884.3.1,1884,GER,hussar,20
1884.3.1,1884,GER,infantry,12
1884.3.1,1884,NET,artillery,5
1884.3.1,1884,NET,hussar,1
1884.3.1,1884,BEL,artillery,4
1884.3.1,1884,BEL,dragoon,2
1884.3.1,1884,BEL,guard,2
1884.3.1,1884,BEL,infantry,7
1884.3.1,1884,SPA,artillery,65
1884.3.1,1884,SPA,hussar,2
1884.3.1,1884,KUK,artillery,70
1884.3.1,1884,KUK,dragoon,13
1884.3.1,1884,KUK,infantry,2
1884.3.1,1884,CHL,artillery,50
1884.3.1,1884,CHL,dragoon,8
1884.3.1,1884,CHL,hussar,2
1884.3.1,1884,CHL,infantry,20
1884.3.1,1884,AST,artillery,33
1884.3.1,1884,AST,hussar,4
1884.3.1,1884,AST,infantry,39
1884.3.1,1884,WAL,artillery,18
1884.3.1,1884,WAL,hussar,2
1884.3.1,1884,WAL,infantry,1
1884.3.1,1884,SAR,artillery,40
1884.3.1,1884,SAR,guard,9
1884.3.1,1884,SAR,hussar,3
1884.3.1,1884,SIC,artillery,66
1884.3.1,1884,SIC,dragoon,14
1884.3.1,1884,TUR,artillery,21
1884.3.1,1884,TUR,hussar,6
1884.3.1,1884,TUR,infantry,2
1884.3.1,1884,MCK,cavalry,8
1884.3.1,1884,MCK,infantry,9
1884.3.1,1884,MCK,irregular,28
1884.3.1,1884,PER,artillery,30
1884.3.1,1884,PER,dragoon,1
1884.3.1,1884,PER,hussar,5
1884.3.1,1884,PER,infantry,15
1884.3.1,1884,JAS,dragoon,1
1884.3.1,1884,JAS,infantry,1
1884.3.1,1884,BIK,artillery,2
1884.3.1,1884,BIK,dragoon,1
1884.3.1,1884,BIK,infantry,2
1884.3.1,1884,MEW,dragoon,1
1884.3.1,1884,MEW,infantry,5
1884.3.1,1884,GWA,cuirassier,1
1884.3.1,1884,BUN,artillery,3
1884.3.1,1884,BUN,dragoon,1
1884.3.1,1884,BUN,infantry,3
1884.3.1,1884,BAS,dragoon,1
1884.3.1,1884,BAS,infantry,1
1884.3.1,1884,NEP,cavalry,1
1884.3.1,1884,NEP,irregular,5
1884.3.1,1884,SIK,irregular,1
1884.3.1,1884,BHU,irregular,1
1884.3.1,1884,MGL,cavalry,2
1884.3.1,1884,MGL,infantry,4
1884.3.1,1884,MGL,irregular,6
1884.3.1,1884,CHI,cavalry,73
1884.3.1,1884,CHI,infantry,90
1884.3.1,1884,CHI,irregular,280
1884.3.1,1884,GXI,cavalry,51
1884.3.1,1884,GXI,infantry,83
1884.3.1,1884,GXI,irregular,170
1884.3.1,1884,XBI,cavalry,4
1884.3.1,1884,XBI,infantry,2
1884.3.1,1884,XBI,irregular,30
1884.3.1,1884,YNN,cavalry,34
1884.3.1,1884,YNN,infantry,19
1884.3.1,1884,YNN,irregular,146
1884.3.1,1884,TIB,cavalry,3
1884.3.1,1884,TIB,infantry,5
1884.3.1,1884,TIB,irregular,6
1884.3.1,1884,XIN,cavalry,1
1884.3.1,1884,XIN,irregular,6
1884.3.1,1884,ALD,cuirassier,1
1884.3.1,1884,ALD,infantry,3
1884.3.1,1884,MEX,artillery,67
1884.3.1,1884,MEX,cavalry,1
1884.3.1,1884,MEX,infantry,1
1884.3.1,1884,BRZ,artillery,49
1884.3.1,1884,BRZ,dragoon,5
1884.3.1,1884,BRZ,infantry,14
1884.4.1,1884,USA,artillery,63
1884.4.1,1884,USA,hussar,8
1884.4.1,1884,ENG,artillery,291
1884.4.1,1884,ENG,cuirassier,2
1884.4.1,1884,ENG,hussar,19
1884.4.1,1884,ENG,infantry,62
1884.4.1,1884,FRA,artillery,130
1884.4.1,1884,FRA,dragoon,1
1884.4.1,1884,FRA,hussar,19
1884.4.1,1884,FRA,infantry,4
1884.4.1,1884,SCA,artillery,58
1884.4.1,1884,SCA,hussar,18
1884.4.1,1884,SCA,infantry,4
1884.4.1,1884,RUS,artillery,109
1884.4.1,1884,RUS,dragoon,6
1884.4.1,1884,RUS,hussar,1
1884.4.1,1884,RUS,infantry,260
1884.4.1,1884,GER,artillery,151
1884.4.1,1884,GER,hussar,20
1884.4.1,1884,GER,infantry,12
1884.4.1,1884,NET,artillery,5
1884.4.1,1884,NET,hussar,1
1884.4.1,1884,BEL,artillery,4
1884.4.1,1884,BEL,dragoon,2
1884.4.1,1884,BEL,guard,2
1884.4.1,1884,BEL,infantry,7
1884.4.1,1884,SPA,artillery,65
1884.4.1,1884,SPA,hussar,2
1884.4.1,1884,KUK,artillery,72
1884.4.1,1884,KUK,dragoon,15
1884.4.1,1884,KUK,infantry,2
1884.4.1,1884,CHL,artillery,50
1884.4.1,1884,CHL,dragoon,8
1884.4.1,1884,CHL,hussar,2
1884.4.1,1884,CHL,infantry,20
1884.4.1,1884,AST,artillery,33
1884.4.1,1884,AST,hussar,4
1884.4.1,1884,AST,infantry,39
1884.4.1,1884,WAL,artillery,18
1884.4.1,1884,WAL,hussar,2
1884.4.1,1884,WAL,infantry,1
1884.4.1,1884,SAR,artillery,40
1884.4.1,1884,SAR,guard,9
1884.4.1,1884,SAR,hussar,3
1884.4.1,1884,SIC,artillery,66
1884.4.1,1884,SIC,dragoon,14
1884.4.1,1884,TUR,artillery,21
1884.4.1,1884,TUR,hussar,6
1884.4.1,1884,TUR,infantry,2
1884.4.1,1884,MCK,cavalry,8
1884.4.1,1884,MCK,infantry,9
1884.4.1,1884,MCK,irregular,28
1884.4.1,1884,PER,artillery,30
1884.4.1,1884,PER,dragoon,1
1884.4.1,1884,PER,hussar,5
1884.4.1,1884,PER,infantry,15
1884.4.1,1884,JAS,dragoon,1
1884.4.1,1884,JAS,infantry,1
1884.4.1,1884,BIK,artillery,2
1884.4.1,1884,BIK,dragoon,1
1884.4.1,1884,BIK,infantry,2
1884.4.1,1884,MEW,dragoon,1
1884.4.1,1884,MEW,infantry,5
1884.4.1,1884,GWA,artillery,1
1884.4.1,1884,GWA,cuirassier,1
1884.4.1,1884,BUN,artillery,3
1884.4.1,1884,BUN,dragoon,1
1884.4.1,1884,BUN,infantry,3
1884.4.1,1884,BAS,dragoon,1
1884.4.1,1884,BAS,infantry,1
1884.4.1,1884,NEP,cavalry,1
1884.4.1,1884,NEP,irregular,5
1884.4.1,1884,SIK,irregular,1
1884.4.1,1884,BHU,irregular,1
1884.4.1,1884,MGL,cavalry,2
1884.4.1,1884,MGL,infantry,4
1884.4.1,1884,MGL,irregular,6
1884.4.1,1884,CHI,cavalry,73
1884.4.1,1884,CHI,infantry,90
1884.4.1,1884,CHI,irregular,281
1884.4.1,1884,GXI,cavalry,51
1884.4.1,1884,GXI,infantry,83
1884.4.1,1884,GXI,irregular,170
1884.4.1,1884,XBI,cavalry,4
1884.4.1,1884,XBI,infantry,2
1884.4.1,1884,XBI,irregular,30
1884.4.1,1884,YNN,cavalry,34
1884.4.1,1884,YNN,infantry,21
1884.4.1,1884,YNN,irregular,146
1884.4.1,1884,TIB,cavalry,3
1884.4.1,1884,TIB,infantry,5
1884.4.1,1884,TIB,irregular,6
1884.4.1,1884,XIN,cavalry,1
1884.4.1,1884,XIN,irregular,6
1884.4.1,1884,ALD,cuirassier,1
1884.4.1,1884,ALD,infantry,3
1884.4.1,1884,MEX,artillery,68
1884.4.1,1884,MEX,cavalry,1
1884.4.1,1884,MEX,infantry,1
1884.4.1,1884,BRZ,artillery,49
1884.4.1,1884,BRZ,dragoon,5
1884.4.1,1884,BRZ,infantry,15
1884.5.1,1884,USA,artillery,65
1884.5.1,1884,USA,hussar,8
1884.5.1,1884,ENG,artillery,292
1884.5.1,1884,ENG,cuirassier,2
1884.5.1,1884,ENG,hussar,19
1884.5.1,1884,ENG,infantry,62
1884.5.1,1884,FRA,artillery,130
1884.5.1,1884,FRA,dragoon,1
1884.5.1,1884,FRA,hussar,19
1884.5.1,1884,FRA,infantry,4
1884.5.1,1884,SCA,artillery,58
1884.5.1,1884,SCA,hussar,18
1884.5.1,1884,SCA,infantry,4
1884.5.1,1884,RUS,artillery,109
1884.5.1,1884,RUS,dragoon,6
1884.5.1,1884,RUS,hussar,1
1884.5.1,1884,RUS,infantry,270
1884.5.1,1884,GER,artillery,152
1884.5.1,1884,GER,hussar,20
1884.5.1,1884,GER,infantry,12
1884.5.1,1884,NET,artillery,5
1884.5.1,1884,NET,hussar,1
1884.5.1,1884,BEL,artillery,4
1884.5.1,1884,BEL,dragoon,2
1884.5.1,1884,BEL,guard,2
1884.5.1,1884,BEL,infantry,7
1884.5.1,1884,SPA,artillery,65
1884.5.1,1884,SPA,hussar,2
1884.5.1,1884,KUK,artillery,74
1884.5.1,1884,KUK,dragoon,16
1884.5.1,1884,KUK,infantry,2
1884.5.1,1884,CHL,artillery,50
1884.5.1,1884,CHL,dragoon,8
1884.5.1,1884,CHL,hussar,2
1884.5.1,1884,CHL,infantry,20
1884.5.1,1884,AST,artillery,33
1884.5.1,1884,AST,hussar,4
1884.5.1,1884,AST,infantry,39
1884.5.1,1884,WAL,artillery,18
1884.5.1,1884,WAL,hussar,2
1884.5.1,1884,WAL,infantry,1
1884.5.1,1884,SAR,artillery,40
1884.5.1,1884,SAR,guard,9
1884.5.1,1884,SAR,hussar,3
1884.5.1,1884,SIC,artillery,66
1884.5.1,1884,SIC,dragoon,14
1884.5.1,1884,TUR,artillery,21
1884.5.1,1884,TUR,hussar,6
1884.5.1,1884,TUR,infantry,2
1884.5.1,1884,MCK,cavalry,8
1884.5.1,1884,MCK,infantry,9
1884.5.1,1884,MCK,irregular,28
1884.5.1,1884,PER,artillery,30
1884.5.1,1884,PER,dragoon,1
1884.5.1,1884,PER,hussar,5
1884.5.1,1884,PER,infantry,15
1884.5.1,1884,JAS,dragoon,1
1884.5.1,1884,JAS,infantry,1
1884.5.1,1884,BIK,artillery,2
1884.5.1,1884,BIK,dragoon,1
1884.5.1,1884,BIK,infantry,2
1884.5.1,1884,MEW,dragoon,1
1884.5.1,1884,MEW,infantry,5
1884.5.1,1884,GWA,artillery,1
1884.5.1,1884,GWA,cuirassier,1
1884.5.1,1884,BUN,artillery,3
1884.5.1,1884,BUN,dragoon,1
1884.5.1,1884,BUN,infantry,3
1884.5.1,1884,BAS,dragoon,1
1884.5.1,1884,BAS,infantry,1
1884.5.1,1884,NEP,cavalry,1
1884.5.1,1884,NEP,irregular,5
1884.5.1,1884,SIK,irregular,1
1884.5.1,1884,BHU,irregular,1
1884.5.1,1884,MGL,cavalry,2
1884.5.1,1884,MGL,infantry,4
1884.5.1,1884,MGL,irregular,6
1884.5.1,1884,CHI,cavalry,73
1884.5.1,1884,CHI,infantry,90
1884.5.1,1884,CHI,irregular,281
1884.5.1,1884,GXI,cavalry,51
1884.5.1,1884,GXI,infantry,83
1884.5.1,1884,GXI,irregular,170
1884.5.1,1884,XBI,cavalry,4
1884.5.1,1884,XBI,infantry,2
1884.5.1,1884,XBI,irregular,30
1884.5.1,1884,YNN,cavalry,34
1884.5.1,1884,YNN,infantry,21
1884.5.1,1884,YNN,irregular,146
1884.5.1,1884,TIB,cavalry,3
1884.5.1,1884,TIB,infantry,5
1884.5.1,1884,TIB,irregular,6
1884.5.1,1884,XIN,cavalry,1
1884.5.1,1884,XIN,irregular,6
1884.5.1,1884,ALD,cuirassier,1
1884.5.1,1884,ALD,infantry,3
1884.5.1,1884,MEX,artillery,68
1884.5.1,1884,MEX,cavalry,1
1884.5.1,1884,MEX,infantry,1
1884.5.1,1884,BRZ,artillery,49
1884.5.1,1884,BRZ,dragoon,5
1884.5.1,1884,BRZ,infantry,15
1884.6.1,1884,USA,artillery,68
1884.6.1,1884,USA,hussar,8
1884.6.1,1884,ENG,artillery,293
1884.6.1,1884,ENG,cuirassier,2
1884.6.1,1884,ENG,hussar,19
1884.6.1,1884,ENG,infantry,62
1884.6.1,1884,FRA,artillery,130
1884.6.1,1884,FRA,dragoon,1
1884.6.1,1884,FRA,hussar,19
1884.6.1,1884,FRA,infantry,4
1884.6.1,1884,SCA,artillery,58
1884.6.1,1884,SCA,hussar,18
1884.6.1,1884,SCA,infantry,4
1884.6.1,1884,RUS,artillery,109
1884.6.1,1884,RUS,dragoon,6
1884.6.1,1884,RUS,hussar,1
1884.6.1,1884,RUS,infantry,270
1884.6.1,1884,GER,artillery,154
1884.6.1,1884,GER,hussar,20
1884.6.1,1884,GER,infantry,12
1884.6.1,1884,NET,artillery,5
1884.6.1,1884,NET,hussar,1
1884.6.1,1884,BEL,artillery,4
1884.6.1,1884,BEL,dragoon,2
1884.6.1,1884,BEL,guard,2
1884.6.1,1884,BEL,infantry,7
1884.6.1,1884,SPA,artillery,65
1884.6.1,1884,SPA,hussar,2
1884.6.1,1884,KUK,artillery,77
1884.6.1,1884,KUK,dragoon,17
1884.6.1,1884,KUK,infantry,2
1884.6.1,1884,CHL,artillery,50
1884.6.1,1884,CHL,dragoon,8
1884.6.1,1884,CHL,hussar,2
1884.6.1,1884,CHL,infantry,20
1884.6.1,1884,AST,artillery,33
1884.6.1,1884,AST,hussar,4
1884.6.1,1884,AST,infantry,16
1884.6.1,1884,WAL,artillery,18
1884.6.1,1884,WAL,hussar,2
1884.6.1,1884,WAL,infantry,1
1884.6.1,1884,SAR,artillery,40
1884.6.1,1884,SAR,guard,9
1884.6.1,1884,SAR,hussar,3
1884.6.1,1884,SIC,artillery,66
1884.6.1,1884,SIC,dragoon,14
1884.6.1,1884,TUR,artillery,21
1884.6.1,1884,TUR,hussar,6
1884.6.1,1884,TUR,infantry,2
1884.6.1,1884,MCK,cavalry,8
1884.6.1,1884,MCK,infantry,9
1884.6.1,1884,MCK,irregular,28
1884.6.1,1884,PER,artillery,30
1884.6.1,1884,PER,dragoon,1
1884.6.1,1884,PER,hussar,5
1884.6.1,1884,PER,infantry,15
1884.6.1,1884,JAS,dragoon,1
1884.6.1,1884,JAS,infantry,1
1884.6.1,1884,BIK,artillery,2
1884.6.1,1884,BIK,dragoon,1
1884.6.1,1884,BIK,infantry,2
1884.6.1,1884,MEW,dragoon,1
1884.6.1,1884,MEW,infantry,5
1884.6.1,1884,GWA,artillery,1
1884.6.1,1884,GWA,cuirassier,1
1884.6.1,1884,BUN,artillery,3
1884.6.1,1884,BUN,dragoon,1
1884.6.1,1884,BUN,infantry,3
1884.6.1,1884,BAS,dragoon,1
1884.6.1,1884,BAS,infantry,1
1884.6.1,1884,NEP,cavalry,1
1884.6.1,1884,NEP,irregular,5
1884.6.1,1884,SIK,irregular,1
1884.6.1,1884,BHU,irregular,1
1884.6.1,1884,MGL,cavalry,2
1884.6.1,1884,MGL,infantry,4
1884.6.1,1884,MGL,irregular,6
1884.6.1,1884,CHI,cavalry,73
1884.6.1,1884,CHI,infantry,90
1884.6.1,1884,CHI,irregular,282
1884.6.1,1884,GXI,cavalry,51
1884.6.1,1884,GXI,infantry,83
1884.6.1,1884,GXI,irregular,170
1884.6.1,1884,XBI,cavalry,4
1884.6.1,1884,XBI,infantry,2
1884.6.1,1884,XBI,irregular,30
1884.6.1,1884,YNN,cavalry,34
1884.6.1,1884,YNN,infantry,21
1884.6.1,1884,YNN,irregular,146
1884.6.1,1884,TIB,cavalry,3
1884.6.1,1884,TIB,infantry,5
1884.6.1,1884,TIB,irregular,6
1884.6.1,1884,XIN,cavalry,1
1884.6.1,1884,XIN,irregular,6
1884.6.1,1884,ALD,cuirassier,1
1884.6.1,1884,ALD,infantry,3
1884.6.1,1884,MEX,artillery,68
1884.6.1,1884,MEX,cavalry,1
1884.6.1,1884,MEX,infantry,1
1884.6.1,1884,BRZ,artillery,49
1884.6.1,1884,BRZ,dragoon,5
1884.6.1,1884,BRZ,infantry,15
1884.7.1,1884,USA,artillery,73
1884.7.1,1884,USA,hussar,8
1884.7.1,1884,ENG,artillery,294
1884.7.1,1884,ENG,cuirassier,2
1884.7.1,1884,ENG,hussar,19
1884.7.1,1884,ENG,infantry,62
1884.7.1,1884,FRA,artillery,130
1884.7.1,1884,FRA,dragoon,1
1884.7.1,1884,FRA,hussar,19
1884.7.1,1884,FRA,infantry,4
1884.7.1,1884,SCA,artillery,46
1884.7.1,1884,SCA,hussar,11
1884.7.1,1884,SCA,infantry,4
1884.7.1,1884,RUS,artillery,109
1884.7.1,1884,RUS,dragoon,6
1884.7.1,1884,RUS,hussar,1
1884.7.1,1884,RUS,infantry,270
1884.7.1,1884,GER,artillery,157
1884.7.1,1884,GER,hussar,20
1884.7.1,1884,GER,infantry,12
1884.7.1,1884,NET,artillery,5
1884.7.1,1884,NET,hussar,1
1884.7.1,1884,BEL,artillery,4
1884.7.1,1884,BEL,dragoon,2
1884.7.1,1884,BEL,guard,2
1884.7.1,1884,BEL,infantry,7
1884.7.1,1884,SPA,artillery,65
1884.7.1,1884,SPA,hussar,2
1884.7.1,1884,KUK,artillery,78
1884.7.1,1884,KUK,dragoon,17
1884.7.1,1884,KUK,infantry,2
1884.7.1,1884,CHL,artillery,50
1884.7.1,1884,CHL,dragoon,8
1884.7.1,1884,CHL,hussar,2
1884.7.1,1884,CHL,infantry,20
1884.7.1,1884,AST,artillery,33
1884.7.1,1884,AST,hussar,4
1884.7.1,1884,AST,infantry,16
1884.7.1,1884,WAL,artillery,18
1884.7.1,1884,WAL,hussar,2
1884.7.1,1884,WAL,infantry,1
1884.7.1,1884,SAR,artillery,40
1884.7.1,1884,SAR,guard,9
1884.7.1,1884,SAR,hussar,3
1884.7.1,1884,SIC,artillery,66
1884.7.1,1884,SIC,dragoon,14
1884.7.1,1884,TUR,artillery,21
1884.7.1,1884,TUR,hussar,6
1884.7.1,1884,TUR,infantry,2
1884.7.1,1884,MCK,cavalry,8
1884.7.1,1884,MCK,infantry,9
1884.7.1,1884,MCK,irregular,28
1884.7.1,1884,PER,artillery,30
1884.7.1,1884,PER,dragoon,1
1884.7.1,1884,PER,hussar,5
1884.7.1,1884,PER,infantry,15
1884.7.1,1884,JAS,dragoon,1
1884.7.1,1884,JAS,infantry,1
1884.7.1,1884,BIK,artillery,2
1884.7.1,1884,BIK,dragoon,1
1884.7.1,1884,BIK,infantry,2
1884.7.1,1884,MEW,dragoon,1
1884.7.1,1884,MEW,infantry,5
1884.7.1,1884,GWA,artillery,1
1884.7.1,1884,GWA,cuirassier,1
1884.7.1,1884,GWA,infantry,1
1884.7.1,1884,BUN,artillery,3
1884.7.1,1884,BUN,dragoon,1
1884.7.1,1884,BUN,infantry,3
1884.7.1,1884,BAS,dragoon,1
1884.7.1,1884,BAS,infantry,1
1884.7.1,1884,NEP,cavalry,1
1884.7.1,1884,NEP,irregular,5
1884.7.1,1884,SIK,irregular,1
1884.7.1,1884,BHU,irregular,1
1884.7.1,1884,MGL,cavalry,2
1884.7.1,1884,MGL,infantry,4
1884.7.1,1884,MGL,irregular,6
1884.7.1,1884,CHI,cavalry,73
1884.7.1,1884,CHI,infantry,90
1884.7.1,1884,CHI,irregular,283
1884.7.1,1884,GXI,cavalry,51
1884.7.1,1884,GXI,infantry,83
1884.7.1,1884,GXI,irregular,170
1884.7.1,1884,XBI,cavalry,4
1884.7.1,1884,XBI,infantry,2
1884.7.1,1884,XBI,irregular,30
1884.7.1,1884,YNN,cavalry,34
1884.7.1,1884,YNN,infantry,21
1884.7.1,1884,YNN,irregular,146
1884.7.1,1884,TIB,cavalry,3
1884.7.1,1884,TIB,infantry,5
1884.7.1,1884,TIB,irregular,6
1884.7.1,1884,XIN,cavalry,1
1884.7.1,1884,XIN,irregular,6
1884.7.1,1884,ALD,cuirassier,1
1884.7.1,1884,ALD,infantry,3
1884.7.1,1884,MEX,artillery,68
1884.7.1,1884,MEX,cavalry,1
1884.7.1,1884,MEX,infantry,1
1884.7.1,1884,BRZ,artillery,49
1884.7.1,1884,BRZ,dragoon,5
1884.7.1,1884,BRZ,infantry,15
1884.8.1,1884,USA,artillery,77
1884.8.1,1884,USA,hussar,8
1884.8.1,1884,ENG,artillery,295
1884.8.1,1884,ENG,cuirassier,2
1884.8.1,1884,ENG,hussar,19
1884.8.1,1884,ENG,infantry,62
1884.8.1,1884,FRA,artillery,130
1884.8.1,1884,FRA,dragoon,1
1884.8.1,1884,FRA,hussar,22
1884.8.1,1884,FRA,infantry,4
1884.8.1,1884,SCA,artillery,46
1884.8.1,1884,SCA,guard,1
1884.8.1,1884,SCA,hussar,11
1884.8.1,1884,SCA,infantry,4
1884.8.1,1884,RUS,artillery,109
1884.8.1,1884,RUS,dragoon,6
1884.8.1,1884,RUS,hussar,1
1884.8.1,1884,RUS,infantry,270
1884.8.1,1884,GER,artillery,160
1884.8.1,1884,GER,hussar,20
1884.8.1,1884,GER,infantry,12
1884.8.1,1884,NET,artillery,5
1884.8.1,1884,NET,hussar,1
1884.8.1,1884,BEL,artillery,4
1884.8.1,1884,BEL,dragoon,2
1884.8.1,1884,BEL,guard,2
1884.8.1,1884,BEL,infantry,7
1884.8.1,1884,SPA,artillery,65
1884.8.1,1884,SPA,hussar,2
1884.8.1,1884,KUK,artillery,82
1884.8.1,1884,KUK,dragoon,17
1884.8.1,1884,KUK,infantry,2
1884.8.1,1884,CHL,artillery,50
1884.8.1,1884,CHL,dragoon,8
1884.8.1,1884,CHL,hussar,2
1884.8.1,1884,CHL,infantry,20
1884.8.1,1884,AST,artillery,33
1884.8.1,1884,AST,hussar,4
1884.8.1,1884,AST,infantry,16
1884.8.1,1884,WAL,artillery,18
1884.8.1,1884,WAL,hussar,2
1884.8.1,1884,WAL,infantry,1
1884.8.1,1884,SAR,artillery,40
1884.8.1,1884,SAR,guard,9
1884.8.1,1884,SAR,hussar,3
1884.8.1,1884,SIC,artillery,66
1884.8.1,1884,SIC,dragoon,14
1884.8.1,1884,TUR,artillery,21
1884.8.1,1884,TUR,hussar,6
1884.8.1,1884,TUR,infantry,2
1884.8.1,1884,MCK,cavalry,8
1884.8.1,1884,MCK,infantry,9
1884.8.1,1884,MCK,irregular,28
1884.8.1,1884,PER,artillery,30
1884.8.1,1884,PER,dragoon,1
1884.8.1,1884,PER,hussar,5
1884.8.1,1884,PER,infantry,15
1884.8.1,1884,JAS,dragoon,1
1884.8.1,1884,JAS,infantry,1
1884.8.1,1884,BIK,artillery,2
1884.8.1,1884,BIK,dragoon,1
1884.8.1,1884,BIK,infantry,2
1884.8.1,1884,MEW,dragoon,1
1884.8.1,1884,MEW,infantry,5
1884.8.1,1884,GWA,artillery,1
1884.8.1,1884,GWA,cuirassier,1
1884.8.1,1884,GWA,infantry,1
1884.8.1,1884,BUN,artillery,3
1884.8.1,1884,BUN,dragoon,1
1884.8.1,1884,BUN,infantry,3
1884.8.1,1884,BAS,dragoon,1
1884.8.1,1884,BAS,infantry,1
1884.8.1,1884,NEP,cavalry,1
1884.8.1,1884,NEP,irregular,5
1884.8.1,1884,SIK,irregular,1
1884.8.1,1884,BHU,irregular,1
1884.8.1,1884,MGL,cavalry,2
1884.8.1,1884,MGL,infantry,4
1884.8.1,1884,MGL,irregular,6
1884.8.1,1884,CHI,cavalry,73
1884.8.1,1884,CHI,infantry,91
1884.8.1,1884,CHI,irregular,284
1884.8.1,1884,GXI,cavalry,51
1884.8.1,1884,GXI,infantry,83
1884.8.1,1884,GXI,irregular,170
1884.8.1,1884,XBI,cavalry,4
1884.8.1,1884,XBI,infantry,2
1884.8.1,1884,XBI,irregular,30
1884.8.1,1884,YNN,cavalry,34
1884.8.1,1884,YNN,infantry,22
1884.8.1,1884,YNN,irregular,146
1884.8.1,1884,TIB,cavalry,3
1884.8.1,1884,TIB,infantry,5
1884.8.1,1884,TIB,irregular,6
1884.8.1,1884,XIN,cavalry,1
1884.8.1,1884,XIN,irregular,6
1884.8.1,1884,ALD,cuirassier,1
1884.8.1,1884,ALD,infantry,3
1884.8.1,1884,MEX,artillery,68
1884.8.1,1884,MEX,cavalry,1
1884.8.1,1884,MEX,infantry,1
1884.8.1,1884,BRZ,artillery,49
1884.8.1,1884,BRZ,dragoon,5
1884.8.1,1884,BRZ,infantry,15
1884.9.1,1884,USA,artillery,79
1884.9.1,1884,USA,hussar,8
1884.9.1,1884,ENG,artillery,298
1884.9.1,1884,ENG,cuirassier,2
1884.9.1,1884,ENG,hussar,19
1884.9.1,1884,ENG,infantry,62
1884.9.1,1884,FRA,artillery,130
1884.9.1,1884,FRA,dragoon,1
1884.9.1,1884,FRA,hussar,22
1884.9.1,1884,FRA,infantry,4
1884.9.1,1884,SCA,artillery,46
1884.9.1,1884,SCA,guard,4
1884.9.1,1884,SCA,hussar,11
1884.9.1,1884,SCA,infantry,4
1884.9.1,1884,RUS,artillery,109
1884.9.1,1884,RUS,dragoon,6
1884.9.1,1884,RUS,hussar,1
1884.9.1,1884,RUS,infantry,270
1884.9.1,1884,GER,artillery,160
1884.9.1,1884,GER,hussar,21
1884.9.1,1884,GER,infantry,12
1884.9.1,1884,NET,artillery,5
1884.9.1,1884,NET,hussar,1
1884.9.1,1884,BEL,artillery,4
1884.9.1,1884,BEL,dragoon,2
1884.9.1,1884,BEL,guard,2
1884.9.1,1884,BEL,infantry,7
1884.9.1,1884,SPA,artillery,65
1884.9.1,1884,SPA,hussar,2
1884.9.1,1884,KUK,artillery,83
1884.9.1,1884,KUK,dragoon,17
1884.9.1,1884,KUK,infantry,2
1884.9.1,1884,CHL,artillery,50
1884.9.1,1884,CHL,dragoon,8
1884.9.1,1884,CHL,hussar,2
1884.9.1,1884,CHL,infantry,20
1884.9.1,1884,AST,artillery,33
1884.9.1,1884,AST,hussar,4
1884.9.1,1884,AST,infantry,16
1884.9.1,1884,WAL,artillery,18
1884.9.1,1884,WAL,hussar,2
1884.9.1,1884,WAL,infantry,1
1884.9.1,1884,SAR,artillery,40
1884.9.1,1884,SAR,guard,9
1884.9.1,1884,SAR,hussar,3
1884.9.1,1884,SIC,artillery,66
1884.9.1,1884,SIC,dragoon,14
1884.9.1,1884,TUR,artillery,21
1884.9.1,1884,TUR,hussar,6
1884.9.1,1884,TUR,infantry,2
1884.9.1,1884,MCK,cavalry,8
1884.9.1,1884,MCK,infantry,9
1884.9.1,1884,MCK,irregular,28
1884.9.1,1884,PER,artillery,30
1884.9.1,1884,PER,dragoon,1
1884.9.1,1884,PER,hussar,5
1884.9.1,1884,PER,infantry,15
1884.9.1,1884,JAS,dragoon,1
1884.9.1,1884,JAS,infantry,1
1884.9.1,1884,BIK,artillery,2
1884.9.1,1884,BIK,dragoon,1
1884.9.1,1884,BIK,infantry,2
1884.9.1,1884,MEW,dragoon,1
1884.9.1,1884,MEW,infantry,5
1884.9.1,1884,GWA,artillery,1
1884.9.1,1884,GWA,cuirassier,1
1884.9.1,1884,GWA,infantry,1
1884.9.1,1884,BUN,artillery,3
1884.9.1,1884,BUN,dragoon,1
1884.9.1,1884,BUN,infantry,3
1884.9.1,1884,BAS,dragoon,1
1884.9.1,1884,BAS,infantry,1
1884.9.1,1884,NEP,cavalry,1
1884.9.1,1884,NEP,irregular,5
1884.9.1,1884,SIK,irregular,1
1884.9.1,1884,BHU,irregular,1
1884.9.1,1884,MGL,cavalry,2
1884.9.1,1884,MGL,infantry,4
1884.9.1,1884,MGL,irregular,6
1884.9.1,1884,CHI,cavalry,73
1884.9.1,1884,CHI,infantry,91
1884.9.1,1884,CHI,irregular,284
1884.9.1,1884,GXI,cavalry,51
1884.9.1,1884,GXI,infantry,83
1884.9.1,1884,GXI,irregular,170
1884.9.1,1884,XBI,cavalry,4
1884.9.1,1884,XBI,infantry,2
1884.9.1,1884,XBI,irregular,30
1884.9.1,1884,YNN,cavalry,34
1884.9.1,1884,YNN,infantry,22
1884.9.1,1884,YNN,irregular,147
1884.9.1,1884,TIB,cavalry,3
1884.9.1,1884,TIB,infantry,5
1884.9.1,1884,TIB,irregular,6
1884.9.1,1884,XIN,cavalry,1
1884.9.1,1884,XIN,irregular,6
1884.9.1,1884,ALD,cuirassier,1
1884.9.1,1884,ALD,infantry,3
1884.9.1,1884,MEX,artillery,68
1884.9.1,1884,MEX,cavalry,1
1884.9.1,1884,MEX,infantry,1
1884.9.1,1884,BRZ,artillery,49
1884.9.1,1884,BRZ,dragoon,5
1884.9.1,1884,BRZ,infantry,15
1884.10.1,1884,USA,artillery,80
1884.10.1,1884,USA,hussar,8
1884.10.1,1884,ENG,artillery,301
1884.10.1,1884,ENG,cuirassier,2
1884.10.1,1884,ENG,hussar,19
1884.10.1,1884,ENG,infantry,63
1884.10.1,1884,FRA,artillery,130
1884.10.1,1884,FRA,dragoon,1
1884.10.1,1884,FRA,hussar,22
1884.10.1,1884,FRA,infantry,4
1884.10.1,1884,SCA,artillery,46
1884.10.1,1884,SCA,guard,7
1884.10.1,1884,SCA,hussar,11
1884.10.1,1884,SCA,infantry,4
1884.10.1,1884,RUS,artillery,109
1884.10.1,1884,RUS,dragoon,6
1884.10.1,1884,RUS,hussar,1
1884.10.1,1884,RUS,infantry,270
1884.10.1,1884,GER,artillery,160
1884.10.1,1884,GER,hussar,22
1884.10.1,1884,GER,infantry,12
1884.10.1,1884,NET,artillery,5
1884.10.1,1884,NET,hussar,1
1884.10.1,1884,BEL,artillery,4
1884.10.1,1884,BEL,dragoon,2
1884.10.1,1884,BEL,guard,2
1884.10.1,1884,BEL,infantry,7
1884.10.1,1884,SPA,artillery,65
1884.10.1,1884,SPA,hussar,2
1884.10.1,1884,KUK,artillery,83
1884.10.1,1884,KUK,dragoon,19
1884.10.1,1884,KUK,infantry,2
1884.10.1,1884,CHL,artillery,50
1884.10.1,1884,CHL,dragoon,8
1884.10.1,1884,CHL,hussar,2
1884.10.1,1884,CHL,infantry,20
1884.10.1,1884,AST,artillery,33
1884.10.1,1884,AST,hussar,4
1884.10.1,1884,AST,infantry,16
1884.10.1,1884,WAL,artillery,18
1884.10.1,1884,WAL,hussar,2
1884.10.1,1884,WAL,infantry,1
1884.10.1,1884,SAR,artillery,40
1884.10.1,1884,SAR,guard,9
1884.10.1,1884,SAR,hussar,3
1884.10.1,1884,SIC,artillery,77
1884.10.1,1884,SIC,dragoon,14
1884.10.1,1884,TUR,artillery,21
1884.10.1,1884,TUR,hussar,6
1884.10.1,1884,TUR,infantry,2
1884.10.1,1884,MCK,cavalry,8
1884.10.1,1884,MCK,infantry,9
1884.10.1,1884,MCK,irregular,28
1884.10.1,1884,PER,artillery,30
1884.10.1,1884,PER,dragoon,1
1884.10.1,1884,PER,hussar,5
1884.10.1,1884,PER,infantry,15
1884.10.1,1884,JAS,dragoon,1
1884.10.1,1884,JAS,infantry,1
1884.10.1,1884,BIK,artillery,2
1884.10.1,1884,BIK,dragoon,1
1884.10.1,1884,BIK,infantry,2
1884.10.1,1884,MEW,dragoon,1
1884.10.1,1884,MEW,infantry,5
1884.10.1,1884,GWA,artillery,1
1884.10.1,1884,GWA,cuirassier,1
1884.10.1,1884,GWA,infantry,1
1884.10.1,1884,BUN,artillery,3
1884.10.1,1884,BUN,dragoon,1
1884.10.1,1884,BUN,infantry,3
1884.10.1,1884,BAS,dragoon,1
1884.10.1,1884,BAS,infantry,1
1884.10.1,1884,NEP,cavalry,1
1884.10.1,1884,NEP,irregular,5
1884.10.1,1884,SIK,irregular,1
1884.10.1,1884,BHU,irregular,1
1884.10.1,1884,MGL,cavalry,2
1884.10.1,1884,MGL,infantry,4
1884.10.1,1884,MGL,irregular,6
1884.10.1,1884,CHI,cavalry,73
1884.10.1,1884,CHI,infantry,91
1884.10.1,1884,CHI,irregular,284
1884.10.1,1884,GXI,cavalry,51
1884.10.1,1884,GXI,infantry,83
1884.10.1,1884,GXI,irregular,170
1884.10.1,1884,XBI,cavalry,4
1884.10.1,1884,XBI,infantry,2
1884.10.1,1884,XBI,irregular,30
1884.10.1,1884,YNN,cavalry,34
1884.10.1,1884,YNN,infantry,22
1884.10.1,1884,YNN,irregular,147
1884.10.1,1884,TIB,cavalry,3
1884.10.1,1884,TIB,infantry,5
1884.10.1,1884,TIB,irregular,6
1884.10.1,1884,XIN,cavalry,1
1884.10.1,1884,XIN,irregular,6
1884.10.1,1884,ALD,infantry,3
1884.10.1,1884,MEX,artillery,68
1884.10.1,1884,MEX,cavalry,1
1884.10.1,1884,MEX,infantry,1
1884.10.1,1884,BRZ,artillery,49
1884.10.1,1884,BRZ,dragoon,5
1884.10.1,1884,BRZ,infantry,15
1884.11.1,1884,USA,artillery,82
1884.11.1,1884,USA,hussar,8
1884.11.1,1884,ENG,artillery,304
1884.11.1,1884,ENG,cuirassier,2
1884.11.1,1884,ENG,hussar,19
1884.11.1,1884,ENG,infantry,63
1884.11.1,1884,FRA,artillery,130
1884.11.1,1884,FRA,dragoon,1
1884.11.1,1884,FRA,hussar,22
1884.11.1,1884,FRA,infantry,4
1884.11.1,1884,SCA,artillery,46
1884.11.1,1884,SCA,guard,9
1884.11.1,1884,SCA,hussar,11
1884.11.1,1884,SCA,infantry,4
1884.11.1,1884,RUS,artillery,109
1884.11.1,1884,RUS,dragoon,6
1884.11.1,1884,RUS,hussar,1
1884.11.1,1884,RUS,infantry,270
1884.11.1,1884,GER,artillery,160
1884.11.1,1884,GER,hussar,22
1884.11.1,1884,GER,infantry,12
1884.11.1,1884,NET,artillery,5
1884.11.1,1884,NET,hussar,1
1884.11.1,1884,BEL,artillery,4
1884.11.1,1884,BEL,dragoon,2
1884.11.1,1884,BEL,guard,2
1884.11.1,1884,BEL,infantry,7
1884.11.1,1884,SPA,artillery,65
1884.11.1,1884,SPA,hussar,2
1884.11.1,1884,KUK,artillery,84
1884.11.1,1884,KUK,dragoon,19
1884.11.1,1884,KUK,infantry,2
1884.11.1,1884,CHL,artillery,50
1884.11.1,1884,CHL,dragoon,8
1884.11.1,1884,CHL,hussar,2
1884.11.1,1884,CHL,infantry,20
1884.11.1,1884,AST,artillery,33
1884.11.1,1884,AST,hussar,4
1884.11.1,1884,AST,infantry,16
1884.11.1,1884,WAL,artillery,18
1884.11.1,1884,WAL,hussar,2
1884.11.1,1884,WAL,infantry,1
1884.11.1,1884,SAR,artillery,40
1884.11.1,1884,SAR,guard,9
1884.11.1,1884,SAR,hussar,3
1884.11.1,1884,SIC,artillery,76
1884.11.1,1884,SIC,dragoon,14
1884.11.1,1884,TUR,artillery,21
1884.11.1,1884,TUR,hussar,6
1884.11.1,1884,TUR,infantry,3
1884.11.1,1884,MCK,cavalry,8
1884.11.1,1884,MCK,infantry,9
1884.11.1,1884,MCK,irregular,28
1884.11.1,1884,PER,artillery,30
1884.11.1,1884,PER,dragoon,1
1884.11.1,1884,PER,hussar,5
1884.11.1,1884,PER,infantry,15
1884.11.1,1884,JAS,dragoon,1
1884.11.1,1884,JAS,infantry,1
1884.11.1,1884,BIK,artillery,2
1884.11.1,1884,BIK,dragoon,1
1884.11.1,1884,BIK,infantry,2
1884.11.1,1884,MEW,dragoon,1
1884.11.1,1884,MEW,infantry,5
1884.11.1,1884,GWA,artillery,1
1884.11.1,1884,GWA,cuirassier,1
1884.11.1,1884,GWA,infantry,1
1884.11.1,1884,BUN,artillery,3
1884.11.1,1884,BUN,dragoon,1
1884.11.1,1884,BUN,infantry,3
1884.11.1,1884,BAS,dragoon,1
1884.11.1,1884,BAS,infantry,1
1884.11.1,1884,NEP,cavalry,1
1884.11.1,1884,NEP,irregular,5
1884.11.1,1884,SIK,irregular,1
1884.11.1,1884,BHU,irregular,1
1884.11.1,1884,MGL,cavalry,2
1884.11.1,1884,MGL,infantry,4
1884.11.1,1884,MGL,irregular,6
1884.11.1,1884,CHI,cavalry,73
1884.11.1,1884,CHI,infantry,92
1884.11.1,1884,CHI,irregular,284
1884.11.1,1884,GXI,cavalry,51
1884.11.1,1884,GXI,infantry,83
1884.11.1,1884,GXI,irregular,170
1884.11.1,1884,XBI,cavalry,4
1884.11.1,1884,XBI,infantry,2
1884.11.1,1884,XBI,irregular,30
1884.11.1,1884,YNN,cavalry,34
1884.11.1,1884,YNN,infantry,22
1884.11.1,1884,YNN,irregular,147
1884.11.1,1884,TIB,cavalry,3
1884.11.1,1884,TIB,infantry,5
1884.11.1,1884,TIB,irregular,6
1884.11.1,1884,XIN,cavalry,1
1884.11.1,1884,XIN,irregular,6
1884.11.1,1884,ALD,infantry,3
1884.11.1,1884,MEX,artillery,68
1884.11.1,1884,MEX,cavalry,1
1884.11.1,1884,MEX,infantry,1
1884.11.1,1884,BRZ,artillery,49
1884.11.1,1884,BRZ,dragoon,5
1884.11.1,1884,BRZ,infantry,15
1884.12.1,1884,USA,artillery,84
1884.12.1,1884,USA,hussar,8
1884.12.1,1884,ENG,artillery,306
1884.12.1,1884,ENG,cuirassier,2
1884.12.1,1884,ENG,hussar,22
1884.12.1,1884,ENG,infantry,66
1884.12.1,1884,FRA,artillery,130
1884.12.1,1884,FRA,dragoon,1
1884.12.1,1884,FRA,hussar,22
1884.12.1,1884,FRA,infantry,4
1884.12.1,1884,SCA,artillery,46
1884.12.1,1884,SCA,guard,12
1884.12.1,1884,SCA,hussar,11
1884.12.1,1884,SCA,infantry,4
1884.12.1,1884,RUS,artillery,109
1884.12.1,1884,RUS,dragoon,6
1884.12.1,1884,RUS,hussar,1
1884.12.1,1884,RUS,infantry,270
1884.12.1,1884,GER,artillery,160
1884.12.1,1884,GER,hussar,22
1884.12.1,1884,GER,infantry,12
1884.12.1,1884,NET,artillery,5
1884.12.1,1884,NET,hussar,1
1884.12.1,1884,BEL,artillery,4
1884.12.1,1884,BEL,dragoon,2
1884.12.1,1884,BEL,guard,2
1884.12.1,1884,BEL,infantry,7
1884.12.1,1884,SPA,artillery,65
1884.12.1,1884,SPA,hussar,2
1884.12.1,1884,KUK,artillery,84
1884.12.1,1884,KUK,dragoon,19
1884.12.1,1884,KUK,infantry,2
1884.12.1,1884,CHL,artillery,50
1884.12.1,1884,CHL,dragoon,8
1884.12.1,1884,CHL,hussar,2
1884.12.1,1884,CHL,infantry,20
1884.12.1,1884,AST,artillery,33
1884.12.1,1884,AST,hussar,4
1884.12.1,1884,AST,infantry,16
1884.12.1,1884,WAL,artillery,18
1884.12.1,1884,WAL,hussar,2
1884.12.1,1884,WAL,infantry,1
1884.12.1,1884,SAR,artillery,40
1884.12.1,1884,SAR,guard,9
1884.12.1,1884,SAR,hussar,3
1884.12.1,1884,SIC,artillery,76
1884.12.1,1884,SIC,dragoon,14
1884.12.1,1884,TUR,artillery,21
1884.12.1,1884,TUR,hussar,6
1884.12.1,1884,TUR,infantry,5
1884.12.1,1884,MCK,cavalry,8
1884.12.1,1884,MCK,infantry,9
1884.12.1,1884,MCK,irregular,28
1884.12.1,1884,PER,artillery,30
1884.12.1,1884,PER,dragoon,1
1884.12.1,1884,PER,hussar,5
1884.12.1,1884,PER,infantry,15
1884.12.1,1884,JAS,dragoon,1
1884.12.1,1884,JAS,infantry,1
1884.12.1,1884,BIK,artillery,2
1884.12.1,1884,BIK,dragoon,1
1884.12.1,1884,BIK,infantry,2
1884.12.1,1884,MEW,dragoon,1
1884.12.1,1884,MEW,infantry,5
1884.12.1,1884,GWA,artillery,1
1884.12.1,1884,GWA,cuirassier,1
1884.12.1,1884,GWA,infantry,1
1884.12.1,1884,BUN,artillery,3
1884.12.1,1884,BUN,dragoon,1
1884.12.1,1884,BUN,infantry,3
1884.12.1,1884,BAS,dragoon,1
1884.12.1,1884,BAS,infantry,1
1884.12.1,1884,NEP,cavalry,1
1884.12.1,1884,NEP,irregular,5
1884.12.1,1884,SIK,irregular,1
1884.12.1,1884,BHU,irregular,1
1884.12.1,1884,MGL,cavalry,2
1884.12.1,1884,MGL,infantry,4
1884.12.1,1884,MGL,irregular,6
1884.12.1,1884,CHI,cavalry,74
1884.12.1,1884,CHI,infantry,92
1884.12.1,1884,CHI,irregular,284
1884.12.1,1884,GXI,cavalry,51
1884.12.1,1884,GXI,infantry,83
1884.12.1,1884,GXI,irregular,170
1884.12.1,1884,XBI,cavalry,4
1884.12.1,1884,XBI,infantry,2
1884.12.1,1884,XBI,irregular,30
1884.12.1,1884,YNN,cavalry,34
1884.12.1,1884,YNN,infantry,22
1884.12.1,1884,YNN,irregular,147
1884.12.1,1884,TIB,cavalry,3
1884.12.1,1884,TIB,infantry,5
1884.12.1,1884,TIB,irregular,6
1884.12.1,1884,XIN,cavalry,1
1884.12.1,1884,XIN,irregular,6
1884.12.1,1884,ALD,infantry,3
1884.12.1,1884,MEX,artillery,68
1884.12.1,1884,MEX,cavalry,1
1884.12.1,1884,MEX,infantry,1
1884.12.1,1884,BRZ,artillery,49
1884.12.1,1884,BRZ,dragoon,5
1884.12.1,1884,BRZ,infantry,17
1885.1.1,1885,USA,artillery,85
1885.1.1,1885,USA,hussar,8
1885.1.1,1885,ENG,artillery,307
1885.1.1,1885,ENG,cuirassier,2
1885.1.1,1885,ENG,hussar,22
1885.1.1,1885,ENG,infantry,68
1885.1.1,1885,FRA,artillery,130
1885.1.1,1885,FRA,dragoon,1
1885.1.1,1885,FRA,hussar,22
1885.1.1,1885,FRA,infantry,4
1885.1.1,1885,SCA,artillery,66
1885.1.1,1885,SCA,guard,15
1885.1.1,1885,SCA,hussar,11
1885.1.1,1885,SCA,infantry,4
1885.1.1,1885,RUS,artillery,109
1885.1.1,1885,RUS,dragoon,6
1885.1.1,1885,RUS,hussar,1
1885.1.1,1885,RUS,infantry,270
1885.1.1,1885,GER,artillery,160
1885.1.1,1885,GER,hussar,22
1885.1.1,1885,GER,infantry,12
1885.1.1,1885,NET,artillery,5
1885.1.1,1885,NET,hussar,1
1885.1.1,1885,BEL,artillery,5
1885.1.1,1885,BEL,dragoon,2
1885.1.1,1885,BEL,guard,2
1885.1.1,1885,BEL,infantry,8
1885.1.1,1885,SPA,artillery,65
1885.1.1,1885,SPA,hussar,2
1885.1.1,1885,KUK,artillery,84
1885.1.1,1885,KUK,dragoon,19
1885.1.1,1885,KUK,infantry,2
1885.1.1,1885,CHL,artillery,50
1885.1.1,1885,CHL,dragoon,8
1885.1.1,1885,CHL,hussar,2
1885.1.1,1885,CHL,infantry,20
1885.1.1,1885,AST,artillery,33
1885.1.1,1885,AST,hussar,4
1885.1.1,1885,AST,infantry,16
1885.1.1,1885,WAL,artillery,18
1885.1.1,1885,WAL,hussar,2
1885.1.1,1885,WAL,infantry,1
1885.1.1,1885,SAR,artillery,40
1885.1.1,1885,SAR,guard,9
1885.1.1,1885,SAR,hussar,3
1885.1.1,1885,SIC,artillery,76
1885.1.1,1885,SIC,dragoon,14
1885.1.1,1885,TUR,artillery,22
1885.1.1,1885,TUR,hussar,7
1885.1.1,1885,TUR,infantry,9
1885.1.1,1885,MCK,cavalry,8
1885.1.1,1885,MCK,infantry,9
1885.1.1,1885,MCK,irregular,28
1885.1.1,1885,PER,artillery,30
1885.1.1,1885,PER,dragoon,1
1885.1.1,1885,PER,hussar,5
1885.1.1,1885,PER,infantry,15
1885.1.1,1885,JAS,dragoon,1
1885.1.1,1885,JAS,infantry,1
1885.1.1,1885,BIK,artillery,2
1885.1.1,1885,BIK,dragoon,1
1885.1.1,1885,BIK,infantry,2
1885.1.1,1885,MEW,dragoon,1
1885.1.1,1885,MEW,infantry,5
1885.1.1,1885,GWA,artillery,1
1885.1.1,1885,GWA,cuirassier,1
1885.1.1,1885,GWA,infantry,1
1885.1.1,1885,BUN,artillery,3
1885.1.1,1885,BUN,dragoon,1
1885.1.1,1885,BUN,infantry,3
1885.1.1,1885,BAS,dragoon,1
1885.1.1,1885,BAS,infantry,1
1885.1.1,1885,NEP,cavalry,1
1885.1.1,1885,NEP,irregular,5
1885.1.1,1885,SIK,irregular,1
1885.1.1,1885,BHU,irregular,1
1885.1.1,1885,MGL,cavalry,2
1885.1.1,1885,MGL,infantry,4
1885.1.1,1885,MGL,irregular,6
1885.1.1,1885,CHI,cavalry,74
1885.1.1,1885,CHI,infantry,93
1885.1.1,1885,CHI,irregular,284
1885.1.1,1885,GXI,cavalry,51
1885.1.1,1885,GXI,infantry,84
1885.1.1,1885,GXI,irregular,170
1885.1.1,1885,XBI,cavalry,4
1885.1.1,1885,XBI,infantry,2
1885.1.1,1885,XBI,irregular,30
1885.1.1,1885,YNN,cavalry,34
1885.1.1,1885,YNN,infantry,23
1885.1.1,1885,YNN,irregular,147
1885.1.1,1885,TIB,cavalry,3
1885.1.1,1885,TIB,infantry,5
1885.1.1,1885,TIB,irregular,6
1885.1.1,1885,XIN,cavalry,1
1885.1.1,1885,XIN,irregular,6
1885.1.1,1885,ALD,infantry,3
1885.1.1,1885,MEX,artillery,68
1885.1.1,1885,MEX,cavalry,1
1885.1.1,1885,MEX,infantry,1
1885.1.1,1885,BRZ,artillery,49
1885.1.1,1885,BRZ,dragoon,5
1885.1.1,1885,BRZ,infantry,17
1885.2.1,1885,USA,artillery,86
1885.2.1,1885,USA,hussar,8
1885.2.1,1885,ENG,artillery,308
1885.2.1,1885,ENG,cuirassier,2
1885.2.1,1885,ENG,hussar,22
1885.2.1,1885,ENG,infantry,68
1885.2.1,1885,FRA,artillery,130
1885.2.1,1885,FRA,dragoon,1
1885.2.1,1885,FRA,hussar,22
1885.2.1,1885,FRA,infantry,4
1885.2.1,1885,SCA,artillery,67
1885.2.1,1885,SCA,guard,17
1885.2.1,1885,SCA,hussar,11
1885.2.1,1885,SCA,infantry,4
1885.2.1,1885,RUS,artillery,109
1885.2.1,1885,RUS,dragoon,5
1885.2.1,1885,RUS,hussar,1
1885.2.1,1885,RUS,infantry,270
1885.2.1,1885,GER,artillery,160
1885.2.1,1885,GER,hussar,22
1885.2.1,1885,GER,infantry,12
1885.2.1,1885,NET,artillery,5
1885.2.1,1885,NET,hussar,1
1885.2.1,1885,BEL,artillery,8
1885.2.1,1885,BEL,dragoon,2
1885.2.1,1885,BEL,guard,2
1885.2.1,1885,BEL,infantry,7
1885.2.1,1885,SPA,artillery,65
1885.2.1,1885,SPA,hussar,2
1885.2.1,1885,KUK,artillery,85
1885.2.1,1885,KUK,dragoon,19
1885.2.1,1885,KUK,infantry,2
1885.2.1,1885,CHL,artillery,50
1885.2.1,1885,CHL,dragoon,8
1885.2.1,1885,CHL,hussar,2
1885.2.1,1885,CHL,infantry,20
1885.2.1,1885,AST,artillery,33
1885.2.1,1885,AST,hussar,4
1885.2.1,1885,AST,infantry,16
1885.2.1,1885,WAL,artillery,18
1885.2.1,1885,WAL,hussar,2
1885.2.1,1885,WAL,infantry,1
1885.2.1,1885,SAR,artillery,40
1885.2.1,1885,SAR,guard,9
1885.2.1,1885,SAR,hussar,3
1885.2.1,1885,SIC,artillery,76
1885.2.1,1885,SIC,dragoon,14
1885.2.1,1885,TUR,artillery,23
1885.2.1,1885,TUR,hussar,7
1885.2.1,1885,TUR,infantry,11
1885.2.1,1885,MCK,cavalry,8
1885.2.1,1885,MCK,infantry,9
1885.2.1,1885,MCK,irregular,28
1885.2.1,1885,PER,artillery,30
1885.2.1,1885,PER,dragoon,1
1885.2.1,1885,PER,hussar,5
1885.2.1,1885,PER,infantry,15
1885.2.1,1885,JAS,dragoon,1
1885.2.1,1885,JAS,infantry,1
1885.2.1,1885,BIK,artillery,2
1885.2.1,1885,BIK,dragoon,1
1885.2.1,1885,BIK,infantry,2
1885.2.1,1885,MEW,dragoon,1
1885.2.1,1885,MEW,infantry,5
1885.2.1,1885,GWA,artillery,1
1885.2.1,1885,GWA,cuirassier,1
1885.2.1,1885,GWA,infantry,1
1885.2.1,1885,BUN,artillery,3
1885.2.1,1885,BUN,dragoon,1
1885.2.1,1885,BUN,infantry,3
1885.2.1,1885,BAS,dragoon,1
1885.2.1,1885,BAS,infantry,1
1885.2.1,1885,NEP,cavalry,1
1885.2.1,1885,NEP,irregular,5
1885.2.1,1885,SIK,irregular,1
1885.2.1,1885,BHU,irregular,1
1885.2.1,1885,MGL,cavalry,2
1885.2.1,1885,MGL,infantry,4
1885.2.1,1885,MGL,irregular,6
1885.2.1,1885,CHI,cavalry,74
1885.2.1,1885,CHI,infantry,93
1885.2.1,1885,CHI,irregular,284
1885.2.1,1885,GXI,cavalry,51
1885.2.1,1885,GXI,infantry,84
1885.2.1,1885,GXI,irregular,170
1885.2.1,1885,XBI,cavalry,4
1885.2.1,1885,XBI,infantry,2
1885.2.1,1885,XBI,irregular,30
1885.2.1,1885,YNN,cavalry,34
1885.2.1,1885,YNN,infantry,23
1885.2.1,1885,YNN,irregular,147
1885.2.1,1885,TIB,cavalry,3
1885.2.1,1885,TIB,infantry,5
1885.2.1,1885,TIB,irregular,6
1885.2.1,1885,XIN,cavalry,1
1885.2.1,1885,XIN,irregular,6
1885.2.1,1885,ALD,infantry,3
1885.2.1,1885,MEX,artillery,68
1885.2.1,1885,MEX,cavalry,1
1885.2.1,1885,MEX,infantry,1
1885.2.1,1885,BRZ,artillery,49
1885.2.1,1885,BRZ,dragoon,5
1885.2.1,1885,BRZ,infantry,17
1885.3.1,1885,USA,artillery,87
1885.3.1,1885,USA,hussar,8
1885.3.1,1885,ENG,artillery,310
1885.3.1,1885,ENG,cuirassier,2
1885.3.1,1885,ENG,hussar,22
1885.3.1,1885,ENG,infantry,68
1885.3.1,1885,FRA,artillery,130
1885.3.1,1885,FRA,dragoon,1
1885.3.1,1885,FRA,hussar,22
1885.3.1,1885,FRA,infantry,4
1885.3.1,1885,SCA,artillery,69
1885.3.1,1885,SCA,guard,19
1885.3.1,1885,SCA,hussar,11
1885.3.1,1885,SCA,infantry,4
1885.3.1,1885,RUS,artillery,109
1885.3.1,1885,RUS,dragoon,5
1885.3.1,1885,RUS,hussar,1
1885.3.1,1885,RUS,infantry,270
1885.3.1,1885,GER,artillery,160
1885.3.1,1885,GER,hussar,24
1885.3.1,1885,GER,infantry,12
1885.3.1,1885,NET,artillery,5
1885.3.1,1885,NET,hussar,1
1885.3.1,1885,BEL,artillery,8
1885.3.1,1885,BEL,dragoon,2
1885.3.1,1885,BEL,guard,2
1885.3.1,1885,BEL,infantry,7
1885.3.1,1885,SPA,artillery,65
1885.3.1,1885,SPA,hussar,2
1885.3.1,1885,KUK,artillery,85
1885.3.1,1885,KUK,dragoon,19
1885.3.1,1885,KUK,infantry,2
1885.3.1,1885,CHL,artillery,50
1885.3.1,1885,CHL,dragoon,8
1885.3.1,1885,CHL,hussar,2
1885.3.1,1885,CHL,infantry,20
1885.3.1,1885,AST,artillery,33
1885.3.1,1885,AST,hussar,4
1885.3.1,1885,AST,infantry,16
1885.3.1,1885,WAL,artillery,18
1885.3.1,1885,WAL,hussar,2
1885.3.1,1885,WAL,infantry,1
1885.3.1,1885,SAR,artillery,40
1885.3.1,1885,SAR,guard,9
1885.3.1,1885,SAR,hussar,3
1885.3.1,1885,SIC,artillery,80
1885.3.1,1885,SIC,dragoon,14
1885.3.1,1885,TUR,artillery,26
1885.3.1,1885,TUR,hussar,8
1885.3.1,1885,TUR,infantry,13
1885.3.1,1885,MCK,cavalry,8
1885.3.1,1885,MCK,infantry,9
1885.3.1,1885,MCK,irregular,28
1885.3.1,1885,PER,artillery,30
1885.3.1,1885,PER,dragoon,1
1885.3.1,1885,PER,hussar,5
1885.3.1,1885,PER,infantry,15
1885.3.1,1885,JAS,dragoon,1
1885.3.1,1885,JAS,infantry,1
1885.3.1,1885,BIK,artillery,2
1885.3.1,1885,BIK,dragoon,1
1885.3.1,1885,BIK,infantry,2
1885.3.1,1885,MEW,dragoon,1
1885.3.1,1885,MEW,infantry,5
1885.3.1,1885,GWA,artillery,1
1885.3.1,1885,GWA,cuirassier,1
1885.3.1,1885,GWA,infantry,1
1885.3.1,1885,BUN,artillery,3
1885.3.1,1885,BUN,dragoon,1
1885.3.1,1885,BUN,infantry,3
1885.3.1,1885,BAS,dragoon,1
1885.3.1,1885,BAS,infantry,1
1885.3.1,1885,NEP,cavalry,1
1885.3.1,1885,NEP,irregular,5
1885.3.1,1885,SIK,irregular,1
1885.3.1,1885,BHU,irregular,1
1885.3.1,1885,MGL,cavalry,2
1885.3.1,1885,MGL,infantry,4
1885.3.1,1885,MGL,irregular,6
1885.3.1,1885,CHI,cavalry,74
1885.3.1,1885,CHI,infantry,95
1885.3.1,1885,CHI,irregular,284
1885.3.1,1885,GXI,cavalry,51
1885.3.1,1885,GXI,infantry,84
1885.3.1,1885,GXI,irregular,170
1885.3.1,1885,XBI,cavalry,4
1885.3.1,1885,XBI,infantry,2
1885.3.1,1885,XBI,irregular,30
1885.3.1,1885,YNN,cavalry,34
1885.3.1,1885,YNN,infantry,23
1885.3.1,1885,YNN,irregular,147
1885.3.1,1885,TIB,cavalry,3
1885.3.1,1885,TIB,infantry,5
1885.3.1,1885,TIB,irregular,6
1885.3.1,1885,XIN,cavalry,1
1885.3.1,1885,XIN,irregular,6
1885.3.1,1885,ALD,infantry,3
1885.3.1,1885,MEX,artillery,68
1885.3.1,1885,MEX,cavalry,1
1885.3.1,1885,MEX,infantry,1
1885.3.1,1885,BRZ,artillery,49
1885.3.1,1885,BRZ,dragoon,5
1885.3.1,1885,BRZ,infantry,17
1885.4.1,1885,USA,artillery,90
1885.4.1,1885,USA,hussar,9
1885.4.1,1885,ENG,artillery,313
1885.4.1,1885,ENG,cuirassier,2
1885.4.1,1885,ENG,hussar,22
1885.4.1,1885,ENG,infantry,68
1885.4.1,1885,FRA,artillery,130
1885.4.1,1885,FRA,dragoon,1
1885.4.1,1885,FRA,hussar,22
1885.4.1,1885,FRA,infantry,4
1885.4.1,1885,SCA,artillery,69
1885.4.1,1885,SCA,guard,19
1885.4.1,1885,SCA,hussar,11
1885.4.1,1885,SCA,infantry,4
1885.4.1,1885,RUS,artillery,109
1885.4.1,1885,RUS,dragoon,5
1885.4.1,1885,RUS,hussar,1
1885.4.1,1885,RUS,infantry,270
1885.4.1,1885,GER,artillery,162
1885.4.1,1885,GER,hussar,25
1885.4.1,1885,GER,infantry,12
1885.4.1,1885,NET,artillery,5
1885.4.1,1885,NET,hussar,1
1885.4.1,1885,BEL,artillery,6
1885.4.1,1885,BEL,dragoon,2
1885.4.1,1885,BEL,guard,2
1885.4.1,1885,BEL,infantry,7
1885.4.1,1885,SPA,artillery,65
1885.4.1,1885,SPA,hussar,2
1885.4.1,1885,KUK,artillery,85
1885.4.1,1885,KUK,dragoon,19
1885.4.1,1885,KUK,infantry,2
1885.4.1,1885,CHL,artillery,50
1885.4.1,1885,CHL,dragoon,8
1885.4.1,1885,CHL,hussar,2
1885.4.1,1885,CHL,infantry,20
1885.4.1,1885,AST,artillery,33
1885.4.1,1885,AST,hussar,4
1885.4.1,1885,AST,infantry,16
1885.4.1,1885,WAL,artillery,18
1885.4.1,1885,WAL,hussar,2
1885.4.1,1885,WAL,infantry,1
1885.4.1,1885,SAR,artillery,40
1885.4.1,1885,SAR,guard,9
1885.4.1,1885,SAR,hussar,3
1885.4.1,1885,SIC,artillery,80
1885.4.1,1885,SIC,dragoon,14
1885.4.1,1885,TUR,artillery,68
1885.4.1,1885,TUR,hussar,9
1885.4.1,1885,TUR,infantry,15
1885.4.1,1885,MCK,cavalry,8
1885.4.1,1885,MCK,infantry,9
1885.4.1,1885,MCK,irregular,28
1885.4.1,1885,PER,artillery,30
1885.4.1,1885,PER,dragoon,1
1885.4.1,1885,PER,hussar,5
1885.4.1,1885,PER,infantry,15
1885.4.1,1885,JAS,dragoon,1
1885.4.1,1885,JAS,infantry,1
1885.4.1,1885,BIK,artillery,2
1885.4.1,1885,BIK,dragoon,1
1885.4.1,1885,BIK,infantry,2
1885.4.1,1885,MEW,dragoon,1
1885.4.1,1885,MEW,infantry,5
1885.4.1,1885,GWA,artillery,1
1885.4.1,1885,GWA,cuirassier,1
1885.4.1,1885,GWA,infantry,1
1885.4.1,1885,BUN,artillery,3
1885.4.1,1885,BUN,dragoon,1
1885.4.1,1885,BUN,infantry,3
1885.4.1,1885,BAS,dragoon,1
1885.4.1,1885,BAS,infantry,1
1885.4.1,1885,NEP,cavalry,1
1885.4.1,1885,NEP,irregular,5
1885.4.1,1885,SIK,irregular,1
1885.4.1,1885,BHU,irregular,1
1885.4.1,1885,MGL,cavalry,2
1885.4.1,1885,MGL,infantry,4
1885.4.1,1885,MGL,irregular,6
1885.4.1,1885,CHI,cavalry,74
1885.4.1,1885,CHI,infantry,95
1885.4.1,1885,CHI,irregular,284
1885.4.1,1885,GXI,cavalry,51
1885.4.1,1885,GXI,infantry,84
1885.4.1,1885,GXI,irregular,170
1885.4.1,1885,XBI,cavalry,4
1885.4.1,1885,XBI,infantry,2
1885.4.1,1885,XBI,irregular,30
1885.4.1,1885,YNN,cavalry,34
1885.4.1,1885,YNN,infantry,23
1885.4.1,1885,YNN,irregular,147
1885.4.1,1885,TIB,cavalry,3
1885.4.1,1885,TIB,infantry,5
1885.4.1,1885,TIB,irregular,6
1885.4.1,1885,XIN,cavalry,1
1885.4.1,1885,XIN,irregular,6
1885.4.1,1885,ALD,infantry,3
1885.4.1,1885,MEX,artillery,68
1885.4.1,1885,MEX,cavalry,1
1885.4.1,1885,MEX,infantry,1
1885.4.1,1885,BRZ,artillery,49
1885.4.1,1885,BRZ,dragoon,5
1885.4.1,1885,BRZ,infantry,17
1885.5.1,1885,USA,artillery,93
1885.5.1,1885,USA,hussar,9
1885.5.1,1885,ENG,artillery,315
1885.5.1,1885,ENG,cuirassier,2
1885.5.1,1885,ENG,hussar,22
1885.5.1,1885,ENG,infantry,68
1885.5.1,1885,FRA,artillery,130
1885.5.1,1885,FRA,dragoon,1
1885.5.1,1885,FRA,hussar,22
1885.5.1,1885,FRA,infantry,4
1885.5.1,1885,SCA,artillery,69
1885.5.1,1885,SCA,guard,20
1885.5.1,1885,SCA,hussar,11
1885.5.1,1885,SCA,infantry,4
1885.5.1,1885,RUS,artillery,109
1885.5.1,1885,RUS,dragoon,5
1885.5.1,1885,RUS,hussar,1
1885.5.1,1885,RUS,infantry,270
1885.5.1,1885,GER,artillery,165
1885.5.1,1885,GER,hussar,25
1885.5.1,1885,GER,infantry,12
1885.5.1,1885,NET,artillery,5
1885.5.1,1885,NET,hussar,1
1885.5.1,1885,BEL,artillery,6
1885.5.1,1885,BEL,dragoon,2
1885.5.1,1885,BEL,guard,2
1885.5.1,1885,BEL,infantry,8
1885.5.1,1885,SPA,artillery,65
1885.5.1,1885,SPA,hussar,2
1885.5.1,1885,KUK,artillery,85
1885.5.1,1885,KUK,dragoon,19
1885.5.1,1885,KUK,infantry,2
1885.5.1,1885,CHL,artillery,50
1885.5.1,1885,CHL,dragoon,8
1885.5.1,1885,CHL,hussar,2
1885.5.1,1885,CHL,infantry,20
1885.5.1,1885,AST,artillery,33
1885.5.1,1885,AST,hussar,4
1885.5.1,1885,AST,infantry,16
1885.5.1,1885,WAL,artillery,18
1885.5.1,1885,WAL,hussar,2
1885.5.1,1885,WAL,infantry,1
1885.5.1,1885,SAR,artillery,39
1885.5.1,1885,SAR,guard,9
1885.5.1,1885,SAR,hussar,3
1885.5.1,1885,SIC,artillery,80
1885.5.1,1885,SIC,dragoon,14
1885.5.1,1885,TUR,artillery,68
1885.5.1,1885,TUR,hussar,10
1885.5.1,1885,TUR,infantry,15
1885.5.1,1885,MCK,cavalry,8
1885.5.1,1885,MCK,infantry,9
1885.5.1,1885,MCK,irregular,28
1885.5.1,1885,PER,artillery,30
1885.5.1,1885,PER,dragoon,1
1885.5.1,1885,PER,hussar,5
1885.5.1,1885,PER,infantry,15
1885.5.1,1885,JAS,dragoon,1
1885.5.1,1885,JAS,infantry,1
1885.5.1,1885,BIK,artillery,2
1885.5.1,1885,BIK,dragoon,1
1885.5.1,1885,BIK,infantry,2
1885.5.1,1885,MEW,dragoon,1
1885.5.1,1885,MEW,infantry,5
1885.5.1,1885,GWA,artillery,1
1885.5.1,1885,GWA,cuirassier,1
1885.5.1,1885,GWA,infantry,1
1885.5.1,1885,BUN,artillery,3
1885.5.1,1885,BUN,dragoon,1
1885.5.1,1885,BUN,infantry,3
1885.5.1,1885,BAS,dragoon,1
1885.5.1,1885,BAS,infantry,1
1885.5.1,1885,NEP,cavalry,1
1885.5.1,1885,NEP,irregular,5
1885.5.1,1885,SIK,irregular,1
1885.5.1,1885,BHU,irregular,1
1885.5.1,1885,MGL,cavalry,2
1885.5.1,1885,MGL,infantry,4
1885.5.1,1885,MGL,irregular,6
1885.5.1,1885,CHI,cavalry,74
1885.5.1,1885,CHI,infantry,98
1885.5.1,1885,CHI,irregular,284
1885.5.1,1885,GXI,cavalry,51
1885.5.1,1885,GXI,infantry,84
1885.5.1,1885,GXI,irregular,170
1885.5.1,1885,XBI,cavalry,4
1885.5.1,1885,XBI,infantry,2
1885.5.1,1885,XBI,irregular,30
1885.5.1,1885,YNN,cavalry,34
1885.5.1,1885,YNN,infantry,23
1885.5.1,1885,YNN,irregular,147
1885.5.1,1885,TIB,cavalry,3
1885.5.1,1885,TIB,infantry,5
1885.5.1,1885,TIB,irregular,6
1885.5.1,1885,XIN,cavalry,1
1885.5.1,1885,XIN,irregular,6
1885.5.1,1885,ALD,infantry,3
1885.5.1,1885,MEX,artillery,68
1885.5.1,1885,MEX,cavalry,1
1885.5.1,1885,MEX,infantry,1
1885.5.1,1885,BRZ,artillery,49
1885.5.1,1885,BRZ,dragoon,5
1885.5.1,1885,BRZ,infantry,17
1885.6.1,1885,USA,artillery,95
1885.6.1,1885,USA,hussar,9
1885.6.1,1885,ENG,artillery,317
1885.6.1,1885,ENG,cuirassier,2
1885.6.1,1885,ENG,hussar,22
1885.6.1,1885,ENG,infantry,68
1885.6.1,1885,FRA,artillery,130
1885.6.1,1885,FRA,dragoon,1
1885.6.1,1885,FRA,hussar,22
1885.6.1,1885,FRA,infantry,4
1885.6.1,1885,SCA,artillery,69
1885.6.1,1885,SCA,guard,20
1885.6.1,1885,SCA,hussar,11
1885.6.1,1885,SCA,infantry,4
1885.6.1,1885,RUS,artillery,109
1885.6.1,1885,RUS,dragoon,5
1885.6.1,1885,RUS,hussar,1
1885.6.1,1885,RUS,infantry,270
1885.6.1,1885,GER,artillery,169
1885.6.1,1885,GER,hussar,25
1885.6.1,1885,GER,infantry,12
1885.6.1,1885,NET,artillery,5
1885.6.1,1885,NET,hussar,1
1885.6.1,1885,BEL,artillery,6
1885.6.1,1885,BEL,dragoon,2
1885.6.1,1885,BEL,guard,2
1885.6.1,1885,BEL,infantry,7
1885.6.1,1885,SPA,artillery,65
1885.6.1,1885,SPA,hussar,2
1885.6.1,1885,KUK,artillery,85
1885.6.1,1885,KUK,dragoon,19
1885.6.1,1885,KUK,infantry,2
1885.6.1,1885,CHL,artillery,50
1885.6.1,1885,CHL,dragoon,8
1885.6.1,1885,CHL,hussar,2
1885.6.1,1885,CHL,infantry,20
1885.6.1,1885,AST,artillery,33
1885.6.1,1885,AST,hussar,4
1885.6.1,1885,AST,infantry,16
1885.6.1,1885,WAL,artillery,18
1885.6.1,1885,WAL,hussar,2
1885.6.1,1885,WAL,infantry,1
1885.6.1,1885,SAR,artillery,39
1885.6.1,1885,SAR,guard,9
1885.6.1,1885,SAR,hussar,3
1885.6.1,1885,SIC,artillery,80
1885.6.1,1885,SIC,dragoon,14
1885.6.1,1885,TUR,artillery,68
1885.6.1,1885,TUR,hussar,10
1885.6.1,1885,TUR,infantry,16
1885.6.1,1885,MCK,cavalry,8
1885.6.1,1885,MCK,infantry,9
1885.6.1,1885,MCK,irregular,28
1885.6.1,1885,PER,artillery,30
1885.6.1,1885,PER,dragoon,1
1885.6.1,1885,PER,hussar,5
1885.6.1,1885,PER,infantry,15
1885.6.1,1885,JAS,dragoon,1
1885.6.1,1885,JAS,infantry,1
1885.6.1,1885,BIK,artillery,2
1885.6.1,1885,BIK,dragoon,1
1885.6.1,1885,BIK,infantry,2
1885.6.1,1885,MEW,dragoon,1
1885.6.1,1885,MEW,infantry,5
1885.6.1,1885,GWA,artillery,1
1885.6.1,1885,GWA,cuirassier,1
1885.6.1,1885,GWA,infantry,1
1885.6.1,1885,BUN,artillery,3
1885.6.1,1885,BUN,dragoon,1
1885.6.1,1885,BUN,infantry,3
1885.6.1,1885,BAS,dragoon,1
1885.6.1,1885,BAS,infantry,1
1885.6.1,1885,NEP,cavalry,1
1885.6.1,1885,NEP,irregular,5
1885.6.1,1885,SIK,irregular,1
1885.6.1,1885,BHU,irregular,1
1885.6.1,1885,MGL,cavalry,2
1885.6.1,1885,MGL,infantry,4
1885.6.1,1885,MGL,irregular,6
1885.6.1,1885,CHI,cavalry,74
1885.6.1,1885,CHI,infantry,98
1885.6.1,1885,CHI,irregular,284
1885.6.1,1885,GXI,cavalry,51
1885.6.1,1885,GXI,infantry,84
1885.6.1,1885,GXI,irregular,170
1885.6.1,1885,XBI,cavalry,4
1885.6.1,1885,XBI,infantry,2
1885.6.1,1885,XBI,irregular,30
1885.6.1,1885,YNN,cavalry,34
1885.6.1,1885,YNN,infantry,23
1885.6.1,1885,YNN,irregular,147
1885.6.1,1885,TIB,cavalry,3
1885.6.1,1885,TIB,infantry,5
1885.6.1,1885,TIB,irregular,6
1885.6.1,1885,XIN,cavalry,1
1885.6.1,1885,XIN,irregular,6
1885.6.1,1885,ALD,infantry,3
1885.6.1,1885,MEX,artillery,68
1885.6.1,1885,MEX,cavalry,1
1885.6.1,1885,MEX,infantry,1
1885.6.1,1885,BRZ,artillery,49
1885.6.1,1885,BRZ,dragoon,5
1885.6.1,1885,BRZ,infantry,17
1885.7.1,1885,USA,artillery,95
1885.7.1,1885,USA,hussar,9
1885.7.1,1885,ENG,artillery,322
1885.7.1,1885,ENG,cuirassier,2
1885.7.1,1885,ENG,hussar,22
1885.7.1,1885,ENG,infantry,68
1885.7.1,1885,FRA,artillery,130
1885.7.1,1885,FRA,dragoon,1
1885.7.1,1885,FRA,hussar,22
1885.7.1,1885,FRA,infantry,4
1885.7.1,1885,SCA,artillery,69
1885.7.1,1885,SCA,guard,20
1885.7.1,1885,SCA,hussar,11
1885.7.1,1885,SCA,infantry,4
1885.7.1,1885,RUS,artillery,109
1885.7.1,1885,RUS,dragoon,5
1885.7.1,1885,RUS,hussar,1
1885.7.1,1885,RUS,infantry,270
1885.7.1,1885,GER,artillery,170
1885.7.1,1885,GER,hussar,25
1885.7.1,1885,GER,infantry,12
1885.7.1,1885,NET,artillery,5
1885.7.1,1885,NET,hussar,1
1885.7.1,1885,BEL,artillery,6
1885.7.1,1885,BEL,dragoon,2
1885.7.1,1885,BEL,guard,2
1885.7.1,1885,BEL,infantry,7
1885.7.1,1885,SPA,artillery,65
1885.7.1,1885,SPA,hussar,7
1885.7.1,1885,KUK,artillery,85
1885.7.1,1885,KUK,dragoon,19
1885.7.1,1885,KUK,infantry,2
1885.7.1,1885,CHL,artillery,50
1885.7.1,1885,CHL,dragoon,8
1885.7.1,1885,CHL,hussar,2
1885.7.1,1885,CHL,infantry,20
1885.7.1,1885,AST,artillery,33
1885.7.1,1885,AST,hussar,4
1885.7.1,1885,AST,infantry,16
1885.7.1,1885,WAL,artillery,18
1885.7.1,1885,WAL,hussar,2
1885.7.1,1885,WAL,infantry,1
1885.7.1,1885,SAR,artillery,39
1885.7.1,1885,SAR,guard,9
1885.7.1,1885,SAR,hussar,3
1885.7.1,1885,SIC,artillery,80
1885.7.1,1885,SIC,dragoon,14
1885.7.1,1885,TUR,artillery,72
1885.7.1,1885,TUR,hussar,12
1885.7.1,1885,TUR,infantry,15
1885.7.1,1885,MCK,cavalry,8
1885.7.1,1885,MCK,infantry,9
1885.7.1,1885,MCK,irregular,28
1885.7.1,1885,PER,artillery,30
1885.7.1,1885,PER,dragoon,1
1885.7.1,1885,PER,hussar,5
1885.7.1,1885,PER,infantry,15
1885.7.1,1885,JAS,dragoon,1
1885.7.1,1885,JAS,infantry,1
1885.7.1,1885,BIK,artillery,2
1885.7.1,1885,BIK,dragoon,1
1885.7.1,1885,BIK,infantry,2
1885.7.1,1885,MEW,dragoon,1
1885.7.1,1885,MEW,infantry,5
1885.7.1,1885,GWA,artillery,1
1885.7.1,1885,GWA,cuirassier,1
1885.7.1,1885,GWA,infantry,1
1885.7.1,1885,BUN,artillery,3
1885.7.1,1885,BUN,dragoon,1
1885.7.1,1885,BUN,infantry,3
1885.7.1,1885,BAS,dragoon,1
1885.7.1,1885,BAS,infantry,1
1885.7.1,1885,NEP,cavalry,1
1885.7.1,1885,NEP,irregular,5
1885.7.1,1885,SIK,irregular,1
1885.7.1,1885,BHU,irregular,1
1885.7.1,1885,MGL,cavalry,2
1885.7.1,1885,MGL,infantry,4
1885.7.1,1885,MGL,irregular,6
1885.7.1,1885,CHI,cavalry,75
1885.7.1,1885,CHI,infantry,99
1885.7.1,1885,CHI,irregular,285
1885.7.1,1885,GXI,cavalry,51
1885.7.1,1885,GXI,infantry,84
1885.7.1,1885,GXI,irregular,170
1885.7.1,1885,XBI,cavalry,4
1885.7.1,1885,XBI,infantry,2
1885.7.1,1885,XBI,irregular,30
1885.7.1,1885,YNN,cavalry,34
1885.7.1,1885,YNN,infantry,23
1885.7.1,1885,YNN,irregular,147
1885.7.1,1885,TIB,cavalry,3
1885.7.1,1885,TIB,infantry,5
1885.7.1,1885,TIB,irregular,6
1885.7.1,1885,XIN,cavalry,1
1885.7.1,1885,XIN,irregular,6
1885.7.1,1885,ALD,infantry,3
1885.7.1,1885,MEX,artillery,68
1885.7.1,1885,MEX,cavalry,1
1885.7.1,1885,MEX,infantry,1
1885.7.1,1885,BRZ,artillery,49
1885.7.1,1885,BRZ,dragoon,5
1885.7.1,1885,BRZ,infantry,18
1885.8.1,1885,USA,artillery,95
1885.8.1,1885,USA,hussar,9
1885.8.1,1885,ENG,artillery,324
1885.8.1,1885,ENG,cuirassier,2
1885.8.1,1885,ENG,hussar,22
1885.8.1,1885,ENG,infantry,68
1885.8.1,1885,FRA,artillery,130
1885.8.1,1885,FRA,dragoon,1
1885.8.1,1885,FRA,hussar,22
1885.8.1,1885,FRA,infantry,4
1885.8.1,1885,SCA,artillery,69
1885.8.1,1885,SCA,guard,20
1885.8.1,1885,SCA,hussar,11
1885.8.1,1885,SCA,infantry,4
1885.8.1,1885,RUS,artillery,109
1885.8.1,1885,RUS,dragoon,5
1885.8.1,1885,RUS,hussar,1
1885.8.1,1885,RUS,infantry,270
1885.8.1,1885,GER,artillery,170
1885.8.1,1885,GER,hussar,25
1885.8.1,1885,GER,infantry,12
1885.8.1,1885,NET,artillery,5
1885.8.1,1885,NET,hussar,1
1885.8.1,1885,BEL,artillery,6
1885.8.1,1885,BEL,dragoon,2
1885.8.1,1885,BEL,guard,2
1885.8.1,1885,BEL,infantry,7
1885.8.1,1885,SPA,artillery,64
1885.8.1,1885,SPA,hussar,7
1885.8.1,1885,KUK,artillery,85
1885.8.1,1885,KUK,dragoon,19
1885.8.1,1885,KUK,infantry,2
1885.8.1,1885,CHL,artillery,50
1885.8.1,1885,CHL,dragoon,8
1885.8.1,1885,CHL,hussar,2
1885.8.1,1885,CHL,infantry,20
1885.8.1,1885,AST,artillery,33
1885.8.1,1885,AST,hussar,4
1885.8.1,1885,AST,infantry,16
1885.8.1,1885,WAL,artillery,18
1885.8.1,1885,WAL,hussar,2
1885.8.1,1885,WAL,infantry,1
1885.8.1,1885,SAR,artillery,39
1885.8.1,1885,SAR,guard,9
1885.8.1,1885,SAR,hussar,3
1885.8.1,1885,SIC,artillery,80
1885.8.1,1885,SIC,dragoon,14
1885.8.1,1885,TUR,artillery,75
1885.8.1,1885,TUR,hussar,13
1885.8.1,1885,TUR,infantry,15
1885.8.1,1885,MCK,cavalry,8
1885.8.1,1885,MCK,infantry,9
1885.8.1,1885,MCK,irregular,28
1885.8.1,1885,PER,artillery,30
1885.8.1,1885,PER,dragoon,1
1885.8.1,1885,PER,hussar,5
1885.8.1,1885,PER,infantry,15
1885.8.1,1885,JAS,dragoon,1
1885.8.1,1885,JAS,infantry,1
1885.8.1,1885,BIK,artillery,2
1885.8.1,1885,BIK,dragoon,1
1885.8.1,1885,BIK,infantry,2
1885.8.1,1885,MEW,dragoon,1
1885.8.1,1885,MEW,infantry,5
1885.8.1,1885,GWA,artillery,1
1885.8.1,1885,GWA,cuirassier,1
1885.8.1,1885,GWA,infantry,1
1885.8.1,1885,BUN,artillery,3
1885.8.1,1885,BUN,dragoon,1
1885.8.1,1885,BUN,infantry,3
1885.8.1,1885,BAS,dragoon,1
1885.8.1,1885,BAS,infantry,1
1885.8.1,1885,NEP,cavalry,1
1885.8.1,1885,NEP,irregular,5
1885.8.1,1885,SIK,irregular,1
1885.8.1,1885,BHU,irregular,1
1885.8.1,1885,MGL,cavalry,2
1885.8.1,1885,MGL,infantry,4
1885.8.1,1885,MGL,irregular,6
1885.8.1,1885,CHI,cavalry,76
1885.8.1,1885,CHI,infantry,100
1885.8.1,1885,CHI,irregular,286
1885.8.1,1885,GXI,cavalry,51
1885.8.1,1885,GXI,infantry,84
1885.8.1,1885,GXI,irregular,170
1885.8.1,1885,XBI,cavalry,4
1885.8.1,1885,XBI,infantry,2
1885.8.1,1885,XBI,irregular,30
1885.8.1,1885,YNN,cavalry,34
1885.8.1,1885,YNN,infantry,23
1885.8.1,1885,YNN,irregular,147
1885.8.1,1885,TIB,cavalry,3
1885.8.1,1885,TIB,infantry,5
1885.8.1,1885,TIB,irregular,6
1885.8.1,1885,XIN,cavalry,1
1885.8.1,1885,XIN,irregular,6
1885.8.1,1885,ALD,infantry,3
1885.8.1,1885,MEX,artillery,68
1885.8.1,1885,MEX,cavalry,1
1885.8.1,1885,MEX,infantry,1
1885.8.1,1885,BRZ,artillery,49
1885.8.1,1885,BRZ,dragoon,5
1885.8.1,1885,BRZ,infantry,18
1885.9.1,1885,USA,artillery,95
1885.9.1,1885,USA,hussar,9
1885.9.1,1885,ENG,artillery,326
1885.9.1,1885,ENG,cuirassier,2
1885.9.1,1885,ENG,hussar,22
1885.9.1,1885,ENG,infantry,68
1885.9.1,1885,FRA,artillery,130
1885.9.1,1885,FRA,dragoon,1
1885.9.1,1885,FRA,guard,2
1885.9.1,1885,FRA,hussar,22
1885.9.1,1885,FRA,infantry,4
1885.9.1,1885,SCA,artillery,69
1885.9.1,1885,SCA,guard,20
1885.9.1,1885,SCA,hussar,11
1885.9.1,1885,SCA,infantry,4
1885.9.1,1885,RUS,artillery,109
1885.9.1,1885,RUS,dragoon,5
1885.9.1,1885,RUS,hussar,1
1885.9.1,1885,RUS,infantry,270
1885.9.1,1885,GER,artillery,170
1885.9.1,1885,GER,hussar,25
1885.9.1,1885,GER,infantry,12
1885.9.1,1885,NET,artillery,5
1885.9.1,1885,NET,hussar,1
1885.9.1,1885,BEL,artillery,7
1885.9.1,1885,BEL,dragoon,3
1885.9.1,1885,BEL,guard,2
1885.9.1,1885,BEL,infantry,7
1885.9.1,1885,SPA,artillery,64
1885.9.1,1885,SPA,hussar,7
1885.9.1,1885,KUK,artillery,85
1885.9.1,1885,KUK,dragoon,19
1885.9.1,1885,KUK,infantry,2
1885.9.1,1885,CHL,artillery,50
1885.9.1,1885,CHL,dragoon,8
1885.9.1,1885,CHL,hussar,2
1885.9.1,1885,CHL,infantry,20
1885.9.1,1885,AST,artillery,33
1885.9.1,1885,AST,hussar,4
1885.9.1,1885,AST,infantry,16
1885.9.1,1885,WAL,artillery,18
1885.9.1,1885,WAL,hussar,2
1885.9.1,1885,WAL,infantry,1
1885.9.1,1885,SAR,artillery,39
1885.9.1,1885,SAR,guard,8
1885.9.1,1885,SAR,hussar,3
1885.9.1,1885,SIC,artillery,80
1885.9.1,1885,SIC,dragoon,14
1885.9.1,1885,TUR,artillery,75
1885.9.1,1885,TUR,hussar,13
1885.9.1,1885,TUR,infantry,15
1885.9.1,1885,MCK,cavalry,8
1885.9.1,1885,MCK,infantry,9
1885.9.1,1885,MCK,irregular,28
1885.9.1,1885,PER,artillery,30
1885.9.1,1885,PER,dragoon,1
1885.9.1,1885,PER,hussar,5
1885.9.1,1885,PER,infantry,15
1885.9.1,1885,JAS,dragoon,1
1885.9.1,1885,JAS,infantry,1
1885.9.1,1885,BIK,artillery,2
1885.9.1,1885,BIK,dragoon,1
1885.9.1,1885,BIK,infantry,2
1885.9.1,1885,MEW,dragoon,1
1885.9.1,1885,MEW,infantry,5
1885.9.1,1885,GWA,artillery,1
1885.9.1,1885,GWA,cuirassier,1
1885.9.1,1885,GWA,infantry,1
1885.9.1,1885,BUN,artillery,3
1885.9.1,1885,BUN,dragoon,1
1885.9.1,1885,BUN,infantry,3
1885.9.1,1885,BAS,dragoon,1
1885.9.1,1885,BAS,infantry,1
1885.9.1,1885,NEP,cavalry,1
1885.9.1,1885,NEP,irregular,5
1885.9.1,1885,SIK,irregular,1
1885.9.1,1885,BHU,irregular,1
1885.9.1,1885,MGL,cavalry,2
1885.9.1,1885,MGL,infantry,4
1885.9.1,1885,MGL,irregular,6
1885.9.1,1885,CHI,cavalry,76
1885.9.1,1885,CHI,infantry,100
1885.9.1,1885,CHI,irregular,287
1885.9.1,1885,GXI,cavalry,51
1885.9.1,1885,GXI,infantry,84
1885.9.1,1885,GXI,irregular,170
1885.9.1,1885,XBI,cavalry,4
1885.9.1,1885,XBI,infantry,2
1885.9.1,1885,XBI,irregular,30
1885.9.1,1885,YNN,cavalry,34
1885.9.1,1885,YNN,infantry,23
1885.9.1,1885,YNN,irregular,147
1885.9.1,1885,TIB,cavalry,3
1885.9.1,1885,TIB,infantry,5
1885.9.1,1885,TIB,irregular,6
1885.9.1,1885,XIN,cavalry,1
1885.9.1,1885,XIN,irregular,6
1885.9.1,1885,ALD,infantry,3
1885.9.1,1885,MEX,artillery,68
1885.9.1,1885,MEX,cavalry,1
1885.9.1,1885,MEX,infantry,1
1885.9.1,1885,BRZ,artillery,49
1885.9.1,1885,BRZ,dragoon,5
1885.9.1,1885,BRZ,infantry,18
1885.10.1,1885,USA,artillery,95
1885.10.1,1885,USA,hussar,10
1885.10.1,1885,COL,infantry,1
1885.10.1,1885,ENG,artillery,326
1885.10.1,1885,ENG,cuirassier,2
1885.10.1,1885,ENG,hussar,22
1885.10.1,1885,ENG,infantry,68
1885.10.1,1885,FRA,artillery,130
1885.10.1,1885,FRA,dragoon,1
1885.10.1,1885,FRA,guard,5
1885.10.1,1885,FRA,hussar,22
1885.10.1,1885,FRA,infantry,4
1885.10.1,1885,SCA,artillery,69
1885.10.1,1885,SCA,guard,21
1885.10.1,1885,SCA,hussar,11
1885.10.1,1885,SCA,infantry,4
1885.10.1,1885,RUS,artillery,109
1885.10.1,1885,RUS,dragoon,5
1885.10.1,1885,RUS,hussar,1
1885.10.1,1885,RUS,infantry,270
1885.10.1,1885,GER,artillery,170
1885.10.1,1885,GER,hussar,25
1885.10.1,1885,GER,infantry,12
1885.10.1,1885,NET,artillery,5
1885.10.1,1885,NET,hussar,1
1885.10.1,1885,BEL,artillery,7
1885.10.1,1885,BEL,dragoon,3
1885.10.1,1885,BEL,guard,2
1885.10.1,1885,BEL,infantry,7
1885.10.1,1885,SPA,artillery,64
1885.10.1,1885,SPA,hussar,7
1885.10.1,1885,KUK,artillery,85
1885.10.1,1885,KUK,dragoon,19
1885.10.1,1885,KUK,infantry,2
1885.10.1,1885,CHL,artillery,50
1885.10.1,1885,CHL,dragoon,8
1885.10.1,1885,CHL,hussar,2
1885.10.1,1885,CHL,infantry,20
1885.10.1,1885,AST,artillery,33
1885.10.1,1885,AST,hussar,4
1885.10.1,1885,AST,infantry,16
1885.10.1,1885,WAL,artillery,18
1885.10.1,1885,WAL,hussar,2
1885.10.1,1885,WAL,infantry,1
1885.10.1,1885,SAR,artillery,39
1885.10.1,1885,SAR,guard,8
1885.10.1,1885,SAR,hussar,3
1885.10.1,1885,SIC,artillery,80
1885.10.1,1885,SIC,dragoon,14
1885.10.1,1885,TUR,artillery,75
1885.10.1,1885,TUR,hussar,13
1885.10.1,1885,TUR,infantry,15
1885.10.1,1885,MCK,cavalry,8
1885.10.1,1885,MCK,infantry,11
1885.10.1,1885,MCK,irregular,28
1885.10.1,1885,PER,artillery,30
1885.10.1,1885,PER,dragoon,1
1885.10.1,1885,PER,hussar,5
1885.10.1,1885,PER,infantry,16
1885.10.1,1885,JAS,dragoon,1
1885.10.1,1885,JAS,infantry,1
1885.10.1,1885,BIK,artillery,2
1885.10.1,1885,BIK,dragoon,1
1885.10.1,1885,BIK,infantry,2
1885.10.1,1885,MEW,dragoon,1
1885.10.1,1885,MEW,infantry,5
1885.10.1,1885,GWA,artillery,1
1885.10.1,1885,GWA,cuirassier,1
1885.10.1,1885,GWA,infantry,1
1885.10.1,1885,BUN,artillery,3
1885.10.1,1885,BUN,dragoon,1
1885.10.1,1885,BUN,infantry,3
1885.10.1,1885,BAS,dragoon,1
1885.10.1,1885,BAS,infantry,1
1885.10.1,1885,NEP,cavalry,1
1885.10.1,1885,NEP,irregular,5
1885.10.1,1885,SIK,irregular,1
1885.10.1,1885,BHU,irregular,1
1885.10.1,1885,MGL,cavalry,2
1885.10.1,1885,MGL,infantry,6
1885.10.1,1885,MGL,irregular,6
1885.10.1,1885,CHI,cavalry,76
1885.10.1,1885,CHI,infantry,108
1885.10.1,1885,CHI,irregular,288
1885.10.1,1885,GXI,cavalry,51
1885.10.1,1885,GXI,infantry,86
1885.10.1,1885,GXI,irregular,170
1885.10.1,1885,XBI,cavalry,4
1885.10.1,1885,XBI,infantry,7
1885.10.1,1885,XBI,irregular,30
1885.10.1,1885,YNN,cavalry,34
1885.10.1,1885,YNN,infantry,24
1885.10.1,1885,YNN,irregular,146
1885.10.1,1885,TIB,cavalry,3
1885.10.1,1885,TIB,infantry,6
1885.10.1,1885,TIB,irregular,6
1885.10.1,1885,XIN,cavalry,1
1885.10.1,1885,XIN,irregular,6
1885.10.1,1885,ALD,infantry,3
1885.10.1,1885,MEX,artillery,68
1885.10.1,1885,MEX,cavalry,1
1885.10.1,1885,MEX,infantry,1
1885.10.1,1885,BRZ,artillery,49
1885.10.1,1885,BRZ,dragoon,5
1885.10.1,1885,BRZ,infantry,18
1885.11.1,1885,USA,artillery,95
1885.11.1,1885,USA,hussar,10
1885.11.1,1885,COL,infantry,1
1885.11.1,1885,ENG,artillery,328
1885.11.1,1885,ENG,cuirassier,2
1885.11.1,1885,ENG,hussar,22
1885.11.1,1885,ENG,infantry,68
1885.11.1,1885,FRA,artillery,130
1885.11.1,1885,FRA,dragoon,1
1885.11.1,1885,FRA,guard,7
1885.11.1,1885,FRA,hussar,22
1885.11.1,1885,FRA,infantry,4
1885.11.1,1885,SCA,artillery,77
1885.11.1,1885,SCA,guard,23
1885.11.1,1885,SCA,hussar,12
1885.11.1,1885,SCA,infantry,4
1885.11.1,1885,RUS,artillery,109
1885.11.1,1885,RUS,dragoon,5
1885.11.1,1885,RUS,hussar,1
1885.11.1,1885,RUS,infantry,270
1885.11.1,1885,GER,artillery,171
1885.11.1,1885,GER,hussar,25
1885.11.1,1885,GER,infantry,12
1885.11.1,1885,NET,artillery,5
1885.11.1,1885,NET,hussar,1
1885.11.1,1885,BEL,artillery,7
1885.11.1,1885,BEL,dragoon,3
1885.11.1,1885,BEL,guard,2
1885.11.1,1885,BEL,infantry,7
1885.11.1,1885,SPA,artillery,64
1885.11.1,1885,SPA,hussar,7
1885.11.1,1885,KUK,artillery,85
1885.11.1,1885,KUK,dragoon,19
1885.11.1,1885,KUK,infantry,2
1885.11.1,1885,CHL,artillery,50
1885.11.1,1885,CHL,dragoon,8
1885.11.1,1885,CHL,hussar,2
1885.11.1,1885,CHL,infantry,20
1885.11.1,1885,AST,artillery,33
1885.11.1,1885,AST,hussar,4
1885.11.1,1885,AST,infantry,16
1885.11.1,1885,WAL,artillery,18
1885.11.1,1885,WAL,hussar,2
1885.11.1,1885,WAL,infantry,1
1885.11.1,1885,SAR,artillery,39
1885.11.1,1885,SAR,guard,8
1885.11.1,1885,SAR,hussar,3
1885.11.1,1885,SIC,artillery,81
1885.11.1,1885,SIC,dragoon,14
1885.11.1,1885,TUR,artillery,75
1885.11.1,1885,TUR,hussar,14
1885.11.1,1885,TUR,infantry,15
1885.11.1,1885,MCK,cavalry,6
1885.11.1,1885,MCK,infantry,14
1885.11.1,1885,MCK,irregular,26
1885.11.1,1885,PER,artillery,30
1885.11.1,1885,PER,dragoon,1
1885.11.1,1885,PER,hussar,5
1885.11.1,1885,PER,infantry,16
1885.11.1,1885,JAS,dragoon,1
1885.11.1,1885,JAS,infantry,1
1885.11.1,1885,BIK,artillery,2
1885.11.1,1885,BIK,dragoon,1
1885.11.1,1885,BIK,infantry,2
1885.11.1,1885,MEW,dragoon,1
1885.11.1,1885,MEW,infantry,5
1885.11.1,1885,GWA,artillery,1
1885.11.1,1885,GWA,cuirassier,1
1885.11.1,1885,GWA,infantry,1
1885.11.1,1885,BUN,artillery,3
1885.11.1,1885,BUN,dragoon,1
1885.11.1,1885,BUN,infantry,3
1885.11.1,1885,BAS,dragoon,1
1885.11.1,1885,BAS,infantry,1
1885.11.1,1885,NEP,cavalry,1
1885.11.1,1885,NEP,irregular,5
1885.11.1,1885,SIK,irregular,1
1885.11.1,1885,BHU,irregular,1
1885.11.1,1885,MGL,cavalry,2
1885.11.1,1885,MGL,infantry,7
1885.11.1,1885,MGL,irregular,6
1885.11.1,1885,CHI,cavalry,76
1885.11.1,1885,CHI,infantry,132
1885.11.1,1885,CHI,irregular,288
1885.11.1,1885,GXI,cavalry,51
1885.11.1,1885,GXI,infantry,88
1885.11.1,1885,GXI,irregular,170
1885.11.1,1885,XBI,cavalry,4
1885.11.1,1885,XBI,infantry,18
1885.11.1,1885,XBI,irregular,30
1885.11.1,1885,YNN,cavalry,33
1885.11.1,1885,YNN,infantry,38
1885.11.1,1885,YNN,irregular,145
1885.11.1,1885,TIB,cavalry,3
1885.11.1,1885,TIB,infantry,8
1885.11.1,1885,TIB,irregular,6
1885.11.1,1885,XIN,cavalry,1
1885.11.1,1885,XIN,infantry,1
1885.11.1,1885,XIN,irregular,6
1885.11.1,1885,ALD,infantry,3
1885.11.1,1885,MEX,artillery,68
1885.11.1,1885,MEX,cavalry,1
1885.11.1,1885,MEX,infantry,1
1885.11.1,1885,BRZ,artillery,49
1885.11.1,1885,BRZ,dragoon,5
1885.11.1,1885,BRZ,infantry,18
1885.12.1,1885,USA,artillery,96
1885.12.1,1885,USA,hussar,10
1885.12.1,1885,COL,infantry,1
1885.12.1,1885,ENG,artillery,330
1885.12.1,1885,ENG,cuirassier,2
1885.12.1,1885,ENG,hussar,22
1885.12.1,1885,ENG,infantry,68
1885.12.1,1885,FRA,artillery,130
1885.12.1,1885,FRA,dragoon,1
1885.12.1,1885,FRA,guard,9
1885.12.1,1885,FRA,hussar,22
1885.12.1,1885,FRA,infantry,4
1885.12.1,1885,SCA,artillery,77
1885.12.1,1885,SCA,guard,23
1885.12.1,1885,SCA,hussar,12
1885.12.1,1885,SCA,infantry,4
1885.12.1,1885,RUS,artillery,109
1885.12.1,1885,RUS,dragoon,5
1885.12.1,1885,RUS,hussar,1
1885.12.1,1885,RUS,infantry,270
1885.12.1,1885,GER,artillery,171
1885.12.1,1885,GER,hussar,25
1885.12.1,1885,GER,infantry,12
1885.12.1,1885,NET,artillery,5
1885.12.1,1885,NET,hussar,1
1885.12.1,1885,BEL,artillery,6
1885.12.1,1885,BEL,dragoon,3
1885.12.1,1885,BEL,guard,2
1885.12.1,1885,BEL,infantry,7
1885.12.1,1885,SPA,artillery,64
1885.12.1,1885,SPA,hussar,7
1885.12.1,1885,KUK,artillery,85
1885.12.1,1885,KUK,dragoon,19
1885.12.1,1885,KUK,infantry,2
1885.12.1,1885,CHL,artillery,50
1885.12.1,1885,CHL,dragoon,8
1885.12.1,1885,CHL,hussar,2
1885.12.1,1885,CHL,infantry,20
1885.12.1,1885,AST,artillery,33
1885.12.1,1885,AST,hussar,4
1885.12.1,1885,AST,infantry,16
1885.12.1,1885,WAL,artillery,18
1885.12.1,1885,WAL,hussar,2
1885.12.1,1885,WAL,infantry,1
1885.12.1,1885,SAR,artillery,39
1885.12.1,1885,SAR,guard,8
1885.12.1,1885,SAR,hussar,3
1885.12.1,1885,SIC,artillery,81
1885.12.1,1885,SIC,dragoon,14
1885.12.1,1885,TUR,artillery,74
1885.12.1,1885,TUR,hussar,14
1885.12.1,1885,TUR,infantry,15
1885.12.1,1885,MCK,cavalry,6
1885.12.1,1885,MCK,infantry,14
1885.12.1,1885,MCK,irregular,26
1885.12.1,1885,PER,artillery,30
1885.12.1,1885,PER,dragoon,1
1885.12.1,1885,PER,hussar,5
1885.12.1,1885,PER,infantry,16
1885.12.1,1885,JAS,dragoon,1
1885.12.1,1885,JAS,infantry,1
1885.12.1,1885,BIK,artillery,2
1885.12.1,1885,BIK,dragoon,1
1885.12.1,1885,BIK,infantry,2
1885.12.1,1885,MEW,dragoon,1
1885.12.1,1885,MEW,infantry,5
1885.12.1,1885,GWA,artillery,1
1885.12.1,1885,GWA,cuirassier,1
1885.12.1,1885,GWA,infantry,1
1885.12.1,1885,BUN,artillery,3
1885.12.1,1885,BUN,dragoon,1
1885.12.1,1885,BUN,infantry,3
1885.12.1,1885,BAS,dragoon,1
1885.12.1,1885,BAS,infantry,1
1885.12.1,1885,NEP,cavalry,1
1885.12.1,1885,NEP,irregular,5
1885.12.1,1885,SIK,irregular,1
1885.12.1,1885,BHU,irregular,1
1885.12.1,1885,MGL,cavalry,2
1885.12.1,1885,MGL,infantry,7
1885.12.1,1885,MGL,irregular,6
1885.12.1,1885,CHI,cavalry,77
1885.12.1,1885,CHI,infantry,151
1885.12.1,1885,CHI,irregular,288
1885.12.1,1885,GXI,cavalry,51
1885.12.1,1885,GXI,infantry,96
1885.12.1,1885,GXI,irregular,170
1885.12.1,1885,XBI,cavalry,2
1885.12.1,1885,XBI,infantry,26
1885.12.1,1885,XBI,irregular,20
1885.12.1,1885,YNN,cavalry,33
1885.12.1,1885,YNN,infantry,54
1885.12.1,1885,YNN,irregular,145
1885.12.1,1885,TIB,cavalry,3
1885.12.1,1885,TIB,infantry,8
1885.12.1,1885,TIB,irregular,6
1885.12.1,1885,XIN,cavalry,1
1885.12.1,1885,XIN,infantry,1
1885.12.1,1885,XIN,irregular,6
1885.12.1,1885,ALD,infantry,3
1885.12.1,1885,MEX,artillery,68
1885.12.1,1885,MEX,cavalry,1
1885.12.1,1885,MEX,infantry,1
1885.12.1,1885,BRZ,artillery,49
1885.12.1,1885,BRZ,dragoon,5
1885.12.1,1885,BRZ,infantry,18
1886.1.1,1886,USA,artillery,99
1886.1.1,1886,USA,hussar,10
1886.1.1,1886,COL,infantry,1
1886.1.1,1886,ENG,artillery,331
1886.1.1,1886,ENG,cuirassier,2
1886.1.1,1886,ENG,hussar,22
1886.1.1,1886,ENG,infantry,68
1886.1.1,1886,FRA,artillery,130
1886.1.1,1886,FRA,dragoon,1
1886.1.1,1886,FRA,guard,10
1886.1.1,1886,FRA,hussar,22
1886.1.1,1886,FRA,infantry,4
1886.1.1,1886,SCA,artillery,77
1886.1.1,1886,SCA,guard,23
1886.1.1,1886,SCA,hussar,12
1886.1.1,1886,SCA,infantry,4
1886.1.1,1886,RUS,artillery,109
1886.1.1,1886,RUS,dragoon,5
1886.1.1,1886,RUS,hussar,1
1886.1.1,1886,RUS,infantry,270
1886.1.1,1886,GER,artillery,171
1886.1.1,1886,GER,hussar,25
1886.1.1,1886,GER,infantry,12
1886.1.1,1886,NET,artillery,5
1886.1.1,1886,NET,hussar,1
1886.1.1,1886,BEL,artillery,7
1886.1.1,1886,BEL,dragoon,3
1886.1.1,1886,BEL,guard,2
1886.1.1,1886,BEL,infantry,7
1886.1.1,1886,SPA,artillery,64
1886.1.1,1886,SPA,hussar,7
1886.1.1,1886,KUK,artillery,85
1886.1.1,1886,KUK,dragoon,19
1886.1.1,1886,KUK,infantry,2
1886.1.1,1886,CHL,artillery,50
1886.1.1,1886,CHL,dragoon,8
1886.1.1,1886,CHL,hussar,2
1886.1.1,1886,CHL,infantry,20
1886.1.1,1886,AST,artillery,33
1886.1.1,1886,AST,hussar,4
1886.1.1,1886,AST,infantry,16
1886.1.1,1886,WAL,artillery,18
1886.1.1,1886,WAL,hussar,2
1886.1.1,1886,WAL,infantry,1
1886.1.1,1886,SAR,artillery,39
1886.1.1,1886,SAR,guard,8
1886.1.1,1886,SAR,hussar,3
1886.1.1,1886,SIC,artillery,81
1886.1.1,1886,SIC,dragoon,14
1886.1.1,1886,TUR,artillery,74
1886.1.1,1886,TUR,hussar,14
1886.1.1,1886,TUR,infantry,15
1886.1.1,1886,MCK,cavalry,6
1886.1.1,1886,MCK,infantry,14
1886.1.1,1886,MCK,irregular,26
1886.1.1,1886,PER,artillery,30
1886.1.1,1886,PER,dragoon,1
1886.1.1,1886,PER,hussar,5
1886.1.1,1886,PER,infantry,16
1886.1.1,1886,JAS,dragoon,1
1886.1.1,1886,JAS,infantry,1
1886.1.1,1886,BIK,artillery,2
1886.1.1,1886,BIK,dragoon,1
1886.1.1,1886,BIK,infantry,2
1886.1.1,1886,MEW,dragoon,1
1886.1.1,1886,MEW,infantry,5
1886.1.1,1886,GWA,artillery,1
1886.1.1,1886,GWA,cuirassier,1
1886.1.1,1886,GWA,infantry,1
1886.1.1,1886,BUN,artillery,3
1886.1.1,1886,BUN,dragoon,1
1886.1.1,1886,BUN,infantry,3
1886.1.1,1886,BAS,dragoon,1
1886.1.1,1886,BAS,infantry,1
1886.1.1,1886,NEP,cavalry,1
1886.1.1,1886,NEP,irregular,5
1886.1.1,1886,SIK,irregular,1
1886.1.1,1886,BHU,irregular,1
1886.1.1,1886,MGL,cavalry,2
1886.1.1,1886,MGL,infantry,7
1886.1.1,1886,MGL,irregular,6
1886.1.1,1886,CHI,cavalry,77
1886.1.1,1886,CHI,infantry,168
1886.1.1,1886,CHI,irregular,289
1886.1.1,1886,GXI,cavalry,49
1886.1.1,1886,GXI,infantry,105
1886.1.1,1886,GXI,irregular,164
1886.1.1,1886,XBI,cavalry,1
1886.1.1,1886,XBI,infantry,27
1886.1.1,1886,XBI,irregular,19
1886.1.1,1886,YNN,cavalry,33
1886.1.1,1886,YNN,infantry,76
1886.1.1,1886,YNN,irregular,145
1886.1.1,1886,TIB,cavalry,3
1886.1.1,1886,TIB,infantry,8
1886.1.1,1886,TIB,irregular,6
1886.1.1,1886,XIN,cavalry,1
1886.1.1,1886,XIN,infantry,1
1886.1.1,1886,XIN,irregular,6
1886.1.1,1886,ALD,infantry,3
1886.1.1,1886,MEX,artillery,68
1886.1.1,1886,MEX,cavalry,1
1886.1.1,1886,MEX,infantry,1
1886.1.1,1886,BRZ,artillery,49
1886.1.1,1886,BRZ,dragoon,5
1886.1.1,1886,BRZ,infantry,18
1886.2.1,1886,USA,artillery,99
1886.2.1,1886,USA,hussar,11
1886.2.1,1886,COL,infantry,1
1886.2.1,1886,ENG,artillery,331
1886.2.1,1886,ENG,cuirassier,2
1886.2.1,1886,ENG,hussar,22
1886.2.1,1886,ENG,infantry,68
1886.2.1,1886,FRA,artillery,130
1886.2.1,1886,FRA,dragoon,1
1886.2.1,1886,FRA,guard,10
1886.2.1,1886,FRA,hussar,22
1886.2.1,1886,FRA,infantry,4
1886.2.1,1886,SCA,artillery,77
1886.2.1,1886,SCA,guard,23
1886.2.1,1886,SCA,hussar,12
1886.2.1,1886,SCA,infantry,4
1886.2.1,1886,RUS,artillery,107
1886.2.1,1886,RUS,dragoon,5
1886.2.1,1886,RUS,hussar,1
1886.2.1,1886,RUS,infantry,270
1886.2.1,1886,GER,artillery,171
1886.2.1,1886,GER,hussar,25
1886.2.1,1886,GER,infantry,23
1886.2.1,1886,NET,artillery,5
1886.2.1,1886,NET,hussar,1
1886.2.1,1886,BEL,artillery,7
1886.2.1,1886,BEL,dragoon,3
1886.2.1,1886,BEL,guard,2
1886.2.1,1886,BEL,infantry,7
1886.2.1,1886,SPA,artillery,64
1886.2.1,1886,SPA,hussar,7
1886.2.1,1886,KUK,artillery,85
1886.2.1,1886,KUK,dragoon,19
1886.2.1,1886,KUK,infantry,2
1886.2.1,1886,CHL,artillery,50
1886.2.1,1886,CHL,dragoon,8
1886.2.1,1886,CHL,hussar,2
1886.2.1,1886,CHL,infantry,20
1886.2.1,1886,AST,artillery,33
1886.2.1,1886,AST,hussar,4
1886.2.1,1886,AST,infantry,16
1886.2.1,1886,WAL,artillery,18
1886.2.1,1886,WAL,hussar,2
1886.2.1,1886,WAL,infantry,1
1886.2.1,1886,SAR,artillery,39
1886.2.1,1886,SAR,guard,8
1886.2.1,1886,SAR,hussar,3
1886.2.1,1886,SIC,artillery,81
1886.2.1,1886,SIC,dragoon,14
1886.2.1,1886,TUR,artillery,74
1886.2.1,1886,TUR,hussar,14
1886.2.1,1886,TUR,infantry,15
1886.2.1,1886,MCK,cavalry,6
1886.2.1,1886,MCK,infantry,14
1886.2.1,1886,MCK,irregular,26
1886.2.1,1886,PER,artillery,30
1886.2.1,1886,PER,dragoon,1
1886.2.1,1886,PER,hussar,5
1886.2.1,1886,PER,infantry,16
1886.2.1,1886,JAS,dragoon,1
1886.2.1,1886,JAS,infantry,1
1886.2.1,1886,BIK,artillery,2
1886.2.1,1886,BIK,dragoon,1
1886.2.1,1886,BIK,infantry,2
1886.2.1,1886,MEW,dragoon,1
1886.2.1,1886,MEW,infantry,5
1886.2.1,1886,GWA,artillery,1
1886.2.1,1886,GWA,cuirassier,1
1886.2.1,1886,GWA,infantry,1
1886.2.1,1886,BUN,artillery,3
1886.2.1,1886,BUN,dragoon,1
1886.2.1,1886,BUN,infantry,3
1886.2.1,1886,BAS,dragoon,1
1886.2.1,1886,BAS,infantry,1
1886.2.1,1886,NEP,cavalry,1
1886.2.1,1886,NEP,irregular,5
1886.2.1,1886,SIK,irregular,1
1886.2.1,1886,BHU,irregular,1
1886.2.1,1886,MGL,cavalry,2
1886.2.1,1886,MGL,infantry,7
1886.2.1,1886,MGL,irregular,6
1886.2.1,1886,CHI,cavalry,77
1886.2.1,1886,CHI,infantry,190
1886.2.1,1886,CHI,irregular,291
1886.2.1,1886,GXI,cavalry,49
1886.2.1,1886,GXI,infantry,110
1886.2.1,1886,GXI,irregular,164
1886.2.1,1886,XBI,cavalry,1
1886.2.1,1886,XBI,infantry,27
1886.2.1,1886,XBI,irregular,18
1886.2.1,1886,YNN,cavalry,33
1886.2.1,1886,YNN,infantry,85
1886.2.1,1886,YNN,irregular,145
1886.2.1,1886,TIB,cavalry,3
1886.2.1,1886,TIB,infantry,8
1886.2.1,1886,TIB,irregular,6
1886.2.1,1886,XIN,cavalry,1
1886.2.1,1886,XIN,infantry,1
1886.2.1,1886,XIN,irregular,6
1886.2.1,1886,ALD,infantry,3
1886.2.1,1886,MEX,artillery,68
1886.2.1,1886,MEX,cavalry,1
1886.2.1,1886,MEX,infantry,1
1886.2.1,1886,BRZ,artillery,49
1886.2.1,1886,BRZ,dragoon,5
1886.2.1,1886,BRZ,infantry,18
1886.3.1,1886,USA,artillery,99
1886.3.1,1886,USA,hussar,11
1886.3.1,1886,COL,infantry,1
1886.3.1,1886,ENG,artillery,331
1886.3.1,1886,ENG,cuirassier,2
1886.3.1,1886,ENG,hussar,22
1886.3.1,1886,ENG,infantry,68
1886.3.1,1886,FRA,artillery,130
1886.3.1,1886,FRA,dragoon,1
1886.3.1,1886,FRA,guard,10
1886.3.1,1886,FRA,hussar,22
1886.3.1,1886,FRA,infantry,4
1886.3.1,1886,SCA,artillery,77
1886.3.1,1886,SCA,guard,23
1886.3.1,1886,SCA,hussar,12
1886.3.1,1886,SCA,infantry,4
1886.3.1,1886,RUS,artillery,107
1886.3.1,1886,RUS,dragoon,5
1886.3.1,1886,RUS,hussar,1
1886.3.1,1886,RUS,infantry,270
1886.3.1,1886,GER,artillery,171
1886.3.1,1886,GER,hussar,25
1886.3.1,1886,GER,infantry,42
1886.3.1,1886,NET,artillery,5
1886.3.1,1886,NET,hussar,1
1886.3.1,1886,BEL,artillery,7
1886.3.1,1886,BEL,dragoon,2
1886.3.1,1886,BEL,guard,2
1886.3.1,1886,BEL,infantry,7
1886.3.1,1886,SPA,artillery,64
1886.3.1,1886,SPA,hussar,7
1886.3.1,1886,KUK,artillery,85
1886.3.1,1886,KUK,dragoon,19
1886.3.1,1886,KUK,infantry,2
1886.3.1,1886,CHL,artillery,50
1886.3.1,1886,CHL,dragoon,8
1886.3.1,1886,CHL,hussar,2
1886.3.1,1886,CHL,infantry,20
1886.3.1,1886,AST,artillery,33
1886.3.1,1886,AST,hussar,4
1886.3.1,1886,AST,infantry,16
1886.3.1,1886,WAL,artillery,18
1886.3.1,1886,WAL,hussar,2
1886.3.1,1886,WAL,infantry,1
1886.3.1,1886,SAR,artillery,39
1886.3.1,1886,SAR,guard,8
1886.3.1,1886,SAR,hussar,3
1886.3.1,1886,SAR,infantry,2
1886.3.1,1886,SIC,artillery,81
1886.3.1,1886,SIC,dragoon,14
1886.3.1,1886,TUR,artillery,74
1886.3.1,1886,TUR,hussar,14
1886.3.1,1886,TUR,infantry,15
1886.3.1,1886,MCK,cavalry,5
1886.3.1,1886,MCK,infantry,11
1886.3.1,1886,MCK,irregular,21
1886.3.1,1886,PER,artillery,30
1886.3.1,1886,PER,dragoon,1
1886.3.1,1886,PER,hussar,5
1886.3.1,1886,PER,infantry,16
1886.3.1,1886,JAS,dragoon,1
1886.3.1,1886,JAS,infantry,1
1886.3.1,1886,BIK,artillery,2
1886.3.1,1886,BIK,dragoon,1
1886.3.1,1886,BIK,infantry,2
1886.3.1,1886,MEW,dragoon,1
1886.3.1,1886,MEW,infantry,5
1886.3.1,1886,GWA,artillery,1
1886.3.1,1886,GWA,cuirassier,1
1886.3.1,1886,GWA,infantry,1
1886.3.1,1886,BUN,artillery,3
1886.3.1,1886,BUN,dragoon,1
1886.3.1,1886,BUN,infantry,3
1886.3.1,1886,BAS,dragoon,1
1886.3.1,1886,BAS,infantry,1
1886.3.1,1886,NEP,cavalry,1
1886.3.1,1886,NEP,irregular,5
1886.3.1,1886,SIK,irregular,1
1886.3.1,1886,BHU,irregular,1
1886.3.1,1886,CHI,cavalry,69
1886.3.1,1886,CHI,infantry,187
1886.3.1,1886,CHI,irregular,254
1886.3.1,1886,GXI,cavalry,49
1886.3.1,1886,GXI,infantry,114
1886.3.1,1886,GXI,irregular,164
1886.3.1,1886,XBI,infantry,24
1886.3.1,1886,XBI,irregular,17
1886.3.1,1886,YNN,cavalry,33
1886.3.1,1886,YNN,infantry,90
1886.3.1,1886,YNN,irregular,145
1886.3.1,1886,TIB,cavalry,3
1886.3.1,1886,TIB,infantry,8
1886.3.1,1886,TIB,irregular,6
1886.3.1,1886,XIN,cavalry,1
1886.3.1,1886,XIN,infantry,1
1886.3.1,1886,XIN,irregular,6
1886.3.1,1886,ALD,infantry,3
1886.3.1,1886,MEX,artillery,68
1886.3.1,1886,MEX,cavalry,1
1886.3.1,1886,MEX,infantry,1
1886.3.1,1886,BRZ,artillery,49
1886.3.1,1886,BRZ,dragoon,5
1886.3.1,1886,BRZ,infantry,18
1886.4.1,1886,USA,artillery,132
1886.4.1,1886,USA,hussar,11
1886.4.1,1886,COL,infantry,1
1886.4.1,1886,ENG,artillery,333
1886.4.1,1886,ENG,cuirassier,2
1886.4.1,1886,ENG,hussar,22
1886.4.1,1886,ENG,infantry,68
1886.4.1,1886,FRA,artillery,130
1886.4.1,1886,FRA,dragoon,1
1886.4.1,1886,FRA,guard,10
1886.4.1,1886,FRA,hussar,22
1886.4.1,1886,FRA,infantry,4
1886.4.1,1886,SCA,artillery,77
1886.4.1,1886,SCA,guard,23
1886.4.1,1886,SCA,hussar,12
1886.4.1,1886,SCA,infantry,4
1886.4.1,1886,RUS,artillery,145
1886.4.1,1886,RUS,dragoon,5
1886.4.1,1886,RUS,hussar,5
1886.4.1,1886,RUS,infantry,270
1886.4.1,1886,GER,artillery,171
1886.4.1,1886,GER,hussar,25
1886.4.1,1886,GER,infantry,74
1886.4.1,1886,NET,artillery,5
1886.4.1,1886,NET,hussar,1
1886.4.1,1886,BEL,artillery,7
1886.4.1,1886,BEL,dragoon,2
1886.4.1,1886,BEL,guard,2
1886.4.1,1886,BEL,infantry,7
1886.4.1,1886,SPA,artillery,64
1886.4.1,1886,SPA,hussar,7
1886.4.1,1886,KUK,artillery,85
1886.4.1,1886,KUK,dragoon,19
1886.4.1,1886,KUK,infantry,2
1886.4.1,1886,CHL,artillery,50
1886.4.1,1886,CHL,dragoon,8
1886.4.1,1886,CHL,hussar,2
1886.4.1,1886,CHL,infantry,20
1886.4.1,1886,AST,artillery,33
1886.4.1,1886,AST,hussar,4
1886.4.1,1886,AST,infantry,16
1886.4.1,1886,WAL,artillery,18
1886.4.1,1886,WAL,hussar,2
1886.4.1,1886,WAL,infantry,1
1886.4.1,1886,SAR,artillery,39
1886.4.1,1886,SAR,guard,8
1886.4.1,1886,SAR,hussar,3
1886.4.1,1886,SAR,infantry,2
1886.4.1,1886,SIC,artillery,81
1886.4.1,1886,SIC,dragoon,14
1886.4.1,1886,TUR,artillery,74
1886.4.1,1886,TUR,hussar,14
1886.4.1,1886,TUR,infantry,15
1886.4.1,1886,MCK,cavalry,4
1886.4.1,1886,MCK,infantry,11
1886.4.1,1886,MCK,irregular,12
1886.4.1,1886,PER,artillery,30
1886.4.1,1886,PER,dragoon,1
1886.4.1,1886,PER,hussar,5
1886.4.1,1886,PER,infantry,16
1886.4.1,1886,JAS,dragoon,1
1886.4.1,1886,JAS,infantry,1
1886.4.1,1886,BIK,artillery,2
1886.4.1,1886,BIK,dragoon,1
1886.4.1,1886,BIK,infantry,2
1886.4.1,1886,MEW,dragoon,1
1886.4.1,1886,MEW,infantry,5
1886.4.1,1886,GWA,artillery,1
1886.4.1,1886,GWA,cuirassier,1
1886.4.1,1886,GWA,infantry,1
1886.4.1,1886,BUN,artillery,3
1886.4.1,1886,BUN,dragoon,1
1886.4.1,1886,BUN,infantry,3
1886.4.1,1886,BAS,dragoon,1
1886.4.1,1886,BAS,infantry,1
1886.4.1,1886,NEP,cavalry,1
1886.4.1,1886,NEP,irregular,5
1886.4.1,1886,SIK,irregular,1
1886.4.1,1886,CHI,cavalry,67
1886.4.1,1886,CHI,infantry,194
1886.4.1,1886,CHI,irregular,247
1886.4.1,1886,GXI,cavalry,49
1886.4.1,1886,GXI,infantry,126
1886.4.1,1886,GXI,irregular,164
1886.4.1,1886,XBI,infantry,24
1886.4.1,1886,XBI,irregular,17
1886.4.1,1886,YNN,cavalry,33
1886.4.1,1886,YNN,infantry,90
1886.4.1,1886,YNN,irregular,145
1886.4.1,1886,TIB,cavalry,3
1886.4.1,1886,TIB,infantry,8
1886.4.1,1886,TIB,irregular,6
1886.4.1,1886,XIN,cavalry,1
1886.4.1,1886,XIN,infantry,1
1886.4.1,1886,XIN,irregular,6
1886.4.1,1886,ALD,infantry,3
1886.4.1,1886,MEX,artillery,68
1886.4.1,1886,MEX,cavalry,1
1886.4.1,1886,MEX,infantry,1
1886.4.1,1886,BRZ,artillery,49
1886.4.1,1886,BRZ,dragoon,5
1886.4.1,1886,BRZ,infantry,18
1886.5.1,1886,USA,artillery,132
1886.5.1,1886,USA,dragoon,3
1886.5.1,1886,USA,hussar,13
1886.5.1,1886,COL,infantry,1
1886.5.1,1886,ENG,artillery,336
1886.5.1,1886,ENG,cuirassier,2
1886.5.1,1886,ENG,hussar,22
1886.5.1,1886,ENG,infantry,68
1886.5.1,1886,FRA,artillery,130
1886.5.1,1886,FRA,dragoon,1
1886.5.1,1886,FRA,guard,10
1886.5.1,1886,FRA,hussar,22
1886.5.1,1886,FRA,infantry,4
1886.5.1,1886,SCA,artillery,77
1886.5.1,1886,SCA,guard,23
1886.5.1,1886,SCA,hussar,12
1886.5.1,1886,SCA,infantry,4
1886.5.1,1886,RUS,artillery,145
1886.5.1,1886,RUS,dragoon,5
1886.5.1,1886,RUS,hussar,5
1886.5.1,1886,RUS,infantry,270
1886.5.1,1886,GER,artillery,171
1886.5.1,1886,GER,hussar,25
1886.5.1,1886,GER,infantry,102
1886.5.1,1886,NET,artillery,5
1886.5.1,1886,NET,hussar,1
1886.5.1,1886,BEL,artillery,7
1886.5.1,1886,BEL,dragoon,2
1886.5.1,1886,BEL,guard,2
1886.5.1,1886,BEL,infantry,7
1886.5.1,1886,SPA,artillery,64
1886.5.1,1886,SPA,hussar,7
1886.5.1,1886,KUK,artillery,85
1886.5.1,1886,KUK,dragoon,19
1886.5.1,1886,KUK,infantry,2
1886.5.1,1886,CHL,artillery,50
1886.5.1,1886,CHL,dragoon,8
1886.5.1,1886,CHL,hussar,2
1886.5.1,1886,CHL,infantry,20
1886.5.1,1886,AST,artillery,33
1886.5.1,1886,AST,hussar,4
1886.5.1,1886,AST,infantry,16
1886.5.1,1886,WAL,artillery,18
1886.5.1,1886,WAL,hussar,2
1886.5.1,1886,WAL,infantry,1
1886.5.1,1886,SAR,artillery,39
1886.5.1,1886,SAR,guard,8
1886.5.1,1886,SAR,hussar,3
1886.5.1,1886,SAR,infantry,2
1886.5.1,1886,SIC,artillery,81
1886.5.1,1886,SIC,dragoon,14
1886.5.1,1886,TUR,artillery,74
1886.5.1,1886,TUR,hussar,14
1886.5.1,1886,TUR,infantry,15
1886.5.1,1886,MCK,cavalry,4
1886.5.1,1886,MCK,infantry,11
1886.5.1,1886,MCK,irregular,12
1886.5.1,1886,PER,artillery,30
1886.5.1,1886,PER,dragoon,1
1886.5.1,1886,PER,hussar,5
1886.5.1,1886,PER,infantry,16
1886.5.1,1886,JAS,dragoon,1
1886.5.1,1886,JAS,infantry,1
1886.5.1,1886,BIK,artillery,2
1886.5.1,1886,BIK,dragoon,1
1886.5.1,1886,BIK,infantry,2
1886.5.1,1886,MEW,dragoon,1
1886.5.1,1886,MEW,infantry,5
1886.5.1,1886,GWA,artillery,1
1886.5.1,1886,GWA,cuirassier,1
1886.5.1,1886,GWA,infantry,1
1886.5.1,1886,BUN,artillery,3
1886.5.1,1886,BUN,dragoon,1
1886.5.1,1886,BUN,infantry,3
1886.5.1,1886,BAS,dragoon,1
1886.5.1,1886,BAS,infantry,1
1886.5.1,1886,NEP,cavalry,1
1886.5.1,1886,NEP,irregular,5
1886.5.1,1886,SIK,irregular,1
1886.5.1,1886,CHI,cavalry,67
1886.5.1,1886,CHI,infantry,203
1886.5.1,1886,CHI,irregular,248
1886.5.1,1886,GXI,cavalry,49
1886.5.1,1886,GXI,infantry,141
1886.5.1,1886,GXI,irregular,163
1886.5.1,1886,XBI,infantry,24
1886.5.1,1886,XBI,irregular,17
1886.5.1,1886,YNN,cavalry,33
1886.5.1,1886,YNN,infantry,90
1886.5.1,1886,YNN,irregular,145
1886.5.1,1886,TIB,cavalry,3
1886.5.1,1886,TIB,infantry,8
1886.5.1,1886,TIB,irregular,6
1886.5.1,1886,XIN,cavalry,1
1886.5.1,1886,XIN,infantry,1
1886.5.1,1886,XIN,irregular,6
1886.5.1,1886,ALD,infantry,3
1886.5.1,1886,MEX,artillery,68
1886.5.1,1886,MEX,cavalry,1
1886.5.1,1886,MEX,infantry,1
1886.5.1,1886,BRZ,artillery,49
1886.5.1,1886,BRZ,dragoon,5
1886.5.1,1886,BRZ,infantry,18
1886.6.1,1886,USA,artillery,133
1886.6.1,1886,USA,dragoon,3
1886.6.1,1886,USA,hussar,13
1886.6.1,1886,COL,infantry,1
1886.6.1,1886,ENG,artillery,337
1886.6.1,1886,ENG,cuirassier,2
1886.6.1,1886,ENG,hussar,22
1886.6.1,1886,ENG,infantry,68
1886.6.1,1886,FRA,artillery,130
1886.6.1,1886,FRA,dragoon,1
1886.6.1,1886,FRA,guard,10
1886.6.1,1886,FRA,hussar,22
1886.6.1,1886,FRA,infantry,4
1886.6.1,1886,SCA,artillery,77
1886.6.1,1886,SCA,guard,23
1886.6.1,1886,SCA,hussar,12
1886.6.1,1886,SCA,infantry,4
1886.6.1,1886,RUS,artillery,145
1886.6.1,1886,RUS,dragoon,5
1886.6.1,1886,RUS,hussar,5
1886.6.1,1886,RUS,infantry,270
1886.6.1,1886,GER,artillery,171
1886.6.1,1886,GER,hussar,25
1886.6.1,1886,GER,infantry,125
1886.6.1,1886,NET,artillery,5
1886.6.1,1886,NET,hussar,1
1886.6.1,1886,BEL,artillery,7
1886.6.1,1886,BEL,dragoon,2
1886.6.1,1886,BEL,guard,2
1886.6.1,1886,BEL,infantry,7
1886.6.1,1886,SPA,artillery,64
1886.6.1,1886,SPA,hussar,7
1886.6.1,1886,KUK,artillery,85
1886.6.1,1886,KUK,dragoon,19
1886.6.1,1886,KUK,infantry,2
1886.6.1,1886,CHL,artillery,50
1886.6.1,1886,CHL,dragoon,8
1886.6.1,1886,CHL,hussar,2
1886.6.1,1886,CHL,infantry,20
1886.6.1,1886,AST,artillery,34
1886.6.1,1886,AST,hussar,4
1886.6.1,1886,AST,infantry,16
1886.6.1,1886,WAL,artillery,18
1886.6.1,1886,WAL,hussar,2
1886.6.1,1886,WAL,infantry,1
1886.6.1,1886,SAR,artillery,40
1886.6.1,1886,SAR,guard,8
1886.6.1,1886,SAR,hussar,3
1886.6.1,1886,SAR,infantry,2
1886.6.1,1886,SIC,artillery,81
1886.6.1,1886,SIC,dragoon,14
1886.6.1,1886,TUR,artillery,74
1886.6.1,1886,TUR,hussar,14
1886.6.1,1886,TUR,infantry,15
1886.6.1,1886,MCK,cavalry,4
1886.6.1,1886,MCK,infantry,11
1886.6.1,1886,MCK,irregular,12
1886.6.1,1886,PER,artillery,30
1886.6.1,1886,PER,dragoon,1
1886.6.1,1886,PER,hussar,5
1886.6.1,1886,PER,infantry,16
1886.6.1,1886,JAS,dragoon,1
1886.6.1,1886,JAS,infantry,1
1886.6.1,1886,BIK,artillery,2
1886.6.1,1886,BIK,dragoon,1
1886.6.1,1886,BIK,infantry,2
1886.6.1,1886,MEW,dragoon,1
1886.6.1,1886,MEW,infantry,5
1886.6.1,1886,GWA,artillery,1
1886.6.1,1886,GWA,cuirassier,1
1886.6.1,1886,GWA,infantry,1
1886.6.1,1886,BUN,artillery,3
1886.6.1,1886,BUN,dragoon,1
1886.6.1,1886,BUN,infantry,3
1886.6.1,1886,BAS,dragoon,1
1886.6.1,1886,BAS,infantry,1
1886.6.1,1886,NEP,cavalry,1
1886.6.1,1886,NEP,irregular,5
1886.6.1,1886,SIK,irregular,1
1886.6.1,1886,CHI,cavalry,68
1886.6.1,1886,CHI,infantry,224
1886.6.1,1886,CHI,irregular,248
1886.6.1,1886,GXI,cavalry,49
1886.6.1,1886,GXI,infantry,147
1886.6.1,1886,GXI,irregular,161
1886.6.1,1886,XBI,infantry,24
1886.6.1,1886,XBI,irregular,17
1886.6.1,1886,YNN,cavalry,33
1886.6.1,1886,YNN,infantry,90
1886.6.1,1886,YNN,irregular,145
1886.6.1,1886,TIB,cavalry,3
1886.6.1,1886,TIB,infantry,8
1886.6.1,1886,TIB,irregular,6
1886.6.1,1886,XIN,cavalry,1
1886.6.1,1886,XIN,infantry,1
1886.6.1,1886,XIN,irregular,4
1886.6.1,1886,ALD,infantry,3
1886.6.1,1886,MEX,artillery,68
1886.6.1,1886,MEX,cavalry,1
1886.6.1,1886,MEX,infantry,1
1886.6.1,1886,BRZ,artillery,49
1886.6.1,1886,BRZ,dragoon,5
1886.6.1,1886,BRZ,infantry,18
1886.7.1,1886,USA,artillery,133
1886.7.1,1886,USA,dragoon,3
1886.7.1,1886,USA,hussar,13
1886.7.1,1886,COL,infantry,1
1886.7.1,1886,ENG,artillery,337
1886.7.1,1886,ENG,cuirassier,2
1886.7.1,1886,ENG,hussar,22
1886.7.1,1886,ENG,infantry,68
1886.7.1,1886,FRA,artillery,130
1886.7.1,1886,FRA,dragoon,1
1886.7.1,1886,FRA,guard,10
1886.7.1,1886,FRA,hussar,22
1886.7.1,1886,FRA,infantry,4
1886.7.1,1886,SCA,artillery,77
1886.7.1,1886,SCA,guard,23
1886.7.1,1886,SCA,hussar,12
1886.7.1,1886,SCA,infantry,4
1886.7.1,1886,RUS,artillery,145
1886.7.1,1886,RUS,dragoon,5
1886.7.1,1886,RUS,hussar,5
1886.7.1,1886,RUS,infantry,270
1886.7.1,1886,GER,artillery,171
1886.7.1,1886,GER,hussar,25
1886.7.1,1886,GER,infantry,155
1886.7.1,1886,NET,artillery,5
1886.7.1,1886,NET,hussar,1
1886.7.1,1886,BEL,artillery,7
1886.7.1,1886,BEL,dragoon,2
1886.7.1,1886,BEL,guard,2
1886.7.1,1886,BEL,infantry,7
1886.7.1,1886,SPA,artillery,64
1886.7.1,1886,SPA,hussar,7
1886.7.1,1886,KUK,artillery,85
1886.7.1,1886,KUK,dragoon,19
1886.7.1,1886,KUK,infantry,2
1886.7.1,1886,CHL,artillery,50
1886.7.1,1886,CHL,dragoon,8
1886.7.1,1886,CHL,hussar,2
1886.7.1,1886,CHL,infantry,20
1886.7.1,1886,AST,artillery,36
1886.7.1,1886,AST,hussar,4
1886.7.1,1886,AST,infantry,16
1886.7.1,1886,WAL,artillery,18
1886.7.1,1886,WAL,hussar,2
1886.7.1,1886,WAL,infantry,1
1886.7.1,1886,SAR,artillery,40
1886.7.1,1886,SAR,guard,8
1886.7.1,1886,SAR,hussar,3
1886.7.1,1886,SAR,infantry,2
1886.7.1,1886,SIC,artillery,81
1886.7.1,1886,SIC,dragoon,14
1886.7.1,1886,TUR,artillery,74
1886.7.1,1886,TUR,hussar,14
1886.7.1,1886,TUR,infantry,15
1886.7.1,1886,MCK,cavalry,4
1886.7.1,1886,MCK,infantry,2
1886.7.1,1886,MCK,irregular,12
1886.7.1,1886,PER,artillery,30
1886.7.1,1886,PER,dragoon,1
1886.7.1,1886,PER,hussar,5
1886.7.1,1886,PER,infantry,16
1886.7.1,1886,JAS,dragoon,1
1886.7.1,1886,JAS,infantry,1
1886.7.1,1886,BIK,artillery,2
1886.7.1,1886,BIK,dragoon,1
1886.7.1,1886,BIK,infantry,2
1886.7.1,1886,MEW,dragoon,1
1886.7.1,1886,MEW,infantry,5
1886.7.1,1886,GWA,artillery,1
1886.7.1,1886,GWA,cuirassier,1
1886.7.1,1886,GWA,infantry,1
1886.7.1,1886,BUN,artillery,3
1886.7.1,1886,BUN,dragoon,1
1886.7.1,1886,BUN,infantry,3
1886.7.1,1886,BAS,dragoon,1
1886.7.1,1886,BAS,infantry,1
1886.7.1,1886,NEP,cavalry,1
1886.7.1,1886,NEP,irregular,5
1886.7.1,1886,SIK,irregular,1
1886.7.1,1886,BHU,infantry,1
1886.7.1,1886,MGL,infantry,1
1886.7.1,1886,CHI,cavalry,66
1886.7.1,1886,CHI,infantry,235
1886.7.1,1886,CHI,irregular,248
1886.7.1,1886,GXI,cavalry,48
1886.7.1,1886,GXI,infantry,155
1886.7.1,1886,GXI,irregular,158
1886.7.1,1886,XBI,infantry,24
1886.7.1,1886,XBI,irregular,17
1886.7.1,1886,YNN,cavalry,33
1886.7.1,1886,YNN,infantry,90
1886.7.1,1886,YNN,irregular,145
1886.7.1,1886,TIB,cavalry,3
1886.7.1,1886,TIB,infantry,8
1886.7.1,1886,TIB,irregular,6
1886.7.1,1886,XIN,cavalry,1
1886.7.1,1886,XIN,infantry,1
1886.7.1,1886,XIN,irregular,4
1886.7.1,1886,ALD,infantry,3
1886.7.1,1886,MEX,artillery,89
1886.7.1,1886,MEX,cavalry,1
1886.7.1,1886,MEX,infantry,1
1886.7.1,1886,BRZ,artillery,49
1886.7.1,1886,BRZ,dragoon,5
1886.7.1,1886,BRZ,infantry,18
1886.8.1,1886,USA,artillery,142
1886.8.1,1886,USA,dragoon,3
1886.8.1,1886,USA,hussar,13
1886.8.1,1886,COL,infantry,1
1886.8.1,1886,ENG,artillery,339
1886.8.1,1886,ENG,cuirassier,2
1886.8.1,1886,ENG,hussar,22
1886.8.1,1886,ENG,infantry,68
1886.8.1,1886,FRA,artillery,130
1886.8.1,1886,FRA,dragoon,1
1886.8.1,1886,FRA,guard,13
1886.8.1,1886,FRA,hussar,22
1886.8.1,1886,FRA,infantry,4
1886.8.1,1886,SCA,artillery,77
1886.8.1,1886,SCA,guard,23
1886.8.1,1886,SCA,hussar,12
1886.8.1,1886,SCA,infantry,4
1886.8.1,1886,RUS,artillery,145
1886.8.1,1886,RUS,dragoon,5
1886.8.1,1886,RUS,hussar,6
1886.8.1,1886,RUS,infantry,270
1886.8.1,1886,GER,artillery,171
1886.8.1,1886,GER,hussar,25
1886.8.1,1886,GER,infantry,179
1886.8.1,1886,NET,artillery,5
1886.8.1,1886,NET,hussar,1
1886.8.1,1886,BEL,artillery,6
1886.8.1,1886,BEL,dragoon,2
1886.8.1,1886,BEL,guard,2
1886.8.1,1886,BEL,infantry,7
1886.8.1,1886,SPA,artillery,64
1886.8.1,1886,SPA,hussar,7
1886.8.1,1886,KUK,artillery,85
1886.8.1,1886,KUK,dragoon,19
1886.8.1,1886,KUK,infantry,2
1886.8.1,1886,CHL,artillery,50
1886.8.1,1886,CHL,dragoon,8
1886.8.1,1886,CHL,hussar,2
1886.8.1,1886,CHL,infantry,20
1886.8.1,1886,AST,artillery,38
1886.8.1,1886,AST,hussar,4
1886.8.1,1886,AST,infantry,16
1886.8.1,1886,WAL,artillery,18
1886.8.1,1886,WAL,hussar,2
1886.8.1,1886,WAL,infantry,1
1886.8.1,1886,SAR,artillery,40
1886.8.1,1886,SAR,guard,8
1886.8.1,1886,SAR,hussar,3
1886.8.1,1886,SAR,infantry,2
1886.8.1,1886,SIC,artillery,81
1886.8.1,1886,SIC,dragoon,14
1886.8.1,1886,TUR,artillery,74
1886.8.1,1886,TUR,hussar,14
1886.8.1,1886,TUR,infantry,15
1886.8.1,1886,MCK,cavalry,4
1886.8.1,1886,MCK,infantry,2
1886.8.1,1886,MCK,irregular,12
1886.8.1,1886,PER,artillery,30
1886.8.1,1886,PER,dragoon,1
1886.8.1,1886,PER,hussar,5
1886.8.1,1886,PER,infantry,16
1886.8.1,1886,JAS,dragoon,1
1886.8.1,1886,JAS,infantry,1
1886.8.1,1886,BIK,artillery,2
1886.8.1,1886,BIK,dragoon,1
1886.8.1,1886,BIK,infantry,2
1886.8.1,1886,MEW,dragoon,1
1886.8.1,1886,MEW,infantry,5
1886.8.1,1886,GWA,artillery,1
1886.8.1,1886,GWA,cuirassier,1
1886.8.1,1886,GWA,infantry,1
1886.8.1,1886,BUN,artillery,3
1886.8.1,1886,BUN,dragoon,1
1886.8.1,1886,BUN,infantry,3
1886.8.1,1886,BAS,dragoon,1
1886.8.1,1886,BAS,infantry,1
1886.8.1,1886,NEP,cavalry,1
1886.8.1,1886,NEP,irregular,5
1886.8.1,1886,SIK,irregular,1
1886.8.1,1886,BHU,infantry,1
1886.8.1,1886,MGL,infantry,1
1886.8.1,1886,CHI,cavalry,65
1886.8.1,1886,CHI,infantry,256
1886.8.1,1886,CHI,irregular,244
1886.8.1,1886,GXI,cavalry,44
1886.8.1,1886,GXI,infantry,157
1886.8.1,1886,GXI,irregular,151
1886.8.1,1886,XBI,infantry,24
1886.8.1,1886,XBI,irregular,17
1886.8.1,1886,YNN,cavalry,29
1886.8.1,1886,YNN,infantry,90
1886.8.1,1886,YNN,irregular,139
1886.8.1,1886,TIB,cavalry,1
1886.8.1,1886,TIB,infantry,5
1886.8.1,1886,TIB,irregular,1
1886.8.1,1886,XIN,cavalry,1
1886.8.1,1886,XIN,infantry,1
1886.8.1,1886,XIN,irregular,4
1886.8.1,1886,ALD,infantry,3
1886.8.1,1886,MEX,artillery,90
1886.8.1,1886,MEX,cavalry,1
1886.8.1,1886,MEX,infantry,1
1886.8.1,1886,BRZ,artillery,49
1886.8.1,1886,BRZ,dragoon,5
1886.8.1,1886,BRZ,infantry,18
1886.9.1,1886,USA,artillery,142
1886.9.1,1886,USA,dragoon,3
1886.9.1,1886,USA,hussar,13
1886.9.1,1886,COL,infantry,1
1886.9.1,1886,ENG,artillery,341
1886.9.1,1886,ENG,cuirassier,2
1886.9.1,1886,ENG,hussar,22
1886.9.1,1886,ENG,infantry,68
1886.9.1,1886,FRA,artillery,130
1886.9.1,1886,FRA,dragoon,1
1886.9.1,1886,FRA,guard,13
1886.9.1,1886,FRA,hussar,22
1886.9.1,1886,FRA,infantry,4
1886.9.1,1886,SCA,artillery,77
1886.9.1,1886,SCA,guard,23
1886.9.1,1886,SCA,hussar,12
1886.9.1,1886,SCA,infantry,4
1886.9.1,1886,RUS,artillery,145
1886.9.1,1886,RUS,dragoon,5
1886.9.1,1886,RUS,hussar,6
1886.9.1,1886,RUS,infantry,270
1886.9.1,1886,GER,artillery,171
1886.9.1,1886,GER,hussar,25
1886.9.1,1886,GER,infantry,206
1886.9.1,1886,NET,artillery,5
1886.9.1,1886,NET,hussar,1
1886.9.1,1886,BEL,artillery,6
1886.9.1,1886,BEL,dragoon,2
1886.9.1,1886,BEL,guard,2
1886.9.1,1886,BEL,infantry,7
1886.9.1,1886,SPA,artillery,64
1886.9.1,1886,SPA,hussar,7
1886.9.1,1886,KUK,artillery,85
1886.9.1,1886,KUK,dragoon,19
1886.9.1,1886,KUK,infantry,2
1886.9.1,1886,CHL,artillery,50
1886.9.1,1886,CHL,dragoon,8
1886.9.1,1886,CHL,hussar,2
1886.9.1,1886,CHL,infantry,20
1886.9.1,1886,AST,artillery,39
1886.9.1,1886,AST,hussar,4
1886.9.1,1886,AST,infantry,16
1886.9.1,1886,WAL,artillery,18
1886.9.1,1886,WAL,hussar,2
1886.9.1,1886,WAL,infantry,1
1886.9.1,1886,SAR,artillery,40
1886.9.1,1886,SAR,guard,8
1886.9.1,1886,SAR,hussar,3
1886.9.1,1886,SAR,infantry,2
1886.9.1,1886,SIC,artillery,81
1886.9.1,1886,SIC,dragoon,14
1886.9.1,1886,TUR,artillery,74
1886.9.1,1886,TUR,hussar,14
1886.9.1,1886,TUR,infantry,12
1886.9.1,1886,MCK,cavalry,5
1886.9.1,1886,MCK,infantry,3
1886.9.1,1886,MCK,irregular,12
1886.9.1,1886,PER,artillery,30
1886.9.1,1886,PER,dragoon,1
1886.9.1,1886,PER,hussar,5
1886.9.1,1886,PER,infantry,16
1886.9.1,1886,JAS,dragoon,1
1886.9.1,1886,JAS,infantry,1
1886.9.1,1886,BIK,artillery,2
1886.9.1,1886,BIK,dragoon,1
1886.9.1,1886,BIK,infantry,2
1886.9.1,1886,MEW,dragoon,1
1886.9.1,1886,MEW,infantry,5
1886.9.1,1886,GWA,artillery,1
1886.9.1,1886,GWA,cuirassier,1
1886.9.1,1886,GWA,infantry,1
1886.9.1,1886,BUN,artillery,3
1886.9.1,1886,BUN,dragoon,1
1886.9.1,1886,BUN,infantry,3
1886.9.1,1886,BAS,dragoon,1
1886.9.1,1886,BAS,infantry,1
1886.9.1,1886,NEP,cavalry,1
1886.9.1,1886,NEP,irregular,5
1886.9.1,1886,SIK,irregular,1
1886.9.1,1886,BHU,infantry,1
1886.9.1,1886,MGL,cavalry,1
1886.9.1,1886,MGL,infantry,2
1886.9.1,1886,CHI,cavalry,64
1886.9.1,1886,CHI,infantry,257
1886.9.1,1886,CHI,irregular,237
1886.9.1,1886,GXI,cavalry,39
1886.9.1,1886,GXI,infantry,157
1886.9.1,1886,GXI,irregular,132
1886.9.1,1886,XBI,infantry,24
1886.9.1,1886,XBI,irregular,17
1886.9.1,1886,YNN,cavalry,29
1886.9.1,1886,YNN,infantry,90
1886.9.1,1886,YNN,irregular,139
1886.9.1,1886,TIB,cavalry,1
1886.9.1,1886,TIB,infantry,5
1886.9.1,1886,TIB,irregular,1
1886.9.1,1886,XIN,cavalry,1
1886.9.1,1886,XIN,infantry,1
1886.9.1,1886,XIN,irregular,4
1886.9.1,1886,ALD,infantry,3
1886.9.1,1886,MEX,artillery,90
1886.9.1,1886,MEX,cavalry,1
1886.9.1,1886,MEX,infantry,1
1886.9.1,1886,BRZ,artillery,49
1886.9.1,1886,BRZ,dragoon,5
1886.9.1,1886,BRZ,infantry,18
1886.10.1,1886,USA,artillery,142
1886.10.1,1886,USA,dragoon,3
1886.10.1,1886,USA,hussar,13
1886.10.1,1886,COL,infantry,1
1886.10.1,1886,ENG,artillery,342
1886.10.1,1886,ENG,cuirassier,2
1886.10.1,1886,ENG,hussar,22
1886.10.1,1886,ENG,infantry,68
1886.10.1,1886,FRA,artillery,130
1886.10.1,1886,FRA,dragoon,1
1886.10.1,1886,FRA,guard,13
1886.10.1,1886,FRA,hussar,22
1886.10.1,1886,FRA,infantry,18
1886.10.1,1886,SCA,artillery,77
1886.10.1,1886,SCA,guard,23
1886.10.1,1886,SCA,hussar,12
1886.10.1,1886,SCA,infantry,9
1886.10.1,1886,RUS,artillery,145
1886.10.1,1886,RUS,dragoon,5
1886.10.1,1886,RUS,hussar,6
1886.10.1,1886,RUS,infantry,270
1886.10.1,1886,GER,artillery,171
1886.10.1,1886,GER,hussar,25
1886.10.1,1886,GER,infantry,210
1886.10.1,1886,NET,artillery,5
1886.10.1,1886,NET,hussar,1
1886.10.1,1886,BEL,artillery,6
1886.10.1,1886,BEL,dragoon,2
1886.10.1,1886,BEL,guard,2
1886.10.1,1886,BEL,infantry,7
1886.10.1,1886,SPA,artillery,64
1886.10.1,1886,SPA,hussar,7
1886.10.1,1886,KUK,artillery,85
1886.10.1,1886,KUK,dragoon,19
1886.10.1,1886,KUK,infantry,2
1886.10.1,1886,CHL,artillery,50
1886.10.1,1886,CHL,dragoon,8
1886.10.1,1886,CHL,hussar,2
1886.10.1,1886,CHL,infantry,20
1886.10.1,1886,AST,artillery,43
1886.10.1,1886,AST,hussar,4
1886.10.1,1886,AST,infantry,16
1886.10.1,1886,WAL,artillery,18
1886.10.1,1886,WAL,hussar,2
1886.10.1,1886,WAL,infantry,1
1886.10.1,1886,SAR,artillery,40
1886.10.1,1886,SAR,guard,8
1886.10.1,1886,SAR,hussar,3
1886.10.1,1886,SAR,infantry,2
1886.10.1,1886,SIC,artillery,81
1886.10.1,1886,SIC,dragoon,14
1886.10.1,1886,TUR,artillery,74
1886.10.1,1886,TUR,hussar,14
1886.10.1,1886,TUR,infantry,12
1886.10.1,1886,MCK,cavalry,5
1886.10.1,1886,MCK,infantry,3
1886.10.1,1886,MCK,irregular,12
1886.10.1,1886,PER,artillery,30
1886.10.1,1886,PER,dragoon,1
1886.10.1,1886,PER,hussar,5
1886.10.1,1886,PER,infantry,16
1886.10.1,1886,JAS,dragoon,1
1886.10.1,1886,JAS,infantry,1
1886.10.1,1886,BIK,artillery,2
1886.10.1,1886,BIK,dragoon,1
1886.10.1,1886,BIK,infantry,2
1886.10.1,1886,MEW,dragoon,1
1886.10.1,1886,MEW,infantry,5
1886.10.1,1886,GWA,artillery,1
1886.10.1,1886,GWA,cuirassier,1
1886.10.1,1886,GWA,infantry,1
1886.10.1,1886,BUN,artillery,3
1886.10.1,1886,BUN,dragoon,1
1886.10.1,1886,BUN,infantry,3
1886.10.1,1886,BAS,dragoon,1
1886.10.1,1886,BAS,infantry,1
1886.10.1,1886,NEP,cavalry,1
1886.10.1,1886,NEP,irregular,5
1886.10.1,1886,SIK,irregular,1
1886.10.1,1886,BHU,infantry,1
1886.10.1,1886,MGL,cavalry,1
1886.10.1,1886,MGL,infantry,3
1886.10.1,1886,CHI,cavalry,62
1886.10.1,1886,CHI,infantry,273
1886.10.1,1886,CHI,irregular,232
1886.10.1,1886,GXI,cavalry,39
1886.10.1,1886,GXI,infantry,157
1886.10.1,1886,GXI,irregular,132
1886.10.1,1886,XBI,infantry,24
1886.10.1,1886,XBI,irregular,17
1886.10.1,1886,YNN,cavalry,28
1886.10.1,1886,YNN,infantry,88
1886.10.1,1886,YNN,irregular,137
1886.10.1,1886,TIB,cavalry,1
1886.10.1,1886,TIB,infantry,5
1886.10.1,1886,TIB,irregular,1
1886.10.1,1886,XIN,cavalry,1
1886.10.1,1886,XIN,infantry,1
1886.10.1,1886,XIN,irregular,4
1886.10.1,1886,ALD,infantry,3
1886.10.1,1886,MEX,artillery,90
1886.10.1,1886,MEX,cavalry,1
1886.10.1,1886,MEX,infantry,1
1886.10.1,1886,BRZ,artillery,49
1886.10.1,1886,BRZ,dragoon,5
1886.10.1,1886,BRZ,infantry,18
1886.11.1,1886,USA,artillery,157
1886.11.1,1886,USA,dragoon,4
1886.11.1,1886,USA,hussar,13
1886.11.1,1886,COL,infantry,1
1886.11.1,1886,ENG,artillery,343
1886.11.1,1886,ENG,cuirassier,2
1886.11.1,1886,ENG,hussar,22
1886.11.1,1886,ENG,infantry,71
1886.11.1,1886,FRA,artillery,130
1886.11.1,1886,FRA,dragoon,1
1886.11.1,1886,FRA,guard,13
1886.11.1,1886,FRA,hussar,22
1886.11.1,1886,FRA,infantry,35
1886.11.1,1886,SCA,artillery,82
1886.11.1,1886,SCA,guard,23
1886.11.1,1886,SCA,hussar,13
1886.11.1,1886,SCA,infantry,20
1886.11.1,1886,RUS,artillery,145
1886.11.1,1886,RUS,dragoon,5
1886.11.1,1886,RUS,hussar,6
1886.11.1,1886,RUS,infantry,270
1886.11.1,1886,GER,artillery,171
1886.11.1,1886,GER,hussar,25
1886.11.1,1886,GER,infantry,210
1886.11.1,1886,NET,artillery,5
1886.11.1,1886,NET,guard,3
1886.11.1,1886,NET,hussar,1
1886.11.1,1886,BEL,artillery,6
1886.11.1,1886,BEL,dragoon,2
1886.11.1,1886,BEL,infantry,7
1886.11.1,1886,FLA,guard,2
1886.11.1,1886,FLA,infantry,12
1886.11.1,1886,FLA,irregular,11
1886.11.1,1886,SPA,artillery,65
1886.11.1,1886,SPA,hussar,13
1886.11.1,1886,KUK,artillery,85
1886.11.1,1886,KUK,dragoon,19
1886.11.1,1886,KUK,infantry,2
1886.11.1,1886,CHL,artillery,50
1886.11.1,1886,CHL,dragoon,8
1886.11.1,1886,CHL,hussar,2
1886.11.1,1886,CHL,infantry,20
1886.11.1,1886,AST,artillery,46
1886.11.1,1886,AST,hussar,4
1886.11.1,1886,AST,infantry,16
1886.11.1,1886,WAL,artillery,18
1886.11.1,1886,WAL,hussar,2
1886.11.1,1886,WAL,infantry,1
1886.11.1,1886,SAR,artillery,40
1886.11.1,1886,SAR,guard,8
1886.11.1,1886,SAR,hussar,3
1886.11.1,1886,SAR,infantry,10
1886.11.1,1886,SIC,artillery,81
1886.11.1,1886,SIC,dragoon,16
1886.11.1,1886,TUR,artillery,74
1886.11.1,1886,TUR,hussar,14
1886.11.1,1886,TUR,infantry,12
1886.11.1,1886,MCK,cavalry,5
1886.11.1,1886,MCK,infantry,4
1886.11.1,1886,MCK,irregular,12
1886.11.1,1886,PER,artillery,30
1886.11.1,1886,PER,dragoon,1
1886.11.1,1886,PER,hussar,5
1886.11.1,1886,PER,infantry,16
1886.11.1,1886,JAS,dragoon,1
1886.11.1,1886,JAS,infantry,1
1886.11.1,1886,BIK,artillery,2
1886.11.1,1886,BIK,dragoon,1
1886.11.1,1886,BIK,infantry,2
1886.11.1,1886,MEW,dragoon,1
1886.11.1,1886,MEW,infantry,5
1886.11.1,1886,GWA,artillery,1
1886.11.1,1886,GWA,cuirassier,1
1886.11.1,1886,GWA,infantry,1
1886.11.1,1886,BUN,artillery,3
1886.11.1,1886,BUN,dragoon,1
1886.11.1,1886,BUN,infantry,3
1886.11.1,1886,BAS,dragoon,1
1886.11.1,1886,BAS,infantry,1
1886.11.1,1886,NEP,cavalry,1
1886.11.1,1886,NEP,irregular,5
1886.11.1,1886,SIK,irregular,1
1886.11.1,1886,BHU,infantry,1
1886.11.1,1886,MGL,cavalry,1
1886.11.1,1886,MGL,infantry,3
1886.11.1,1886,CHI,cavalry,32
1886.11.1,1886,CHI,infantry,258
1886.11.1,1886,CHI,irregular,140
1886.11.1,1886,GXI,cavalry,27
1886.11.1,1886,GXI,infantry,140
1886.11.1,1886,GXI,irregular,56
1886.11.1,1886,XBI,infantry,2
1886.11.1,1886,XBI,irregular,4
1886.11.1,1886,YNN,cavalry,15
1886.11.1,1886,YNN,infantry,79
1886.11.1,1886,YNN,irregular,70
1886.11.1,1886,XIN,cavalry,1
1886.11.1,1886,XIN,infantry,1
1886.11.1,1886,XIN,irregular,3
1886.11.1,1886,ALD,infantry,3
1886.11.1,1886,MEX,artillery,90
1886.11.1,1886,MEX,cavalry,1
1886.11.1,1886,MEX,infantry,1
1886.11.1,1886,BRZ,artillery,49
1886.11.1,1886,BRZ,dragoon,5
1886.11.1,1886,BRZ,infantry,18
1886.12.1,1886,USA,artillery,159
1886.12.1,1886,USA,dragoon,8
1886.12.1,1886,USA,hussar,14
1886.12.1,1886,COL,infantry,1
1886.12.1,1886,ENG,artillery,343
1886.12.1,1886,ENG,cuirassier,2
1886.12.1,1886,ENG,hussar,22
1886.12.1,1886,ENG,infantry,100
1886.12.1,1886,FRA,artillery,130
1886.12.1,1886,FRA,dragoon,1
1886.12.1,1886,FRA,guard,13
1886.12.1,1886,FRA,hussar,22
1886.12.1,1886,FRA,infantry,62
1886.12.1,1886,SCA,artillery,82
1886.12.1,1886,SCA,guard,23
1886.12.1,1886,SCA,hussar,13
1886.12.1,1886,SCA,infantry,30
1886.12.1,1886,RUS,artillery,145
1886.12.1,1886,RUS,dragoon,5
1886.12.1,1886,RUS,hussar,6
1886.12.1,1886,RUS,infantry,270
1886.12.1,1886,GER,artillery,171
1886.12.1,1886,GER,hussar,25
1886.12.1,1886,GER,infantry,210
1886.12.1,1886,NET,artillery,8
1886.12.1,1886,NET,guard,3
1886.12.1,1886,NET,hussar,1
1886.12.1,1886,BEL,artillery,6
1886.12.1,1886,BEL,dragoon,2
1886.12.1,1886,BEL,infantry,7
1886.12.1,1886,FLA,infantry,12
1886.12.1,1886,FLA,irregular,8
1886.12.1,1886,SPA,artillery,65
1886.12.1,1886,SPA,hussar,13
1886.12.1,1886,KUK,artillery,85
1886.12.1,1886,KUK,dragoon,19
1886.12.1,1886,KUK,infantry,2
1886.12.1,1886,CHL,artillery,50
1886.12.1,1886,CHL,dragoon,8
1886.12.1,1886,CHL,hussar,2
1886.12.1,1886,CHL,infantry,20
1886.12.1,1886,AST,artillery,48
1886.12.1,1886,AST,hussar,4
1886.12.1,1886,AST,infantry,16
1886.12.1,1886,WAL,artillery,18
1886.12.1,1886,WAL,hussar,2
1886.12.1,1886,WAL,infantry,1
1886.12.1,1886,SAR,artillery,40
1886.12.1,1886,SAR,guard,8
1886.12.1,1886,SAR,hussar,3
1886.12.1,1886,SAR,infantry,2
1886.12.1,1886,SIC,artillery,81
1886.12.1,1886,SIC,dragoon,16
1886.12.1,1886,TUR,artillery,74
1886.12.1,1886,TUR,hussar,14
1886.12.1,1886,TUR,infantry,12
1886.12.1,1886,MCK,cavalry,4
1886.12.1,1886,MCK,infantry,4
1886.12.1,1886,MCK,irregular,12
1886.12.1,1886,PER,artillery,30
1886.12.1,1886,PER,dragoon,1
1886.12.1,1886,PER,hussar,5
1886.12.1,1886,PER,infantry,16
1886.12.1,1886,JAS,dragoon,1
1886.12.1,1886,JAS,infantry,1
1886.12.1,1886,BIK,artillery,2
1886.12.1,1886,BIK,dragoon,1
1886.12.1,1886,BIK,infantry,2
1886.12.1,1886,MEW,dragoon,1
1886.12.1,1886,MEW,infantry,5
1886.12.1,1886,GWA,artillery,1
1886.12.1,1886,GWA,cuirassier,1
1886.12.1,1886,GWA,infantry,1
1886.12.1,1886,BUN,artillery,3
1886.12.1,1886,BUN,dragoon,1
1886.12.1,1886,BUN,infantry,3
1886.12.1,1886,BAS,dragoon,1
1886.12.1,1886,BAS,infantry,1
1886.12.1,1886,NEP,cavalry,1
1886.12.1,1886,NEP,irregular,5
1886.12.1,1886,SIK,irregular,1
1886.12.1,1886,BHU,infantry,1
1886.12.1,1886,MGL,infantry,2
1886.12.1,1886,MGL,irregular,1
1886.12.1,1886,CHI,cavalry,33
1886.12.1,1886,CHI,infantry,260
1886.12.1,1886,CHI,irregular,141
1886.12.1,1886,GXI,cavalry,25
1886.12.1,1886,GXI,infantry,134
1886.12.1,1886,GXI,irregular,44
1886.12.1,1886,XBI,infantry,2
1886.12.1,1886,XBI,irregular,4
1886.12.1,1886,YNN,cavalry,14
1886.12.1,1886,YNN,infantry,79
1886.12.1,1886,YNN,irregular,63
1886.12.1,1886,XIN,cavalry,1
1886.12.1,1886,XIN,infantry,1
1886.12.1,1886,XIN,irregular,2
1886.12.1,1886,ALD,infantry,3
1886.12.1,1886,MEX,artillery,90
1886.12.1,1886,MEX,cavalry,1
1886.12.1,1886,MEX,infantry,1
1886.12.1,1886,BRZ,artillery,49
1886.12.1,1886,BRZ,dragoon,5
1886.12.1,1886,BRZ,infantry,18
1887.1.1,1887,USA,artillery,159
1887.1.1,1887,USA,dragoon,8
1887.1.1,1887,USA,hussar,14
1887.1.1,1887,COL,infantry,1
1887.1.1,1887,ENG,artillery,345
1887.1.1,1887,ENG,cuirassier,2
1887.1.1,1887,ENG,hussar,22
1887.1.1,1887,ENG,infantry,134
1887.1.1,1887,FRA,artillery,130
1887.1.1,1887,FRA,dragoon,1
1887.1.1,1887,FRA,guard,13
1887.1.1,1887,FRA,hussar,22
1887.1.1,1887,FRA,infantry,87
1887.1.1,1887,SCA,artillery,82
1887.1.1,1887,SCA,guard,23
1887.1.1,1887,SCA,hussar,13
1887.1.1,1887,SCA,infantry,38
1887.1.1,1887,RUS,artillery,145
1887.1.1,1887,RUS,dragoon,5
1887.1.1,1887,RUS,hussar,6
1887.1.1,1887,RUS,infantry,270
1887.1.1,1887,GER,artillery,171
1887.1.1,1887,GER,hussar,25
1887.1.1,1887,GER,infantry,210
1887.1.1,1887,NET,artillery,8
1887.1.1,1887,NET,dragoon,1
1887.1.1,1887,NET,guard,3
1887.1.1,1887,NET,hussar,1
1887.1.1,1887,BEL,artillery,1
1887.1.1,1887,FLA,infantry,12
1887.1.1,1887,FLA,irregular,8
1887.1.1,1887,SPA,artillery,64
1887.1.1,1887,SPA,hussar,13
1887.1.1,1887,SPA,infantry,12
1887.1.1,1887,KUK,artillery,85
1887.1.1,1887,KUK,dragoon,19
1887.1.1,1887,KUK,infantry,4
1887.1.1,1887,CHL,artillery,50
1887.1.1,1887,CHL,dragoon,8
1887.1.1,1887,CHL,hussar,2
1887.1.1,1887,CHL,infantry,20
1887.1.1,1887,AST,artillery,50
1887.1.1,1887,AST,hussar,4
1887.1.1,1887,AST,infantry,16
1887.1.1,1887,WAL,artillery,18
1887.1.1,1887,WAL,hussar,2
1887.1.1,1887,WAL,infantry,1
1887.1.1,1887,SAR,artillery,40
1887.1.1,1887,SAR,guard,8
1887.1.1,1887,SAR,hussar,3
1887.1.1,1887,SAR,infantry,18
1887.1.1,1887,SIC,artillery,81
1887.1.1,1887,SIC,dragoon,16
1887.1.1,1887,TUR,artillery,74
1887.1.1,1887,TUR,hussar,16
1887.1.1,1887,TUR,infantry,12
1887.1.1,1887,MCK,cavalry,4
1887.1.1,1887,MCK,infantry,1
1887.1.1,1887,MCK,irregular,12
1887.1.1,1887,PER,artillery,30
1887.1.1,1887,PER,dragoon,1
1887.1.1,1887,PER,hussar,5
1887.1.1,1887,PER,infantry,16
1887.1.1,1887,JAS,dragoon,1
1887.1.1,1887,JAS,infantry,1
1887.1.1,1887,BIK,artillery,2
1887.1.1,1887,BIK,dragoon,1
1887.1.1,1887,BIK,infantry,2
1887.1.1,1887,MEW,dragoon,1
1887.1.1,1887,MEW,infantry,5
1887.1.1,1887,GWA,artillery,1
1887.1.1,1887,GWA,cuirassier,1
1887.1.1,1887,GWA,infantry,1
1887.1.1,1887,BUN,artillery,3
1887.1.1,1887,BUN,dragoon,1
1887.1.1,1887,BUN,infantry,3
1887.1.1,1887,BAS,dragoon,1
1887.1.1,1887,BAS,infantry,1
1887.1.1,1887,NEP,cavalry,1
1887.1.1,1887,NEP,irregular,5
1887.1.1,1887,SIK,irregular,1
1887.1.1,1887,BHU,infantry,1
1887.1.1,1887,MGL,infantry,1
1887.1.1,1887,CHI,cavalry,33
1887.1.1,1887,CHI,infantry,238
1887.1.1,1887,CHI,irregular,140
1887.1.1,1887,GXI,cavalry,25
1887.1.1,1887,GXI,infantry,134
1887.1.1,1887,GXI,irregular,42
1887.1.1,1887,XBI,infantry,2
1887.1.1,1887,XBI,irregular,4
1887.1.1,1887,YNN,cavalry,11
1887.1.1,1887,YNN,infantry,77
1887.1.1,1887,YNN,irregular,53
1887.1.1,1887,XIN,cavalry,1
1887.1.1,1887,XIN,infantry,1
1887.1.1,1887,XIN,irregular,2
1887.1.1,1887,ALD,infantry,3
1887.1.1,1887,MEX,artillery,90
1887.1.1,1887,MEX,cavalry,1
1887.1.1,1887,MEX,infantry,1
1887.1.1,1887,BRZ,artillery,49
1887.1.1,1887,BRZ,dragoon,5
1887.1.1,1887,BRZ,infantry,18
1887.2.1,1887,USA,artillery,159
1887.2.1,1887,USA,dragoon,8
1887.2.1,1887,USA,hussar,14
1887.2.1,1887,COL,infantry,1
1887.2.1,1887,ENG,artillery,345
1887.2.1,1887,ENG,cuirassier,2
1887.2.1,1887,ENG,hussar,22
1887.2.1,1887,ENG,infantry,164
1887.2.1,1887,FRA,artillery,130
1887.2.1,1887,FRA,dragoon,1
1887.2.1,1887,FRA,guard,13
1887.2.1,1887,FRA,hussar,22
1887.2.1,1887,FRA,infantry,107
1887.2.1,1887,SCA,artillery,82
1887.2.1,1887,SCA,guard,23
1887.2.1,1887,SCA,hussar,13
1887.2.1,1887,SCA,infantry,41
1887.2.1,1887,RUS,artillery,145
1887.2.1,1887,RUS,dragoon,5
1887.2.1,1887,RUS,hussar,6
1887.2.1,1887,RUS,infantry,270
1887.2.1,1887,GER,artillery,171
1887.2.1,1887,GER,hussar,25
1887.2.1,1887,GER,infantry,210
1887.2.1,1887,NET,artillery,8
1887.2.1,1887,NET,dragoon,1
1887.2.1,1887,NET,guard,4
1887.2.1,1887,NET,hussar,1
1887.2.1,1887,BEL,artillery,1
1887.2.1,1887,FLA,infantry,12
1887.2.1,1887,FLA,irregular,8
1887.2.1,1887,SPA,artillery,64
1887.2.1,1887,SPA,hussar,13
1887.2.1,1887,SPA,infantry,29
1887.2.1,1887,KUK,artillery,95
1887.2.1,1887,KUK,dragoon,19
1887.2.1,1887,KUK,infantry,4
1887.2.1,1887,CHL,artillery,50
1887.2.1,1887,CHL,dragoon,8
1887.2.1,1887,CHL,hussar,2
1887.2.1,1887,CHL,infantry,20
1887.2.1,1887,AST,artillery,52
1887.2.1,1887,AST,hussar,4
1887.2.1,1887,AST,infantry,16
1887.2.1,1887,WAL,artillery,18
1887.2.1,1887,WAL,hussar,2
1887.2.1,1887,WAL,infantry,1
1887.2.1,1887,SAR,artillery,40
1887.2.1,1887,SAR,guard,8
1887.2.1,1887,SAR,hussar,3
1887.2.1,1887,SAR,infantry,38
1887.2.1,1887,SIC,artillery,81
1887.2.1,1887,SIC,dragoon,16
1887.2.1,1887,TUR,artillery,77
1887.2.1,1887,TUR,hussar,16
1887.2.1,1887,TUR,infantry,12
1887.2.1,1887,MCK,cavalry,4
1887.2.1,1887,MCK,irregular,8
1887.2.1,1887,PER,artillery,30
1887.2.1,1887,PER,dragoon,1
1887.2.1,1887,PER,hussar,5
1887.2.1,1887,PER,infantry,16
1887.2.1,1887,JAS,dragoon,1
1887.2.1,1887,JAS,infantry,1
1887.2.1,1887,BIK,artillery,2
1887.2.1,1887,BIK,dragoon,1
1887.2.1,1887,BIK,infantry,2
1887.2.1,1887,MEW,dragoon,1
1887.2.1,1887,MEW,infantry,5
1887.2.1,1887,GWA,artillery,1
1887.2.1,1887,GWA,cuirassier,1
1887.2.1,1887,GWA,infantry,1
1887.2.1,1887,BUN,infantry,1
1887.2.1,1887,BAS,dragoon,1
1887.2.1,1887,BAS,infantry,1
1887.2.1,1887,NEP,cavalry,1
1887.2.1,1887,NEP,irregular,5
1887.2.1,1887,SIK,irregular,1
1887.2.1,1887,BHU,infantry,1
1887.2.1,1887,MGL,infantry,1
1887.2.1,1887,CHI,cavalry,33
1887.2.1,1887,CHI,infantry,212
1887.2.1,1887,CHI,irregular,139
1887.2.1,1887,GXI,cavalry,25
1887.2.1,1887,GXI,infantry,134
1887.2.1,1887,GXI,irregular,42
1887.2.1,1887,XBI,infantry,2
1887.2.1,1887,XBI,irregular,4
1887.2.1,1887,YNN,cavalry,11
1887.2.1,1887,YNN,infantry,77
1887.2.1,1887,YNN,irregular,53
1887.2.1,1887,XIN,cavalry,1
1887.2.1,1887,XIN,infantry,1
1887.2.1,1887,XIN,irregular,2
1887.2.1,1887,ALD,infantry,3
1887.2.1,1887,MEX,artillery,90
1887.2.1,1887,MEX,cavalry,1
1887.2.1,1887,MEX,infantry,1
1887.2.1,1887,BRZ,artillery,49
1887.2.1,1887,BRZ,dragoon,5
1887.2.1,1887,BRZ,infantry,18
1887.3.1,1887,USA,artillery,159
1887.3.1,1887,USA,dragoon,8
1887.3.1,1887,USA,hussar,14
1887.3.1,1887,COL,infantry,1
1887.3.1,1887,ENG,artillery,348
1887.3.1,1887,ENG,cuirassier,2
1887.3.1,1887,ENG,hussar,22
1887.3.1,1887,ENG,infantry,185
1887.3.1,1887,FRA,artillery,130
1887.3.1,1887,FRA,dragoon,1
1887.3.1,1887,FRA,guard,13
1887.3.1,1887,FRA,hussar,22
1887.3.1,1887,FRA,infantry,136
1887.3.1,1887,SCA,artillery,82
1887.3.1,1887,SCA,guard,23
1887.3.1,1887,SCA,hussar,13
1887.3.1,1887,SCA,infantry,41
1887.3.1,1887,RUS,artillery,145
1887.3.1,1887,RUS,dragoon,5
1887.3.1,1887,RUS,hussar,6
1887.3.1,1887,RUS,infantry,270
1887.3.1,1887,GER,artillery,171
1887.3.1,1887,GER,hussar,25
1887.3.1,1887,GER,infantry,210
1887.3.1,1887,NET,artillery,9
1887.3.1,1887,NET,dragoon,1
1887.3.1,1887,NET,guard,4
1887.3.1,1887,NET,hussar,1
1887.3.1,1887,BEL,artillery,1
1887.3.1,1887,FLA,infantry,12
1887.3.1,1887,FLA,irregular,8
1887.3.1,1887,SPA,artillery,64
1887.3.1,1887,SPA,hussar,13
1887.3.1,1887,SPA,infantry,39
1887.3.1,1887,KUK,artillery,95
1887.3.1,1887,KUK,dragoon,19
1887.3.1,1887,KUK,infantry,4
1887.3.1,1887,CHL,artillery,50
1887.3.1,1887,CHL,dragoon,8
1887.3.1,1887,CHL,hussar,2
1887.3.1,1887,CHL,infantry,20
1887.3.1,1887,AST,artillery,52
1887.3.1,1887,AST,hussar,4
1887.3.1,1887,AST,infantry,16
1887.3.1,1887,WAL,artillery,18
1887.3.1,1887,WAL,hussar,2
1887.3.1,1887,WAL,infantry,1
1887.3.1,1887,SAR,artillery,40
1887.3.1,1887,SAR,guard,8
1887.3.1,1887,SAR,hussar,3
1887.3.1,1887,SAR,infantry,38
1887.3.1,1887,SIC,artillery,81
1887.3.1,1887,SIC,dragoon,16
1887.3.1,1887,SIC,infantry,22
1887.3.1,1887,TUR,artillery,78
1887.3.1,1887,TUR,hussar,16
1887.3.1,1887,TUR,infantry,12
1887.3.1,1887,MCK,cavalry,3
1887.3.1,1887,MCK,irregular,8
1887.3.1,1887,PER,artillery,30
1887.3.1,1887,PER,dragoon,1
1887.3.1,1887,PER,hussar,5
1887.3.1,1887,PER,infantry,16
1887.3.1,1887,JAS,dragoon,1
1887.3.1,1887,JAS,infantry,1
1887.3.1,1887,BIK,artillery,2
1887.3.1,1887,BIK,dragoon,1
1887.3.1,1887,BIK,infantry,2
1887.3.1,1887,MEW,dragoon,1
1887.3.1,1887,MEW,infantry,5
1887.3.1,1887,GWA,artillery,1
1887.3.1,1887,GWA,cuirassier,1
1887.3.1,1887,GWA,infantry,1
1887.3.1,1887,BUN,infantry,2
1887.3.1,1887,BAS,dragoon,1
1887.3.1,1887,BAS,infantry,1
1887.3.1,1887,NEP,cavalry,1
1887.3.1,1887,NEP,irregular,5
1887.3.1,1887,SIK,irregular,1
1887.3.1,1887,BHU,infantry,1
1887.3.1,1887,CHI,cavalry,30
1887.3.1,1887,CHI,infantry,149
1887.3.1,1887,CHI,irregular,125
1887.3.1,1887,GXI,cavalry,25
1887.3.1,1887,GXI,infantry,134
1887.3.1,1887,GXI,irregular,42
1887.3.1,1887,XBI,infantry,2
1887.3.1,1887,XBI,irregular,4
1887.3.1,1887,YNN,cavalry,8
1887.3.1,1887,YNN,infantry,75
1887.3.1,1887,YNN,irregular,49
1887.3.1,1887,XIN,cavalry,1
1887.3.1,1887,XIN,infantry,1
1887.3.1,1887,XIN,irregular,2
1887.3.1,1887,ALD,infantry,3
1887.3.1,1887,MEX,artillery,90
1887.3.1,1887,MEX,cavalry,1
1887.3.1,1887,MEX,infantry,7
1887.3.1,1887,BRZ,artillery,49
1887.3.1,1887,BRZ,dragoon,5
1887.3.1,1887,BRZ,infantry,18
1887.4.1,1887,USA,artillery,159
1887.4.1,1887,USA,dragoon,8
1887.4.1,1887,USA,hussar,14
1887.4.1,1887,COL,infantry,1
1887.4.1,1887,ENG,artillery,349
1887.4.1,1887,ENG,cuirassier,2
1887.4.1,1887,ENG,hussar,22
1887.4.1,1887,ENG,infantry,199
1887.4.1,1887,FRA,artillery,130
1887.4.1,1887,FRA,dragoon,1
1887.4.1,1887,FRA,guard,13
1887.4.1,1887,FRA,hussar,22
1887.4.1,1887,FRA,infantry,167
1887.4.1,1887,SCA,artillery,82
1887.4.1,1887,SCA,guard,23
1887.4.1,1887,SCA,hussar,13
1887.4.1,1887,SCA,infantry,41
1887.4.1,1887,RUS,artillery,145
1887.4.1,1887,RUS,dragoon,5
1887.4.1,1887,RUS,hussar,6
1887.4.1,1887,RUS,infantry,270
1887.4.1,1887,GER,artillery,171
1887.4.1,1887,GER,hussar,25
1887.4.1,1887,GER,infantry,210
1887.4.1,1887,NET,artillery,9
1887.4.1,1887,NET,dragoon,2
1887.4.1,1887,NET,guard,4
1887.4.1,1887,NET,hussar,1
1887.4.1,1887,BEL,artillery,1
1887.4.1,1887,FLA,infantry,12
1887.4.1,1887,FLA,irregular,8
1887.4.1,1887,SPA,artillery,64
1887.4.1,1887,SPA,hussar,13
1887.4.1,1887,SPA,infantry,49
1887.4.1,1887,KUK,artillery,95
1887.4.1,1887,KUK,dragoon,19
1887.4.1,1887,KUK,infantry,8
1887.4.1,1887,CHL,artillery,50
1887.4.1,1887,CHL,dragoon,8
1887.4.1,1887,CHL,hussar,2
1887.4.1,1887,CHL,infantry,20
1887.4.1,1887,AST,artillery,52
1887.4.1,1887,AST,hussar,4
1887.4.1,1887,AST,infantry,16
1887.4.1,1887,WAL,artillery,18
1887.4.1,1887,WAL,hussar,2
1887.4.1,1887,WAL,infantry,1
1887.4.1,1887,SAR,artillery,40
1887.4.1,1887,SAR,guard,8
1887.4.1,1887,SAR,hussar,3
1887.4.1,1887,SAR,infantry,38
1887.4.1,1887,SIC,artillery,81
1887.4.1,1887,SIC,dragoon,16
1887.4.1,1887,SIC,infantry,48
1887.4.1,1887,TUR,artillery,78
1887.4.1,1887,TUR,hussar,16
1887.4.1,1887,TUR,infantry,12
1887.4.1,1887,MCK,cavalry,3
1887.4.1,1887,MCK,irregular,6
1887.4.1,1887,PER,artillery,30
1887.4.1,1887,PER,dragoon,1
1887.4.1,1887,PER,hussar,5
1887.4.1,1887,PER,infantry,16
1887.4.1,1887,JAS,dragoon,1
1887.4.1,1887,JAS,infantry,1
1887.4.1,1887,BIK,artillery,2
1887.4.1,1887,BIK,dragoon,1
1887.4.1,1887,BIK,infantry,2
1887.4.1,1887,MEW,dragoon,1
1887.4.1,1887,MEW,infantry,5
1887.4.1,1887,GWA,artillery,1
1887.4.1,1887,GWA,cuirassier,1
1887.4.1,1887,GWA,infantry,1
1887.4.1,1887,BUN,infantry,2
1887.4.1,1887,BAS,dragoon,1
1887.4.1,1887,BAS,infantry,1
1887.4.1,1887,NEP,cavalry,1
1887.4.1,1887,NEP,irregular,5
1887.4.1,1887,SIK,irregular,1
1887.4.1,1887,BHU,infantry,1
1887.4.1,1887,CHI,cavalry,29
1887.4.1,1887,CHI,infantry,139
1887.4.1,1887,CHI,irregular,107
1887.4.1,1887,GXI,cavalry,17
1887.4.1,1887,GXI,infantry,128
1887.4.1,1887,GXI,irregular,28
1887.4.1,1887,XBI,infantry,2
1887.4.1,1887,XBI,irregular,4
1887.4.1,1887,YNN,cavalry,6
1887.4.1,1887,YNN,infantry,24
1887.4.1,1887,YNN,irregular,41
1887.4.1,1887,XIN,cavalry,1
1887.4.1,1887,XIN,infantry,1
1887.4.1,1887,XIN,irregular,2
1887.4.1,1887,ALD,infantry,3
1887.4.1,1887,MEX,artillery,90
1887.4.1,1887,MEX,cavalry,1
1887.4.1,1887,MEX,infantry,18
1887.4.1,1887,BRZ,artillery,49
1887.4.1,1887,BRZ,dragoon,5
1887.4.1,1887,BRZ,infantry,18
1887.5.1,1887,USA,artillery,164
1887.5.1,1887,USA,dragoon,8
1887.5.1,1887,USA,hussar,15
1887.5.1,1887,COL,infantry,1
1887.5.1,1887,ENG,artillery,350
1887.5.1,1887,ENG,cuirassier,2
1887.5.1,1887,ENG,hussar,22
1887.5.1,1887,ENG,infantry,211
1887.5.1,1887,FRA,artillery,134
1887.5.1,1887,FRA,dragoon,1
1887.5.1,1887,FRA,engineer,1
1887.5.1,1887,FRA,guard,13
1887.5.1,1887,FRA,hussar,22
1887.5.1,1887,FRA,infantry,192
1887.5.1,1887,SCA,artillery,82
1887.5.1,1887,SCA,guard,23
1887.5.1,1887,SCA,hussar,13
1887.5.1,1887,SCA,infantry,41
1887.5.1,1887,RUS,artillery,145
1887.5.1,1887,RUS,dragoon,5
1887.5.1,1887,RUS,hussar,6
1887.5.1,1887,RUS,infantry,270
1887.5.1,1887,GER,artillery,173
1887.5.1,1887,GER,hussar,25
1887.5.1,1887,GER,infantry,210
1887.5.1,1887,NET,artillery,9
1887.5.1,1887,NET,dragoon,2
1887.5.1,1887,NET,guard,4
1887.5.1,1887,NET,hussar,1
1887.5.1,1887,BEL,artillery,1
1887.5.1,1887,FLA,infantry,12
1887.5.1,1887,FLA,irregular,8
1887.5.1,1887,SPA,artillery,64
1887.5.1,1887,SPA,hussar,13
1887.5.1,1887,SPA,infantry,57
1887.5.1,1887,KUK,artillery,99
1887.5.1,1887,KUK,dragoon,19
1887.5.1,1887,KUK,infantry,8
1887.5.1,1887,CHL,artillery,50
1887.5.1,1887,CHL,dragoon,8
1887.5.1,1887,CHL,hussar,2
1887.5.1,1887,CHL,infantry,20
1887.5.1,1887,AST,artillery,52
1887.5.1,1887,AST,hussar,4
1887.5.1,1887,AST,infantry,16
1887.5.1,1887,WAL,artillery,18
1887.5.1,1887,WAL,hussar,2
1887.5.1,1887,WAL,infantry,1
1887.5.1,1887,SAR,artillery,40
1887.5.1,1887,SAR,guard,8
1887.5.1,1887,SAR,hussar,3
1887.5.1,1887,SAR,infantry,38
1887.5.1,1887,SIC,artillery,81
1887.5.1,1887,SIC,dragoon,16
1887.5.1,1887,SIC,infantry,52
1887.5.1,1887,TUR,artillery,78
1887.5.1,1887,TUR,hussar,16
1887.5.1,1887,TUR,infantry,12
1887.5.1,1887,MCK,cavalry,1
1887.5.1,1887,PER,artillery,30
1887.5.1,1887,PER,dragoon,1
1887.5.1,1887,PER,hussar,5
1887.5.1,1887,PER,infantry,16
1887.5.1,1887,JAS,dragoon,1
1887.5.1,1887,JAS,infantry,1
1887.5.1,1887,BIK,artillery,2
1887.5.1,1887,BIK,dragoon,1
1887.5.1,1887,BIK,infantry,2
1887.5.1,1887,MEW,dragoon,1
1887.5.1,1887,MEW,infantry,5
1887.5.1,1887,GWA,artillery,1
1887.5.1,1887,GWA,cuirassier,1
1887.5.1,1887,GWA,infantry,1
1887.5.1,1887,BAS,dragoon,1
1887.5.1,1887,BAS,infantry,1
1887.5.1,1887,NEP,cavalry,1
1887.5.1,1887,NEP,irregular,5
1887.5.1,1887,SIK,irregular,1
1887.5.1,1887,BHU,infantry,1
1887.5.1,1887,CHI,cavalry,29
1887.5.1,1887,CHI,infantry,123
1887.5.1,1887,CHI,irregular,108
1887.5.1,1887,GXI,cavalry,17
1887.5.1,1887,GXI,infantry,121
1887.5.1,1887,GXI,irregular,28
1887.5.1,1887,XBI,infantry,2
1887.5.1,1887,XBI,irregular,4
1887.5.1,1887,YNN,cavalry,6
1887.5.1,1887,YNN,infantry,20
1887.5.1,1887,YNN,irregular,40
1887.5.1,1887,XIN,cavalry,1
1887.5.1,1887,XIN,infantry,1
1887.5.1,1887,XIN,irregular,2
1887.5.1,1887,ALD,infantry,3
1887.5.1,1887,MEX,artillery,90
1887.5.1,1887,MEX,cavalry,1
1887.5.1,1887,MEX,infantry,27
1887.5.1,1887,BRZ,artillery,49
1887.5.1,1887,BRZ,dragoon,5
1887.5.1,1887,BRZ,infantry,18
1887.6.1,1887,USA,artillery,164
1887.6.1,1887,USA,dragoon,10
1887.6.1,1887,USA,hussar,15
1887.6.1,1887,COL,infantry,1
1887.6.1,1887,ENG,artillery,350
1887.6.1,1887,ENG,cuirassier,2
1887.6.1,1887,ENG,hussar,22
1887.6.1,1887,ENG,infantry,220
1887.6.1,1887,FRA,artillery,134
1887.6.1,1887,FRA,dragoon,1
1887.6.1,1887,FRA,engineer,4
1887.6.1,1887,FRA,guard,13
1887.6.1,1887,FRA,hussar,22
1887.6.1,1887,FRA,infantry,206
1887.6.1,1887,SCA,artillery,84
1887.6.1,1887,SCA,guard,25
1887.6.1,1887,SCA,hussar,13
1887.6.1,1887,SCA,infantry,41
1887.6.1,1887,RUS,artillery,145
1887.6.1,1887,RUS,dragoon,5
1887.6.1,1887,RUS,hussar,6
1887.6.1,1887,RUS,infantry,270
1887.6.1,1887,GER,artillery,176
1887.6.1,1887,GER,hussar,25
1887.6.1,1887,GER,infantry,210
1887.6.1,1887,NET,artillery,9
1887.6.1,1887,NET,dragoon,2
1887.6.1,1887,NET,guard,4
1887.6.1,1887,NET,hussar,1
1887.6.1,1887,BEL,artillery,1
1887.6.1,1887,FLA,infantry,12
1887.6.1,1887,FLA,irregular,8
1887.6.1,1887,SPA,artillery,64
1887.6.1,1887,SPA,hussar,13
1887.6.1,1887,SPA,infantry,67
1887.6.1,1887,KUK,artillery,99
1887.6.1,1887,KUK,dragoon,20
1887.6.1,1887,KUK,infantry,33
1887.6.1,1887,CHL,artillery,50
1887.6.1,1887,CHL,dragoon,8
1887.6.1,1887,CHL,hussar,2
1887.6.1,1887,CHL,infantry,20
1887.6.1,1887,AST,artillery,55
1887.6.1,1887,AST,hussar,4
1887.6.1,1887,AST,infantry,16
1887.6.1,1887,WAL,artillery,18
1887.6.1,1887,WAL,hussar,2
1887.6.1,1887,WAL,infantry,1
1887.6.1,1887,SAR,artillery,40
1887.6.1,1887,SAR,guard,8
1887.6.1,1887,SAR,hussar,3
1887.6.1,1887,SAR,infantry,38
1887.6.1,1887,SIC,artillery,81
1887.6.1,1887,SIC,dragoon,16
1887.6.1,1887,SIC,infantry,52
1887.6.1,1887,TUR,artillery,78
1887.6.1,1887,TUR,hussar,16
1887.6.1,1887,TUR,infantry,13
1887.6.1,1887,MCK,cavalry,1
1887.6.1,1887,PER,artillery,30
1887.6.1,1887,PER,dragoon,1
1887.6.1,1887,PER,hussar,5
1887.6.1,1887,PER,infantry,16
1887.6.1,1887,JAS,dragoon,1
1887.6.1,1887,JAS,infantry,1
1887.6.1,1887,BIK,artillery,2
1887.6.1,1887,BIK,dragoon,1
1887.6.1,1887,BIK,infantry,2
1887.6.1,1887,MEW,dragoon,1
1887.6.1,1887,MEW,infantry,5
1887.6.1,1887,GWA,artillery,1
1887.6.1,1887,GWA,cuirassier,1
1887.6.1,1887,GWA,infantry,1
1887.6.1,1887,BAS,dragoon,1
1887.6.1,1887,BAS,infantry,1
1887.6.1,1887,NEP,cavalry,1
1887.6.1,1887,NEP,irregular,5
1887.6.1,1887,SIK,irregular,1
1887.6.1,1887,BHU,infantry,1
1887.6.1,1887,CHI,cavalry,29
1887.6.1,1887,CHI,infantry,84
1887.6.1,1887,CHI,irregular,105
1887.6.1,1887,GXI,cavalry,15
1887.6.1,1887,GXI,infantry,113
1887.6.1,1887,GXI,irregular,27
1887.6.1,1887,XBI,infantry,2
1887.6.1,1887,XBI,irregular,4
1887.6.1,1887,YNN,cavalry,5
1887.6.1,1887,YNN,infantry,16
1887.6.1,1887,YNN,irregular,30
1887.6.1,1887,XIN,cavalry,1
1887.6.1,1887,XIN,infantry,1
1887.6.1,1887,XIN,irregular,2
1887.6.1,1887,ALD,infantry,3
1887.6.1,1887,MEX,artillery,91
1887.6.1,1887,MEX,cavalry,1
1887.6.1,1887,MEX,infantry,37
1887.6.1,1887,BRZ,artillery,49
1887.6.1,1887,BRZ,dragoon,5
1887.6.1,1887,BRZ,infantry,18
1887.7.1,1887,USA,artillery,164
1887.7.1,1887,USA,dragoon,10
1887.7.1,1887,USA,hussar,15
1887.7.1,1887,COL,infantry,1
1887.7.1,1887,ENG,artillery,350
1887.7.1,1887,ENG,cuirassier,2
1887.7.1,1887,ENG,hussar,22
1887.7.1,1887,ENG,infantry,220
1887.7.1,1887,FRA,artillery,134
1887.7.1,1887,FRA,dragoon,1
1887.7.1,1887,FRA,engineer,4
1887.7.1,1887,FRA,guard,13
1887.7.1,1887,FRA,hussar,22
1887.7.1,1887,FRA,infantry,206
1887.7.1,1887,SCA,artillery,84
1887.7.1,1887,SCA,guard,25
1887.7.1,1887,SCA,hussar,13
1887.7.1,1887,SCA,infantry,41
1887.7.1,1887,RUS,artillery,145
1887.7.1,1887,RUS,dragoon,5
1887.7.1,1887,RUS,hussar,6
1887.7.1,1887,RUS,infantry,270
1887.7.1,1887,GER,artillery,179
1887.7.1,1887,GER,hussar,25
1887.7.1,1887,GER,infantry,210
1887.7.1,1887,NET,artillery,9
1887.7.1,1887,NET,dragoon,2
1887.7.1,1887,NET,guard,4
1887.7.1,1887,NET,hussar,1
1887.7.1,1887,BEL,artillery,1
1887.7.1,1887,FLA,infantry,12
1887.7.1,1887,FLA,irregular,8
1887.7.1,1887,SPA,artillery,65
1887.7.1,1887,SPA,hussar,13
1887.7.1,1887,SPA,infantry,67
1887.7.1,1887,KUK,artillery,99
1887.7.1,1887,KUK,dragoon,20
1887.7.1,1887,KUK,infantry,56
1887.7.1,1887,CHL,artillery,50
1887.7.1,1887,CHL,dragoon,8
1887.7.1,1887,CHL,hussar,2
1887.7.1,1887,CHL,infantry,20
1887.7.1,1887,AST,artillery,55
1887.7.1,1887,AST,hussar,4
1887.7.1,1887,AST,infantry,16
1887.7.1,1887,WAL,artillery,18
1887.7.1,1887,WAL,hussar,2
1887.7.1,1887,WAL,infantry,1
1887.7.1,1887,SAR,artillery,40
1887.7.1,1887,SAR,guard,8
1887.7.1,1887,SAR,hussar,3
1887.7.1,1887,SAR,infantry,38
1887.7.1,1887,SIC,artillery,81
1887.7.1,1887,SIC,dragoon,17
1887.7.1,1887,SIC,infantry,52
1887.7.1,1887,TUR,artillery,80
1887.7.1,1887,TUR,hussar,16
1887.7.1,1887,TUR,infantry,15
1887.7.1,1887,MCK,cavalry,1
1887.7.1,1887,PER,artillery,30
1887.7.1,1887,PER,dragoon,1
1887.7.1,1887,PER,hussar,5
1887.7.1,1887,PER,infantry,16
1887.7.1,1887,JAS,dragoon,1
1887.7.1,1887,JAS,infantry,1
1887.7.1,1887,BIK,artillery,2
1887.7.1,1887,BIK,dragoon,1
1887.7.1,1887,BIK,infantry,2
1887.7.1,1887,MEW,dragoon,1
1887.7.1,1887,MEW,infantry,5
1887.7.1,1887,GWA,artillery,1
1887.7.1,1887,GWA,cuirassier,1
1887.7.1,1887,GWA,infantry,1
1887.7.1,1887,BAS,dragoon,1
1887.7.1,1887,BAS,infantry,1
1887.7.1,1887,NEP,cavalry,1
1887.7.1,1887,NEP,irregular,5
1887.7.1,1887,SIK,irregular,1
1887.7.1,1887,BHU,infantry,1
1887.7.1,1887,CHI,cavalry,26
1887.7.1,1887,CHI,infantry,66
1887.7.1,1887,CHI,irregular,91
1887.7.1,1887,GXI,cavalry,15
1887.7.1,1887,GXI,infantry,77
1887.7.1,1887,GXI,irregular,26
1887.7.1,1887,XBI,infantry,2
1887.7.1,1887,XBI,irregular,4
1887.7.1,1887,YNN,cavalry,3
1887.7.1,1887,YNN,infantry,15
1887.7.1,1887,YNN,irregular,21
1887.7.1,1887,XIN,cavalry,1
1887.7.1,1887,XIN,infantry,1
1887.7.1,1887,XIN,irregular,2
1887.7.1,1887,ALD,infantry,3
1887.7.1,1887,MEX,artillery,91
1887.7.1,1887,MEX,cavalry,1
1887.7.1,1887,MEX,infantry,48
1887.7.1,1887,BRZ,artillery,49
1887.7.1,1887,BRZ,dragoon,5
1887.7.1,1887,BRZ,infantry,18
1887.8.1,1887,USA,artillery,164
1887.8.1,1887,USA,dragoon,10
1887.8.1,1887,USA,hussar,15
1887.8.1,1887,COL,infantry,1
1887.8.1,1887,ENG,artillery,350
1887.8.1,1887,ENG,cuirassier,2
1887.8.1,1887,ENG,hussar,22
1887.8.1,1887,ENG,infantry,220
1887.8.1,1887,FRA,artillery,134
1887.8.1,1887,FRA,dragoon,1
1887.8.1,1887,FRA,engineer,4
1887.8.1,1887,FRA,guard,13
1887.8.1,1887,FRA,hussar,22
1887.8.1,1887,FRA,infantry,206
1887.8.1,1887,SCA,artillery,86
1887.8.1,1887,SCA,guard,25
1887.8.1,1887,SCA,hussar,14
1887.8.1,1887,SCA,infantry,41
1887.8.1,1887,RUS,artillery,145
1887.8.1,1887,RUS,dragoon,5
1887.8.1,1887,RUS,hussar,6
1887.8.1,1887,RUS,infantry,270
1887.8.1,1887,GER,artillery,181
1887.8.1,1887,GER,hussar,25
1887.8.1,1887,GER,infantry,210
1887.8.1,1887,NET,artillery,9
1887.8.1,1887,NET,dragoon,2
1887.8.1,1887,NET,guard,4
1887.8.1,1887,NET,hussar,1
1887.8.1,1887,BEL,artillery,1
1887.8.1,1887,FLA,infantry,12
1887.8.1,1887,FLA,irregular,8
1887.8.1,1887,SPA,artillery,65
1887.8.1,1887,SPA,hussar,13
1887.8.1,1887,SPA,infantry,67
1887.8.1,1887,KUK,artillery,103
1887.8.1,1887,KUK,dragoon,21
1887.8.1,1887,KUK,infantry,78
1887.8.1,1887,CHL,artillery,50
1887.8.1,1887,CHL,dragoon,8
1887.8.1,1887,CHL,hussar,2
1887.8.1,1887,CHL,infantry,20
1887.8.1,1887,AST,artillery,56
1887.8.1,1887,AST,hussar,4
1887.8.1,1887,AST,infantry,16
1887.8.1,1887,WAL,artillery,18
1887.8.1,1887,WAL,hussar,2
1887.8.1,1887,WAL,infantry,1
1887.8.1,1887,SAR,artillery,40
1887.8.1,1887,SAR,guard,8
1887.8.1,1887,SAR,hussar,3
1887.8.1,1887,SAR,infantry,38
1887.8.1,1887,SIC,artillery,81
1887.8.1,1887,SIC,dragoon,17
1887.8.1,1887,SIC,infantry,52
1887.8.1,1887,TUR,artillery,80
1887.8.1,1887,TUR,hussar,16
1887.8.1,1887,TUR,infantry,15
1887.8.1,1887,MCK,cavalry,1
1887.8.1,1887,PER,artillery,30
1887.8.1,1887,PER,dragoon,1
1887.8.1,1887,PER,hussar,5
1887.8.1,1887,PER,infantry,16
1887.8.1,1887,JAS,dragoon,1
1887.8.1,1887,JAS,infantry,1
1887.8.1,1887,BIK,artillery,2
1887.8.1,1887,BIK,dragoon,1
1887.8.1,1887,BIK,infantry,2
1887.8.1,1887,MEW,dragoon,1
1887.8.1,1887,MEW,infantry,5
1887.8.1,1887,GWA,artillery,1
1887.8.1,1887,GWA,cuirassier,1
1887.8.1,1887,GWA,infantry,1
1887.8.1,1887,BAS,dragoon,1
1887.8.1,1887,BAS,infantry,1
1887.8.1,1887,NEP,cavalry,1
1887.8.1,1887,NEP,irregular,5
1887.8.1,1887,SIK,irregular,1
1887.8.1,1887,BHU,infantry,1
1887.8.1,1887,CHI,cavalry,24
1887.8.1,1887,CHI,infantry,59
1887.8.1,1887,CHI,irregular,84
1887.8.1,1887,GXI,cavalry,12
1887.8.1,1887,GXI,infantry,75
1887.8.1,1887,GXI,irregular,15
1887.8.1,1887,XBI,infantry,2
1887.8.1,1887,XBI,irregular,4
1887.8.1,1887,YNN,cavalry,2
1887.8.1,1887,YNN,infantry,14
1887.8.1,1887,YNN,irregular,20
1887.8.1,1887,XIN,cavalry,1
1887.8.1,1887,XIN,infantry,1
1887.8.1,1887,XIN,irregular,2
1887.8.1,1887,ALD,infantry,3
1887.8.1,1887,MEX,artillery,91
1887.8.1,1887,MEX,cavalry,1
1887.8.1,1887,MEX,infantry,56
1887.8.1,1887,BRZ,artillery,49
1887.8.1,1887,BRZ,dragoon,5
1887.8.1,1887,BRZ,infantry,18
1887.9.1,1887,USA,artillery,168
1887.9.1,1887,USA,dragoon,10
1887.9.1,1887,USA,hussar,15
1887.9.1,1887,COL,infantry,1
1887.9.1,1887,ENG,artillery,350
1887.9.1,1887,ENG,cuirassier,2
1887.9.1,1887,ENG,hussar,22
1887.9.1,1887,ENG,infantry,220
1887.9.1,1887,FRA,artillery,136
1887.9.1,1887,FRA,dragoon,1
1887.9.1,1887,FRA,engineer,4
1887.9.1,1887,FRA,guard,13
1887.9.1,1887,FRA,hussar,22
1887.9.1,1887,FRA,infantry,206
1887.9.1,1887,SCA,artillery,86
1887.9.1,1887,SCA,guard,25
1887.9.1,1887,SCA,hussar,14
1887.9.1,1887,SCA,infantry,41
1887.9.1,1887,RUS,artillery,145
1887.9.1,1887,RUS,dragoon,5
1887.9.1,1887,RUS,hussar,6
1887.9.1,1887,RUS,infantry,270
1887.9.1,1887,GER,artillery,184
1887.9.1,1887,GER,hussar,25
1887.9.1,1887,GER,infantry,210
1887.9.1,1887,NET,artillery,11
1887.9.1,1887,NET,dragoon,2
1887.9.1,1887,NET,guard,4
1887.9.1,1887,NET,hussar,1
1887.9.1,1887,BEL,artillery,1
1887.9.1,1887,FLA,infantry,13
1887.9.1,1887,FLA,irregular,8
1887.9.1,1887,SPA,artillery,65
1887.9.1,1887,SPA,hussar,13
1887.9.1,1887,SPA,infantry,67
1887.9.1,1887,KUK,artillery,104
1887.9.1,1887,KUK,dragoon,21
1887.9.1,1887,KUK,infantry,90
1887.9.1,1887,CHL,artillery,51
1887.9.1,1887,CHL,dragoon,8
1887.9.1,1887,CHL,hussar,2
1887.9.1,1887,CHL,infantry,20
1887.9.1,1887,AST,artillery,58
1887.9.1,1887,AST,hussar,4
1887.9.1,1887,AST,infantry,16
1887.9.1,1887,WAL,artillery,18
1887.9.1,1887,WAL,hussar,2
1887.9.1,1887,WAL,infantry,1
1887.9.1,1887,SAR,artillery,41
1887.9.1,1887,SAR,guard,8
1887.9.1,1887,SAR,hussar,3
1887.9.1,1887,SAR,infantry,38
1887.9.1,1887,SIC,artillery,81
1887.9.1,1887,SIC,dragoon,17
1887.9.1,1887,SIC,infantry,52
1887.9.1,1887,TUR,artillery,80
1887.9.1,1887,TUR,hussar,16
1887.9.1,1887,TUR,infantry,15
1887.9.1,1887,MCK,infantry,1
1887.9.1,1887,PER,artillery,30
1887.9.1,1887,PER,dragoon,1
1887.9.1,1887,PER,hussar,5
1887.9.1,1887,PER,infantry,16
1887.9.1,1887,JAS,dragoon,1
1887.9.1,1887,JAS,infantry,1
1887.9.1,1887,BIK,artillery,2
1887.9.1,1887,BIK,dragoon,1
1887.9.1,1887,BIK,infantry,2
1887.9.1,1887,MEW,dragoon,1
1887.9.1,1887,MEW,infantry,5
1887.9.1,1887,GWA,artillery,1
1887.9.1,1887,GWA,cuirassier,1
1887.9.1,1887,GWA,infantry,1
1887.9.1,1887,BAS,dragoon,1
1887.9.1,1887,BAS,infantry,1
1887.9.1,1887,NEP,cavalry,1
1887.9.1,1887,NEP,irregular,5
1887.9.1,1887,SIK,irregular,1
1887.9.1,1887,BHU,infantry,1
1887.9.1,1887,CHI,cavalry,21
1887.9.1,1887,CHI,infantry,54
1887.9.1,1887,CHI,irregular,74
1887.9.1,1887,GXI,cavalry,7
1887.9.1,1887,GXI,infantry,41
1887.9.1,1887,GXI,irregular,14
1887.9.1,1887,XBI,infantry,2
1887.9.1,1887,XBI,irregular,4
1887.9.1,1887,YNN,cavalry,4
1887.9.1,1887,YNN,infantry,5
1887.9.1,1887,YNN,irregular,18
1887.9.1,1887,XIN,cavalry,1
1887.9.1,1887,XIN,infantry,1
1887.9.1,1887,XIN,irregular,2
1887.9.1,1887,ALD,infantry,3
1887.9.1,1887,MEX,artillery,91
1887.9.1,1887,MEX,cavalry,1
1887.9.1,1887,MEX,infantry,56
1887.9.1,1887,BRZ,artillery,49
1887.9.1,1887,BRZ,dragoon,5
1887.9.1,1887,BRZ,infantry,18
1887.10.1,1887,USA,artillery,168
1887.10.1,1887,USA,dragoon,10
1887.10.1,1887,USA,hussar,15
1887.10.1,1887,COL,infantry,1
1887.10.1,1887,ENG,artillery,350
1887.10.1,1887,ENG,cuirassier,2
1887.10.1,1887,ENG,hussar,22
1887.10.1,1887,ENG,infantry,220
1887.10.1,1887,FRA,artillery,138
1887.10.1,1887,FRA,dragoon,1
1887.10.1,1887,FRA,engineer,4
1887.10.1,1887,FRA,guard,13
1887.10.1,1887,FRA,hussar,22
1887.10.1,1887,FRA,infantry,206
1887.10.1,1887,SCA,artillery,86
1887.10.1,1887,SCA,guard,25
1887.10.1,1887,SCA,hussar,14
1887.10.1,1887,SCA,infantry,41
1887.10.1,1887,RUS,artillery,145
1887.10.1,1887,RUS,dragoon,5
1887.10.1,1887,RUS,hussar,6
1887.10.1,1887,RUS,infantry,270
1887.10.1,1887,GER,artillery,186
1887.10.1,1887,GER,hussar,25
1887.10.1,1887,GER,infantry,210
1887.10.1,1887,NET,artillery,11
1887.10.1,1887,NET,dragoon,3
1887.10.1,1887,NET,guard,4
1887.10.1,1887,NET,hussar,1
1887.10.1,1887,BEL,artillery,1
1887.10.1,1887,SPA,artillery,65
1887.10.1,1887,SPA,hussar,13
1887.10.1,1887,SPA,infantry,67
1887.10.1,1887,KUK,artillery,104
1887.10.1,1887,KUK,dragoon,21
1887.10.1,1887,KUK,infantry,100
1887.10.1,1887,CHL,artillery,54
1887.10.1,1887,CHL,dragoon,8
1887.10.1,1887,CHL,hussar,2
1887.10.1,1887,CHL,infantry,22
1887.10.1,1887,AST,artillery,59
1887.10.1,1887,AST,hussar,4
1887.10.1,1887,AST,infantry,16
1887.10.1,1887,WAL,artillery,18
1887.10.1,1887,WAL,hussar,2
1887.10.1,1887,WAL,infantry,1
1887.10.1,1887,SAR,artillery,41
1887.10.1,1887,SAR,guard,8
1887.10.1,1887,SAR,hussar,3
1887.10.1,1887,SAR,infantry,38
1887.10.1,1887,SIC,artillery,81
1887.10.1,1887,SIC,dragoon,17
1887.10.1,1887,SIC,infantry,52
1887.10.1,1887,TUR,artillery,82
1887.10.1,1887,TUR,hussar,16
1887.10.1,1887,TUR,infantry,15
1887.10.1,1887,MCK,infantry,1
1887.10.1,1887,PER,artillery,30
1887.10.1,1887,PER,dragoon,1
1887.10.1,1887,PER,hussar,5
1887.10.1,1887,PER,infantry,16
1887.10.1,1887,JAS,dragoon,1
1887.10.1,1887,JAS,infantry,1
1887.10.1,1887,BIK,artillery,2
1887.10.1,1887,BIK,dragoon,1
1887.10.1,1887,BIK,infantry,2
1887.10.1,1887,MEW,dragoon,1
1887.10.1,1887,MEW,infantry,5
1887.10.1,1887,GWA,artillery,1
1887.10.1,1887,GWA,cuirassier,1
1887.10.1,1887,GWA,infantry,1
1887.10.1,1887,BAS,dragoon,1
1887.10.1,1887,BAS,infantry,1
1887.10.1,1887,NEP,cavalry,1
1887.10.1,1887,NEP,irregular,5
1887.10.1,1887,SIK,irregular,1
1887.10.1,1887,BHU,infantry,1
1887.10.1,1887,CHI,cavalry,19
1887.10.1,1887,CHI,infantry,38
1887.10.1,1887,CHI,irregular,58
1887.10.1,1887,GXI,cavalry,7
1887.10.1,1887,GXI,infantry,33
1887.10.1,1887,GXI,irregular,13
1887.10.1,1887,XBI,infantry,2
1887.10.1,1887,XBI,irregular,4
1887.10.1,1887,YNN,cavalry,3
1887.10.1,1887,YNN,infantry,5
1887.10.1,1887,YNN,irregular,10
1887.10.1,1887,ALD,infantry,3
1887.10.1,1887,MEX,artillery,91
1887.10.1,1887,MEX,cavalry,1
1887.10.1,1887,MEX,infantry,56
1887.10.1,1887,BRZ,artillery,49
1887.10.1,1887,BRZ,dragoon,5
1887.10.1,1887,BRZ,infantry,18
1887.11.1,1887,USA,artillery,168
1887.11.1,1887,USA,dragoon,10
1887.11.1,1887,USA,hussar,15
1887.11.1,1887,COL,infantry,1
1887.11.1,1887,ENG,artillery,350
1887.11.1,1887,ENG,cuirassier,2
1887.11.1,1887,ENG,hussar,22
1887.11.1,1887,ENG,infantry,220
1887.11.1,1887,FRA,artillery,138
1887.11.1,1887,FRA,dragoon,1
1887.11.1,1887,FRA,engineer,4
1887.11.1,1887,FRA,guard,13
1887.11.1,1887,FRA,hussar,22
1887.11.1,1887,FRA,infantry,206
1887.11.1,1887,SCA,artillery,86
1887.11.1,1887,SCA,guard,25
1887.11.1,1887,SCA,hussar,14
1887.11.1,1887,SCA,infantry,41
1887.11.1,1887,RUS,artillery,145
1887.11.1,1887,RUS,dragoon,5
1887.11.1,1887,RUS,hussar,6
1887.11.1,1887,RUS,infantry,270
1887.11.1,1887,GER,artillery,188
1887.11.1,1887,GER,hussar,25
1887.11.1,1887,GER,infantry,210
1887.11.1,1887,NET,artillery,11
1887.11.1,1887,NET,dragoon,3
1887.11.1,1887,NET,guard,4
1887.11.1,1887,NET,hussar,1
1887.11.1,1887,BEL,artillery,1
1887.11.1,1887,SPA,artillery,65
1887.11.1,1887,SPA,hussar,13
1887.11.1,1887,SPA,infantry,67
1887.11.1,1887,KUK,artillery,104
1887.11.1,1887,KUK,dragoon,21
1887.11.1,1887,KUK,infantry,104
1887.11.1,1887,CHL,artillery,55
1887.11.1,1887,CHL,dragoon,8
1887.11.1,1887,CHL,hussar,2
1887.11.1,1887,CHL,infantry,24
1887.11.1,1887,AST,artillery,63
1887.11.1,1887,AST,hussar,4
1887.11.1,1887,AST,infantry,16
1887.11.1,1887,WAL,artillery,18
1887.11.1,1887,WAL,hussar,2
1887.11.1,1887,WAL,infantry,1
1887.11.1,1887,SAR,artillery,41
1887.11.1,1887,SAR,guard,8
1887.11.1,1887,SAR,hussar,3
1887.11.1,1887,SAR,infantry,38
1887.11.1,1887,SIC,artillery,81
1887.11.1,1887,SIC,dragoon,17
1887.11.1,1887,SIC,infantry,52
1887.11.1,1887,TUR,artillery,82
1887.11.1,1887,TUR,hussar,16
1887.11.1,1887,TUR,infantry,15
1887.11.1,1887,MCK,infantry,1
1887.11.1,1887,PER,artillery,30
1887.11.1,1887,PER,dragoon,1
1887.11.1,1887,PER,hussar,5
1887.11.1,1887,PER,infantry,16
1887.11.1,1887,JAS,dragoon,1
1887.11.1,1887,JAS,infantry,1
1887.11.1,1887,BIK,artillery,2
1887.11.1,1887,BIK,dragoon,1
1887.11.1,1887,BIK,infantry,2
1887.11.1,1887,MEW,dragoon,1
1887.11.1,1887,MEW,infantry,5
1887.11.1,1887,GWA,artillery,1
1887.11.1,1887,GWA,cuirassier,1
1887.11.1,1887,GWA,infantry,1
1887.11.1,1887,BAS,dragoon,1
1887.11.1,1887,BAS,infantry,1
1887.11.1,1887,NEP,cavalry,1
1887.11.1,1887,NEP,irregular,5
1887.11.1,1887,SIK,irregular,1
1887.11.1,1887,BHU,infantry,1
1887.11.1,1887,CHI,cavalry,15
1887.11.1,1887,CHI,infantry,28
1887.11.1,1887,CHI,irregular,42
1887.11.1,1887,GXI,cavalry,4
1887.11.1,1887,GXI,infantry,30
1887.11.1,1887,GXI,irregular,9
1887.11.1,1887,XBI,infantry,2
1887.11.1,1887,XBI,irregular,4
1887.11.1,1887,YNN,cavalry,2
1887.11.1,1887,YNN,irregular,4
1887.11.1,1887,ALD,infantry,3
1887.11.1,1887,MEX,artillery,91
1887.11.1,1887,MEX,cavalry,1
1887.11.1,1887,MEX,infantry,56
1887.11.1,1887,BRZ,artillery,49
1887.11.1,1887,BRZ,dragoon,5
1887.11.1,1887,BRZ,infantry,18
1887.12.1,1887,USA,artillery,147
1887.12.1,1887,USA,dragoon,9
1887.12.1,1887,USA,hussar,10
1887.12.1,1887,COL,infantry,1
1887.12.1,1887,ENG,artillery,350
1887.12.1,1887,ENG,cuirassier,2
1887.12.1,1887,ENG,hussar,22
1887.12.1,1887,ENG,infantry,220
1887.12.1,1887,FRA,artillery,138
1887.12.1,1887,FRA,dragoon,1
1887.12.1,1887,FRA,engineer,4
1887.12.1,1887,FRA,guard,13
1887.12.1,1887,FRA,hussar,22
1887.12.1,1887,FRA,infantry,206
1887.12.1,1887,SCA,artillery,89
1887.12.1,1887,SCA,guard,25
1887.12.1,1887,SCA,hussar,14
1887.12.1,1887,SCA,infantry,41
1887.12.1,1887,RUS,artillery,145
1887.12.1,1887,RUS,dragoon,5
1887.12.1,1887,RUS,hussar,6
1887.12.1,1887,RUS,infantry,270
1887.12.1,1887,GER,artillery,192
1887.12.1,1887,GER,hussar,25
1887.12.1,1887,GER,infantry,210
1887.12.1,1887,NET,artillery,11
1887.12.1,1887,NET,dragoon,3
1887.12.1,1887,NET,guard,4
1887.12.1,1887,NET,hussar,1
1887.12.1,1887,BEL,artillery,1
1887.12.1,1887,SPA,artillery,65
1887.12.1,1887,SPA,hussar,13
1887.12.1,1887,SPA,infantry,67
1887.12.1,1887,KUK,artillery,104
1887.12.1,1887,KUK,dragoon,21
1887.12.1,1887,KUK,infantry,104
1887.12.1,1887,CHL,artillery,55
1887.12.1,1887,CHL,dragoon,8
1887.12.1,1887,CHL,hussar,2
1887.12.1,1887,CHL,infantry,27
1887.12.1,1887,AST,artillery,63
1887.12.1,1887,AST,hussar,4
1887.12.1,1887,AST,infantry,16
1887.12.1,1887,WAL,artillery,18
1887.12.1,1887,WAL,hussar,2
1887.12.1,1887,WAL,infantry,1
1887.12.1,1887,SAR,artillery,41
1887.12.1,1887,SAR,guard,8
1887.12.1,1887,SAR,hussar,3
1887.12.1,1887,SAR,infantry,38
1887.12.1,1887,SIC,artillery,81
1887.12.1,1887,SIC,dragoon,17
1887.12.1,1887,SIC,infantry,52
1887.12.1,1887,TUR,artillery,80
1887.12.1,1887,TUR,hussar,16
1887.12.1,1887,TUR,infantry,15
1887.12.1,1887,PER,artillery,30
1887.12.1,1887,PER,dragoon,1
1887.12.1,1887,PER,hussar,5
1887.12.1,1887,PER,infantry,16
1887.12.1,1887,JAS,dragoon,1
1887.12.1,1887,JAS,infantry,1
1887.12.1,1887,BIK,artillery,2
1887.12.1,1887,BIK,dragoon,1
1887.12.1,1887,BIK,infantry,2
1887.12.1,1887,MEW,dragoon,1
1887.12.1,1887,MEW,infantry,5
1887.12.1,1887,GWA,artillery,1
1887.12.1,1887,GWA,cuirassier,1
1887.12.1,1887,GWA,infantry,1
1887.12.1,1887,BAS,dragoon,1
1887.12.1,1887,BAS,infantry,1
1887.12.1,1887,NEP,cavalry,1
1887.12.1,1887,NEP,irregular,5
1887.12.1,1887,SIK,irregular,1
1887.12.1,1887,BHU,infantry,1
1887.12.1,1887,CHI,cavalry,14
1887.12.1,1887,CHI,infantry,23
1887.12.1,1887,CHI,irregular,32
1887.12.1,1887,GXI,cavalry,4
1887.12.1,1887,GXI,infantry,30
1887.12.1,1887,GXI,irregular,9
1887.12.1,1887,XBI,infantry,2
1887.12.1,1887,XBI,irregular,4
1887.12.1,1887,YNN,cavalry,2
1887.12.1,1887,YNN,infantry,1
1887.12.1,1887,YNN,irregular,4
1887.12.1,1887,ALD,infantry,3
1887.12.1,1887,MEX,artillery,91
1887.12.1,1887,MEX,cavalry,1
1887.12.1,1887,MEX,infantry,56
1887.12.1,1887,BRZ,artillery,49
1887.12.1,1887,BRZ,dragoon,5
1887.12.1,1887,BRZ,infantry,18
1888.1.1,1888,USA,artillery,146
1888.1.1,1888,USA,dragoon,9
1888.1.1,1888,USA,hussar,10
1888.1.1,1888,COL,infantry,1
1888.1.1,1888,ENG,artillery,350
1888.1.1,1888,ENG,cuirassier,2
1888.1.1,1888,ENG,hussar,22
1888.1.1,1888,ENG,infantry,220
1888.1.1,1888,FRA,artillery,142
1888.1.1,1888,FRA,dragoon,1
1888.1.1,1888,FRA,engineer,4
1888.1.1,1888,FRA,guard,13
1888.1.1,1888,FRA,hussar,22
1888.1.1,1888,FRA,infantry,206
1888.1.1,1888,SCA,artillery,89
1888.1.1,1888,SCA,guard,25
1888.1.1,1888,SCA,hussar,14
1888.1.1,1888,SCA,infantry,41
1888.1.1,1888,RUS,artillery,145
1888.1.1,1888,RUS,dragoon,5
1888.1.1,1888,RUS,hussar,6
1888.1.1,1888,RUS,infantry,270
1888.1.1,1888,GER,artillery,196
1888.1.1,1888,GER,hussar,25
1888.1.1,1888,GER,infantry,210
1888.1.1,1888,NET,artillery,11
1888.1.1,1888,NET,dragoon,3
1888.1.1,1888,NET,guard,4
1888.1.1,1888,NET,hussar,1
1888.1.1,1888,BEL,artillery,1
1888.1.1,1888,SPA,artillery,65
1888.1.1,1888,SPA,hussar,13
1888.1.1,1888,SPA,infantry,67
1888.1.1,1888,KUK,artillery,104
1888.1.1,1888,KUK,dragoon,21
1888.1.1,1888,KUK,infantry,104
1888.1.1,1888,CHL,artillery,55
1888.1.1,1888,CHL,dragoon,8
1888.1.1,1888,CHL,hussar,2
1888.1.1,1888,CHL,infantry,28
1888.1.1,1888,AST,artillery,65
1888.1.1,1888,AST,hussar,4
1888.1.1,1888,AST,infantry,16
1888.1.1,1888,WAL,artillery,17
1888.1.1,1888,WAL,hussar,2
1888.1.1,1888,WAL,infantry,1
1888.1.1,1888,SAR,artillery,42
1888.1.1,1888,SAR,guard,8
1888.1.1,1888,SAR,hussar,3
1888.1.1,1888,SAR,infantry,38
1888.1.1,1888,SIC,artillery,81
1888.1.1,1888,SIC,dragoon,17
1888.1.1,1888,SIC,infantry,52
1888.1.1,1888,TUR,artillery,80
1888.1.1,1888,TUR,hussar,16
1888.1.1,1888,TUR,infantry,15
1888.1.1,1888,PER,artillery,30
1888.1.1,1888,PER,dragoon,1
1888.1.1,1888,PER,hussar,5
1888.1.1,1888,PER,infantry,16
1888.1.1,1888,JAS,dragoon,1
1888.1.1,1888,JAS,infantry,1
1888.1.1,1888,BIK,artillery,2
1888.1.1,1888,BIK,dragoon,1
1888.1.1,1888,BIK,infantry,2
1888.1.1,1888,MEW,dragoon,1
1888.1.1,1888,MEW,infantry,5
1888.1.1,1888,GWA,artillery,1
1888.1.1,1888,GWA,cuirassier,1
1888.1.1,1888,GWA,infantry,1
1888.1.1,1888,BAS,dragoon,1
1888.1.1,1888,BAS,infantry,1
1888.1.1,1888,NEP,cavalry,1
1888.1.1,1888,NEP,irregular,5
1888.1.1,1888,SIK,irregular,1
1888.1.1,1888,BHU,infantry,1
1888.1.1,1888,CHI,cavalry,13
1888.1.1,1888,CHI,infantry,23
1888.1.1,1888,CHI,irregular,32
1888.1.1,1888,GXI,cavalry,4
1888.1.1,1888,GXI,infantry,28
1888.1.1,1888,GXI,irregular,9
1888.1.1,1888,XBI,infantry,2
1888.1.1,1888,XBI,irregular,4
1888.1.1,1888,YNN,cavalry,3
1888.1.1,1888,YNN,infantry,2
1888.1.1,1888,YNN,irregular,4
1888.1.1,1888,ALD,infantry,3
1888.1.1,1888,MEX,artillery,91
1888.1.1,1888,MEX,cavalry,1
1888.1.1,1888,MEX,infantry,56
1888.1.1,1888,BRZ,artillery,49
1888.1.1,1888,BRZ,dragoon,5
1888.1.1,1888,BRZ,infantry,18
1888.2.1,1888,USA,artillery,146
1888.2.1,1888,USA,dragoon,9
1888.2.1,1888,USA,hussar,10
1888.2.1,1888,COL,infantry,1
1888.2.1,1888,ENG,artillery,350
1888.2.1,1888,ENG,cuirassier,2
1888.2.1,1888,ENG,hussar,22
1888.2.1,1888,ENG,infantry,219
1888.2.1,1888,FRA,artillery,142
1888.2.1,1888,FRA,dragoon,1
1888.2.1,1888,FRA,engineer,4
1888.2.1,1888,FRA,guard,13
1888.2.1,1888,FRA,hussar,22
1888.2.1,1888,FRA,infantry,206
1888.2.1,1888,SCA,artillery,89
1888.2.1,1888,SCA,guard,25
1888.2.1,1888,SCA,hussar,14
1888.2.1,1888,SCA,infantry,41
1888.2.1,1888,RUS,artillery,145
1888.2.1,1888,RUS,dragoon,5
1888.2.1,1888,RUS,hussar,6
1888.2.1,1888,RUS,infantry,270
1888.2.1,1888,GER,artillery,201
1888.2.1,1888,GER,hussar,25
1888.2.1,1888,GER,infantry,210
1888.2.1,1888,NET,artillery,11
1888.2.1,1888,NET,dragoon,3
1888.2.1,1888,NET,guard,4
1888.2.1,1888,NET,hussar,1
1888.2.1,1888,BEL,artillery,1
1888.2.1,1888,SPA,artillery,65
1888.2.1,1888,SPA,hussar,13
1888.2.1,1888,SPA,infantry,67
1888.2.1,1888,KUK,artillery,104
1888.2.1,1888,KUK,dragoon,21
1888.2.1,1888,KUK,infantry,104
1888.2.1,1888,CHL,artillery,55
1888.2.1,1888,CHL,dragoon,8
1888.2.1,1888,CHL,hussar,2
1888.2.1,1888,CHL,infantry,30
1888.2.1,1888,AST,artillery,66
1888.2.1,1888,AST,hussar,4
1888.2.1,1888,AST,infantry,16
1888.2.1,1888,WAL,artillery,17
1888.2.1,1888,WAL,hussar,2
1888.2.1,1888,WAL,infantry,1
1888.2.1,1888,SAR,artillery,42
1888.2.1,1888,SAR,guard,8
1888.2.1,1888,SAR,hussar,3
1888.2.1,1888,SAR,infantry,38
1888.2.1,1888,SIC,artillery,81
1888.2.1,1888,SIC,dragoon,17
1888.2.1,1888,SIC,infantry,52
1888.2.1,1888,TUR,artillery,80
1888.2.1,1888,TUR,hussar,16
1888.2.1,1888,TUR,infantry,15
1888.2.1,1888,PER,artillery,30
1888.2.1,1888,PER,dragoon,1
1888.2.1,1888,PER,hussar,5
1888.2.1,1888,PER,infantry,16
1888.2.1,1888,JAS,dragoon,1
1888.2.1,1888,JAS,infantry,1
1888.2.1,1888,BIK,artillery,2
1888.2.1,1888,BIK,dragoon,1
1888.2.1,1888,BIK,infantry,2
1888.2.1,1888,MEW,dragoon,1
1888.2.1,1888,MEW,infantry,5
1888.2.1,1888,GWA,artillery,1
1888.2.1,1888,GWA,cuirassier,1
1888.2.1,1888,GWA,infantry,1
1888.2.1,1888,BAS,dragoon,1
1888.2.1,1888,BAS,infantry,1
1888.2.1,1888,NEP,cavalry,1
1888.2.1,1888,NEP,irregular,5
1888.2.1,1888,SIK,irregular,1
1888.2.1,1888,BHU,infantry,1
1888.2.1,1888,CHI,cavalry,13
1888.2.1,1888,CHI,infantry,23
1888.2.1,1888,CHI,irregular,32
1888.2.1,1888,GXI,cavalry,4
1888.2.1,1888,GXI,infantry,20
1888.2.1,1888,GXI,irregular,9
1888.2.1,1888,XBI,infantry,2
1888.2.1,1888,XBI,irregular,4
1888.2.1,1888,YNN,cavalry,2
1888.2.1,1888,YNN,infantry,2
1888.2.1,1888,YNN,irregular,4
1888.2.1,1888,ALD,infantry,3
1888.2.1,1888,MEX,artillery,91
1888.2.1,1888,MEX,cavalry,1
1888.2.1,1888,MEX,infantry,56
1888.2.1,1888,BRZ,artillery,49
1888.2.1,1888,BRZ,dragoon,5
1888.2.1,1888,BRZ,infantry,19
1888.3.1,1888,USA,artillery,146
1888.3.1,1888,USA,dragoon,9
1888.3.1,1888,USA,hussar,10
1888.3.1,1888,COL,infantry,1
1888.3.1,1888,ENG,artillery,350
1888.3.1,1888,ENG,cuirassier,2
1888.3.1,1888,ENG,hussar,22
1888.3.1,1888,ENG,infantry,219
1888.3.1,1888,FRA,artillery,142
1888.3.1,1888,FRA,dragoon,1
1888.3.1,1888,FRA,engineer,4
1888.3.1,1888,FRA,guard,13
1888.3.1,1888,FRA,hussar,21
1888.3.1,1888,FRA,infantry,206
1888.3.1,1888,SCA,artillery,89
1888.3.1,1888,SCA,guard,25
1888.3.1,1888,SCA,hussar,14
1888.3.1,1888,SCA,infantry,41
1888.3.1,1888,RUS,artillery,145
1888.3.1,1888,RUS,dragoon,5
1888.3.1,1888,RUS,hussar,6
1888.3.1,1888,RUS,infantry,270
1888.3.1,1888,GER,artillery,203
1888.3.1,1888,GER,hussar,25
1888.3.1,1888,GER,infantry,210
1888.3.1,1888,NET,artillery,11
1888.3.1,1888,NET,dragoon,3
1888.3.1,1888,NET,guard,4
1888.3.1,1888,NET,hussar,1
1888.3.1,1888,BEL,artillery,1
1888.3.1,1888,SPA,artillery,65
1888.3.1,1888,SPA,hussar,13
1888.3.1,1888,SPA,infantry,67
1888.3.1,1888,KUK,artillery,104
1888.3.1,1888,KUK,dragoon,21
1888.3.1,1888,KUK,infantry,104
1888.3.1,1888,CHL,artillery,55
1888.3.1,1888,CHL,dragoon,8
1888.3.1,1888,CHL,hussar,2
1888.3.1,1888,CHL,infantry,32
1888.3.1,1888,AST,artillery,66
1888.3.1,1888,AST,hussar,4
1888.3.1,1888,AST,infantry,16
1888.3.1,1888,WAL,artillery,17
1888.3.1,1888,WAL,hussar,2
1888.3.1,1888,WAL,infantry,1
1888.3.1,1888,SAR,artillery,42
1888.3.1,1888,SAR,guard,8
1888.3.1,1888,SAR,hussar,3
1888.3.1,1888,SAR,infantry,38
1888.3.1,1888,SIC,artillery,81
1888.3.1,1888,SIC,dragoon,17
1888.3.1,1888,SIC,infantry,52
1888.3.1,1888,TUR,artillery,80
1888.3.1,1888,TUR,hussar,16
1888.3.1,1888,TUR,infantry,23
1888.3.1,1888,PER,artillery,30
1888.3.1,1888,PER,dragoon,1
1888.3.1,1888,PER,hussar,5
1888.3.1,1888,PER,infantry,16
1888.3.1,1888,JAS,dragoon,1
1888.3.1,1888,JAS,infantry,1
1888.3.1,1888,BIK,artillery,2
1888.3.1,1888,BIK,dragoon,1
1888.3.1,1888,BIK,infantry,2
1888.3.1,1888,MEW,dragoon,1
1888.3.1,1888,MEW,infantry,5
1888.3.1,1888,GWA,artillery,1
1888.3.1,1888,GWA,cuirassier,1
1888.3.1,1888,GWA,infantry,1
1888.3.1,1888,BAS,dragoon,1
1888.3.1,1888,BAS,infantry,1
1888.3.1,1888,NEP,cavalry,1
1888.3.1,1888,NEP,irregular,5
1888.3.1,1888,SIK,irregular,1
1888.3.1,1888,BHU,infantry,1
1888.3.1,1888,CHI,cavalry,10
1888.3.1,1888,CHI,infantry,21
1888.3.1,1888,CHI,irregular,27
1888.3.1,1888,GXI,infantry,18
1888.3.1,1888,GXI,irregular,4
1888.3.1,1888,XBI,infantry,2
1888.3.1,1888,XBI,irregular,4
1888.3.1,1888,YNN,cavalry,2
1888.3.1,1888,YNN,infantry,2
1888.3.1,1888,YNN,irregular,4
1888.3.1,1888,ALD,infantry,3
1888.3.1,1888,MEX,artillery,91
1888.3.1,1888,MEX,cavalry,1
1888.3.1,1888,MEX,infantry,56
1888.3.1,1888,BRZ,artillery,49
1888.3.1,1888,BRZ,dragoon,5
1888.3.1,1888,BRZ,infantry,19
1888.4.1,1888,USA,artillery,146
1888.4.1,1888,USA,dragoon,9
1888.4.1,1888,USA,hussar,10
1888.4.1,1888,COL,infantry,1
1888.4.1,1888,ENG,artillery,350
1888.4.1,1888,ENG,cuirassier,2
1888.4.1,1888,ENG,hussar,22
1888.4.1,1888,ENG,infantry,219
1888.4.1,1888,FRA,artillery,144
1888.4.1,1888,FRA,dragoon,1
1888.4.1,1888,FRA,engineer,4
1888.4.1,1888,FRA,guard,13
1888.4.1,1888,FRA,hussar,21
1888.4.1,1888,FRA,infantry,206
1888.4.1,1888,SCA,artillery,90
1888.4.1,1888,SCA,guard,25
1888.4.1,1888,SCA,hussar,14
1888.4.1,1888,SCA,infantry,41
1888.4.1,1888,RUS,artillery,145
1888.4.1,1888,RUS,dragoon,5
1888.4.1,1888,RUS,hussar,6
1888.4.1,1888,RUS,infantry,270
1888.4.1,1888,GER,artillery,206
1888.4.1,1888,GER,hussar,25
1888.4.1,1888,GER,infantry,210
1888.4.1,1888,NET,artillery,11
1888.4.1,1888,NET,dragoon,3
1888.4.1,1888,NET,guard,4
1888.4.1,1888,NET,hussar,1
1888.4.1,1888,BEL,artillery,1
1888.4.1,1888,BEL,infantry,1
1888.4.1,1888,SPA,artillery,70
1888.4.1,1888,SPA,hussar,13
1888.4.1,1888,SPA,infantry,67
1888.4.1,1888,KUK,artillery,104
1888.4.1,1888,KUK,dragoon,21
1888.4.1,1888,KUK,infantry,104
1888.4.1,1888,CHL,artillery,55
1888.4.1,1888,CHL,dragoon,8
1888.4.1,1888,CHL,hussar,2
1888.4.1,1888,CHL,infantry,33
1888.4.1,1888,AST,artillery,68
1888.4.1,1888,AST,hussar,4
1888.4.1,1888,AST,infantry,16
1888.4.1,1888,WAL,artillery,17
1888.4.1,1888,WAL,hussar,2
1888.4.1,1888,WAL,infantry,1
1888.4.1,1888,SAR,artillery,42
1888.4.1,1888,SAR,guard,8
1888.4.1,1888,SAR,hussar,3
1888.4.1,1888,SAR,infantry,38
1888.4.1,1888,SIC,artillery,81
1888.4.1,1888,SIC,dragoon,17
1888.4.1,1888,SIC,infantry,52
1888.4.1,1888,TUR,artillery,80
1888.4.1,1888,TUR,hussar,16
1888.4.1,1888,TUR,infantry,28
1888.4.1,1888,PER,artillery,30
1888.4.1,1888,PER,dragoon,1
1888.4.1,1888,PER,hussar,5
1888.4.1,1888,PER,infantry,16
1888.4.1,1888,JAS,dragoon,1
1888.4.1,1888,JAS,infantry,1
1888.4.1,1888,BIK,artillery,2
1888.4.1,1888,BIK,dragoon,1
1888.4.1,1888,BIK,infantry,2
1888.4.1,1888,MEW,dragoon,1
1888.4.1,1888,MEW,infantry,5
1888.4.1,1888,GWA,artillery,1
1888.4.1,1888,GWA,cuirassier,1
1888.4.1,1888,GWA,infantry,1
1888.4.1,1888,BAS,dragoon,1
1888.4.1,1888,BAS,infantry,1
1888.4.1,1888,NEP,cavalry,1
1888.4.1,1888,NEP,irregular,5
1888.4.1,1888,SIK,irregular,1
1888.4.1,1888,BHU,infantry,1
1888.4.1,1888,CHI,cavalry,5
1888.4.1,1888,CHI,infantry,21
1888.4.1,1888,CHI,irregular,22
1888.4.1,1888,GXI,infantry,18
1888.4.1,1888,GXI,irregular,4
1888.4.1,1888,XBI,infantry,2
1888.4.1,1888,XBI,irregular,4
1888.4.1,1888,YNN,cavalry,2
1888.4.1,1888,YNN,infantry,2
1888.4.1,1888,YNN,irregular,4
1888.4.1,1888,ALD,infantry,3
1888.4.1,1888,MEX,artillery,92
1888.4.1,1888,MEX,cavalry,1
1888.4.1,1888,MEX,infantry,56
1888.4.1,1888,BRZ,artillery,49
1888.4.1,1888,BRZ,dragoon,5
1888.4.1,1888,BRZ,infantry,19
1888.5.1,1888,USA,artillery,147
1888.5.1,1888,USA,dragoon,9
1888.5.1,1888,USA,hussar,10
1888.5.1,1888,COL,infantry,1
1888.5.1,1888,ENG,artillery,351
1888.5.1,1888,ENG,cuirassier,2
1888.5.1,1888,ENG,hussar,22
1888.5.1,1888,ENG,infantry,219
1888.5.1,1888,FRA,artillery,145
1888.5.1,1888,FRA,dragoon,1
1888.5.1,1888,FRA,engineer,4
1888.5.1,1888,FRA,guard,13
1888.5.1,1888,FRA,hussar,21
1888.5.1,1888,FRA,infantry,206
1888.5.1,1888,SCA,artillery,90
1888.5.1,1888,SCA,guard,25
1888.5.1,1888,SCA,hussar,14
1888.5.1,1888,SCA,infantry,41
1888.5.1,1888,RUS,artillery,145
1888.5.1,1888,RUS,dragoon,5
1888.5.1,1888,RUS,hussar,6
1888.5.1,1888,RUS,infantry,270
1888.5.1,1888,GER,artillery,209
1888.5.1,1888,GER,hussar,25
1888.5.1,1888,GER,infantry,210
1888.5.1,1888,NET,artillery,11
1888.5.1,1888,NET,dragoon,3
1888.5.1,1888,NET,guard,4
1888.5.1,1888,NET,hussar,1
1888.5.1,1888,BEL,artillery,1
1888.5.1,1888,BEL,infantry,1
1888.5.1,1888,SPA,artillery,70
1888.5.1,1888,SPA,hussar,13
1888.5.1,1888,SPA,infantry,67
1888.5.1,1888,KUK,artillery,104
1888.5.1,1888,KUK,dragoon,21
1888.5.1,1888,KUK,infantry,104
1888.5.1,1888,CHL,artillery,55
1888.5.1,1888,CHL,dragoon,8
1888.5.1,1888,CHL,hussar,2
1888.5.1,1888,CHL,infantry,33
1888.5.1,1888,AST,artillery,68
1888.5.1,1888,AST,hussar,4
1888.5.1,1888,AST,infantry,16
1888.5.1,1888,WAL,artillery,17
1888.5.1,1888,WAL,hussar,2
1888.5.1,1888,WAL,infantry,1
1888.5.1,1888,SAR,artillery,42
1888.5.1,1888,SAR,guard,8
1888.5.1,1888,SAR,hussar,3
1888.5.1,1888,SAR,infantry,38
1888.5.1,1888,SIC,artillery,81
1888.5.1,1888,SIC,dragoon,17
1888.5.1,1888,SIC,infantry,52
1888.5.1,1888,TUR,artillery,80
1888.5.1,1888,TUR,hussar,16
1888.5.1,1888,TUR,infantry,28
1888.5.1,1888,PER,artillery,30
1888.5.1,1888,PER,dragoon,1
1888.5.1,1888,PER,hussar,5
1888.5.1,1888,PER,infantry,16
1888.5.1,1888,JAS,dragoon,1
1888.5.1,1888,JAS,infantry,1
1888.5.1,1888,BIK,artillery,2
1888.5.1,1888,BIK,dragoon,1
1888.5.1,1888,BIK,infantry,2
1888.5.1,1888,MEW,dragoon,1
1888.5.1,1888,MEW,infantry,5
1888.5.1,1888,GWA,artillery,1
1888.5.1,1888,GWA,cuirassier,1
1888.5.1,1888,GWA,infantry,1
1888.5.1,1888,BAS,dragoon,1
1888.5.1,1888,BAS,infantry,1
1888.5.1,1888,NEP,cavalry,1
1888.5.1,1888,NEP,irregular,5
1888.5.1,1888,SIK,irregular,1
1888.5.1,1888,BHU,infantry,1
1888.5.1,1888,CHI,cavalry,5
1888.5.1,1888,CHI,infantry,21
1888.5.1,1888,CHI,irregular,22
1888.5.1,1888,GXI,infantry,9
1888.5.1,1888,XBI,infantry,2
1888.5.1,1888,XBI,irregular,4
1888.5.1,1888,YNN,cavalry,1
1888.5.1,1888,YNN,infantry,2
1888.5.1,1888,YNN,irregular,4
1888.5.1,1888,ALD,infantry,3
1888.5.1,1888,MEX,artillery,92
1888.5.1,1888,MEX,cavalry,1
1888.5.1,1888,MEX,infantry,56
1888.5.1,1888,BRZ,artillery,49
1888.5.1,1888,BRZ,dragoon,5
1888.5.1,1888,BRZ,infantry,19
1888.6.1,1888,USA,artillery,147
1888.6.1,1888,USA,dragoon,8
1888.6.1,1888,USA,hussar,9
1888.6.1,1888,COL,infantry,1
1888.6.1,1888,ENG,artillery,354
1888.6.1,1888,ENG,cuirassier,2
1888.6.1,1888,ENG,hussar,22
1888.6.1,1888,ENG,infantry,219
1888.6.1,1888,FRA,artillery,145
1888.6.1,1888,FRA,dragoon,1
1888.6.1,1888,FRA,engineer,4
1888.6.1,1888,FRA,guard,13
1888.6.1,1888,FRA,hussar,21
1888.6.1,1888,FRA,infantry,206
1888.6.1,1888,SCA,artillery,90
1888.6.1,1888,SCA,guard,25
1888.6.1,1888,SCA,hussar,14
1888.6.1,1888,SCA,infantry,41
1888.6.1,1888,RUS,artillery,145
1888.6.1,1888,RUS,dragoon,5
1888.6.1,1888,RUS,hussar,6
1888.6.1,1888,RUS,infantry,270
1888.6.1,1888,GER,artillery,212
1888.6.1,1888,GER,hussar,25
1888.6.1,1888,GER,infantry,210
1888.6.1,1888,NET,artillery,11
1888.6.1,1888,NET,dragoon,3
1888.6.1,1888,NET,guard,4
1888.6.1,1888,NET,hussar,1
1888.6.1,1888,BEL,artillery,1
1888.6.1,1888,BEL,infantry,1
1888.6.1,1888,SPA,artillery,70
1888.6.1,1888,SPA,hussar,13
1888.6.1,1888,SPA,infantry,67
1888.6.1,1888,KUK,artillery,104
1888.6.1,1888,KUK,dragoon,21
1888.6.1,1888,KUK,infantry,104
1888.6.1,1888,CHL,artillery,56
1888.6.1,1888,CHL,dragoon,8
1888.6.1,1888,CHL,hussar,2
1888.6.1,1888,CHL,infantry,34
1888.6.1,1888,AST,artillery,68
1888.6.1,1888,AST,hussar,4
1888.6.1,1888,AST,infantry,16
1888.6.1,1888,WAL,artillery,17
1888.6.1,1888,WAL,hussar,2
1888.6.1,1888,WAL,infantry,1
1888.6.1,1888,SAR,artillery,42
1888.6.1,1888,SAR,guard,8
1888.6.1,1888,SAR,hussar,3
1888.6.1,1888,SAR,infantry,38
1888.6.1,1888,SIC,artillery,81
1888.6.1,1888,SIC,dragoon,17
1888.6.1,1888,SIC,infantry,52
1888.6.1,1888,TUR,artillery,80
1888.6.1,1888,TUR,hussar,16
1888.6.1,1888,TUR,infantry,28
1888.6.1,1888,PER,artillery,30
1888.6.1,1888,PER,dragoon,1
1888.6.1,1888,PER,hussar,5
1888.6.1,1888,PER,infantry,16
1888.6.1,1888,JAS,dragoon,1
1888.6.1,1888,JAS,infantry,1
1888.6.1,1888,BIK,artillery,2
1888.6.1,1888,BIK,dragoon,1
1888.6.1,1888,BIK,infantry,2
1888.6.1,1888,MEW,dragoon,1
1888.6.1,1888,MEW,infantry,5
1888.6.1,1888,GWA,artillery,1
1888.6.1,1888,GWA,cuirassier,1
1888.6.1,1888,GWA,infantry,1
1888.6.1,1888,BAS,dragoon,1
1888.6.1,1888,BAS,infantry,1
1888.6.1,1888,NEP,cavalry,1
1888.6.1,1888,NEP,irregular,5
1888.6.1,1888,SIK,irregular,1
1888.6.1,1888,BHU,infantry,1
1888.6.1,1888,CHI,cavalry,5
1888.6.1,1888,CHI,infantry,21
1888.6.1,1888,CHI,irregular,22
1888.6.1,1888,GXI,infantry,9
1888.6.1,1888,XBI,infantry,2
1888.6.1,1888,XBI,irregular,4
1888.6.1,1888,YNN,cavalry,1
1888.6.1,1888,YNN,infantry,2
1888.6.1,1888,YNN,irregular,4
1888.6.1,1888,ALD,infantry,3
1888.6.1,1888,MEX,artillery,92
1888.6.1,1888,MEX,cavalry,1
1888.6.1,1888,MEX,infantry,56
1888.6.1,1888,BRZ,artillery,49
1888.6.1,1888,BRZ,dragoon,5
1888.6.1,1888,BRZ,infantry,19
1888.7.1,1888,USA,artillery,147
1888.7.1,1888,USA,dragoon,8
1888.7.1,1888,USA,hussar,9
1888.7.1,1888,COL,infantry,1
1888.7.1,1888,ENG,artillery,357
1888.7.1,1888,ENG,cuirassier,2
1888.7.1,1888,ENG,hussar,22
1888.7.1,1888,ENG,infantry,219
1888.7.1,1888,FRA,artillery,146
1888.7.1,1888,FRA,dragoon,1
1888.7.1,1888,FRA,engineer,4
1888.7.1,1888,FRA,guard,13
1888.7.1,1888,FRA,hussar,21
1888.7.1,1888,FRA,infantry,206
1888.7.1,1888,SCA,artillery,90
1888.7.1,1888,SCA,guard,25
1888.7.1,1888,SCA,hussar,14
1888.7.1,1888,SCA,infantry,41
1888.7.1,1888,RUS,artillery,145
1888.7.1,1888,RUS,dragoon,5
1888.7.1,1888,RUS,hussar,6
1888.7.1,1888,RUS,infantry,270
1888.7.1,1888,GER,artillery,204
1888.7.1,1888,GER,hussar,24
1888.7.1,1888,GER,infantry,197
1888.7.1,1888,NET,artillery,11
1888.7.1,1888,NET,dragoon,3
1888.7.1,1888,NET,guard,4
1888.7.1,1888,NET,hussar,1
1888.7.1,1888,BEL,artillery,1
1888.7.1,1888,BEL,infantry,1
1888.7.1,1888,SPA,artillery,70
1888.7.1,1888,SPA,hussar,13
1888.7.1,1888,SPA,infantry,67
1888.7.1,1888,KUK,artillery,104
1888.7.1,1888,KUK,dragoon,21
1888.7.1,1888,KUK,infantry,104
1888.7.1,1888,CHL,artillery,57
1888.7.1,1888,CHL,dragoon,9
1888.7.1,1888,CHL,hussar,2
1888.7.1,1888,CHL,infantry,34
1888.7.1,1888,AST,artillery,68
1888.7.1,1888,AST,hussar,4
1888.7.1,1888,AST,infantry,16
1888.7.1,1888,WAL,artillery,17
1888.7.1,1888,WAL,hussar,2
1888.7.1,1888,WAL,infantry,1
1888.7.1,1888,SAR,artillery,42
1888.7.1,1888,SAR,guard,8
1888.7.1,1888,SAR,hussar,3
1888.7.1,1888,SAR,infantry,38
1888.7.1,1888,SIC,artillery,82
1888.7.1,1888,SIC,dragoon,17
1888.7.1,1888,SIC,infantry,52
1888.7.1,1888,TUR,artillery,80
1888.7.1,1888,TUR,hussar,16
1888.7.1,1888,TUR,infantry,28
1888.7.1,1888,PER,artillery,30
1888.7.1,1888,PER,dragoon,1
1888.7.1,1888,PER,hussar,5
1888.7.1,1888,PER,infantry,16
1888.7.1,1888,JAS,dragoon,1
1888.7.1,1888,JAS,infantry,1
1888.7.1,1888,BIK,artillery,2
1888.7.1,1888,BIK,dragoon,1
1888.7.1,1888,BIK,infantry,2
1888.7.1,1888,MEW,dragoon,1
1888.7.1,1888,MEW,infantry,5
1888.7.1,1888,GWA,artillery,1
1888.7.1,1888,GWA,cuirassier,1
1888.7.1,1888,GWA,infantry,1
1888.7.1,1888,BAS,dragoon,1
1888.7.1,1888,BAS,infantry,1
1888.7.1,1888,NEP,cavalry,1
1888.7.1,1888,NEP,irregular,5
1888.7.1,1888,SIK,irregular,1
1888.7.1,1888,BHU,infantry,1
1888.7.1,1888,CHI,cavalry,5
1888.7.1,1888,CHI,infantry,21
1888.7.1,1888,CHI,irregular,22
1888.7.1,1888,GXI,infantry,9
1888.7.1,1888,XBI,infantry,2
1888.7.1,1888,XBI,irregular,4
1888.7.1,1888,YNN,cavalry,1
1888.7.1,1888,YNN,infantry,2
1888.7.1,1888,YNN,irregular,4
1888.7.1,1888,ALD,infantry,3
1888.7.1,1888,MEX,artillery,92
1888.7.1,1888,MEX,cavalry,1
1888.7.1,1888,MEX,infantry,56
1888.7.1,1888,BRZ,artillery,49
1888.7.1,1888,BRZ,dragoon,5
1888.7.1,1888,BRZ,infantry,19
1888.8.1,1888,USA,artillery,145
1888.8.1,1888,USA,dragoon,8
1888.8.1,1888,USA,hussar,9
1888.8.1,1888,COL,infantry,1
1888.8.1,1888,ENG,artillery,360
1888.8.1,1888,ENG,cuirassier,2
1888.8.1,1888,ENG,hussar,22
1888.8.1,1888,ENG,infantry,219
1888.8.1,1888,FRA,artillery,146
1888.8.1,1888,FRA,dragoon,1
1888.8.1,1888,FRA,engineer,4
1888.8.1,1888,FRA,guard,13
1888.8.1,1888,FRA,hussar,21
1888.8.1,1888,FRA,infantry,206
1888.8.1,1888,SCA,artillery,90
1888.8.1,1888,SCA,guard,26
1888.8.1,1888,SCA,hussar,14
1888.8.1,1888,SCA,infantry,41
1888.8.1,1888,RUS,artillery,145
1888.8.1,1888,RUS,dragoon,5
1888.8.1,1888,RUS,hussar,6
1888.8.1,1888,RUS,infantry,270
1888.8.1,1888,GER,artillery,199
1888.8.1,1888,GER,hussar,24
1888.8.1,1888,GER,infantry,196
1888.8.1,1888,NET,artillery,11
1888.8.1,1888,NET,dragoon,3
1888.8.1,1888,NET,guard,4
1888.8.1,1888,NET,hussar,1
1888.8.1,1888,BEL,artillery,1
1888.8.1,1888,BEL,infantry,1
1888.8.1,1888,SPA,artillery,70
1888.8.1,1888,SPA,hussar,13
1888.8.1,1888,SPA,infantry,67
1888.8.1,1888,KUK,artillery,104
1888.8.1,1888,KUK,dragoon,21
1888.8.1,1888,KUK,infantry,104
1888.8.1,1888,CHL,artillery,57
1888.8.1,1888,CHL,dragoon,11
1888.8.1,1888,CHL,hussar,2
1888.8.1,1888,CHL,infantry,34
1888.8.1,1888,AST,artillery,68
1888.8.1,1888,AST,hussar,4
1888.8.1,1888,AST,infantry,16
1888.8.1,1888,WAL,artillery,17
1888.8.1,1888,WAL,hussar,2
1888.8.1,1888,WAL,infantry,1
1888.8.1,1888,SAR,artillery,42
1888.8.1,1888,SAR,guard,8
1888.8.1,1888,SAR,hussar,3
1888.8.1,1888,SAR,infantry,38
1888.8.1,1888,SIC,artillery,82
1888.8.1,1888,SIC,dragoon,18
1888.8.1,1888,SIC,infantry,52
1888.8.1,1888,TUR,artillery,80
1888.8.1,1888,TUR,hussar,16
1888.8.1,1888,TUR,infantry,28
1888.8.1,1888,PER,artillery,30
1888.8.1,1888,PER,dragoon,1
1888.8.1,1888,PER,hussar,5
1888.8.1,1888,PER,infantry,16
1888.8.1,1888,JAS,dragoon,1
1888.8.1,1888,JAS,infantry,1
1888.8.1,1888,BIK,artillery,2
1888.8.1,1888,BIK,dragoon,1
1888.8.1,1888,BIK,infantry,2
1888.8.1,1888,MEW,dragoon,1
1888.8.1,1888,MEW,infantry,5
1888.8.1,1888,GWA,artillery,1
1888.8.1,1888,GWA,cuirassier,1
1888.8.1,1888,GWA,infantry,1
1888.8.1,1888,BAS,dragoon,1
1888.8.1,1888,BAS,infantry,1
1888.8.1,1888,NEP,cavalry,1
1888.8.1,1888,NEP,irregular,5
1888.8.1,1888,SIK,irregular,1
1888.8.1,1888,BHU,infantry,1
1888.8.1,1888,CHI,cavalry,5
1888.8.1,1888,CHI,infantry,21
1888.8.1,1888,CHI,irregular,22
1888.8.1,1888,GXI,infantry,9
1888.8.1,1888,XBI,infantry,2
1888.8.1,1888,XBI,irregular,4
1888.8.1,1888,YNN,cavalry,2
1888.8.1,1888,YNN,infantry,4
1888.8.1,1888,YNN,irregular,4
1888.8.1,1888,ALD,infantry,3
1888.8.1,1888,MEX,artillery,92
1888.8.1,1888,MEX,cavalry,1
1888.8.1,1888,MEX,infantry,56
1888.8.1,1888,BRZ,artillery,49
1888.8.1,1888,BRZ,dragoon,5
1888.8.1,1888,BRZ,infantry,19
1888.9.1,1888,USA,artillery,145
1888.9.1,1888,USA,dragoon,8
1888.9.1,1888,USA,hussar,9
1888.9.1,1888,COL,infantry,1
1888.9.1,1888,ENG,artillery,363
1888.9.1,1888,ENG,cuirassier,2
1888.9.1,1888,ENG,hussar,22
1888.9.1,1888,ENG,infantry,219
1888.9.1,1888,FRA,artillery,146
1888.9.1,1888,FRA,dragoon,1
1888.9.1,1888,FRA,engineer,4
1888.9.1,1888,FRA,guard,13
1888.9.1,1888,FRA,hussar,21
1888.9.1,1888,FRA,infantry,206
1888.9.1,1888,SCA,artillery,93
1888.9.1,1888,SCA,guard,27
1888.9.1,1888,SCA,hussar,15
1888.9.1,1888,SCA,infantry,41
1888.9.1,1888,RUS,artillery,145
1888.9.1,1888,RUS,dragoon,5
1888.9.1,1888,RUS,hussar,6
1888.9.1,1888,RUS,infantry,32
1888.9.1,1888,GER,artillery,199
1888.9.1,1888,GER,hussar,24
1888.9.1,1888,GER,infantry,196
1888.9.1,1888,NET,artillery,11
1888.9.1,1888,NET,dragoon,3
1888.9.1,1888,NET,guard,4
1888.9.1,1888,NET,hussar,1
1888.9.1,1888,BEL,artillery,1
1888.9.1,1888,BEL,infantry,1
1888.9.1,1888,SPA,artillery,70
1888.9.1,1888,SPA,hussar,13
1888.9.1,1888,SPA,infantry,67
1888.9.1,1888,KUK,artillery,104
1888.9.1,1888,KUK,dragoon,21
1888.9.1,1888,KUK,infantry,104
1888.9.1,1888,CHL,artillery,57
1888.9.1,1888,CHL,dragoon,11
1888.9.1,1888,CHL,hussar,2
1888.9.1,1888,CHL,infantry,34
1888.9.1,1888,AST,artillery,68
1888.9.1,1888,AST,hussar,4
1888.9.1,1888,AST,infantry,16
1888.9.1,1888,WAL,artillery,17
1888.9.1,1888,WAL,hussar,2
1888.9.1,1888,WAL,infantry,1
1888.9.1,1888,SAR,artillery,42
1888.9.1,1888,SAR,guard,8
1888.9.1,1888,SAR,hussar,3
1888.9.1,1888,SAR,infantry,38
1888.9.1,1888,SIC,artillery,82
1888.9.1,1888,SIC,dragoon,18
1888.9.1,1888,SIC,infantry,52
1888.9.1,1888,TUR,artillery,80
1888.9.1,1888,TUR,hussar,16
1888.9.1,1888,TUR,infantry,28
1888.9.1,1888,PER,artillery,30
1888.9.1,1888,PER,dragoon,1
1888.9.1,1888,PER,hussar,5
1888.9.1,1888,PER,infantry,16
1888.9.1,1888,JAS,dragoon,1
1888.9.1,1888,JAS,infantry,1
1888.9.1,1888,BIK,artillery,2
1888.9.1,1888,BIK,dragoon,1
1888.9.1,1888,BIK,infantry,2
1888.9.1,1888,MEW,dragoon,1
1888.9.1,1888,MEW,infantry,5
1888.9.1,1888,GWA,artillery,1
1888.9.1,1888,GWA,cuirassier,1
1888.9.1,1888,GWA,infantry,1
1888.9.1,1888,BAS,dragoon,1
1888.9.1,1888,BAS,infantry,1
1888.9.1,1888,NEP,cavalry,1
1888.9.1,1888,NEP,irregular,5
1888.9.1,1888,SIK,irregular,1
1888.9.1,1888,BHU,infantry,1
1888.9.1,1888,CHI,cavalry,5
1888.9.1,1888,CHI,infantry,18
1888.9.1,1888,CHI,irregular,22
1888.9.1,1888,GXI,infantry,1
1888.9.1,1888,XBI,infantry,2
1888.9.1,1888,XBI,irregular,4
1888.9.1,1888,YNN,cavalry,2
1888.9.1,1888,YNN,infantry,5
1888.9.1,1888,YNN,irregular,5
1888.9.1,1888,ALD,infantry,3
1888.9.1,1888,MEX,artillery,92
1888.9.1,1888,MEX,cavalry,1
1888.9.1,1888,MEX,infantry,56
1888.9.1,1888,BRZ,artillery,49
1888.9.1,1888,BRZ,dragoon,5
1888.9.1,1888,BRZ,infantry,19
1888.10.1,1888,USA,artillery,145
1888.10.1,1888,USA,dragoon,8
1888.10.1,1888,USA,hussar,9
1888.10.1,1888,COL,infantry,1
1888.10.1,1888,ENG,artillery,366
1888.10.1,1888,ENG,cuirassier,2
1888.10.1,1888,ENG,hussar,22
1888.10.1,1888,ENG,infantry,219
1888.10.1,1888,FRA,artillery,147
1888.10.1,1888,FRA,dragoon,1
1888.10.1,1888,FRA,engineer,4
1888.10.1,1888,FRA,guard,13
1888.10.1,1888,FRA,hussar,21
1888.10.1,1888,FRA,infantry,206
1888.10.1,1888,SCA,artillery,93
1888.10.1,1888,SCA,guard,27
1888.10.1,1888,SCA,hussar,15
1888.10.1,1888,SCA,infantry,41
1888.10.1,1888,RUS,artillery,145
1888.10.1,1888,RUS,dragoon,5
1888.10.1,1888,RUS,hussar,6
1888.10.1,1888,RUS,infantry,41
1888.10.1,1888,GER,artillery,201
1888.10.1,1888,GER,hussar,24
1888.10.1,1888,GER,infantry,196
1888.10.1,1888,NET,artillery,11
1888.10.1,1888,NET,dragoon,3
1888.10.1,1888,NET,guard,4
1888.10.1,1888,NET,hussar,1
1888.10.1,1888,BEL,artillery,1
1888.10.1,1888,BEL,infantry,1
1888.10.1,1888,SPA,artillery,70
1888.10.1,1888,SPA,hussar,13
1888.10.1,1888,SPA,infantry,67
1888.10.1,1888,KUK,artillery,104
1888.10.1,1888,KUK,dragoon,21
1888.10.1,1888,KUK,infantry,12
1888.10.1,1888,CHL,artillery,57
1888.10.1,1888,CHL,dragoon,11
1888.10.1,1888,CHL,hussar,2
1888.10.1,1888,CHL,infantry,36
1888.10.1,1888,AST,artillery,68
1888.10.1,1888,AST,hussar,4
1888.10.1,1888,AST,infantry,16
1888.10.1,1888,WAL,artillery,17
1888.10.1,1888,WAL,hussar,2
1888.10.1,1888,WAL,infantry,1
1888.10.1,1888,SAR,artillery,42
1888.10.1,1888,SAR,guard,8
1888.10.1,1888,SAR,hussar,3
1888.10.1,1888,SAR,infantry,38
1888.10.1,1888,SIC,artillery,83
1888.10.1,1888,SIC,dragoon,18
1888.10.1,1888,SIC,infantry,52
1888.10.1,1888,TUR,artillery,80
1888.10.1,1888,TUR,hussar,16
1888.10.1,1888,TUR,infantry,28
1888.10.1,1888,PER,artillery,30
1888.10.1,1888,PER,dragoon,1
1888.10.1,1888,PER,hussar,5
1888.10.1,1888,PER,infantry,16
1888.10.1,1888,JAS,dragoon,1
1888.10.1,1888,JAS,infantry,1
1888.10.1,1888,BIK,artillery,2
1888.10.1,1888,BIK,dragoon,1
1888.10.1,1888,BIK,infantry,2
1888.10.1,1888,MEW,dragoon,1
1888.10.1,1888,MEW,infantry,5
1888.10.1,1888,GWA,artillery,1
1888.10.1,1888,GWA,cuirassier,1
1888.10.1,1888,GWA,infantry,1
1888.10.1,1888,BAS,dragoon,1
1888.10.1,1888,BAS,infantry,1
1888.10.1,1888,NEP,cavalry,1
1888.10.1,1888,NEP,irregular,5
1888.10.1,1888,SIK,irregular,1
1888.10.1,1888,BHU,infantry,1
1888.10.1,1888,CHI,cavalry,5
1888.10.1,1888,CHI,infantry,18
1888.10.1,1888,CHI,irregular,22
1888.10.1,1888,GXI,infantry,1
1888.10.1,1888,XBI,infantry,2
1888.10.1,1888,XBI,irregular,4
1888.10.1,1888,YNN,cavalry,2
1888.10.1,1888,YNN,infantry,5
1888.10.1,1888,YNN,irregular,5
1888.10.1,1888,ALD,infantry,3
1888.10.1,1888,MEX,artillery,92
1888.10.1,1888,MEX,cavalry,1
1888.10.1,1888,MEX,infantry,56
1888.10.1,1888,BRZ,artillery,49
1888.10.1,1888,BRZ,dragoon,5
1888.10.1,1888,BRZ,infantry,20
1888.11.1,1888,USA,artillery,145
1888.11.1,1888,USA,dragoon,8
1888.11.1,1888,USA,hussar,9
1888.11.1,1888,COL,infantry,1
1888.11.1,1888,ENG,artillery,369
1888.11.1,1888,ENG,cuirassier,2
1888.11.1,1888,ENG,hussar,22
1888.11.1,1888,ENG,infantry,219
1888.11.1,1888,FRA,artillery,147
1888.11.1,1888,FRA,dragoon,1
1888.11.1,1888,FRA,engineer,4
1888.11.1,1888,FRA,guard,13
1888.11.1,1888,FRA,hussar,21
1888.11.1,1888,FRA,infantry,206
1888.11.1,1888,SCA,artillery,93
1888.11.1,1888,SCA,guard,27
1888.11.1,1888,SCA,hussar,15
1888.11.1,1888,SCA,infantry,41
1888.11.1,1888,RUS,artillery,145
1888.11.1,1888,RUS,dragoon,5
1888.11.1,1888,RUS,hussar,6
1888.11.1,1888,RUS,infantry,51
1888.11.1,1888,GER,artillery,204
1888.11.1,1888,GER,hussar,24
1888.11.1,1888,GER,infantry,196
1888.11.1,1888,NET,artillery,11
1888.11.1,1888,NET,dragoon,3
1888.11.1,1888,NET,guard,4
1888.11.1,1888,NET,hussar,1
1888.11.1,1888,BEL,artillery,1
1888.11.1,1888,BEL,infantry,1
1888.11.1,1888,SPA,artillery,70
1888.11.1,1888,SPA,hussar,13
1888.11.1,1888,SPA,infantry,67
1888.11.1,1888,KUK,artillery,104
1888.11.1,1888,KUK,dragoon,21
1888.11.1,1888,KUK,infantry,12
1888.11.1,1888,CHL,artillery,57
1888.11.1,1888,CHL,dragoon,11
1888.11.1,1888,CHL,hussar,2
1888.11.1,1888,CHL,infantry,39
1888.11.1,1888,AST,artillery,68
1888.11.1,1888,AST,hussar,4
1888.11.1,1888,AST,infantry,16
1888.11.1,1888,WAL,artillery,17
1888.11.1,1888,WAL,hussar,2
1888.11.1,1888,WAL,infantry,1
1888.11.1,1888,SAR,artillery,42
1888.11.1,1888,SAR,guard,8
1888.11.1,1888,SAR,hussar,3
1888.11.1,1888,SAR,infantry,38
1888.11.1,1888,SIC,artillery,83
1888.11.1,1888,SIC,dragoon,18
1888.11.1,1888,SIC,infantry,52
1888.11.1,1888,TUR,artillery,80
1888.11.1,1888,TUR,hussar,16
1888.11.1,1888,TUR,infantry,28
1888.11.1,1888,PER,artillery,30
1888.11.1,1888,PER,dragoon,1
1888.11.1,1888,PER,hussar,5
1888.11.1,1888,PER,infantry,16
1888.11.1,1888,JAS,dragoon,1
1888.11.1,1888,JAS,infantry,1
1888.11.1,1888,BIK,artillery,2
1888.11.1,1888,BIK,dragoon,1
1888.11.1,1888,BIK,infantry,2
1888.11.1,1888,MEW,dragoon,1
1888.11.1,1888,MEW,infantry,5
1888.11.1,1888,GWA,artillery,1
1888.11.1,1888,GWA,cuirassier,1
1888.11.1,1888,GWA,infantry,1
1888.11.1,1888,BAS,dragoon,1
1888.11.1,1888,BAS,infantry,1
1888.11.1,1888,NEP,cavalry,1
1888.11.1,1888,NEP,irregular,5
1888.11.1,1888,SIK,irregular,1
1888.11.1,1888,BHU,infantry,1
1888.11.1,1888,CHI,cavalry,5
1888.11.1,1888,CHI,infantry,18
1888.11.1,1888,CHI,irregular,22
1888.11.1,1888,GXI,infantry,1
1888.11.1,1888,XBI,infantry,2
1888.11.1,1888,XBI,irregular,4
1888.11.1,1888,YNN,cavalry,3
1888.11.1,1888,YNN,infantry,5
1888.11.1,1888,YNN,irregular,5
1888.11.1,1888,ALD,infantry,3
1888.11.1,1888,MEX,artillery,92
1888.11.1,1888,MEX,cavalry,1
1888.11.1,1888,MEX,infantry,56
1888.11.1,1888,BRZ,artillery,49
1888.11.1,1888,BRZ,dragoon,5
1888.11.1,1888,BRZ,infantry,20
1888.12.1,1888,USA,artillery,145
1888.12.1,1888,USA,dragoon,8
1888.12.1,1888,USA,hussar,9
1888.12.1,1888,COL,infantry,1
1888.12.1,1888,ENG,artillery,372
1888.12.1,1888,ENG,cuirassier,2
1888.12.1,1888,ENG,hussar,22
1888.12.1,1888,ENG,infantry,219
1888.12.1,1888,FRA,artillery,147
1888.12.1,1888,FRA,dragoon,1
1888.12.1,1888,FRA,engineer,4
1888.12.1,1888,FRA,guard,13
1888.12.1,1888,FRA,hussar,21
1888.12.1,1888,FRA,infantry,206
1888.12.1,1888,SCA,artillery,93
1888.12.1,1888,SCA,guard,27
1888.12.1,1888,SCA,hussar,15
1888.12.1,1888,SCA,infantry,41
1888.12.1,1888,RUS,artillery,145
1888.12.1,1888,RUS,dragoon,5
1888.12.1,1888,RUS,hussar,6
1888.12.1,1888,RUS,infantry,72
1888.12.1,1888,GER,artillery,203
1888.12.1,1888,GER,hussar,24
1888.12.1,1888,GER,infantry,196
1888.12.1,1888,NET,artillery,11
1888.12.1,1888,NET,dragoon,3
1888.12.1,1888,NET,guard,4
1888.12.1,1888,NET,hussar,1
1888.12.1,1888,BEL,artillery,1
1888.12.1,1888,BEL,infantry,1
1888.12.1,1888,SPA,artillery,70
1888.12.1,1888,SPA,hussar,13
1888.12.1,1888,SPA,infantry,67
1888.12.1,1888,KUK,artillery,104
1888.12.1,1888,KUK,dragoon,21
1888.12.1,1888,KUK,infantry,12
1888.12.1,1888,CHL,artillery,57
1888.12.1,1888,CHL,dragoon,11
1888.12.1,1888,CHL,hussar,2
1888.12.1,1888,CHL,infantry,39
1888.12.1,1888,AST,artillery,68
1888.12.1,1888,AST,hussar,4
1888.12.1,1888,AST,infantry,16
1888.12.1,1888,WAL,artillery,17
1888.12.1,1888,WAL,hussar,2
1888.12.1,1888,WAL,infantry,1
1888.12.1,1888,SAR,artillery,42
1888.12.1,1888,SAR,guard,8
1888.12.1,1888,SAR,hussar,3
1888.12.1,1888,SAR,infantry,38
1888.12.1,1888,SIC,artillery,83
1888.12.1,1888,SIC,dragoon,18
1888.12.1,1888,SIC,infantry,52
1888.12.1,1888,TUR,artillery,80
1888.12.1,1888,TUR,hussar,16
1888.12.1,1888,TUR,infantry,28
1888.12.1,1888,PER,artillery,30
1888.12.1,1888,PER,dragoon,1
1888.12.1,1888,PER,hussar,5
1888.12.1,1888,PER,infantry,16
1888.12.1,1888,JAS,dragoon,1
1888.12.1,1888,JAS,infantry,1
1888.12.1,1888,BIK,artillery,2
1888.12.1,1888,BIK,dragoon,1
1888.12.1,1888,BIK,infantry,2
1888.12.1,1888,MEW,dragoon,1
1888.12.1,1888,MEW,infantry,5
1888.12.1,1888,GWA,artillery,1
1888.12.1,1888,GWA,cuirassier,1
1888.12.1,1888,GWA,infantry,1
1888.12.1,1888,BAS,dragoon,1
1888.12.1,1888,BAS,infantry,1
1888.12.1,1888,NEP,cavalry,1
1888.12.1,1888,NEP,irregular,5
1888.12.1,1888,SIK,irregular,1
1888.12.1,1888,BHU,infantry,1
1888.12.1,1888,CHI,cavalry,5
1888.12.1,1888,CHI,infantry,18
1888.12.1,1888,CHI,irregular,22
1888.12.1,1888,GXI,infantry,1
1888.12.1,1888,XBI,infantry,2
1888.12.1,1888,XBI,irregular,4
1888.12.1,1888,YNN,cavalry,4
1888.12.1,1888,YNN,infantry,6
1888.12.1,1888,YNN,irregular,5
1888.12.1,1888,ALD,infantry,3
1888.12.1,1888,MEX,artillery,92
1888.12.1,1888,MEX,cavalry,1
1888.12.1,1888,MEX,infantry,56
1888.12.1,1888,BRZ,artillery,49
1888.12.1,1888,BRZ,dragoon,5
1888.12.1,1888,BRZ,infantry,20
1889.1.1,1889,USA,artillery,162
1889.1.1,1889,USA,dragoon,8
1889.1.1,1889,USA,hussar,9
1889.1.1,1889,COL,infantry,1
1889.1.1,1889,ENG,artillery,375
1889.1.1,1889,ENG,cuirassier,2
1889.1.1,1889,ENG,hussar,22
1889.1.1,1889,ENG,infantry,219
1889.1.1,1889,FRA,artillery,147
1889.1.1,1889,FRA,dragoon,1
1889.1.1,1889,FRA,engineer,4
1889.1.1,1889,FRA,guard,13
1889.1.1,1889,FRA,hussar,21
1889.1.1,1889,FRA,infantry,206
1889.1.1,1889,SCA,artillery,95
1889.1.1,1889,SCA,guard,27
1889.1.1,1889,SCA,hussar,15
1889.1.1,1889,SCA,infantry,41
1889.1.1,1889,RUS,artillery,146
1889.1.1,1889,RUS,dragoon,5
1889.1.1,1889,RUS,hussar,6
1889.1.1,1889,RUS,infantry,81
1889.1.1,1889,GER,artillery,204
1889.1.1,1889,GER,hussar,24
1889.1.1,1889,GER,infantry,196
1889.1.1,1889,NET,artillery,11
1889.1.1,1889,NET,dragoon,3
1889.1.1,1889,NET,guard,4
1889.1.1,1889,NET,hussar,1
1889.1.1,1889,BEL,artillery,1
1889.1.1,1889,BEL,infantry,1
1889.1.1,1889,SPA,artillery,70
1889.1.1,1889,SPA,hussar,13
1889.1.1,1889,SPA,infantry,67
1889.1.1,1889,KUK,artillery,104
1889.1.1,1889,KUK,dragoon,21
1889.1.1,1889,KUK,infantry,12
1889.1.1,1889,CHL,artillery,57
1889.1.1,1889,CHL,dragoon,11
1889.1.1,1889,CHL,hussar,2
1889.1.1,1889,CHL,infantry,39
1889.1.1,1889,AST,artillery,68
1889.1.1,1889,AST,hussar,4
1889.1.1,1889,AST,infantry,16
1889.1.1,1889,WAL,artillery,17
1889.1.1,1889,WAL,hussar,2
1889.1.1,1889,WAL,infantry,1
1889.1.1,1889,SAR,artillery,42
1889.1.1,1889,SAR,guard,8
1889.1.1,1889,SAR,hussar,3
1889.1.1,1889,SAR,infantry,38
1889.1.1,1889,SIC,artillery,83
1889.1.1,1889,SIC,dragoon,18
1889.1.1,1889,SIC,infantry,52
1889.1.1,1889,TUR,artillery,80
1889.1.1,1889,TUR,hussar,16
1889.1.1,1889,TUR,infantry,28
1889.1.1,1889,PER,artillery,30
1889.1.1,1889,PER,dragoon,1
1889.1.1,1889,PER,hussar,5
1889.1.1,1889,PER,infantry,16
1889.1.1,1889,JAS,dragoon,1
1889.1.1,1889,JAS,infantry,1
1889.1.1,1889,BIK,artillery,2
1889.1.1,1889,BIK,dragoon,1
1889.1.1,1889,BIK,infantry,2
1889.1.1,1889,MEW,dragoon,1
1889.1.1,1889,MEW,infantry,5
1889.1.1,1889,GWA,artillery,1
1889.1.1,1889,GWA,cuirassier,1
1889.1.1,1889,GWA,infantry,1
1889.1.1,1889,BAS,dragoon,1
1889.1.1,1889,BAS,infantry,1
1889.1.1,1889,NEP,cavalry,1
1889.1.1,1889,NEP,irregular,5
1889.1.1,1889,SIK,irregular,1
1889.1.1,1889,BHU,infantry,1
1889.1.1,1889,CHI,cavalry,5
1889.1.1,1889,CHI,infantry,18
1889.1.1,1889,CHI,irregular,22
1889.1.1,1889,GXI,infantry,1
1889.1.1,1889,XBI,infantry,2
1889.1.1,1889,XBI,irregular,4
1889.1.1,1889,YNN,cavalry,5
1889.1.1,1889,YNN,infantry,6
1889.1.1,1889,YNN,irregular,5
1889.1.1,1889,ALD,infantry,3
1889.1.1,1889,MEX,artillery,92
1889.1.1,1889,MEX,cavalry,1
1889.1.1,1889,MEX,infantry,56
1889.1.1,1889,BRZ,artillery,49
1889.1.1,1889,BRZ,dragoon,5
1889.1.1,1889,BRZ,infantry,20
1889.2.1,1889,USA,artillery,162
1889.2.1,1889,USA,dragoon,8
1889.2.1,1889,USA,hussar,9
1889.2.1,1889,COL,infantry,1
1889.2.1,1889,ENG,artillery,377
1889.2.1,1889,ENG,cuirassier,2
1889.2.1,1889,ENG,hussar,22
1889.2.1,1889,ENG,infantry,219
1889.2.1,1889,FRA,artillery,147
1889.2.1,1889,FRA,dragoon,1
1889.2.1,1889,FRA,engineer,4
1889.2.1,1889,FRA,guard,13
1889.2.1,1889,FRA,hussar,21
1889.2.1,1889,FRA,infantry,206
1889.2.1,1889,SCA,artillery,95
1889.2.1,1889,SCA,guard,27
1889.2.1,1889,SCA,hussar,16
1889.2.1,1889,SCA,infantry,41
1889.2.1,1889,RUS,artillery,149
1889.2.1,1889,RUS,dragoon,5
1889.2.1,1889,RUS,hussar,6
1889.2.1,1889,RUS,infantry,98
1889.2.1,1889,GER,artillery,206
1889.2.1,1889,GER,hussar,24
1889.2.1,1889,GER,infantry,196
1889.2.1,1889,NET,artillery,11
1889.2.1,1889,NET,dragoon,3
1889.2.1,1889,NET,guard,4
1889.2.1,1889,NET,hussar,1
1889.2.1,1889,BEL,artillery,1
1889.2.1,1889,BEL,infantry,1
1889.2.1,1889,SPA,artillery,70
1889.2.1,1889,SPA,hussar,13
1889.2.1,1889,SPA,infantry,67
1889.2.1,1889,KUK,artillery,104
1889.2.1,1889,KUK,dragoon,21
1889.2.1,1889,KUK,infantry,12
1889.2.1,1889,CHL,artillery,57
1889.2.1,1889,CHL,dragoon,11
1889.2.1,1889,CHL,hussar,2
1889.2.1,1889,CHL,infantry,39
1889.2.1,1889,AST,artillery,68
1889.2.1,1889,AST,hussar,4
1889.2.1,1889,AST,infantry,16
1889.2.1,1889,WAL,artillery,17
1889.2.1,1889,WAL,hussar,2
1889.2.1,1889,WAL,infantry,1
1889.2.1,1889,SAR,artillery,42
1889.2.1,1889,SAR,guard,8
1889.2.1,1889,SAR,hussar,3
1889.2.1,1889,SAR,infantry,38
1889.2.1,1889,SIC,artillery,85
1889.2.1,1889,SIC,dragoon,18
1889.2.1,1889,SIC,infantry,52
1889.2.1,1889,TUR,artillery,80
1889.2.1,1889,TUR,hussar,16
1889.2.1,1889,TUR,infantry,28
1889.2.1,1889,PER,artillery,30
1889.2.1,1889,PER,dragoon,1
1889.2.1,1889,PER,hussar,5
1889.2.1,1889,PER,infantry,16
1889.2.1,1889,JAS,dragoon,1
1889.2.1,1889,JAS,infantry,1
1889.2.1,1889,BIK,artillery,2
1889.2.1,1889,BIK,dragoon,1
1889.2.1,1889,BIK,infantry,2
1889.2.1,1889,MEW,dragoon,1
1889.2.1,1889,MEW,infantry,5
1889.2.1,1889,GWA,artillery,1
1889.2.1,1889,GWA,cuirassier,1
1889.2.1,1889,GWA,infantry,1
1889.2.1,1889,BAS,dragoon,1
1889.2.1,1889,BAS,infantry,1
1889.2.1,1889,NEP,cavalry,1
1889.2.1,1889,NEP,irregular,5
1889.2.1,1889,SIK,irregular,1
1889.2.1,1889,BHU,infantry,1
1889.2.1,1889,CHI,cavalry,6
1889.2.1,1889,CHI,infantry,18
1889.2.1,1889,CHI,irregular,22
1889.2.1,1889,GXI,cavalry,1
1889.2.1,1889,GXI,infantry,1
1889.2.1,1889,XBI,infantry,2
1889.2.1,1889,XBI,irregular,4
1889.2.1,1889,YNN,cavalry,6
1889.2.1,1889,YNN,infantry,6
1889.2.1,1889,YNN,irregular,5
1889.2.1,1889,XIN,infantry,1
1889.2.1,1889,ALD,infantry,3
1889.2.1,1889,MEX,artillery,92
1889.2.1,1889,MEX,cavalry,1
1889.2.1,1889,MEX,infantry,56
1889.2.1,1889,BRZ,artillery,49
1889.2.1,1889,BRZ,dragoon,5
1889.2.1,1889,BRZ,infantry,20
1889.3.1,1889,USA,artillery,162
1889.3.1,1889,USA,dragoon,8
1889.3.1,1889,USA,hussar,9
1889.3.1,1889,COL,infantry,1
1889.3.1,1889,ENG,artillery,377
1889.3.1,1889,ENG,cuirassier,2
1889.3.1,1889,ENG,hussar,22
1889.3.1,1889,ENG,infantry,219
1889.3.1,1889,FRA,artillery,147
1889.3.1,1889,FRA,dragoon,1
1889.3.1,1889,FRA,engineer,4
1889.3.1,1889,FRA,guard,13
1889.3.1,1889,FRA,hussar,21
1889.3.1,1889,FRA,infantry,206
1889.3.1,1889,SCA,artillery,95
1889.3.1,1889,SCA,guard,28
1889.3.1,1889,SCA,hussar,16
1889.3.1,1889,SCA,infantry,41
1889.3.1,1889,RUS,artillery,152
1889.3.1,1889,RUS,dragoon,5
1889.3.1,1889,RUS,hussar,6
1889.3.1,1889,RUS,infantry,112
1889.3.1,1889,GER,artillery,209
1889.3.1,1889,GER,hussar,24
1889.3.1,1889,GER,infantry,196
1889.3.1,1889,NET,artillery,11
1889.3.1,1889,NET,dragoon,3
1889.3.1,1889,NET,guard,4
1889.3.1,1889,NET,hussar,1
1889.3.1,1889,BEL,artillery,1
1889.3.1,1889,BEL,infantry,1
1889.3.1,1889,SPA,artillery,70
1889.3.1,1889,SPA,hussar,13
1889.3.1,1889,SPA,infantry,67
1889.3.1,1889,KUK,artillery,114
1889.3.1,1889,KUK,dragoon,21
1889.3.1,1889,KUK,infantry,34
1889.3.1,1889,CHL,artillery,57
1889.3.1,1889,CHL,dragoon,11
1889.3.1,1889,CHL,hussar,2
1889.3.1,1889,CHL,infantry,39
1889.3.1,1889,AST,artillery,68
1889.3.1,1889,AST,hussar,4
1889.3.1,1889,AST,infantry,16
1889.3.1,1889,WAL,artillery,17
1889.3.1,1889,WAL,hussar,2
1889.3.1,1889,WAL,infantry,1
1889.3.1,1889,SAR,artillery,42
1889.3.1,1889,SAR,guard,8
1889.3.1,1889,SAR,hussar,3
1889.3.1,1889,SAR,infantry,38
1889.3.1,1889,SIC,artillery,85
1889.3.1,1889,SIC,dragoon,18
1889.3.1,1889,SIC,infantry,52
1889.3.1,1889,TUR,artillery,80
1889.3.1,1889,TUR,hussar,16
1889.3.1,1889,TUR,infantry,28
1889.3.1,1889,PER,artillery,30
1889.3.1,1889,PER,dragoon,1
1889.3.1,1889,PER,hussar,5
1889.3.1,1889,PER,infantry,16
1889.3.1,1889,JAS,dragoon,1
1889.3.1,1889,JAS,infantry,1
1889.3.1,1889,BIK,artillery,2
1889.3.1,1889,BIK,dragoon,1
1889.3.1,1889,BIK,infantry,2
1889.3.1,1889,MEW,dragoon,1
1889.3.1,1889,MEW,infantry,5
1889.3.1,1889,GWA,artillery,1
1889.3.1,1889,GWA,cuirassier,1
1889.3.1,1889,GWA,infantry,1
1889.3.1,1889,BAS,dragoon,1
1889.3.1,1889,BAS,infantry,1
1889.3.1,1889,NEP,cavalry,1
1889.3.1,1889,NEP,irregular,5
1889.3.1,1889,SIK,irregular,1
1889.3.1,1889,BHU,infantry,1
1889.3.1,1889,CHI,cavalry,7
1889.3.1,1889,CHI,infantry,19
1889.3.1,1889,CHI,irregular,22
1889.3.1,1889,GXI,cavalry,1
1889.3.1,1889,GXI,infantry,1
1889.3.1,1889,XBI,infantry,2
1889.3.1,1889,XBI,irregular,4
1889.3.1,1889,YNN,cavalry,6
1889.3.1,1889,YNN,infantry,7
1889.3.1,1889,YNN,irregular,5
1889.3.1,1889,XIN,infantry,1
1889.3.1,1889,ALD,infantry,3
1889.3.1,1889,MEX,artillery,92
1889.3.1,1889,MEX,cavalry,1
1889.3.1,1889,MEX,infantry,56
1889.3.1,1889,BRZ,artillery,49
1889.3.1,1889,BRZ,dragoon,5
1889.3.1,1889,BRZ,infantry,21
1889.4.1,1889,USA,artillery,162
1889.4.1,1889,USA,dragoon,8
1889.4.1,1889,USA,hussar,9
1889.4.1,1889,COL,infantry,1
1889.4.1,1889,ENG,artillery,377
1889.4.1,1889,ENG,cuirassier,2
1889.4.1,1889,ENG,hussar,22
1889.4.1,1889,ENG,infantry,222
1889.4.1,1889,FRA,artillery,150
1889.4.1,1889,FRA,dragoon,1
1889.4.1,1889,FRA,engineer,4
1889.4.1,1889,FRA,guard,13
1889.4.1,1889,FRA,hussar,21
1889.4.1,1889,FRA,infantry,206
1889.4.1,1889,SCA,artillery,96
1889.4.1,1889,SCA,guard,28
1889.4.1,1889,SCA,hussar,16
1889.4.1,1889,SCA,infantry,41
1889.4.1,1889,RUS,artillery,152
1889.4.1,1889,RUS,dragoon,5
1889.4.1,1889,RUS,hussar,6
1889.4.1,1889,RUS,infantry,128
1889.4.1,1889,GER,artillery,212
1889.4.1,1889,GER,hussar,24
1889.4.1,1889,GER,infantry,196
1889.4.1,1889,NET,artillery,11
1889.4.1,1889,NET,dragoon,3
1889.4.1,1889,NET,guard,4
1889.4.1,1889,NET,hussar,1
1889.4.1,1889,BEL,artillery,1
1889.4.1,1889,BEL,infantry,4
1889.4.1,1889,SPA,artillery,70
1889.4.1,1889,SPA,hussar,13
1889.4.1,1889,SPA,infantry,67
1889.4.1,1889,KUK,artillery,114
1889.4.1,1889,KUK,dragoon,22
1889.4.1,1889,KUK,infantry,60
1889.4.1,1889,CHL,artillery,57
1889.4.1,1889,CHL,dragoon,11
1889.4.1,1889,CHL,hussar,2
1889.4.1,1889,CHL,infantry,39
1889.4.1,1889,AST,artillery,68
1889.4.1,1889,AST,hussar,4
1889.4.1,1889,AST,infantry,16
1889.4.1,1889,WAL,artillery,17
1889.4.1,1889,WAL,hussar,2
1889.4.1,1889,WAL,infantry,1
1889.4.1,1889,SAR,artillery,43
1889.4.1,1889,SAR,guard,8
1889.4.1,1889,SAR,hussar,3
1889.4.1,1889,SAR,infantry,38
1889.4.1,1889,SIC,artillery,85
1889.4.1,1889,SIC,dragoon,18
1889.4.1,1889,SIC,infantry,52
1889.4.1,1889,TUR,artillery,80
1889.4.1,1889,TUR,hussar,16
1889.4.1,1889,TUR,infantry,28
1889.4.1,1889,PER,artillery,30
1889.4.1,1889,PER,dragoon,1
1889.4.1,1889,PER,hussar,5
1889.4.1,1889,PER,infantry,16
1889.4.1,1889,JAS,dragoon,1
1889.4.1,1889,JAS,infantry,1
1889.4.1,1889,BIK,artillery,2
1889.4.1,1889,BIK,dragoon,1
1889.4.1,1889,BIK,infantry,2
1889.4.1,1889,MEW,dragoon,1
1889.4.1,1889,MEW,infantry,5
1889.4.1,1889,GWA,artillery,1
1889.4.1,1889,GWA,cuirassier,1
1889.4.1,1889,GWA,infantry,1
1889.4.1,1889,BAS,dragoon,1
1889.4.1,1889,BAS,infantry,1
1889.4.1,1889,NEP,cavalry,1
1889.4.1,1889,NEP,irregular,5
1889.4.1,1889,SIK,irregular,1
1889.4.1,1889,BHU,infantry,1
1889.4.1,1889,CHI,cavalry,7
1889.4.1,1889,CHI,infantry,19
1889.4.1,1889,CHI,irregular,22
1889.4.1,1889,GXI,cavalry,1
1889.4.1,1889,GXI,infantry,1
1889.4.1,1889,XBI,infantry,2
1889.4.1,1889,XBI,irregular,4
1889.4.1,1889,YNN,cavalry,6
1889.4.1,1889,YNN,infantry,7
1889.4.1,1889,YNN,irregular,5
1889.4.1,1889,XIN,cavalry,1
1889.4.1,1889,XIN,infantry,1
1889.4.1,1889,ALD,infantry,3
1889.4.1,1889,MEX,artillery,92
1889.4.1,1889,MEX,cavalry,1
1889.4.1,1889,MEX,infantry,56
1889.4.1,1889,BRZ,artillery,49
1889.4.1,1889,BRZ,dragoon,5
1889.4.1,1889,BRZ,infantry,21
1889.5.1,1889,USA,artillery,162
1889.5.1,1889,USA,dragoon,8
1889.5.1,1889,USA,hussar,9
1889.5.1,1889,COL,infantry,1
1889.5.1,1889,ENG,artillery,378
1889.5.1,1889,ENG,cuirassier,2
1889.5.1,1889,ENG,hussar,22
1889.5.1,1889,ENG,infantry,225
1889.5.1,1889,FRA,artillery,150
1889.5.1,1889,FRA,dragoon,1
1889.5.1,1889,FRA,engineer,4
1889.5.1,1889,FRA,guard,13
1889.5.1,1889,FRA,hussar,21
1889.5.1,1889,FRA,infantry,206
1889.5.1,1889,SCA,artillery,96
1889.5.1,1889,SCA,guard,28
1889.5.1,1889,SCA,hussar,16
1889.5.1,1889,SCA,infantry,41
1889.5.1,1889,RUS,artillery,152
1889.5.1,1889,RUS,dragoon,5
1889.5.1,1889,RUS,hussar,6
1889.5.1,1889,RUS,infantry,153
1889.5.1,1889,GER,artillery,214
1889.5.1,1889,GER,hussar,24
1889.5.1,1889,GER,infantry,196
1889.5.1,1889,NET,artillery,11
1889.5.1,1889,NET,dragoon,3
1889.5.1,1889,NET,guard,4
1889.5.1,1889,NET,hussar,1
1889.5.1,1889,SPA,artillery,70
1889.5.1,1889,SPA,hussar,13
1889.5.1,1889,SPA,infantry,67
1889.5.1,1889,KUK,artillery,114
1889.5.1,1889,KUK,dragoon,22
1889.5.1,1889,KUK,infantry,80
1889.5.1,1889,CHL,artillery,59
1889.5.1,1889,CHL,dragoon,11
1889.5.1,1889,CHL,hussar,2
1889.5.1,1889,CHL,infantry,39
1889.5.1,1889,AST,artillery,68
1889.5.1,1889,AST,hussar,4
1889.5.1,1889,AST,infantry,16
1889.5.1,1889,WAL,artillery,17
1889.5.1,1889,WAL,hussar,2
1889.5.1,1889,WAL,infantry,1
1889.5.1,1889,SAR,artillery,43
1889.5.1,1889,SAR,guard,8
1889.5.1,1889,SAR,hussar,3
1889.5.1,1889,SAR,infantry,38
1889.5.1,1889,SIC,artillery,85
1889.5.1,1889,SIC,dragoon,18
1889.5.1,1889,SIC,infantry,52
1889.5.1,1889,TUR,artillery,80
1889.5.1,1889,TUR,hussar,16
1889.5.1,1889,TUR,infantry,28
1889.5.1,1889,PER,artillery,30
1889.5.1,1889,PER,dragoon,1
1889.5.1,1889,PER,hussar,5
1889.5.1,1889,PER,infantry,16
1889.5.1,1889,JAS,dragoon,1
1889.5.1,1889,JAS,infantry,1
1889.5.1,1889,BIK,artillery,2
1889.5.1,1889,BIK,dragoon,1
1889.5.1,1889,BIK,infantry,2
1889.5.1,1889,MEW,dragoon,1
1889.5.1,1889,MEW,infantry,5
1889.5.1,1889,GWA,artillery,1
1889.5.1,1889,GWA,cuirassier,1
1889.5.1,1889,GWA,infantry,1
1889.5.1,1889,BAS,dragoon,1
1889.5.1,1889,BAS,infantry,1
1889.5.1,1889,NEP,cavalry,1
1889.5.1,1889,NEP,irregular,5
1889.5.1,1889,SIK,irregular,1
1889.5.1,1889,BHU,infantry,1
1889.5.1,1889,CHI,cavalry,7
1889.5.1,1889,CHI,infantry,20
1889.5.1,1889,CHI,irregular,22
1889.5.1,1889,GXI,cavalry,1
1889.5.1,1889,GXI,infantry,1
1889.5.1,1889,XBI,infantry,2
1889.5.1,1889,XBI,irregular,4
1889.5.1,1889,YNN,cavalry,7
1889.5.1,1889,YNN,infantry,9
1889.5.1,1889,YNN,irregular,5
1889.5.1,1889,XIN,cavalry,1
1889.5.1,1889,XIN,infantry,1
1889.5.1,1889,ALD,infantry,3
1889.5.1,1889,MEX,artillery,92
1889.5.1,1889,MEX,cavalry,1
1889.5.1,1889,MEX,infantry,56
1889.5.1,1889,BRZ,artillery,49
1889.5.1,1889,BRZ,dragoon,5
1889.5.1,1889,BRZ,infantry,21
1889.6.1,1889,USA,artillery,162
1889.6.1,1889,USA,dragoon,11
1889.6.1,1889,USA,hussar,9
1889.6.1,1889,COL,infantry,1
1889.6.1,1889,ENG,artillery,381
1889.6.1,1889,ENG,cuirassier,2
1889.6.1,1889,ENG,hussar,22
1889.6.1,1889,ENG,infantry,225
1889.6.1,1889,FRA,artillery,150
1889.6.1,1889,FRA,dragoon,1
1889.6.1,1889,FRA,engineer,4
1889.6.1,1889,FRA,guard,13
1889.6.1,1889,FRA,hussar,21
1889.6.1,1889,FRA,infantry,206
1889.6.1,1889,SCA,artillery,97
1889.6.1,1889,SCA,guard,28
1889.6.1,1889,SCA,hussar,16
1889.6.1,1889,SCA,infantry,41
1889.6.1,1889,RUS,artillery,154
1889.6.1,1889,RUS,dragoon,5
1889.6.1,1889,RUS,hussar,6
1889.6.1,1889,RUS,infantry,179
1889.6.1,1889,GER,artillery,215
1889.6.1,1889,GER,hussar,24
1889.6.1,1889,GER,infantry,196
1889.6.1,1889,NET,artillery,11
1889.6.1,1889,NET,dragoon,3
1889.6.1,1889,NET,guard,4
1889.6.1,1889,NET,hussar,1
1889.6.1,1889,SPA,artillery,70
1889.6.1,1889,SPA,hussar,13
1889.6.1,1889,SPA,infantry,67
1889.6.1,1889,KUK,artillery,114
1889.6.1,1889,KUK,dragoon,22
1889.6.1,1889,KUK,infantry,92
1889.6.1,1889,CHL,artillery,59
1889.6.1,1889,CHL,dragoon,11
1889.6.1,1889,CHL,hussar,2
1889.6.1,1889,CHL,infantry,39
1889.6.1,1889,AST,artillery,68
1889.6.1,1889,AST,hussar,4
1889.6.1,1889,AST,infantry,16
1889.6.1,1889,WAL,artillery,17
1889.6.1,1889,WAL,hussar,2
1889.6.1,1889,WAL,infantry,1
1889.6.1,1889,SAR,artillery,43
1889.6.1,1889,SAR,guard,8
1889.6.1,1889,SAR,hussar,3
1889.6.1,1889,SAR,infantry,38
1889.6.1,1889,SIC,artillery,85
1889.6.1,1889,SIC,dragoon,18
1889.6.1,1889,SIC,infantry,52
1889.6.1,1889,TUR,artillery,80
1889.6.1,1889,TUR,hussar,16
1889.6.1,1889,TUR,infantry,28
1889.6.1,1889,PER,artillery,30
1889.6.1,1889,PER,dragoon,1
1889.6.1,1889,PER,hussar,5
1889.6.1,1889,PER,infantry,16
1889.6.1,1889,JAS,dragoon,1
1889.6.1,1889,JAS,infantry,1
1889.6.1,1889,BIK,artillery,2
1889.6.1,1889,BIK,dragoon,1
1889.6.1,1889,BIK,infantry,2
1889.6.1,1889,MEW,dragoon,1
1889.6.1,1889,MEW,infantry,5
1889.6.1,1889,GWA,artillery,1
1889.6.1,1889,GWA,cuirassier,1
1889.6.1,1889,GWA,infantry,1
1889.6.1,1889,BAS,dragoon,1
1889.6.1,1889,BAS,infantry,1
1889.6.1,1889,NEP,cavalry,1
1889.6.1,1889,NEP,irregular,5
1889.6.1,1889,SIK,irregular,1
1889.6.1,1889,BHU,infantry,1
1889.6.1,1889,CHI,cavalry,7
1889.6.1,1889,CHI,infantry,21
1889.6.1,1889,CHI,irregular,22
1889.6.1,1889,GXI,cavalry,2
1889.6.1,1889,GXI,infantry,1
1889.6.1,1889,XBI,infantry,2
1889.6.1,1889,XBI,irregular,4
1889.6.1,1889,YNN,cavalry,7
1889.6.1,1889,YNN,infantry,9
1889.6.1,1889,YNN,irregular,5
1889.6.1,1889,TIB,cavalry,1
1889.6.1,1889,XIN,cavalry,1
1889.6.1,1889,XIN,infantry,1
1889.6.1,1889,ALD,infantry,3
1889.6.1,1889,MEX,artillery,92
1889.6.1,1889,MEX,cavalry,1
1889.6.1,1889,MEX,infantry,56
1889.6.1,1889,BRZ,artillery,49
1889.6.1,1889,BRZ,dragoon,5
1889.6.1,1889,BRZ,infantry,21
1889.7.1,1889,USA,artillery,165
1889.7.1,1889,USA,dragoon,11
1889.7.1,1889,USA,hussar,9
1889.7.1,1889,COL,infantry,1
1889.7.1,1889,ENG,artillery,384
1889.7.1,1889,ENG,cuirassier,2
1889.7.1,1889,ENG,hussar,22
1889.7.1,1889,ENG,infantry,225
1889.7.1,1889,FRA,artillery,150
1889.7.1,1889,FRA,dragoon,1
1889.7.1,1889,FRA,engineer,4
1889.7.1,1889,FRA,guard,13
1889.7.1,1889,FRA,hussar,21
1889.7.1,1889,FRA,infantry,206
1889.7.1,1889,SCA,artillery,97
1889.7.1,1889,SCA,guard,28
1889.7.1,1889,SCA,hussar,16
1889.7.1,1889,SCA,infantry,41
1889.7.1,1889,RUS,artillery,157
1889.7.1,1889,RUS,dragoon,1
1889.7.1,1889,RUS,hussar,6
1889.7.1,1889,RUS,infantry,207
1889.7.1,1889,GER,artillery,217
1889.7.1,1889,GER,hussar,24
1889.7.1,1889,GER,infantry,196
1889.7.1,1889,NET,artillery,11
1889.7.1,1889,NET,dragoon,3
1889.7.1,1889,NET,guard,4
1889.7.1,1889,NET,hussar,1
1889.7.1,1889,SPA,artillery,70
1889.7.1,1889,SPA,hussar,13
1889.7.1,1889,SPA,infantry,67
1889.7.1,1889,KUK,artillery,114
1889.7.1,1889,KUK,dragoon,22
1889.7.1,1889,KUK,infantry,103
1889.7.1,1889,CHL,artillery,59
1889.7.1,1889,CHL,dragoon,11
1889.7.1,1889,CHL,hussar,2
1889.7.1,1889,CHL,infantry,39
1889.7.1,1889,AST,artillery,68
1889.7.1,1889,AST,hussar,4
1889.7.1,1889,AST,infantry,16
1889.7.1,1889,WAL,artillery,17
1889.7.1,1889,WAL,hussar,2
1889.7.1,1889,WAL,infantry,1
1889.7.1,1889,SAR,artillery,43
1889.7.1,1889,SAR,guard,8
1889.7.1,1889,SAR,hussar,3
1889.7.1,1889,SAR,infantry,38
1889.7.1,1889,SIC,artillery,85
1889.7.1,1889,SIC,dragoon,18
1889.7.1,1889,SIC,infantry,52
1889.7.1,1889,TUR,artillery,80
1889.7.1,1889,TUR,hussar,16
1889.7.1,1889,TUR,infantry,28
1889.7.1,1889,PER,artillery,30
1889.7.1,1889,PER,dragoon,1
1889.7.1,1889,PER,hussar,5
1889.7.1,1889,PER,infantry,16
1889.7.1,1889,JAS,dragoon,1
1889.7.1,1889,JAS,infantry,1
1889.7.1,1889,BIK,artillery,2
1889.7.1,1889,BIK,dragoon,1
1889.7.1,1889,BIK,infantry,2
1889.7.1,1889,MEW,dragoon,1
1889.7.1,1889,MEW,infantry,5
1889.7.1,1889,GWA,artillery,1
1889.7.1,1889,GWA,cuirassier,1
1889.7.1,1889,GWA,infantry,1
1889.7.1,1889,BAS,dragoon,1
1889.7.1,1889,BAS,infantry,1
1889.7.1,1889,NEP,cavalry,1
1889.7.1,1889,NEP,irregular,5
1889.7.1,1889,SIK,irregular,1
1889.7.1,1889,BHU,infantry,1
1889.7.1,1889,CHI,cavalry,9
1889.7.1,1889,CHI,infantry,21
1889.7.1,1889,CHI,irregular,22
1889.7.1,1889,GXI,cavalry,3
1889.7.1,1889,GXI,infantry,2
1889.7.1,1889,XBI,infantry,2
1889.7.1,1889,XBI,irregular,4
1889.7.1,1889,YNN,cavalry,7
1889.7.1,1889,YNN,infantry,9
1889.7.1,1889,YNN,irregular,5
1889.7.1,1889,TIB,cavalry,1
1889.7.1,1889,TIB,irregular,1
1889.7.1,1889,XIN,cavalry,1
1889.7.1,1889,XIN,infantry,1
1889.7.1,1889,ALD,infantry,3
1889.7.1,1889,MEX,artillery,91
1889.7.1,1889,MEX,cavalry,1
1889.7.1,1889,MEX,infantry,56
1889.7.1,1889,BRZ,artillery,49
1889.7.1,1889,BRZ,dragoon,5
1889.7.1,1889,BRZ,infantry,21
1889.8.1,1889,USA,artillery,165
1889.8.1,1889,USA,dragoon,11
1889.8.1,1889,USA,hussar,9
1889.8.1,1889,COL,infantry,1
1889.8.1,1889,ENG,artillery,385
1889.8.1,1889,ENG,cuirassier,2
1889.8.1,1889,ENG,hussar,22
1889.8.1,1889,ENG,infantry,225
1889.8.1,1889,FRA,artillery,150
1889.8.1,1889,FRA,dragoon,1
1889.8.1,1889,FRA,engineer,4
1889.8.1,1889,FRA,guard,13
1889.8.1,1889,FRA,hussar,21
1889.8.1,1889,FRA,infantry,206
1889.8.1,1889,SCA,artillery,99
1889.8.1,1889,SCA,guard,28
1889.8.1,1889,SCA,hussar,16
1889.8.1,1889,SCA,infantry,41
1889.8.1,1889,RUS,artillery,161
1889.8.1,1889,RUS,dragoon,1
1889.8.1,1889,RUS,hussar,6
1889.8.1,1889,RUS,infantry,227
1889.8.1,1889,GER,artillery,220
1889.8.1,1889,GER,hussar,24
1889.8.1,1889,GER,infantry,196
1889.8.1,1889,NET,artillery,11
1889.8.1,1889,NET,dragoon,3
1889.8.1,1889,NET,guard,4
1889.8.1,1889,NET,hussar,1
1889.8.1,1889,SPA,artillery,70
1889.8.1,1889,SPA,hussar,13
1889.8.1,1889,SPA,infantry,67
1889.8.1,1889,KUK,artillery,114
1889.8.1,1889,KUK,dragoon,22
1889.8.1,1889,KUK,infantry,105
1889.8.1,1889,CHL,artillery,59
1889.8.1,1889,CHL,dragoon,11
1889.8.1,1889,CHL,hussar,2
1889.8.1,1889,CHL,infantry,39
1889.8.1,1889,AST,artillery,68
1889.8.1,1889,AST,hussar,4
1889.8.1,1889,AST,infantry,16
1889.8.1,1889,WAL,artillery,17
1889.8.1,1889,WAL,hussar,2
1889.8.1,1889,WAL,infantry,1
1889.8.1,1889,SAR,artillery,43
1889.8.1,1889,SAR,guard,8
1889.8.1,1889,SAR,hussar,3
1889.8.1,1889,SAR,infantry,38
1889.8.1,1889,SIC,artillery,85
1889.8.1,1889,SIC,dragoon,18
1889.8.1,1889,SIC,infantry,52
1889.8.1,1889,TUR,artillery,80
1889.8.1,1889,TUR,hussar,16
1889.8.1,1889,TUR,infantry,28
1889.8.1,1889,PER,artillery,30
1889.8.1,1889,PER,dragoon,1
1889.8.1,1889,PER,hussar,5
1889.8.1,1889,PER,infantry,16
1889.8.1,1889,JAS,dragoon,1
1889.8.1,1889,JAS,infantry,1
1889.8.1,1889,BIK,artillery,2
1889.8.1,1889,BIK,dragoon,1
1889.8.1,1889,BIK,infantry,2
1889.8.1,1889,MEW,dragoon,1
1889.8.1,1889,MEW,infantry,5
1889.8.1,1889,GWA,artillery,1
1889.8.1,1889,GWA,cuirassier,1
1889.8.1,1889,GWA,infantry,1
1889.8.1,1889,BAS,dragoon,1
1889.8.1,1889,BAS,infantry,1
1889.8.1,1889,NEP,cavalry,1
1889.8.1,1889,NEP,irregular,5
1889.8.1,1889,SIK,irregular,1
1889.8.1,1889,BHU,infantry,1
1889.8.1,1889,CHI,cavalry,9
1889.8.1,1889,CHI,infantry,22
1889.8.1,1889,CHI,irregular,22
1889.8.1,1889,GXI,cavalry,3
1889.8.1,1889,GXI,infantry,2
1889.8.1,1889,XBI,infantry,2
1889.8.1,1889,XBI,irregular,4
1889.8.1,1889,YNN,cavalry,7
1889.8.1,1889,YNN,infantry,11
1889.8.1,1889,YNN,irregular,5
1889.8.1,1889,TIB,cavalry,1
1889.8.1,1889,TIB,irregular,1
1889.8.1,1889,XIN,cavalry,1
1889.8.1,1889,XIN,infantry,1
1889.8.1,1889,ALD,infantry,3
1889.8.1,1889,MEX,artillery,91
1889.8.1,1889,MEX,cavalry,1
1889.8.1,1889,MEX,infantry,56
1889.8.1,1889,BRZ,artillery,49
1889.8.1,1889,BRZ,dragoon,5
1889.8.1,1889,BRZ,infantry,21
1889.9.1,1889,USA,artillery,166
1889.9.1,1889,USA,dragoon,11
1889.9.1,1889,USA,hussar,9
1889.9.1,1889,COL,infantry,1
1889.9.1,1889,ENG,artillery,385
1889.9.1,1889,ENG,cuirassier,2
1889.9.1,1889,ENG,hussar,22
1889.9.1,1889,ENG,infantry,225
1889.9.1,1889,FRA,artillery,150
1889.9.1,1889,FRA,dragoon,1
1889.9.1,1889,FRA,engineer,4
1889.9.1,1889,FRA,guard,13
1889.9.1,1889,FRA,hussar,21
1889.9.1,1889,FRA,infantry,206
1889.9.1,1889,SCA,artillery,100
1889.9.1,1889,SCA,guard,28
1889.9.1,1889,SCA,hussar,16
1889.9.1,1889,SCA,infantry,41
1889.9.1,1889,RUS,artillery,165
1889.9.1,1889,RUS,dragoon,1
1889.9.1,1889,RUS,hussar,6
1889.9.1,1889,RUS,infantry,240
1889.9.1,1889,GER,artillery,222
1889.9.1,1889,GER,hussar,24
1889.9.1,1889,GER,infantry,196
1889.9.1,1889,NET,artillery,11
1889.9.1,1889,NET,dragoon,3
1889.9.1,1889,NET,guard,4
1889.9.1,1889,NET,hussar,1
1889.9.1,1889,SPA,artillery,70
1889.9.1,1889,SPA,hussar,13
1889.9.1,1889,SPA,infantry,67
1889.9.1,1889,KUK,artillery,114
1889.9.1,1889,KUK,dragoon,22
1889.9.1,1889,KUK,infantry,105
1889.9.1,1889,CHL,artillery,59
1889.9.1,1889,CHL,dragoon,11
1889.9.1,1889,CHL,hussar,2
1889.9.1,1889,CHL,infantry,39
1889.9.1,1889,AST,artillery,68
1889.9.1,1889,AST,hussar,4
1889.9.1,1889,AST,infantry,16
1889.9.1,1889,WAL,artillery,17
1889.9.1,1889,WAL,hussar,2
1889.9.1,1889,WAL,infantry,1
1889.9.1,1889,SAR,artillery,43
1889.9.1,1889,SAR,guard,8
1889.9.1,1889,SAR,hussar,3
1889.9.1,1889,SAR,infantry,38
1889.9.1,1889,SIC,artillery,85
1889.9.1,1889,SIC,dragoon,18
1889.9.1,1889,SIC,infantry,52
1889.9.1,1889,TUR,artillery,80
1889.9.1,1889,TUR,hussar,16
1889.9.1,1889,TUR,infantry,28
1889.9.1,1889,PER,artillery,30
1889.9.1,1889,PER,dragoon,1
1889.9.1,1889,PER,hussar,5
1889.9.1,1889,PER,infantry,16
1889.9.1,1889,JAS,dragoon,1
1889.9.1,1889,JAS,infantry,1
1889.9.1,1889,BIK,artillery,2
1889.9.1,1889,BIK,dragoon,1
1889.9.1,1889,BIK,infantry,2
1889.9.1,1889,MEW,dragoon,1
1889.9.1,1889,MEW,infantry,5
1889.9.1,1889,GWA,artillery,1
1889.9.1,1889,GWA,cuirassier,1
1889.9.1,1889,GWA,infantry,1
1889.9.1,1889,BAS,dragoon,1
1889.9.1,1889,BAS,infantry,1
1889.9.1,1889,NEP,cavalry,1
1889.9.1,1889,NEP,irregular,5
1889.9.1,1889,SIK,irregular,1
1889.9.1,1889,BHU,infantry,1
1889.9.1,1889,CHI,cavalry,9
1889.9.1,1889,CHI,infantry,23
1889.9.1,1889,CHI,irregular,22
1889.9.1,1889,GXI,cavalry,3
1889.9.1,1889,GXI,infantry,2
1889.9.1,1889,XBI,infantry,2
1889.9.1,1889,XBI,irregular,4
1889.9.1,1889,YNN,cavalry,7
1889.9.1,1889,YNN,infantry,11
1889.9.1,1889,YNN,irregular,5
1889.9.1,1889,TIB,cavalry,1
1889.9.1,1889,TIB,irregular,2
1889.9.1,1889,XIN,cavalry,1
1889.9.1,1889,XIN,infantry,1
1889.9.1,1889,ALD,infantry,3
1889.9.1,1889,MEX,artillery,91
1889.9.1,1889,MEX,cavalry,1
1889.9.1,1889,MEX,infantry,56
1889.9.1,1889,BRZ,artillery,49
1889.9.1,1889,BRZ,dragoon,5
1889.9.1,1889,BRZ,infantry,21
1889.10.1,1889,USA,artillery,166
1889.10.1,1889,USA,dragoon,11
1889.10.1,1889,USA,hussar,9
1889.10.1,1889,COL,infantry,1
1889.10.1,1889,ENG,artillery,385
1889.10.1,1889,ENG,cuirassier,2
1889.10.1,1889,ENG,hussar,22
1889.10.1,1889,ENG,infantry,225
1889.10.1,1889,FRA,artillery,150
1889.10.1,1889,FRA,dragoon,1
1889.10.1,1889,FRA,engineer,4
1889.10.1,1889,FRA,guard,13
1889.10.1,1889,FRA,hussar,21
1889.10.1,1889,FRA,infantry,206
1889.10.1,1889,SCA,artillery,100
1889.10.1,1889,SCA,guard,28
1889.10.1,1889,SCA,hussar,16
1889.10.1,1889,SCA,infantry,41
1889.10.1,1889,RUS,artillery,168
1889.10.1,1889,RUS,dragoon,1
1889.10.1,1889,RUS,hussar,6
1889.10.1,1889,RUS,infantry,261
1889.10.1,1889,GER,artillery,222
1889.10.1,1889,GER,hussar,24
1889.10.1,1889,GER,infantry,196
1889.10.1,1889,NET,artillery,11
1889.10.1,1889,NET,dragoon,3
1889.10.1,1889,NET,guard,4
1889.10.1,1889,NET,hussar,1
1889.10.1,1889,SPA,artillery,70
1889.10.1,1889,SPA,hussar,13
1889.10.1,1889,SPA,infantry,67
1889.10.1,1889,KUK,artillery,114
1889.10.1,1889,KUK,dragoon,22
1889.10.1,1889,KUK,infantry,105
1889.10.1,1889,CHL,artillery,59
1889.10.1,1889,CHL,dragoon,11
1889.10.1,1889,CHL,hussar,2
1889.10.1,1889,CHL,infantry,39
1889.10.1,1889,AST,artillery,68
1889.10.1,1889,AST,hussar,4
1889.10.1,1889,AST,infantry,16
1889.10.1,1889,WAL,artillery,17
1889.10.1,1889,WAL,hussar,2
1889.10.1,1889,WAL,infantry,1
1889.10.1,1889,SAR,artillery,43
1889.10.1,1889,SAR,guard,8
1889.10.1,1889,SAR,hussar,3
1889.10.1,1889,SAR,infantry,38
1889.10.1,1889,SIC,artillery,85
1889.10.1,1889,SIC,dragoon,18
1889.10.1,1889,SIC,infantry,52
1889.10.1,1889,TUR,artillery,80
1889.10.1,1889,TUR,hussar,16
1889.10.1,1889,TUR,infantry,28
1889.10.1,1889,PER,artillery,30
1889.10.1,1889,PER,dragoon,1
1889.10.1,1889,PER,hussar,5
1889.10.1,1889,PER,infantry,16
1889.10.1,1889,JAS,dragoon,1
1889.10.1,1889,JAS,infantry,1
1889.10.1,1889,BIK,artillery,2
1889.10.1,1889,BIK,dragoon,1
1889.10.1,1889,BIK,infantry,2
1889.10.1,1889,MEW,dragoon,1
1889.10.1,1889,MEW,infantry,5
1889.10.1,1889,GWA,artillery,1
1889.10.1,1889,GWA,cuirassier,1
1889.10.1,1889,GWA,infantry,1
1889.10.1,1889,BAS,dragoon,1
1889.10.1,1889,BAS,infantry,1
1889.10.1,1889,NEP,cavalry,1
1889.10.1,1889,NEP,irregular,5
1889.10.1,1889,SIK,irregular,1
1889.10.1,1889,BHU,infantry,1
1889.10.1,1889,CHI,cavalry,9
1889.10.1,1889,CHI,infantry,23
1889.10.1,1889,CHI,irregular,22
1889.10.1,1889,GXI,cavalry,5
1889.10.1,1889,GXI,infantry,3
1889.10.1,1889,XBI,infantry,2
1889.10.1,1889,XBI,irregular,4
1889.10.1,1889,YNN,cavalry,7
1889.10.1,1889,YNN,infantry,11
1889.10.1,1889,YNN,irregular,6
1889.10.1,1889,TIB,cavalry,1
1889.10.1,1889,TIB,infantry,1
1889.10.1,1889,TIB,irregular,2
1889.10.1,1889,XIN,cavalry,1
1889.10.1,1889,XIN,infantry,1
1889.10.1,1889,ALD,infantry,3
1889.10.1,1889,MEX,artillery,91
1889.10.1,1889,MEX,cavalry,1
1889.10.1,1889,MEX,infantry,56
1889.10.1,1889,BRZ,artillery,49
1889.10.1,1889,BRZ,dragoon,5
1889.10.1,1889,BRZ,infantry,21
1889.11.1,1889,USA,artillery,166
1889.11.1,1889,USA,dragoon,12
1889.11.1,1889,USA,hussar,9
1889.11.1,1889,COL,infantry,1
1889.11.1,1889,ENG,artillery,385
1889.11.1,1889,ENG,cuirassier,2
1889.11.1,1889,ENG,hussar,22
1889.11.1,1889,ENG,infantry,225
1889.11.1,1889,FRA,artillery,150
1889.11.1,1889,FRA,dragoon,1
1889.11.1,1889,FRA,engineer,4
1889.11.1,1889,FRA,guard,13
1889.11.1,1889,FRA,hussar,21
1889.11.1,1889,FRA,infantry,206
1889.11.1,1889,SCA,artillery,100
1889.11.1,1889,SCA,guard,28
1889.11.1,1889,SCA,hussar,16
1889.11.1,1889,SCA,infantry,41
1889.11.1,1889,RUS,artillery,171
1889.11.1,1889,RUS,dragoon,1
1889.11.1,1889,RUS,hussar,6
1889.11.1,1889,RUS,infantry,274
1889.11.1,1889,GER,artillery,226
1889.11.1,1889,GER,hussar,24
1889.11.1,1889,GER,infantry,196
1889.11.1,1889,NET,artillery,11
1889.11.1,1889,NET,dragoon,3
1889.11.1,1889,NET,guard,4
1889.11.1,1889,NET,hussar,1
1889.11.1,1889,SPA,artillery,70
1889.11.1,1889,SPA,hussar,13
1889.11.1,1889,SPA,infantry,67
1889.11.1,1889,KUK,artillery,114
1889.11.1,1889,KUK,dragoon,22
1889.11.1,1889,KUK,infantry,105
1889.11.1,1889,CHL,artillery,59
1889.11.1,1889,CHL,dragoon,11
1889.11.1,1889,CHL,hussar,2
1889.11.1,1889,CHL,infantry,39
1889.11.1,1889,AST,artillery,68
1889.11.1,1889,AST,hussar,4
1889.11.1,1889,AST,infantry,16
1889.11.1,1889,WAL,artillery,17
1889.11.1,1889,WAL,hussar,2
1889.11.1,1889,WAL,infantry,1
1889.11.1,1889,SAR,artillery,43
1889.11.1,1889,SAR,guard,8
1889.11.1,1889,SAR,hussar,3
1889.11.1,1889,SAR,infantry,38
1889.11.1,1889,SIC,artillery,85
1889.11.1,1889,SIC,dragoon,18
1889.11.1,1889,SIC,infantry,52
1889.11.1,1889,TUR,artillery,80
1889.11.1,1889,TUR,hussar,16
1889.11.1,1889,TUR,infantry,28
1889.11.1,1889,PER,artillery,30
1889.11.1,1889,PER,dragoon,1
1889.11.1,1889,PER,hussar,5
1889.11.1,1889,PER,infantry,16
1889.11.1,1889,JAS,dragoon,1
1889.11.1,1889,JAS,infantry,1
1889.11.1,1889,BIK,artillery,2
1889.11.1,1889,BIK,dragoon,1
1889.11.1,1889,BIK,infantry,2
1889.11.1,1889,MEW,dragoon,1
1889.11.1,1889,MEW,infantry,5
1889.11.1,1889,GWA,artillery,1
1889.11.1,1889,GWA,cuirassier,1
1889.11.1,1889,GWA,infantry,1
1889.11.1,1889,BAS,dragoon,1
1889.11.1,1889,BAS,infantry,1
1889.11.1,1889,NEP,cavalry,1
1889.11.1,1889,NEP,irregular,5
1889.11.1,1889,SIK,irregular,1
1889.11.1,1889,BHU,infantry,1
1889.11.1,1889,CHI,cavalry,12
1889.11.1,1889,CHI,infantry,24
1889.11.1,1889,CHI,irregular,22
1889.11.1,1889,GXI,cavalry,6
1889.11.1,1889,GXI,infantry,3
1889.11.1,1889,XBI,infantry,2
1889.11.1,1889,XBI,irregular,4
1889.11.1,1889,YNN,cavalry,7
1889.11.1,1889,YNN,infantry,13
1889.11.1,1889,YNN,irregular,6
1889.11.1,1889,TIB,cavalry,1
1889.11.1,1889,TIB,infantry,2
1889.11.1,1889,TIB,irregular,2
1889.11.1,1889,XIN,cavalry,1
1889.11.1,1889,XIN,infantry,1
1889.11.1,1889,ALD,infantry,3
1889.11.1,1889,MEX,artillery,92
1889.11.1,1889,MEX,cavalry,1
1889.11.1,1889,MEX,infantry,56
1889.11.1,1889,BRZ,artillery,49
1889.11.1,1889,BRZ,dragoon,5
1889.11.1,1889,BRZ,infantry,21
1889.12.1,1889,USA,artillery,171
1889.12.1,1889,USA,dragoon,12
1889.12.1,1889,USA,hussar,9
1889.12.1,1889,COL,infantry,1
1889.12.1,1889,ENG,artillery,385
1889.12.1,1889,ENG,cuirassier,2
1889.12.1,1889,ENG,hussar,22
1889.12.1,1889,ENG,infantry,225
1889.12.1,1889,FRA,artillery,150
1889.12.1,1889,FRA,dragoon,1
1889.12.1,1889,FRA,engineer,4
1889.12.1,1889,FRA,guard,13
1889.12.1,1889,FRA,hussar,21
1889.12.1,1889,FRA,infantry,206
1889.12.1,1889,SCA,artillery,100
1889.12.1,1889,SCA,guard,28
1889.12.1,1889,SCA,hussar,16
1889.12.1,1889,SCA,infantry,41
1889.12.1,1889,RUS,artillery,175
1889.12.1,1889,RUS,dragoon,1
1889.12.1,1889,RUS,hussar,6
1889.12.1,1889,RUS,infantry,283
1889.12.1,1889,GER,artillery,228
1889.12.1,1889,GER,hussar,24
1889.12.1,1889,GER,infantry,196
1889.12.1,1889,NET,artillery,11
1889.12.1,1889,NET,dragoon,3
1889.12.1,1889,NET,guard,4
1889.12.1,1889,NET,hussar,1
1889.12.1,1889,SPA,artillery,70
1889.12.1,1889,SPA,hussar,13
1889.12.1,1889,SPA,infantry,67
1889.12.1,1889,KUK,artillery,114
1889.12.1,1889,KUK,dragoon,22
1889.12.1,1889,KUK,infantry,105
1889.12.1,1889,CHL,artillery,59
1889.12.1,1889,CHL,dragoon,11
1889.12.1,1889,CHL,hussar,2
1889.12.1,1889,CHL,infantry,39
1889.12.1,1889,AST,artillery,68
1889.12.1,1889,AST,hussar,4
1889.12.1,1889,AST,infantry,16
1889.12.1,1889,WAL,artillery,17
1889.12.1,1889,WAL,hussar,2
1889.12.1,1889,WAL,infantry,1
1889.12.1,1889,SAR,artillery,43
1889.12.1,1889,SAR,guard,8
1889.12.1,1889,SAR,hussar,3
1889.12.1,1889,SAR,infantry,38
1889.12.1,1889,SIC,artillery,85
1889.12.1,1889,SIC,dragoon,18
1889.12.1,1889,SIC,infantry,52
1889.12.1,1889,TUR,artillery,80
1889.12.1,1889,TUR,hussar,16
1889.12.1,1889,TUR,infantry,28
1889.12.1,1889,PER,artillery,30
1889.12.1,1889,PER,dragoon,1
1889.12.1,1889,PER,hussar,5
1889.12.1,1889,PER,infantry,16
1889.12.1,1889,JAS,dragoon,1
1889.12.1,1889,JAS,infantry,1
1889.12.1,1889,BIK,artillery,2
1889.12.1,1889,BIK,dragoon,1
1889.12.1,1889,BIK,infantry,2
1889.12.1,1889,MEW,dragoon,1
1889.12.1,1889,MEW,infantry,5
1889.12.1,1889,GWA,artillery,1
1889.12.1,1889,GWA,cuirassier,1
1889.12.1,1889,GWA,infantry,1
1889.12.1,1889,BAS,dragoon,1
1889.12.1,1889,BAS,infantry,1
1889.12.1,1889,NEP,cavalry,1
1889.12.1,1889,NEP,irregular,5
1889.12.1,1889,SIK,irregular,1
1889.12.1,1889,BHU,infantry,1
1889.12.1,1889,CHI,cavalry,12
1889.12.1,1889,CHI,infantry,24
1889.12.1,1889,CHI,irregular,22
1889.12.1,1889,GXI,cavalry,6
1889.12.1,1889,GXI,infantry,4
1889.12.1,1889,XBI,infantry,2
1889.12.1,1889,XBI,irregular,4
1889.12.1,1889,YNN,cavalry,7
1889.12.1,1889,YNN,infantry,13
1889.12.1,1889,YNN,irregular,6
1889.12.1,1889,TIB,cavalry,1
1889.12.1,1889,TIB,infantry,2
1889.12.1,1889,TIB,irregular,3
1889.12.1,1889,XIN,cavalry,1
1889.12.1,1889,XIN,infantry,2
1889.12.1,1889,ALD,infantry,3
1889.12.1,1889,MEX,artillery,105
1889.12.1,1889,MEX,cavalry,1
1889.12.1,1889,MEX,infantry,56
1889.12.1,1889,BRZ,artillery,49
1889.12.1,1889,BRZ,dragoon,5
1889.12.1,1889,BRZ,infantry,21
1890.1.1,1890,USA,artillery,171
1890.1.1,1890,USA,dragoon,12
1890.1.1,1890,USA,hussar,9
1890.1.1,1890,COL,infantry,1
1890.1.1,1890,ENG,artillery,385
1890.1.1,1890,ENG,cuirassier,2
1890.1.1,1890,ENG,hussar,22
1890.1.1,1890,ENG,infantry,225
1890.1.1,1890,FRA,artillery,150
1890.1.1,1890,FRA,dragoon,1
1890.1.1,1890,FRA,engineer,4
1890.1.1,1890,FRA,guard,13
1890.1.1,1890,FRA,hussar,21
1890.1.1,1890,FRA,infantry,206
1890.1.1,1890,SCA,artillery,100
1890.1.1,1890,SCA,guard,28
1890.1.1,1890,SCA,hussar,16
1890.1.1,1890,SCA,infantry,41
1890.1.1,1890,RUS,artillery,177
1890.1.1,1890,RUS,dragoon,1
1890.1.1,1890,RUS,hussar,6
1890.1.1,1890,RUS,infantry,288
1890.1.1,1890,GER,artillery,233
1890.1.1,1890,GER,hussar,24
1890.1.1,1890,GER,infantry,196
1890.1.1,1890,NET,artillery,11
1890.1.1,1890,NET,dragoon,3
1890.1.1,1890,NET,guard,4
1890.1.1,1890,NET,hussar,1
1890.1.1,1890,SPA,artillery,70
1890.1.1,1890,SPA,hussar,13
1890.1.1,1890,SPA,infantry,67
1890.1.1,1890,KUK,artillery,114
1890.1.1,1890,KUK,dragoon,22
1890.1.1,1890,KUK,infantry,105
1890.1.1,1890,CHL,artillery,59
1890.1.1,1890,CHL,dragoon,11
1890.1.1,1890,CHL,hussar,2
1890.1.1,1890,CHL,infantry,39
1890.1.1,1890,AST,artillery,65
1890.1.1,1890,AST,hussar,4
1890.1.1,1890,AST,infantry,15
1890.1.1,1890,WAL,artillery,17
1890.1.1,1890,WAL,hussar,2
1890.1.1,1890,WAL,infantry,1
1890.1.1,1890,SAR,artillery,43
1890.1.1,1890,SAR,guard,8
1890.1.1,1890,SAR,hussar,3
1890.1.1,1890,SAR,infantry,38
1890.1.1,1890,SIC,artillery,85
1890.1.1,1890,SIC,dragoon,18
1890.1.1,1890,SIC,infantry,52
1890.1.1,1890,TUR,artillery,80
1890.1.1,1890,TUR,hussar,16
1890.1.1,1890,TUR,infantry,28
1890.1.1,1890,PER,artillery,30
1890.1.1,1890,PER,dragoon,1
1890.1.1,1890,PER,hussar,5
1890.1.1,1890,PER,infantry,16
1890.1.1,1890,JAS,dragoon,1
1890.1.1,1890,JAS,infantry,1
1890.1.1,1890,BIK,artillery,2
1890.1.1,1890,BIK,dragoon,1
1890.1.1,1890,BIK,infantry,2
1890.1.1,1890,MEW,dragoon,1
1890.1.1,1890,MEW,infantry,5
1890.1.1,1890,GWA,artillery,1
1890.1.1,1890,GWA,cuirassier,1
1890.1.1,1890,GWA,infantry,1
1890.1.1,1890,BAS,dragoon,1
1890.1.1,1890,BAS,infantry,1
1890.1.1,1890,NEP,cavalry,1
1890.1.1,1890,NEP,irregular,5
1890.1.1,1890,SIK,irregular,1
1890.1.1,1890,BHU,infantry,1
1890.1.1,1890,CHI,cavalry,12
1890.1.1,1890,CHI,infantry,24
1890.1.1,1890,CHI,irregular,22
1890.1.1,1890,GXI,cavalry,7
1890.1.1,1890,GXI,infantry,5
1890.1.1,1890,XBI,infantry,2
1890.1.1,1890,XBI,irregular,4
1890.1.1,1890,YNN,cavalry,7
1890.1.1,1890,YNN,infantry,14
1890.1.1,1890,YNN,irregular,7
1890.1.1,1890,TIB,cavalry,1
1890.1.1,1890,TIB,infantry,3
1890.1.1,1890,TIB,irregular,3
1890.1.1,1890,XIN,cavalry,1
1890.1.1,1890,XIN,infantry,2
1890.1.1,1890,ALD,infantry,3
1890.1.1,1890,MEX,artillery,105
1890.1.1,1890,MEX,cavalry,1
1890.1.1,1890,MEX,infantry,56
1890.1.1,1890,BRZ,artillery,49
1890.1.1,1890,BRZ,dragoon,5
1890.1.1,1890,BRZ,infantry,21
1890.2.1,1890,USA,artillery,171
1890.2.1,1890,USA,dragoon,12
1890.2.1,1890,USA,hussar,9
1890.2.1,1890,COL,infantry,1
1890.2.1,1890,ENG,artillery,385
1890.2.1,1890,ENG,cuirassier,2
1890.2.1,1890,ENG,hussar,22
1890.2.1,1890,ENG,infantry,225
1890.2.1,1890,FRA,artillery,153
1890.2.1,1890,FRA,dragoon,1
1890.2.1,1890,FRA,engineer,4
1890.2.1,1890,FRA,guard,13
1890.2.1,1890,FRA,hussar,21
1890.2.1,1890,FRA,infantry,206
1890.2.1,1890,SCA,artillery,100
1890.2.1,1890,SCA,guard,28
1890.2.1,1890,SCA,hussar,16
1890.2.1,1890,SCA,infantry,41
1890.2.1,1890,RUS,artillery,180
1890.2.1,1890,RUS,dragoon,1
1890.2.1,1890,RUS,hussar,6
1890.2.1,1890,RUS,infantry,288
1890.2.1,1890,GER,artillery,236
1890.2.1,1890,GER,hussar,24
1890.2.1,1890,GER,infantry,196
1890.2.1,1890,NET,artillery,15
1890.2.1,1890,NET,dragoon,3
1890.2.1,1890,NET,guard,4
1890.2.1,1890,NET,hussar,1
1890.2.1,1890,SPA,artillery,70
1890.2.1,1890,SPA,hussar,13
1890.2.1,1890,SPA,infantry,67
1890.2.1,1890,KUK,artillery,114
1890.2.1,1890,KUK,dragoon,22
1890.2.1,1890,KUK,infantry,105
1890.2.1,1890,CHL,artillery,59
1890.2.1,1890,CHL,dragoon,11
1890.2.1,1890,CHL,hussar,2
1890.2.1,1890,CHL,infantry,39
1890.2.1,1890,AST,artillery,65
1890.2.1,1890,AST,hussar,4
1890.2.1,1890,AST,infantry,15
1890.2.1,1890,WAL,artillery,17
1890.2.1,1890,WAL,hussar,2
1890.2.1,1890,WAL,infantry,1
1890.2.1,1890,SAR,artillery,43
1890.2.1,1890,SAR,guard,8
1890.2.1,1890,SAR,hussar,3
1890.2.1,1890,SAR,infantry,38
1890.2.1,1890,SIC,artillery,85
1890.2.1,1890,SIC,dragoon,18
1890.2.1,1890,SIC,infantry,52
1890.2.1,1890,TUR,artillery,80
1890.2.1,1890,TUR,hussar,16
1890.2.1,1890,TUR,infantry,28
1890.2.1,1890,PER,artillery,30
1890.2.1,1890,PER,dragoon,1
1890.2.1,1890,PER,hussar,5
1890.2.1,1890,PER,infantry,16
1890.2.1,1890,JAS,dragoon,1
1890.2.1,1890,JAS,infantry,1
1890.2.1,1890,BIK,artillery,2
1890.2.1,1890,BIK,dragoon,1
1890.2.1,1890,BIK,infantry,2
1890.2.1,1890,MEW,dragoon,1
1890.2.1,1890,MEW,infantry,5
1890.2.1,1890,GWA,artillery,1
1890.2.1,1890,GWA,cuirassier,1
1890.2.1,1890,GWA,infantry,1
1890.2.1,1890,BAS,dragoon,1
1890.2.1,1890,BAS,infantry,1
1890.2.1,1890,NEP,cavalry,1
1890.2.1,1890,NEP,irregular,5
1890.2.1,1890,SIK,irregular,1
1890.2.1,1890,BHU,infantry,1
1890.2.1,1890,CHI,cavalry,13
1890.2.1,1890,CHI,infantry,24
1890.2.1,1890,CHI,irregular,22
1890.2.1,1890,GXI,cavalry,9
1890.2.1,1890,GXI,infantry,5
1890.2.1,1890,XBI,infantry,2
1890.2.1,1890,XBI,irregular,4
1890.2.1,1890,YNN,cavalry,7
1890.2.1,1890,YNN,infantry,15
1890.2.1,1890,YNN,irregular,7
1890.2.1,1890,TIB,cavalry,1
1890.2.1,1890,TIB,infantry,3
1890.2.1,1890,TIB,irregular,3
1890.2.1,1890,XIN,cavalry,1
1890.2.1,1890,XIN,infantry,2
1890.2.1,1890,ALD,infantry,3
1890.2.1,1890,MEX,artillery,105
1890.2.1,1890,MEX,cavalry,1
1890.2.1,1890,MEX,infantry,56
1890.2.1,1890,BRZ,artillery,49
1890.2.1,1890,BRZ,dragoon,5
1890.2.1,1890,BRZ,infantry,21
1890.3.1,1890,USA,artillery,171
1890.3.1,1890,USA,dragoon,12
1890.3.1,1890,USA,hussar,9
1890.3.1,1890,COL,infantry,1
1890.3.1,1890,ENG,artillery,385
1890.3.1,1890,ENG,cuirassier,2
1890.3.1,1890,ENG,hussar,22
1890.3.1,1890,ENG,infantry,225
1890.3.1,1890,FRA,artillery,159
1890.3.1,1890,FRA,dragoon,1
1890.3.1,1890,FRA,engineer,4
1890.3.1,1890,FRA,guard,13
1890.3.1,1890,FRA,hussar,21
1890.3.1,1890,FRA,infantry,206
1890.3.1,1890,SCA,artillery,100
1890.3.1,1890,SCA,guard,28
1890.3.1,1890,SCA,hussar,16
1890.3.1,1890,SCA,infantry,41
1890.3.1,1890,RUS,artillery,183
1890.3.1,1890,RUS,dragoon,1
1890.3.1,1890,RUS,hussar,6
1890.3.1,1890,RUS,infantry,288
1890.3.1,1890,GER,artillery,238
1890.3.1,1890,GER,hussar,24
1890.3.1,1890,GER,infantry,196
1890.3.1,1890,NET,artillery,16
1890.3.1,1890,NET,dragoon,3
1890.3.1,1890,NET,guard,4
1890.3.1,1890,NET,hussar,1
1890.3.1,1890,SPA,artillery,70
1890.3.1,1890,SPA,hussar,13
1890.3.1,1890,SPA,infantry,67
1890.3.1,1890,KUK,artillery,115
1890.3.1,1890,KUK,dragoon,22
1890.3.1,1890,KUK,infantry,105
1890.3.1,1890,CHL,artillery,59
1890.3.1,1890,CHL,dragoon,11
1890.3.1,1890,CHL,hussar,2
1890.3.1,1890,CHL,infantry,39
1890.3.1,1890,AST,artillery,65
1890.3.1,1890,AST,hussar,4
1890.3.1,1890,AST,infantry,15
1890.3.1,1890,WAL,artillery,17
1890.3.1,1890,WAL,hussar,2
1890.3.1,1890,WAL,infantry,1
1890.3.1,1890,SAR,artillery,43
1890.3.1,1890,SAR,guard,8
1890.3.1,1890,SAR,hussar,3
1890.3.1,1890,SAR,infantry,38
1890.3.1,1890,SIC,artillery,85
1890.3.1,1890,SIC,dragoon,18
1890.3.1,1890,SIC,infantry,52
1890.3.1,1890,TUR,artillery,80
1890.3.1,1890,TUR,hussar,16
1890.3.1,1890,TUR,infantry,28
1890.3.1,1890,PER,artillery,30
1890.3.1,1890,PER,dragoon,1
1890.3.1,1890,PER,hussar,5
1890.3.1,1890,PER,infantry,16
1890.3.1,1890,JAS,dragoon,1
1890.3.1,1890,JAS,infantry,1
1890.3.1,1890,BIK,artillery,2
1890.3.1,1890,BIK,dragoon,1
1890.3.1,1890,BIK,infantry,2
1890.3.1,1890,MEW,dragoon,1
1890.3.1,1890,MEW,infantry,5
1890.3.1,1890,GWA,artillery,1
1890.3.1,1890,GWA,cuirassier,1
1890.3.1,1890,GWA,infantry,1
1890.3.1,1890,BAS,dragoon,1
1890.3.1,1890,BAS,infantry,1
1890.3.1,1890,NEP,cavalry,1
1890.3.1,1890,NEP,irregular,5
1890.3.1,1890,SIK,irregular,1
1890.3.1,1890,BHU,infantry,1
1890.3.1,1890,CHI,cavalry,16
1890.3.1,1890,CHI,infantry,24
1890.3.1,1890,CHI,irregular,22
1890.3.1,1890,GXI,cavalry,10
1890.3.1,1890,GXI,infantry,6
1890.3.1,1890,XBI,infantry,2
1890.3.1,1890,XBI,irregular,4
1890.3.1,1890,YNN,cavalry,7
1890.3.1,1890,YNN,infantry,15
1890.3.1,1890,YNN,irregular,7
1890.3.1,1890,TIB,cavalry,1
1890.3.1,1890,TIB,infantry,3
1890.3.1,1890,TIB,irregular,3
1890.3.1,1890,XIN,cavalry,1
1890.3.1,1890,XIN,infantry,3
1890.3.1,1890,ALD,infantry,3
1890.3.1,1890,MEX,artillery,105
1890.3.1,1890,MEX,cavalry,1
1890.3.1,1890,MEX,infantry,56
1890.3.1,1890,BRZ,artillery,49
1890.3.1,1890,BRZ,dragoon,5
1890.3.1,1890,BRZ,infantry,21
1890.4.1,1890,USA,artillery,171
1890.4.1,1890,USA,dragoon,13
1890.4.1,1890,USA,hussar,9
1890.4.1,1890,COL,infantry,1
1890.4.1,1890,ENG,artillery,385
1890.4.1,1890,ENG,cuirassier,2
1890.4.1,1890,ENG,hussar,22
1890.4.1,1890,ENG,infantry,225
1890.4.1,1890,FRA,artillery,159
1890.4.1,1890,FRA,dragoon,1
1890.4.1,1890,FRA,engineer,4
1890.4.1,1890,FRA,guard,13
1890.4.1,1890,FRA,hussar,21
1890.4.1,1890,FRA,infantry,206
1890.4.1,1890,SCA,artillery,100
1890.4.1,1890,SCA,guard,28
1890.4.1,1890,SCA,hussar,16
1890.4.1,1890,SCA,infantry,41
1890.4.1,1890,RUS,artillery,187
1890.4.1,1890,RUS,dragoon,1
1890.4.1,1890,RUS,hussar,6
1890.4.1,1890,RUS,infantry,288
1890.4.1,1890,GER,artillery,241
1890.4.1,1890,GER,hussar,24
1890.4.1,1890,GER,infantry,196
1890.4.1,1890,NET,artillery,15
1890.4.1,1890,NET,dragoon,3
1890.4.1,1890,NET,guard,4
1890.4.1,1890,NET,hussar,1
1890.4.1,1890,SPA,artillery,70
1890.4.1,1890,SPA,hussar,13
1890.4.1,1890,SPA,infantry,67
1890.4.1,1890,KUK,artillery,115
1890.4.1,1890,KUK,dragoon,23
1890.4.1,1890,KUK,infantry,105
1890.4.1,1890,CHL,artillery,59
1890.4.1,1890,CHL,dragoon,11
1890.4.1,1890,CHL,hussar,2
1890.4.1,1890,CHL,infantry,39
1890.4.1,1890,AST,artillery,65
1890.4.1,1890,AST,hussar,4
1890.4.1,1890,AST,infantry,15
1890.4.1,1890,WAL,artillery,17
1890.4.1,1890,WAL,hussar,2
1890.4.1,1890,WAL,infantry,1
1890.4.1,1890,SAR,artillery,44
1890.4.1,1890,SAR,guard,8
1890.4.1,1890,SAR,hussar,3
1890.4.1,1890,SAR,infantry,38
1890.4.1,1890,SIC,artillery,85
1890.4.1,1890,SIC,dragoon,18
1890.4.1,1890,SIC,infantry,52
1890.4.1,1890,TUR,artillery,80
1890.4.1,1890,TUR,hussar,16
1890.4.1,1890,TUR,infantry,28
1890.4.1,1890,PER,artillery,31
1890.4.1,1890,PER,dragoon,1
1890.4.1,1890,PER,hussar,5
1890.4.1,1890,PER,infantry,16
1890.4.1,1890,JAS,dragoon,1
1890.4.1,1890,JAS,infantry,1
1890.4.1,1890,BIK,artillery,2
1890.4.1,1890,BIK,dragoon,1
1890.4.1,1890,BIK,infantry,2
1890.4.1,1890,MEW,dragoon,1
1890.4.1,1890,MEW,infantry,5
1890.4.1,1890,GWA,artillery,1
1890.4.1,1890,GWA,cuirassier,1
1890.4.1,1890,GWA,infantry,1
1890.4.1,1890,BAS,dragoon,1
1890.4.1,1890,BAS,infantry,1
1890.4.1,1890,NEP,cavalry,1
1890.4.1,1890,NEP,irregular,5
1890.4.1,1890,SIK,irregular,1
1890.4.1,1890,BHU,infantry,1
1890.4.1,1890,CHI,cavalry,16
1890.4.1,1890,CHI,infantry,24
1890.4.1,1890,CHI,irregular,23
1890.4.1,1890,GXI,cavalry,10
1890.4.1,1890,GXI,infantry,7
1890.4.1,1890,XBI,infantry,2
1890.4.1,1890,XBI,irregular,4
1890.4.1,1890,YNN,cavalry,8
1890.4.1,1890,YNN,infantry,16
1890.4.1,1890,YNN,irregular,7
1890.4.1,1890,TIB,cavalry,1
1890.4.1,1890,TIB,infantry,3
1890.4.1,1890,TIB,irregular,3
1890.4.1,1890,XIN,cavalry,1
1890.4.1,1890,XIN,infantry,3
1890.4.1,1890,ALD,infantry,3
1890.4.1,1890,MEX,artillery,105
1890.4.1,1890,MEX,cavalry,1
1890.4.1,1890,MEX,infantry,56
1890.4.1,1890,BRZ,artillery,49
1890.4.1,1890,BRZ,dragoon,5
1890.4.1,1890,BRZ,infantry,21
1890.5.1,1890,USA,artillery,178
1890.5.1,1890,USA,dragoon,13
1890.5.1,1890,USA,hussar,9
1890.5.1,1890,COL,infantry,1
1890.5.1,1890,ENG,artillery,385
1890.5.1,1890,ENG,cuirassier,2
1890.5.1,1890,ENG,hussar,22
1890.5.1,1890,ENG,infantry,225
1890.5.1,1890,FRA,artillery,159
1890.5.1,1890,FRA,dragoon,1
1890.5.1,1890,FRA,engineer,4
1890.5.1,1890,FRA,guard,13
1890.5.1,1890,FRA,hussar,21
1890.5.1,1890,FRA,infantry,206
1890.5.1,1890,SCA,artillery,100
1890.5.1,1890,SCA,guard,28
1890.5.1,1890,SCA,hussar,16
1890.5.1,1890,SCA,infantry,41
1890.5.1,1890,RUS,artillery,190
1890.5.1,1890,RUS,dragoon,1
1890.5.1,1890,RUS,hussar,6
1890.5.1,1890,RUS,infantry,288
1890.5.1,1890,GER,artillery,244
1890.5.1,1890,GER,hussar,24
1890.5.1,1890,GER,infantry,196
1890.5.1,1890,NET,artillery,15
1890.5.1,1890,NET,dragoon,3
1890.5.1,1890,NET,guard,4
1890.5.1,1890,NET,hussar,1
1890.5.1,1890,SPA,artillery,70
1890.5.1,1890,SPA,hussar,13
1890.5.1,1890,SPA,infantry,67
1890.5.1,1890,KUK,artillery,115
1890.5.1,1890,KUK,dragoon,23
1890.5.1,1890,KUK,infantry,105
1890.5.1,1890,CHL,artillery,59
1890.5.1,1890,CHL,dragoon,11
1890.5.1,1890,CHL,hussar,2
1890.5.1,1890,CHL,infantry,39
1890.5.1,1890,AST,artillery,65
1890.5.1,1890,AST,hussar,4
1890.5.1,1890,AST,infantry,15
1890.5.1,1890,WAL,artillery,17
1890.5.1,1890,WAL,hussar,2
1890.5.1,1890,WAL,infantry,1
1890.5.1,1890,SAR,artillery,44
1890.5.1,1890,SAR,guard,8
1890.5.1,1890,SAR,hussar,3
1890.5.1,1890,SAR,infantry,38
1890.5.1,1890,SIC,artillery,85
1890.5.1,1890,SIC,dragoon,18
1890.5.1,1890,SIC,infantry,52
1890.5.1,1890,TUR,artillery,80
1890.5.1,1890,TUR,hussar,16
1890.5.1,1890,TUR,infantry,28
1890.5.1,1890,PER,artillery,34
1890.5.1,1890,PER,dragoon,1
1890.5.1,1890,PER,hussar,5
1890.5.1,1890,PER,infantry,16
1890.5.1,1890,JAS,dragoon,1
1890.5.1,1890,JAS,infantry,1
1890.5.1,1890,BIK,artillery,2
1890.5.1,1890,BIK,dragoon,1
1890.5.1,1890,BIK,infantry,2
1890.5.1,1890,MEW,dragoon,1
1890.5.1,1890,MEW,infantry,5
1890.5.1,1890,GWA,artillery,1
1890.5.1,1890,GWA,cuirassier,1
1890.5.1,1890,GWA,infantry,1
1890.5.1,1890,BAS,dragoon,1
1890.5.1,1890,BAS,infantry,1
1890.5.1,1890,NEP,cavalry,1
1890.5.1,1890,NEP,irregular,5
1890.5.1,1890,SIK,irregular,1
1890.5.1,1890,BHU,infantry,1
1890.5.1,1890,CHI,cavalry,17
1890.5.1,1890,CHI,infantry,24
1890.5.1,1890,CHI,irregular,23
1890.5.1,1890,GXI,cavalry,11
1890.5.1,1890,GXI,infantry,8
1890.5.1,1890,XBI,infantry,2
1890.5.1,1890,XBI,irregular,4
1890.5.1,1890,YNN,cavalry,10
1890.5.1,1890,YNN,infantry,16
1890.5.1,1890,YNN,irregular,8
1890.5.1,1890,TIB,cavalry,1
1890.5.1,1890,TIB,infantry,3
1890.5.1,1890,TIB,irregular,3
1890.5.1,1890,XIN,cavalry,1
1890.5.1,1890,XIN,infantry,3
1890.5.1,1890,ALD,infantry,3
1890.5.1,1890,MEX,artillery,105
1890.5.1,1890,MEX,cavalry,1
1890.5.1,1890,MEX,infantry,56
1890.5.1,1890,BRZ,artillery,49
1890.5.1,1890,BRZ,dragoon,5
1890.5.1,1890,BRZ,infantry,21
1890.6.1,1890,USA,artillery,177
1890.6.1,1890,USA,dragoon,14
1890.6.1,1890,USA,hussar,9
1890.6.1,1890,COL,infantry,1
1890.6.1,1890,ENG,artillery,385
1890.6.1,1890,ENG,cuirassier,2
1890.6.1,1890,ENG,hussar,22
1890.6.1,1890,ENG,infantry,225
1890.6.1,1890,FRA,artillery,159
1890.6.1,1890,FRA,dragoon,1
1890.6.1,1890,FRA,engineer,4
1890.6.1,1890,FRA,guard,13
1890.6.1,1890,FRA,hussar,21
1890.6.1,1890,FRA,infantry,206
1890.6.1,1890,SCA,artillery,100
1890.6.1,1890,SCA,guard,28
1890.6.1,1890,SCA,hussar,16
1890.6.1,1890,SCA,infantry,41
1890.6.1,1890,RUS,artillery,193
1890.6.1,1890,RUS,dragoon,1
1890.6.1,1890,RUS,hussar,6
1890.6.1,1890,RUS,infantry,287
1890.6.1,1890,GER,artillery,245
1890.6.1,1890,GER,hussar,24
1890.6.1,1890,GER,infantry,196
1890.6.1,1890,NET,artillery,15
1890.6.1,1890,NET,dragoon,3
1890.6.1,1890,NET,guard,4
1890.6.1,1890,NET,hussar,1
1890.6.1,1890,SPA,artillery,70
1890.6.1,1890,SPA,hussar,13
1890.6.1,1890,SPA,infantry,67
1890.6.1,1890,KUK,artillery,115
1890.6.1,1890,KUK,dragoon,23
1890.6.1,1890,KUK,infantry,105
1890.6.1,1890,CHL,artillery,60
1890.6.1,1890,CHL,dragoon,11
1890.6.1,1890,CHL,hussar,2
1890.6.1,1890,CHL,infantry,39
1890.6.1,1890,AST,artillery,65
1890.6.1,1890,AST,hussar,4
1890.6.1,1890,AST,infantry,15
1890.6.1,1890,WAL,artillery,17
1890.6.1,1890,WAL,hussar,2
1890.6.1,1890,WAL,infantry,1
1890.6.1,1890,SAR,artillery,44
1890.6.1,1890,SAR,guard,8
1890.6.1,1890,SAR,hussar,3
1890.6.1,1890,SAR,infantry,39
1890.6.1,1890,SIC,artillery,85
1890.6.1,1890,SIC,dragoon,18
1890.6.1,1890,SIC,infantry,52
1890.6.1,1890,TUR,artillery,80
1890.6.1,1890,TUR,hussar,16
1890.6.1,1890,TUR,infantry,28
1890.6.1,1890,PER,artillery,36
1890.6.1,1890,PER,dragoon,1
1890.6.1,1890,PER,hussar,6
1890.6.1,1890,PER,infantry,16
1890.6.1,1890,JAS,dragoon,1
1890.6.1,1890,JAS,infantry,1
1890.6.1,1890,BIK,artillery,2
1890.6.1,1890,BIK,dragoon,1
1890.6.1,1890,BIK,infantry,2
1890.6.1,1890,MEW,dragoon,1
1890.6.1,1890,MEW,infantry,5
1890.6.1,1890,GWA,artillery,1
1890.6.1,1890,GWA,cuirassier,1
1890.6.1,1890,GWA,infantry,1
1890.6.1,1890,BAS,dragoon,1
1890.6.1,1890,BAS,infantry,1
1890.6.1,1890,NEP,cavalry,1
1890.6.1,1890,NEP,irregular,5
1890.6.1,1890,SIK,irregular,1
1890.6.1,1890,BHU,infantry,1
1890.6.1,1890,CHI,cavalry,18
1890.6.1,1890,CHI,infantry,25
1890.6.1,1890,CHI,irregular,23
1890.6.1,1890,GXI,cavalry,12
1890.6.1,1890,GXI,infantry,10
1890.6.1,1890,XBI,infantry,2
1890.6.1,1890,XBI,irregular,4
1890.6.1,1890,YNN,cavalry,10
1890.6.1,1890,YNN,infantry,16
1890.6.1,1890,YNN,irregular,8
1890.6.1,1890,TIB,cavalry,1
1890.6.1,1890,TIB,infantry,3
1890.6.1,1890,TIB,irregular,3
1890.6.1,1890,XIN,cavalry,1
1890.6.1,1890,XIN,infantry,3
1890.6.1,1890,ALD,infantry,3
1890.6.1,1890,MEX,artillery,105
1890.6.1,1890,MEX,cavalry,1
1890.6.1,1890,MEX,infantry,56
1890.6.1,1890,BRZ,artillery,49
1890.6.1,1890,BRZ,dragoon,5
1890.6.1,1890,BRZ,hussar,1
1890.6.1,1890,BRZ,infantry,24
1890.7.1,1890,USA,artillery,177
1890.7.1,1890,USA,dragoon,13
1890.7.1,1890,USA,hussar,9
1890.7.1,1890,COL,infantry,1
1890.7.1,1890,ENG,artillery,385
1890.7.1,1890,ENG,cuirassier,2
1890.7.1,1890,ENG,hussar,22
1890.7.1,1890,ENG,infantry,225
1890.7.1,1890,FRA,artillery,159
1890.7.1,1890,FRA,dragoon,1
1890.7.1,1890,FRA,engineer,4
1890.7.1,1890,FRA,guard,13
1890.7.1,1890,FRA,hussar,21
1890.7.1,1890,FRA,infantry,206
1890.7.1,1890,SCA,artillery,101
1890.7.1,1890,SCA,guard,28
1890.7.1,1890,SCA,hussar,17
1890.7.1,1890,SCA,infantry,41
1890.7.1,1890,RUS,artillery,198
1890.7.1,1890,RUS,dragoon,1
1890.7.1,1890,RUS,hussar,6
1890.7.1,1890,RUS,infantry,287
1890.7.1,1890,GER,artillery,246
1890.7.1,1890,GER,hussar,24
1890.7.1,1890,GER,infantry,196
1890.7.1,1890,NET,artillery,15
1890.7.1,1890,NET,dragoon,3
1890.7.1,1890,NET,guard,4
1890.7.1,1890,NET,hussar,1
1890.7.1,1890,SPA,artillery,70
1890.7.1,1890,SPA,hussar,13
1890.7.1,1890,SPA,infantry,67
1890.7.1,1890,KUK,artillery,115
1890.7.1,1890,KUK,dragoon,23
1890.7.1,1890,KUK,infantry,105
1890.7.1,1890,CHL,artillery,63
1890.7.1,1890,CHL,dragoon,11
1890.7.1,1890,CHL,hussar,2
1890.7.1,1890,CHL,infantry,40
1890.7.1,1890,AST,artillery,65
1890.7.1,1890,AST,hussar,4
1890.7.1,1890,AST,infantry,15
1890.7.1,1890,WAL,artillery,17
1890.7.1,1890,WAL,hussar,2
1890.7.1,1890,WAL,infantry,1
1890.7.1,1890,SAR,artillery,44
1890.7.1,1890,SAR,guard,8
1890.7.1,1890,SAR,hussar,3
1890.7.1,1890,SAR,infantry,39
1890.7.1,1890,SIC,artillery,85
1890.7.1,1890,SIC,dragoon,18
1890.7.1,1890,SIC,infantry,52
1890.7.1,1890,TUR,artillery,80
1890.7.1,1890,TUR,hussar,16
1890.7.1,1890,TUR,infantry,28
1890.7.1,1890,PER,artillery,39
1890.7.1,1890,PER,dragoon,1
1890.7.1,1890,PER,hussar,6
1890.7.1,1890,PER,infantry,16
1890.7.1,1890,JAS,dragoon,1
1890.7.1,1890,JAS,infantry,1
1890.7.1,1890,BIK,artillery,2
1890.7.1,1890,BIK,dragoon,1
1890.7.1,1890,BIK,infantry,2
1890.7.1,1890,MEW,dragoon,1
1890.7.1,1890,MEW,infantry,5
1890.7.1,1890,GWA,artillery,1
1890.7.1,1890,GWA,cuirassier,1
1890.7.1,1890,GWA,infantry,1
1890.7.1,1890,BAS,dragoon,1
1890.7.1,1890,BAS,infantry,1
1890.7.1,1890,NEP,cavalry,1
1890.7.1,1890,NEP,irregular,5
1890.7.1,1890,SIK,irregular,1
1890.7.1,1890,BHU,infantry,1
1890.7.1,1890,CHI,cavalry,19
1890.7.1,1890,CHI,infantry,25
1890.7.1,1890,CHI,irregular,23
1890.7.1,1890,GXI,cavalry,13
1890.7.1,1890,GXI,infantry,11
1890.7.1,1890,XBI,infantry,2
1890.7.1,1890,XBI,irregular,4
1890.7.1,1890,YNN,cavalry,10
1890.7.1,1890,YNN,infantry,18
1890.7.1,1890,YNN,irregular,9
1890.7.1,1890,TIB,cavalry,1
1890.7.1,1890,TIB,infantry,3
1890.7.1,1890,TIB,irregular,3
1890.7.1,1890,XIN,cavalry,1
1890.7.1,1890,XIN,infantry,3
1890.7.1,1890,ALD,infantry,3
1890.7.1,1890,MEX,artillery,105
1890.7.1,1890,MEX,cavalry,1
1890.7.1,1890,MEX,infantry,56
1890.7.1,1890,BRZ,artillery,49
1890.7.1,1890,BRZ,dragoon,5
1890.7.1,1890,BRZ,hussar,1
1890.7.1,1890,BRZ,infantry,24
1890.8.1,1890,USA,artillery,177
1890.8.1,1890,USA,dragoon,13
1890.8.1,1890,USA,hussar,9
1890.8.1,1890,COL,infantry,1
1890.8.1,1890,ENG,artillery,385
1890.8.1,1890,ENG,cuirassier,2
1890.8.1,1890,ENG,hussar,22
1890.8.1,1890,ENG,infantry,225
1890.8.1,1890,FRA,artillery,159
1890.8.1,1890,FRA,dragoon,1
1890.8.1,1890,FRA,engineer,4
1890.8.1,1890,FRA,guard,13
1890.8.1,1890,FRA,hussar,21
1890.8.1,1890,FRA,infantry,206
1890.8.1,1890,SCA,artillery,101
1890.8.1,1890,SCA,guard,28
1890.8.1,1890,SCA,hussar,17
1890.8.1,1890,SCA,infantry,41
1890.8.1,1890,RUS,artillery,200
1890.8.1,1890,RUS,dragoon,1
1890.8.1,1890,RUS,hussar,6
1890.8.1,1890,RUS,infantry,287
1890.8.1,1890,GER,artillery,249
1890.8.1,1890,GER,hussar,24
1890.8.1,1890,GER,infantry,196
1890.8.1,1890,NET,artillery,15
1890.8.1,1890,NET,dragoon,3
1890.8.1,1890,NET,guard,4
1890.8.1,1890,NET,hussar,1
1890.8.1,1890,SPA,artillery,70
1890.8.1,1890,SPA,hussar,13
1890.8.1,1890,SPA,infantry,67
1890.8.1,1890,KUK,artillery,115
1890.8.1,1890,KUK,dragoon,23
1890.8.1,1890,KUK,infantry,105
1890.8.1,1890,CHL,artillery,64
1890.8.1,1890,CHL,dragoon,11
1890.8.1,1890,CHL,hussar,2
1890.8.1,1890,CHL,infantry,40
1890.8.1,1890,AST,artillery,65
1890.8.1,1890,AST,hussar,4
1890.8.1,1890,AST,infantry,15
1890.8.1,1890,WAL,artillery,17
1890.8.1,1890,WAL,hussar,2
1890.8.1,1890,WAL,infantry,1
1890.8.1,1890,SAR,artillery,43
1890.8.1,1890,SAR,guard,8
1890.8.1,1890,SAR,hussar,3
1890.8.1,1890,SAR,infantry,37
1890.8.1,1890,SIC,artillery,85
1890.8.1,1890,SIC,dragoon,18
1890.8.1,1890,SIC,infantry,52
1890.8.1,1890,TUR,artillery,80
1890.8.1,1890,TUR,hussar,16
1890.8.1,1890,TUR,infantry,28
1890.8.1,1890,PER,artillery,40
1890.8.1,1890,PER,dragoon,1
1890.8.1,1890,PER,hussar,7
1890.8.1,1890,PER,infantry,16
1890.8.1,1890,JAS,dragoon,1
1890.8.1,1890,JAS,infantry,1
1890.8.1,1890,BIK,artillery,2
1890.8.1,1890,BIK,dragoon,1
1890.8.1,1890,BIK,infantry,2
1890.8.1,1890,MEW,dragoon,1
1890.8.1,1890,MEW,infantry,5
1890.8.1,1890,GWA,artillery,1
1890.8.1,1890,GWA,cuirassier,1
1890.8.1,1890,GWA,infantry,1
1890.8.1,1890,BAS,dragoon,1
1890.8.1,1890,BAS,infantry,1
1890.8.1,1890,NEP,cavalry,1
1890.8.1,1890,NEP,irregular,5
1890.8.1,1890,SIK,irregular,1
1890.8.1,1890,BHU,infantry,1
1890.8.1,1890,CHI,cavalry,20
1890.8.1,1890,CHI,infantry,26
1890.8.1,1890,CHI,irregular,23
1890.8.1,1890,GXI,cavalry,13
1890.8.1,1890,GXI,infantry,11
1890.8.1,1890,GXI,irregular,1
1890.8.1,1890,XBI,infantry,2
1890.8.1,1890,XBI,irregular,4
1890.8.1,1890,YNN,cavalry,10
1890.8.1,1890,YNN,infantry,18
1890.8.1,1890,YNN,irregular,9
1890.8.1,1890,TIB,cavalry,1
1890.8.1,1890,TIB,infantry,3
1890.8.1,1890,TIB,irregular,3
1890.8.1,1890,XIN,cavalry,1
1890.8.1,1890,XIN,infantry,4
1890.8.1,1890,ALD,infantry,3
1890.8.1,1890,MEX,artillery,105
1890.8.1,1890,MEX,cavalry,1
1890.8.1,1890,MEX,infantry,56
1890.8.1,1890,BRZ,artillery,49
1890.8.1,1890,BRZ,dragoon,5
1890.8.1,1890,BRZ,hussar,1
1890.8.1,1890,BRZ,infantry,24
1890.9.1,1890,USA,artillery,177
1890.9.1,1890,USA,dragoon,14
1890.9.1,1890,USA,hussar,9
1890.9.1,1890,USA,infantry,7
1890.9.1,1890,COL,infantry,1
1890.9.1,1890,ENG,artillery,377
1890.9.1,1890,ENG,cuirassier,2
1890.9.1,1890,ENG,hussar,22
1890.9.1,1890,ENG,infantry,225
1890.9.1,1890,FRA,artillery,159
1890.9.1,1890,FRA,dragoon,1
1890.9.1,1890,FRA,engineer,4
1890.9.1,1890,FRA,guard,13
1890.9.1,1890,FRA,hussar,21
1890.9.1,1890,FRA,infantry,206
1890.9.1,1890,SCA,artillery,101
1890.9.1,1890,SCA,guard,28
1890.9.1,1890,SCA,hussar,17
1890.9.1,1890,SCA,infantry,41
1890.9.1,1890,RUS,artillery,203
1890.9.1,1890,RUS,dragoon,1
1890.9.1,1890,RUS,hussar,6
1890.9.1,1890,RUS,infantry,287
1890.9.1,1890,GER,artillery,252
1890.9.1,1890,GER,hussar,24
1890.9.1,1890,GER,infantry,196
1890.9.1,1890,NET,artillery,15
1890.9.1,1890,NET,dragoon,3
1890.9.1,1890,NET,guard,4
1890.9.1,1890,NET,hussar,1
1890.9.1,1890,SPA,artillery,70
1890.9.1,1890,SPA,hussar,13
1890.9.1,1890,SPA,infantry,67
1890.9.1,1890,KUK,artillery,115
1890.9.1,1890,KUK,dragoon,23
1890.9.1,1890,KUK,infantry,105
1890.9.1,1890,CHL,artillery,64
1890.9.1,1890,CHL,dragoon,11
1890.9.1,1890,CHL,hussar,2
1890.9.1,1890,CHL,infantry,40
1890.9.1,1890,AST,artillery,65
1890.9.1,1890,AST,hussar,4
1890.9.1,1890,AST,infantry,15
1890.9.1,1890,WAL,artillery,17
1890.9.1,1890,WAL,hussar,2
1890.9.1,1890,WAL,infantry,1
1890.9.1,1890,SAR,artillery,43
1890.9.1,1890,SAR,guard,8
1890.9.1,1890,SAR,hussar,3
1890.9.1,1890,SAR,infantry,37
1890.9.1,1890,SIC,artillery,85
1890.9.1,1890,SIC,dragoon,18
1890.9.1,1890,SIC,infantry,52
1890.9.1,1890,TUR,artillery,80
1890.9.1,1890,TUR,hussar,16
1890.9.1,1890,TUR,infantry,28
1890.9.1,1890,PER,artillery,40
1890.9.1,1890,PER,dragoon,1
1890.9.1,1890,PER,hussar,7
1890.9.1,1890,PER,infantry,16
1890.9.1,1890,JAS,dragoon,1
1890.9.1,1890,JAS,infantry,1
1890.9.1,1890,BIK,artillery,2
1890.9.1,1890,BIK,dragoon,1
1890.9.1,1890,BIK,infantry,2
1890.9.1,1890,MEW,dragoon,1
1890.9.1,1890,MEW,infantry,5
1890.9.1,1890,GWA,artillery,1
1890.9.1,1890,GWA,cuirassier,1
1890.9.1,1890,GWA,infantry,1
1890.9.1,1890,BAS,dragoon,1
1890.9.1,1890,BAS,infantry,1
1890.9.1,1890,NEP,cavalry,1
1890.9.1,1890,NEP,irregular,5
1890.9.1,1890,SIK,irregular,1
1890.9.1,1890,BHU,infantry,1
1890.9.1,1890,CHI,cavalry,21
1890.9.1,1890,CHI,infantry,27
1890.9.1,1890,CHI,irregular,23
1890.9.1,1890,GXI,cavalry,14
1890.9.1,1890,GXI,infantry,13
1890.9.1,1890,GXI,irregular,1
1890.9.1,1890,XBI,infantry,2
1890.9.1,1890,XBI,irregular,4
1890.9.1,1890,YNN,cavalry,11
1890.9.1,1890,YNN,infantry,18
1890.9.1,1890,YNN,irregular,9
1890.9.1,1890,TIB,cavalry,1
1890.9.1,1890,TIB,infantry,3
1890.9.1,1890,TIB,irregular,3
1890.9.1,1890,XIN,cavalry,1
1890.9.1,1890,XIN,infantry,4
1890.9.1,1890,ALD,infantry,3
1890.9.1,1890,MEX,artillery,105
1890.9.1,1890,MEX,cavalry,1
1890.9.1,1890,MEX,infantry,56
1890.9.1,1890,BRZ,artillery,49
1890.9.1,1890,BRZ,dragoon,5
1890.9.1,1890,BRZ,hussar,2
1890.9.1,1890,BRZ,infantry,24
1890.10.1,1890,USA,artillery,164
1890.10.1,1890,USA,dragoon,13
1890.10.1,1890,USA,hussar,9
1890.10.1,1890,USA,infantry,22
1890.10.1,1890,COL,infantry,1
1890.10.1,1890,ENG,artillery,377
1890.10.1,1890,ENG,cuirassier,2
1890.10.1,1890,ENG,hussar,22
1890.10.1,1890,ENG,infantry,225
1890.10.1,1890,FRA,artillery,159
1890.10.1,1890,FRA,dragoon,1
1890.10.1,1890,FRA,engineer,4
1890.10.1,1890,FRA,guard,13
1890.10.1,1890,FRA,hussar,21
1890.10.1,1890,FRA,infantry,206
1890.10.1,1890,SCA,artillery,101
1890.10.1,1890,SCA,guard,28
1890.10.1,1890,SCA,hussar,17
1890.10.1,1890,SCA,infantry,41
1890.10.1,1890,RUS,artillery,206
1890.10.1,1890,RUS,dragoon,1
1890.10.1,1890,RUS,hussar,6
1890.10.1,1890,RUS,infantry,287
1890.10.1,1890,GER,artillery,256
1890.10.1,1890,GER,hussar,24
1890.10.1,1890,GER,infantry,196
1890.10.1,1890,NET,artillery,15
1890.10.1,1890,NET,dragoon,3
1890.10.1,1890,NET,guard,4
1890.10.1,1890,NET,hussar,1
1890.10.1,1890,SPA,artillery,70
1890.10.1,1890,SPA,hussar,13
1890.10.1,1890,SPA,infantry,67
1890.10.1,1890,KUK,artillery,115
1890.10.1,1890,KUK,dragoon,23
1890.10.1,1890,KUK,infantry,105
1890.10.1,1890,CHL,artillery,64
1890.10.1,1890,CHL,dragoon,11
1890.10.1,1890,CHL,hussar,2
1890.10.1,1890,CHL,infantry,40
1890.10.1,1890,AST,artillery,65
1890.10.1,1890,AST,hussar,4
1890.10.1,1890,AST,infantry,15
1890.10.1,1890,WAL,artillery,17
1890.10.1,1890,WAL,hussar,2
1890.10.1,1890,WAL,infantry,1
1890.10.1,1890,SAR,artillery,43
1890.10.1,1890,SAR,guard,8
1890.10.1,1890,SAR,hussar,3
1890.10.1,1890,SAR,infantry,37
1890.10.1,1890,SIC,artillery,85
1890.10.1,1890,SIC,dragoon,18
1890.10.1,1890,SIC,infantry,52
1890.10.1,1890,TUR,artillery,80
1890.10.1,1890,TUR,hussar,16
1890.10.1,1890,TUR,infantry,28
1890.10.1,1890,PER,artillery,40
1890.10.1,1890,PER,dragoon,1
1890.10.1,1890,PER,hussar,7
1890.10.1,1890,PER,infantry,16
1890.10.1,1890,JAS,dragoon,1
1890.10.1,1890,JAS,infantry,1
1890.10.1,1890,BIK,artillery,2
1890.10.1,1890,BIK,dragoon,1
1890.10.1,1890,BIK,infantry,2
1890.10.1,1890,MEW,dragoon,1
1890.10.1,1890,MEW,infantry,5
1890.10.1,1890,GWA,artillery,1
1890.10.1,1890,GWA,cuirassier,1
1890.10.1,1890,GWA,infantry,1
1890.10.1,1890,BAS,dragoon,1
1890.10.1,1890,BAS,infantry,1
1890.10.1,1890,NEP,cavalry,1
1890.10.1,1890,NEP,irregular,5
1890.10.1,1890,SIK,irregular,1
1890.10.1,1890,BHU,infantry,1
1890.10.1,1890,CHI,cavalry,21
1890.10.1,1890,CHI,infantry,27
1890.10.1,1890,CHI,irregular,24
1890.10.1,1890,GXI,cavalry,14
1890.10.1,1890,GXI,infantry,14
1890.10.1,1890,GXI,irregular,1
1890.10.1,1890,XBI,infantry,2
1890.10.1,1890,XBI,irregular,4
1890.10.1,1890,YNN,cavalry,11
1890.10.1,1890,YNN,infantry,20
1890.10.1,1890,YNN,irregular,9
1890.10.1,1890,TIB,cavalry,1
1890.10.1,1890,TIB,infantry,3
1890.10.1,1890,TIB,irregular,3
1890.10.1,1890,XIN,cavalry,1
1890.10.1,1890,XIN,infantry,4
1890.10.1,1890,ALD,infantry,3
1890.10.1,1890,MEX,artillery,105
1890.10.1,1890,MEX,cavalry,1
1890.10.1,1890,MEX,infantry,56
1890.10.1,1890,BRZ,artillery,49
1890.10.1,1890,BRZ,dragoon,5
1890.10.1,1890,BRZ,hussar,2
1890.10.1,1890,BRZ,infantry,24
1890.11.1,1890,USA,artillery,164
1890.11.1,1890,USA,dragoon,13
1890.11.1,1890,USA,hussar,9
1890.11.1,1890,USA,infantry,38
1890.11.1,1890,COL,infantry,1
1890.11.1,1890,ENG,artillery,377
1890.11.1,1890,ENG,cuirassier,2
1890.11.1,1890,ENG,hussar,22
1890.11.1,1890,ENG,infantry,224
1890.11.1,1890,FRA,artillery,159
1890.11.1,1890,FRA,dragoon,1
1890.11.1,1890,FRA,engineer,4
1890.11.1,1890,FRA,guard,13
1890.11.1,1890,FRA,hussar,21
1890.11.1,1890,FRA,infantry,206
1890.11.1,1890,SCA,artillery,101
1890.11.1,1890,SCA,guard,28
1890.11.1,1890,SCA,hussar,17
1890.11.1,1890,SCA,infantry,41
1890.11.1,1890,RUS,artillery,211
1890.11.1,1890,RUS,dragoon,1
1890.11.1,1890,RUS,hussar,6
1890.11.1,1890,RUS,infantry,287
1890.11.1,1890,GER,artillery,257
1890.11.1,1890,GER,hussar,24
1890.11.1,1890,GER,infantry,196
1890.11.1,1890,NET,artillery,15
1890.11.1,1890,NET,dragoon,3
1890.11.1,1890,NET,guard,4
1890.11.1,1890,NET,hussar,1
1890.11.1,1890,SPA,artillery,70
1890.11.1,1890,SPA,hussar,13
1890.11.1,1890,SPA,infantry,67
1890.11.1,1890,KUK,artillery,115
1890.11.1,1890,KUK,dragoon,23
1890.11.1,1890,KUK,infantry,105
1890.11.1,1890,CHL,artillery,64
1890.11.1,1890,CHL,dragoon,11
1890.11.1,1890,CHL,hussar,2
1890.11.1,1890,CHL,infantry,41
1890.11.1,1890,AST,artillery,65
1890.11.1,1890,AST,hussar,4
1890.11.1,1890,AST,infantry,15
1890.11.1,1890,WAL,artillery,17
1890.11.1,1890,WAL,hussar,2
1890.11.1,1890,WAL,infantry,1
1890.11.1,1890,SAR,artillery,43
1890.11.1,1890,SAR,guard,8
1890.11.1,1890,SAR,hussar,3
1890.11.1,1890,SAR,infantry,37
1890.11.1,1890,SIC,artillery,85
1890.11.1,1890,SIC,dragoon,18
1890.11.1,1890,SIC,infantry,52
1890.11.1,1890,TUR,artillery,80
1890.11.1,1890,TUR,hussar,16
1890.11.1,1890,TUR,infantry,28
1890.11.1,1890,PER,artillery,40
1890.11.1,1890,PER,dragoon,1
1890.11.1,1890,PER,hussar,7
1890.11.1,1890,PER,infantry,16
1890.11.1,1890,JAS,dragoon,1
1890.11.1,1890,JAS,infantry,1
1890.11.1,1890,BIK,artillery,2
1890.11.1,1890,BIK,dragoon,1
1890.11.1,1890,BIK,infantry,2
1890.11.1,1890,MEW,dragoon,1
1890.11.1,1890,MEW,infantry,5
1890.11.1,1890,GWA,artillery,1
1890.11.1,1890,GWA,cuirassier,1
1890.11.1,1890,GWA,infantry,1
1890.11.1,1890,BAS,dragoon,1
1890.11.1,1890,BAS,infantry,1
1890.11.1,1890,NEP,cavalry,1
1890.11.1,1890,NEP,irregular,5
1890.11.1,1890,SIK,irregular,1
1890.11.1,1890,BHU,infantry,1
1890.11.1,1890,CHI,cavalry,21
1890.11.1,1890,CHI,infantry,28
1890.11.1,1890,CHI,irregular,24
1890.11.1,1890,GXI,cavalry,15
1890.11.1,1890,GXI,infantry,15
1890.11.1,1890,GXI,irregular,1
1890.11.1,1890,XBI,infantry,2
1890.11.1,1890,XBI,irregular,4
1890.11.1,1890,YNN,cavalry,11
1890.11.1,1890,YNN,infantry,20
1890.11.1,1890,YNN,irregular,9
1890.11.1,1890,TIB,cavalry,1
1890.11.1,1890,TIB,infantry,3
1890.11.1,1890,TIB,irregular,3
1890.11.1,1890,XIN,cavalry,1
1890.11.1,1890,XIN,infantry,4
1890.11.1,1890,ALD,infantry,3
1890.11.1,1890,MEX,artillery,105
1890.11.1,1890,MEX,cavalry,1
1890.11.1,1890,MEX,infantry,56
1890.11.1,1890,BRZ,artillery,49
1890.11.1,1890,BRZ,dragoon,5
1890.11.1,1890,BRZ,hussar,2
1890.11.1,1890,BRZ,infantry,24
1890.12.1,1890,USA,artillery,164
1890.12.1,1890,USA,dragoon,13
1890.12.1,1890,USA,hussar,9
1890.12.1,1890,USA,infantry,55
1890.12.1,1890,COL,infantry,1
1890.12.1,1890,ENG,artillery,377
1890.12.1,1890,ENG,cuirassier,2
1890.12.1,1890,ENG,hussar,22
1890.12.1,1890,ENG,infantry,224
1890.12.1,1890,FRA,artillery,168
1890.12.1,1890,FRA,dragoon,1
1890.12.1,1890,FRA,engineer,4
1890.12.1,1890,FRA,guard,13
1890.12.1,1890,FRA,hussar,21
1890.12.1,1890,FRA,infantry,206
1890.12.1,1890,SCA,artillery,101
1890.12.1,1890,SCA,guard,28
1890.12.1,1890,SCA,hussar,17
1890.12.1,1890,SCA,infantry,41
1890.12.1,1890,RUS,artillery,214
1890.12.1,1890,RUS,dragoon,1
1890.12.1,1890,RUS,hussar,6
1890.12.1,1890,RUS,infantry,287
1890.12.1,1890,GER,artillery,257
1890.12.1,1890,GER,hussar,24
1890.12.1,1890,GER,infantry,196
1890.12.1,1890,NET,artillery,15
1890.12.1,1890,NET,dragoon,3
1890.12.1,1890,NET,guard,4
1890.12.1,1890,NET,hussar,1
1890.12.1,1890,SPA,artillery,70
1890.12.1,1890,SPA,hussar,13
1890.12.1,1890,SPA,infantry,67
1890.12.1,1890,KUK,artillery,115
1890.12.1,1890,KUK,dragoon,23
1890.12.1,1890,KUK,infantry,105
1890.12.1,1890,CHL,artillery,64
1890.12.1,1890,CHL,dragoon,11
1890.12.1,1890,CHL,hussar,2
1890.12.1,1890,CHL,infantry,41
1890.12.1,1890,AST,artillery,65
1890.12.1,1890,AST,hussar,4
1890.12.1,1890,AST,infantry,15
1890.12.1,1890,WAL,artillery,17
1890.12.1,1890,WAL,hussar,2
1890.12.1,1890,WAL,infantry,1
1890.12.1,1890,SAR,artillery,44
1890.12.1,1890,SAR,guard,8
1890.12.1,1890,SAR,hussar,3
1890.12.1,1890,SAR,infantry,37
1890.12.1,1890,SIC,artillery,85
1890.12.1,1890,SIC,dragoon,18
1890.12.1,1890,SIC,infantry,52
1890.12.1,1890,TUR,artillery,80
1890.12.1,1890,TUR,hussar,16
1890.12.1,1890,TUR,infantry,28
1890.12.1,1890,PER,artillery,40
1890.12.1,1890,PER,dragoon,1
1890.12.1,1890,PER,hussar,7
1890.12.1,1890,PER,infantry,16
1890.12.1,1890,JAS,dragoon,1
1890.12.1,1890,JAS,infantry,1
1890.12.1,1890,BIK,artillery,2
1890.12.1,1890,BIK,dragoon,1
1890.12.1,1890,BIK,infantry,2
1890.12.1,1890,MEW,dragoon,1
1890.12.1,1890,MEW,infantry,5
1890.12.1,1890,GWA,artillery,1
1890.12.1,1890,GWA,cuirassier,1
1890.12.1,1890,GWA,infantry,1
1890.12.1,1890,BAS,dragoon,1
1890.12.1,1890,BAS,infantry,1
1890.12.1,1890,NEP,cavalry,1
1890.12.1,1890,NEP,irregular,5
1890.12.1,1890,SIK,irregular,1
1890.12.1,1890,BHU,infantry,1
1890.12.1,1890,CHI,cavalry,21
1890.12.1,1890,CHI,infantry,31
1890.12.1,1890,CHI,irregular,24
1890.12.1,1890,GXI,cavalry,15
1890.12.1,1890,GXI,infantry,17
1890.12.1,1890,GXI,irregular,1
1890.12.1,1890,XBI,infantry,2
1890.12.1,1890,XBI,irregular,4
1890.12.1,1890,YNN,cavalry,11
1890.12.1,1890,YNN,infantry,21
1890.12.1,1890,YNN,irregular,9
1890.12.1,1890,TIB,cavalry,1
1890.12.1,1890,TIB,infantry,3
1890.12.1,1890,TIB,irregular,3
1890.12.1,1890,XIN,cavalry,1
1890.12.1,1890,XIN,infantry,5
1890.12.1,1890,ALD,infantry,3
1890.12.1,1890,MEX,artillery,105
1890.12.1,1890,MEX,cavalry,1
1890.12.1,1890,MEX,infantry,56
1890.12.1,1890,BRZ,artillery,49
1890.12.1,1890,BRZ,dragoon,5
1890.12.1,1890,BRZ,hussar,2
1890.12.1,1890,BRZ,infantry,24
1891.1.1,1891,USA,artillery,165
1891.1.1,1891,USA,dragoon,13
1891.1.1,1891,USA,hussar,9
1891.1.1,1891,USA,infantry,75
1891.1.1,1891,COL,infantry,1
1891.1.1,1891,ENG,artillery,376
1891.1.1,1891,ENG,cuirassier,2
1891.1.1,1891,ENG,hussar,22
1891.1.1,1891,ENG,infantry,221
1891.1.1,1891,FRA,artillery,169
1891.1.1,1891,FRA,dragoon,1
1891.1.1,1891,FRA,engineer,4
1891.1.1,1891,FRA,guard,13
1891.1.1,1891,FRA,hussar,21
1891.1.1,1891,FRA,infantry,206
1891.1.1,1891,SCA,artillery,101
1891.1.1,1891,SCA,guard,28
1891.1.1,1891,SCA,hussar,17
1891.1.1,1891,SCA,infantry,41
1891.1.1,1891,RUS,artillery,217
1891.1.1,1891,RUS,dragoon,1
1891.1.1,1891,RUS,hussar,6
1891.1.1,1891,RUS,infantry,287
1891.1.1,1891,GER,artillery,258
1891.1.1,1891,GER,hussar,24
1891.1.1,1891,GER,infantry,196
1891.1.1,1891,NET,artillery,15
1891.1.1,1891,NET,dragoon,3
1891.1.1,1891,NET,guard,4
1891.1.1,1891,NET,hussar,1
1891.1.1,1891,SPA,artillery,70
1891.1.1,1891,SPA,hussar,13
1891.1.1,1891,SPA,infantry,67
1891.1.1,1891,KUK,artillery,115
1891.1.1,1891,KUK,dragoon,23
1891.1.1,1891,KUK,infantry,105
1891.1.1,1891,CHL,artillery,65
1891.1.1,1891,CHL,dragoon,11
1891.1.1,1891,CHL,hussar,2
1891.1.1,1891,CHL,infantry,41
1891.1.1,1891,AST,artillery,65
1891.1.1,1891,AST,hussar,4
1891.1.1,1891,AST,infantry,15
1891.1.1,1891,WAL,artillery,17
1891.1.1,1891,WAL,hussar,2
1891.1.1,1891,WAL,infantry,1
1891.1.1,1891,SAR,artillery,44
1891.1.1,1891,SAR,guard,8
1891.1.1,1891,SAR,hussar,3
1891.1.1,1891,SAR,infantry,37
1891.1.1,1891,SIC,artillery,85
1891.1.1,1891,SIC,dragoon,18
1891.1.1,1891,SIC,infantry,52
1891.1.1,1891,TUR,artillery,80
1891.1.1,1891,TUR,hussar,16
1891.1.1,1891,TUR,infantry,28
1891.1.1,1891,PER,artillery,40
1891.1.1,1891,PER,dragoon,1
1891.1.1,1891,PER,hussar,7
1891.1.1,1891,PER,infantry,16
1891.1.1,1891,JAS,dragoon,1
1891.1.1,1891,JAS,infantry,1
1891.1.1,1891,BIK,artillery,2
1891.1.1,1891,BIK,dragoon,1
1891.1.1,1891,BIK,infantry,2
1891.1.1,1891,MEW,dragoon,1
1891.1.1,1891,MEW,infantry,5
1891.1.1,1891,GWA,artillery,1
1891.1.1,1891,GWA,cuirassier,1
1891.1.1,1891,GWA,infantry,1
1891.1.1,1891,BAS,dragoon,1
1891.1.1,1891,BAS,infantry,1
1891.1.1,1891,NEP,cavalry,1
1891.1.1,1891,NEP,irregular,5
1891.1.1,1891,SIK,irregular,1
1891.1.1,1891,BHU,infantry,1
1891.1.1,1891,CHI,cavalry,21
1891.1.1,1891,CHI,infantry,32
1891.1.1,1891,CHI,irregular,25
1891.1.1,1891,GXI,cavalry,15
1891.1.1,1891,GXI,infantry,18
1891.1.1,1891,GXI,irregular,1
1891.1.1,1891,XBI,infantry,2
1891.1.1,1891,XBI,irregular,4
1891.1.1,1891,YNN,cavalry,11
1891.1.1,1891,YNN,infantry,23
1891.1.1,1891,YNN,irregular,9
1891.1.1,1891,TIB,cavalry,1
1891.1.1,1891,TIB,infantry,3
1891.1.1,1891,TIB,irregular,3
1891.1.1,1891,XIN,cavalry,1
1891.1.1,1891,XIN,infantry,5
1891.1.1,1891,ALD,infantry,3
1891.1.1,1891,MEX,artillery,105
1891.1.1,1891,MEX,cavalry,1
1891.1.1,1891,MEX,infantry,56
1891.1.1,1891,BRZ,artillery,49
1891.1.1,1891,BRZ,dragoon,5
1891.1.1,1891,BRZ,hussar,2
1891.1.1,1891,BRZ,infantry,24
1891.2.1,1891,USA,artillery,169
1891.2.1,1891,USA,dragoon,13
1891.2.1,1891,USA,hussar,9
1891.2.1,1891,USA,infantry,91
1891.2.1,1891,COL,infantry,1
1891.2.1,1891,ENG,artillery,376
1891.2.1,1891,ENG,cuirassier,2
1891.2.1,1891,ENG,hussar,22
1891.2.1,1891,ENG,infantry,221
1891.2.1,1891,FRA,artillery,169
1891.2.1,1891,FRA,dragoon,1
1891.2.1,1891,FRA,engineer,4
1891.2.1,1891,FRA,guard,13
1891.2.1,1891,FRA,hussar,21
1891.2.1,1891,FRA,infantry,206
1891.2.1,1891,SCA,artillery,101
1891.2.1,1891,SCA,guard,28
1891.2.1,1891,SCA,hussar,17
1891.2.1,1891,SCA,infantry,41
1891.2.1,1891,RUS,artillery,218
1891.2.1,1891,RUS,dragoon,1
1891.2.1,1891,RUS,hussar,6
1891.2.1,1891,RUS,infantry,287
1891.2.1,1891,GER,artillery,261
1891.2.1,1891,GER,hussar,24
1891.2.1,1891,GER,infantry,196
1891.2.1,1891,NET,artillery,15
1891.2.1,1891,NET,dragoon,3
1891.2.1,1891,NET,guard,4
1891.2.1,1891,NET,hussar,1
1891.2.1,1891,SPA,artillery,75
1891.2.1,1891,SPA,hussar,13
1891.2.1,1891,SPA,infantry,67
1891.2.1,1891,KUK,artillery,115
1891.2.1,1891,KUK,dragoon,23
1891.2.1,1891,KUK,infantry,105
1891.2.1,1891,CHL,artillery,68
1891.2.1,1891,CHL,dragoon,11
1891.2.1,1891,CHL,hussar,2
1891.2.1,1891,CHL,infantry,41
1891.2.1,1891,AST,artillery,65
1891.2.1,1891,AST,hussar,4
1891.2.1,1891,AST,infantry,15
1891.2.1,1891,WAL,artillery,17
1891.2.1,1891,WAL,hussar,2
1891.2.1,1891,WAL,infantry,1
1891.2.1,1891,SAR,artillery,44
1891.2.1,1891,SAR,guard,8
1891.2.1,1891,SAR,hussar,3
1891.2.1,1891,SAR,infantry,37
1891.2.1,1891,SIC,artillery,84
1891.2.1,1891,SIC,dragoon,18
1891.2.1,1891,SIC,infantry,52
1891.2.1,1891,TUR,artillery,80
1891.2.1,1891,TUR,hussar,16
1891.2.1,1891,TUR,infantry,28
1891.2.1,1891,PER,artillery,40
1891.2.1,1891,PER,dragoon,1
1891.2.1,1891,PER,hussar,7
1891.2.1,1891,PER,infantry,16
1891.2.1,1891,JAS,dragoon,1
1891.2.1,1891,JAS,infantry,1
1891.2.1,1891,BIK,artillery,2
1891.2.1,1891,BIK,dragoon,1
1891.2.1,1891,BIK,infantry,2
1891.2.1,1891,MEW,dragoon,1
1891.2.1,1891,MEW,infantry,5
1891.2.1,1891,GWA,artillery,1
1891.2.1,1891,GWA,cuirassier,1
1891.2.1,1891,GWA,infantry,1
1891.2.1,1891,BAS,dragoon,1
1891.2.1,1891,BAS,infantry,1
1891.2.1,1891,NEP,cavalry,1
1891.2.1,1891,NEP,irregular,5
1891.2.1,1891,SIK,irregular,1
1891.2.1,1891,BHU,infantry,1
1891.2.1,1891,CHI,cavalry,21
1891.2.1,1891,CHI,infantry,33
1891.2.1,1891,CHI,irregular,25
1891.2.1,1891,GXI,cavalry,16
1891.2.1,1891,GXI,infantry,19
1891.2.1,1891,GXI,irregular,1
1891.2.1,1891,XBI,infantry,2
1891.2.1,1891,XBI,irregular,4
1891.2.1,1891,YNN,cavalry,11
1891.2.1,1891,YNN,infantry,23
1891.2.1,1891,YNN,irregular,10
1891.2.1,1891,TIB,cavalry,1
1891.2.1,1891,TIB,infantry,3
1891.2.1,1891,TIB,irregular,3
1891.2.1,1891,XIN,cavalry,1
1891.2.1,1891,XIN,infantry,5
1891.2.1,1891,ALD,infantry,3
1891.2.1,1891,MEX,artillery,105
1891.2.1,1891,MEX,cavalry,1
1891.2.1,1891,MEX,infantry,56
1891.2.1,1891,BRZ,artillery,49
1891.2.1,1891,BRZ,dragoon,5
1891.2.1,1891,BRZ,hussar,2
1891.2.1,1891,BRZ,infantry,24
1891.3.1,1891,USA,artillery,169
1891.3.1,1891,USA,dragoon,13
1891.3.1,1891,USA,hussar,9
1891.3.1,1891,USA,infantry,100
1891.3.1,1891,COL,infantry,1
1891.3.1,1891,ENG,artillery,376
1891.3.1,1891,ENG,cuirassier,2
1891.3.1,1891,ENG,hussar,22
1891.3.1,1891,ENG,infantry,224
1891.3.1,1891,FRA,artillery,169
1891.3.1,1891,FRA,dragoon,1
1891.3.1,1891,FRA,engineer,4
1891.3.1,1891,FRA,guard,13
1891.3.1,1891,FRA,hussar,21
1891.3.1,1891,FRA,infantry,206
1891.3.1,1891,SCA,artillery,101
1891.3.1,1891,SCA,guard,28
1891.3.1,1891,SCA,hussar,17
1891.3.1,1891,SCA,infantry,41
1891.3.1,1891,RUS,artillery,219
1891.3.1,1891,RUS,dragoon,1
1891.3.1,1891,RUS,hussar,6
1891.3.1,1891,RUS,infantry,287
1891.3.1,1891,GER,artillery,264
1891.3.1,1891,GER,hussar,24
1891.3.1,1891,GER,infantry,196
1891.3.1,1891,NET,artillery,15
1891.3.1,1891,NET,dragoon,3
1891.3.1,1891,NET,guard,4
1891.3.1,1891,NET,hussar,1
1891.3.1,1891,SPA,artillery,75
1891.3.1,1891,SPA,hussar,13
1891.3.1,1891,SPA,infantry,67
1891.3.1,1891,KUK,artillery,115
1891.3.1,1891,KUK,dragoon,23
1891.3.1,1891,KUK,infantry,105
1891.3.1,1891,CHL,artillery,68
1891.3.1,1891,CHL,dragoon,11
1891.3.1,1891,CHL,hussar,2
1891.3.1,1891,CHL,infantry,41
1891.3.1,1891,AST,artillery,65
1891.3.1,1891,AST,hussar,4
1891.3.1,1891,AST,infantry,15
1891.3.1,1891,WAL,artillery,17
1891.3.1,1891,WAL,hussar,2
1891.3.1,1891,WAL,infantry,1
1891.3.1,1891,SAR,artillery,44
1891.3.1,1891,SAR,guard,8
1891.3.1,1891,SAR,hussar,3
1891.3.1,1891,SAR,infantry,37
1891.3.1,1891,SIC,artillery,84
1891.3.1,1891,SIC,dragoon,18
1891.3.1,1891,SIC,infantry,52
1891.3.1,1891,TUR,artillery,80
1891.3.1,1891,TUR,hussar,16
1891.3.1,1891,TUR,infantry,28
1891.3.1,1891,PER,artillery,40
1891.3.1,1891,PER,dragoon,1
1891.3.1,1891,PER,hussar,7
1891.3.1,1891,PER,infantry,16
1891.3.1,1891,JAS,dragoon,1
1891.3.1,1891,JAS,infantry,1
1891.3.1,1891,BIK,artillery,2
1891.3.1,1891,BIK,dragoon,1
1891.3.1,1891,BIK,infantry,2
1891.3.1,1891,MEW,dragoon,1
1891.3.1,1891,MEW,infantry,5
1891.3.1,1891,GWA,artillery,1
1891.3.1,1891,GWA,cuirassier,1
1891.3.1,1891,GWA,infantry,1
1891.3.1,1891,BAS,dragoon,1
1891.3.1,1891,BAS,infantry,1
1891.3.1,1891,NEP,cavalry,1
1891.3.1,1891,NEP,irregular,5
1891.3.1,1891,SIK,irregular,1
1891.3.1,1891,BHU,infantry,1
1891.3.1,1891,CHI,cavalry,21
1891.3.1,1891,CHI,infantry,34
1891.3.1,1891,CHI,irregular,25
1891.3.1,1891,GXI,cavalry,16
1891.3.1,1891,GXI,infantry,20
1891.3.1,1891,GXI,irregular,1
1891.3.1,1891,XBI,infantry,2
1891.3.1,1891,XBI,irregular,4
1891.3.1,1891,YNN,cavalry,11
1891.3.1,1891,YNN,infantry,24
1891.3.1,1891,YNN,irregular,10
1891.3.1,1891,TIB,cavalry,1
1891.3.1,1891,TIB,infantry,3
1891.3.1,1891,TIB,irregular,3
1891.3.1,1891,XIN,cavalry,1
1891.3.1,1891,XIN,infantry,5
1891.3.1,1891,ALD,infantry,3
1891.3.1,1891,MEX,artillery,105
1891.3.1,1891,MEX,cavalry,1
1891.3.1,1891,MEX,infantry,56
1891.3.1,1891,BRZ,artillery,49
1891.3.1,1891,BRZ,dragoon,5
1891.3.1,1891,BRZ,hussar,2
1891.3.1,1891,BRZ,infantry,24
1891.4.1,1891,USA,artillery,169
1891.4.1,1891,USA,dragoon,13
1891.4.1,1891,USA,hussar,9
1891.4.1,1891,USA,infantry,110
1891.4.1,1891,COL,infantry,1
1891.4.1,1891,ENG,artillery,376
1891.4.1,1891,ENG,cuirassier,2
1891.4.1,1891,ENG,hussar,22
1891.4.1,1891,ENG,infantry,225
1891.4.1,1891,FRA,artillery,169
1891.4.1,1891,FRA,dragoon,1
1891.4.1,1891,FRA,engineer,4
1891.4.1,1891,FRA,guard,13
1891.4.1,1891,FRA,hussar,21
1891.4.1,1891,FRA,infantry,206
1891.4.1,1891,SCA,artillery,101
1891.4.1,1891,SCA,guard,28
1891.4.1,1891,SCA,hussar,17
1891.4.1,1891,SCA,infantry,41
1891.4.1,1891,RUS,artillery,219
1891.4.1,1891,RUS,dragoon,1
1891.4.1,1891,RUS,hussar,6
1891.4.1,1891,RUS,infantry,287
1891.4.1,1891,GER,artillery,265
1891.4.1,1891,GER,hussar,24
1891.4.1,1891,GER,infantry,196
1891.4.1,1891,NET,artillery,15
1891.4.1,1891,NET,dragoon,3
1891.4.1,1891,NET,guard,4
1891.4.1,1891,NET,hussar,1
1891.4.1,1891,SPA,artillery,75
1891.4.1,1891,SPA,hussar,13
1891.4.1,1891,SPA,infantry,67
1891.4.1,1891,KUK,artillery,115
1891.4.1,1891,KUK,dragoon,23
1891.4.1,1891,KUK,infantry,105
1891.4.1,1891,CHL,artillery,68
1891.4.1,1891,CHL,dragoon,11
1891.4.1,1891,CHL,hussar,2
1891.4.1,1891,CHL,infantry,41
1891.4.1,1891,AST,artillery,65
1891.4.1,1891,AST,hussar,4
1891.4.1,1891,AST,infantry,15
1891.4.1,1891,WAL,artillery,17
1891.4.1,1891,WAL,hussar,2
1891.4.1,1891,WAL,infantry,1
1891.4.1,1891,SAR,artillery,44
1891.4.1,1891,SAR,guard,8
1891.4.1,1891,SAR,hussar,3
1891.4.1,1891,SAR,infantry,37
1891.4.1,1891,SIC,artillery,84
1891.4.1,1891,SIC,dragoon,18
1891.4.1,1891,SIC,infantry,52
1891.4.1,1891,TUR,artillery,80
1891.4.1,1891,TUR,hussar,16
1891.4.1,1891,TUR,infantry,28
1891.4.1,1891,PER,artillery,40
1891.4.1,1891,PER,dragoon,1
1891.4.1,1891,PER,hussar,7
1891.4.1,1891,PER,infantry,16
1891.4.1,1891,JAS,dragoon,1
1891.4.1,1891,JAS,infantry,1
1891.4.1,1891,BIK,artillery,2
1891.4.1,1891,BIK,dragoon,1
1891.4.1,1891,BIK,infantry,2
1891.4.1,1891,MEW,dragoon,1
1891.4.1,1891,MEW,infantry,5
1891.4.1,1891,GWA,artillery,1
1891.4.1,1891,GWA,cuirassier,1
1891.4.1,1891,GWA,infantry,1
1891.4.1,1891,BAS,dragoon,1
1891.4.1,1891,BAS,infantry,1
1891.4.1,1891,NEP,cavalry,1
1891.4.1,1891,NEP,irregular,5
1891.4.1,1891,SIK,irregular,1
1891.4.1,1891,BHU,infantry,1
1891.4.1,1891,CHI,cavalry,21
1891.4.1,1891,CHI,infantry,36
1891.4.1,1891,CHI,irregular,25
1891.4.1,1891,GXI,cavalry,18
1891.4.1,1891,GXI,infantry,20
1891.4.1,1891,GXI,irregular,1
1891.4.1,1891,XBI,infantry,2
1891.4.1,1891,XBI,irregular,4
1891.4.1,1891,YNN,cavalry,11
1891.4.1,1891,YNN,infantry,24
1891.4.1,1891,YNN,irregular,10
1891.4.1,1891,TIB,cavalry,1
1891.4.1,1891,TIB,infantry,3
1891.4.1,1891,TIB,irregular,3
1891.4.1,1891,XIN,cavalry,1
1891.4.1,1891,XIN,infantry,5
1891.4.1,1891,ALD,infantry,3
1891.4.1,1891,MEX,artillery,105
1891.4.1,1891,MEX,cavalry,1
1891.4.1,1891,MEX,infantry,56
1891.4.1,1891,BRZ,artillery,49
1891.4.1,1891,BRZ,dragoon,5
1891.4.1,1891,BRZ,hussar,2
1891.4.1,1891,BRZ,infantry,24
1891.5.1,1891,USA,artillery,169
1891.5.1,1891,USA,dragoon,13
1891.5.1,1891,USA,hussar,9
1891.5.1,1891,USA,infantry,121
1891.5.1,1891,COL,infantry,1
1891.5.1,1891,ENG,artillery,376
1891.5.1,1891,ENG,cuirassier,2
1891.5.1,1891,ENG,hussar,22
1891.5.1,1891,ENG,infantry,228
1891.5.1,1891,FRA,artillery,169
1891.5.1,1891,FRA,dragoon,1
1891.5.1,1891,FRA,engineer,4
1891.5.1,1891,FRA,guard,13
1891.5.1,1891,FRA,hussar,21
1891.5.1,1891,FRA,infantry,206
1891.5.1,1891,SCA,artillery,101
1891.5.1,1891,SCA,guard,28
1891.5.1,1891,SCA,hussar,17
1891.5.1,1891,SCA,infantry,41
1891.5.1,1891,RUS,artillery,219
1891.5.1,1891,RUS,dragoon,1
1891.5.1,1891,RUS,hussar,6
1891.5.1,1891,RUS,infantry,287
1891.5.1,1891,GER,artillery,265
1891.5.1,1891,GER,hussar,24
1891.5.1,1891,GER,infantry,196
1891.5.1,1891,NET,artillery,15
1891.5.1,1891,NET,dragoon,3
1891.5.1,1891,NET,guard,4
1891.5.1,1891,NET,hussar,1
1891.5.1,1891,SPA,artillery,75
1891.5.1,1891,SPA,hussar,13
1891.5.1,1891,SPA,infantry,67
1891.5.1,1891,KUK,artillery,115
1891.5.1,1891,KUK,dragoon,23
1891.5.1,1891,KUK,infantry,105
1891.5.1,1891,CHL,artillery,68
1891.5.1,1891,CHL,dragoon,11
1891.5.1,1891,CHL,hussar,2
1891.5.1,1891,CHL,infantry,41
1891.5.1,1891,AST,artillery,65
1891.5.1,1891,AST,hussar,4
1891.5.1,1891,AST,infantry,15
1891.5.1,1891,WAL,artillery,17
1891.5.1,1891,WAL,hussar,2
1891.5.1,1891,WAL,infantry,1
1891.5.1,1891,SAR,artillery,44
1891.5.1,1891,SAR,guard,8
1891.5.1,1891,SAR,hussar,3
1891.5.1,1891,SAR,infantry,37
1891.5.1,1891,SIC,artillery,88
1891.5.1,1891,SIC,dragoon,18
1891.5.1,1891,SIC,infantry,52
1891.5.1,1891,TUR,artillery,80
1891.5.1,1891,TUR,hussar,16
1891.5.1,1891,TUR,infantry,28
1891.5.1,1891,PER,artillery,40
1891.5.1,1891,PER,dragoon,1
1891.5.1,1891,PER,hussar,7
1891.5.1,1891,PER,infantry,16
1891.5.1,1891,JAS,dragoon,1
1891.5.1,1891,JAS,infantry,1
1891.5.1,1891,BIK,artillery,2
1891.5.1,1891,BIK,dragoon,1
1891.5.1,1891,BIK,infantry,2
1891.5.1,1891,MEW,dragoon,1
1891.5.1,1891,MEW,infantry,5
1891.5.1,1891,GWA,artillery,1
1891.5.1,1891,GWA,cuirassier,1
1891.5.1,1891,GWA,infantry,1
1891.5.1,1891,BAS,dragoon,1
1891.5.1,1891,BAS,infantry,1
1891.5.1,1891,NEP,cavalry,1
1891.5.1,1891,NEP,irregular,5
1891.5.1,1891,SIK,irregular,1
1891.5.1,1891,BHU,infantry,1
1891.5.1,1891,CHI,cavalry,21
1891.5.1,1891,CHI,infantry,37
1891.5.1,1891,CHI,irregular,25
1891.5.1,1891,GXI,cavalry,19
1891.5.1,1891,GXI,infantry,20
1891.5.1,1891,GXI,irregular,1
1891.5.1,1891,XBI,infantry,2
1891.5.1,1891,XBI,irregular,4
1891.5.1,1891,YNN,cavalry,11
1891.5.1,1891,YNN,infantry,24
1891.5.1,1891,YNN,irregular,10
1891.5.1,1891,TIB,cavalry,1
1891.5.1,1891,TIB,infantry,3
1891.5.1,1891,TIB,irregular,3
1891.5.1,1891,XIN,cavalry,1
1891.5.1,1891,XIN,infantry,5
1891.5.1,1891,ALD,infantry,3
1891.5.1,1891,MEX,artillery,105
1891.5.1,1891,MEX,cavalry,1
1891.5.1,1891,MEX,infantry,56
1891.5.1,1891,BRZ,artillery,49
1891.5.1,1891,BRZ,dragoon,5
1891.5.1,1891,BRZ,hussar,2
1891.5.1,1891,BRZ,infantry,24
1891.6.1,1891,USA,artillery,169
1891.6.1,1891,USA,dragoon,13
1891.6.1,1891,USA,hussar,9
1891.6.1,1891,USA,infantry,132
1891.6.1,1891,COL,infantry,1
1891.6.1,1891,ENG,artillery,376
1891.6.1,1891,ENG,cuirassier,2
1891.6.1,1891,ENG,hussar,22
1891.6.1,1891,ENG,infantry,232
1891.6.1,1891,FRA,artillery,169
1891.6.1,1891,FRA,dragoon,1
1891.6.1,1891,FRA,engineer,4
1891.6.1,1891,FRA,guard,13
1891.6.1,1891,FRA,hussar,21
1891.6.1,1891,FRA,infantry,206
1891.6.1,1891,SCA,artillery,103
1891.6.1,1891,SCA,guard,31
1891.6.1,1891,SCA,hussar,18
1891.6.1,1891,SCA,infantry,41
1891.6.1,1891,RUS,artillery,219
1891.6.1,1891,RUS,dragoon,1
1891.6.1,1891,RUS,hussar,6
1891.6.1,1891,RUS,infantry,287
1891.6.1,1891,GER,artillery,265
1891.6.1,1891,GER,hussar,24
1891.6.1,1891,GER,infantry,196
1891.6.1,1891,NET,artillery,15
1891.6.1,1891,NET,dragoon,3
1891.6.1,1891,NET,guard,4
1891.6.1,1891,NET,hussar,1
1891.6.1,1891,SPA,artillery,75
1891.6.1,1891,SPA,hussar,13
1891.6.1,1891,SPA,infantry,67
1891.6.1,1891,KUK,artillery,115
1891.6.1,1891,KUK,dragoon,23
1891.6.1,1891,KUK,infantry,105
1891.6.1,1891,CHL,artillery,68
1891.6.1,1891,CHL,dragoon,11
1891.6.1,1891,CHL,hussar,2
1891.6.1,1891,CHL,infantry,41
1891.6.1,1891,AST,artillery,65
1891.6.1,1891,AST,hussar,4
1891.6.1,1891,AST,infantry,15
1891.6.1,1891,WAL,artillery,17
1891.6.1,1891,WAL,hussar,2
1891.6.1,1891,WAL,infantry,1
1891.6.1,1891,SAR,artillery,44
1891.6.1,1891,SAR,guard,8
1891.6.1,1891,SAR,hussar,3
1891.6.1,1891,SAR,infantry,37
1891.6.1,1891,SIC,artillery,88
1891.6.1,1891,SIC,dragoon,18
1891.6.1,1891,SIC,infantry,52
1891.6.1,1891,TUR,artillery,80
1891.6.1,1891,TUR,hussar,16
1891.6.1,1891,TUR,infantry,28
1891.6.1,1891,PER,artillery,40
1891.6.1,1891,PER,dragoon,1
1891.6.1,1891,PER,hussar,7
1891.6.1,1891,PER,infantry,16
1891.6.1,1891,JAS,dragoon,1
1891.6.1,1891,JAS,infantry,1
1891.6.1,1891,BIK,artillery,2
1891.6.1,1891,BIK,dragoon,1
1891.6.1,1891,BIK,infantry,2
1891.6.1,1891,MEW,dragoon,1
1891.6.1,1891,MEW,infantry,5
1891.6.1,1891,GWA,artillery,1
1891.6.1,1891,GWA,cuirassier,1
1891.6.1,1891,GWA,infantry,1
1891.6.1,1891,BAS,dragoon,1
1891.6.1,1891,BAS,infantry,1
1891.6.1,1891,NEP,cavalry,1
1891.6.1,1891,NEP,irregular,5
1891.6.1,1891,SIK,irregular,1
1891.6.1,1891,BHU,infantry,1
1891.6.1,1891,CHI,cavalry,22
1891.6.1,1891,CHI,infantry,39
1891.6.1,1891,CHI,irregular,25
1891.6.1,1891,GXI,cavalry,20
1891.6.1,1891,GXI,infantry,21
1891.6.1,1891,GXI,irregular,1
1891.6.1,1891,XBI,infantry,2
1891.6.1,1891,XBI,irregular,4
1891.6.1,1891,YNN,cavalry,12
1891.6.1,1891,YNN,infantry,25
1891.6.1,1891,YNN,irregular,10
1891.6.1,1891,TIB,cavalry,1
1891.6.1,1891,TIB,infantry,3
1891.6.1,1891,TIB,irregular,3
1891.6.1,1891,XIN,cavalry,1
1891.6.1,1891,XIN,infantry,5
1891.6.1,1891,ALD,infantry,3
1891.6.1,1891,MEX,artillery,105
1891.6.1,1891,MEX,cavalry,1
1891.6.1,1891,MEX,infantry,56
1891.6.1,1891,BRZ,artillery,49
1891.6.1,1891,BRZ,dragoon,5
1891.6.1,1891,BRZ,hussar,2
1891.6.1,1891,BRZ,infantry,24
1891.7.1,1891,USA,artillery,169
1891.7.1,1891,USA,dragoon,13
1891.7.1,1891,USA,hussar,9
1891.7.1,1891,USA,infantry,140
1891.7.1,1891,COL,infantry,1
1891.7.1,1891,ENG,artillery,374
1891.7.1,1891,ENG,cuirassier,2
1891.7.1,1891,ENG,hussar,22
1891.7.1,1891,ENG,infantry,235
1891.7.1,1891,FRA,artillery,169
1891.7.1,1891,FRA,dragoon,1
1891.7.1,1891,FRA,engineer,4
1891.7.1,1891,FRA,guard,13
1891.7.1,1891,FRA,hussar,21
1891.7.1,1891,FRA,infantry,206
1891.7.1,1891,SCA,artillery,107
1891.7.1,1891,SCA,guard,31
1891.7.1,1891,SCA,hussar,18
1891.7.1,1891,SCA,infantry,41
1891.7.1,1891,RUS,artillery,219
1891.7.1,1891,RUS,dragoon,1
1891.7.1,1891,RUS,hussar,6
1891.7.1,1891,RUS,infantry,287
1891.7.1,1891,GER,artillery,265
1891.7.1,1891,GER,hussar,24
1891.7.1,1891,GER,infantry,196
1891.7.1,1891,NET,artillery,15
1891.7.1,1891,NET,dragoon,3
1891.7.1,1891,NET,guard,4
1891.7.1,1891,NET,hussar,1
1891.7.1,1891,SPA,artillery,75
1891.7.1,1891,SPA,hussar,13
1891.7.1,1891,SPA,infantry,67
1891.7.1,1891,KUK,artillery,115
1891.7.1,1891,KUK,dragoon,23
1891.7.1,1891,KUK,infantry,105
1891.7.1,1891,CHL,artillery,68
1891.7.1,1891,CHL,dragoon,11
1891.7.1,1891,CHL,hussar,2
1891.7.1,1891,CHL,infantry,41
1891.7.1,1891,AST,artillery,65
1891.7.1,1891,AST,hussar,4
1891.7.1,1891,AST,infantry,15
1891.7.1,1891,WAL,artillery,17
1891.7.1,1891,WAL,hussar,2
1891.7.1,1891,WAL,infantry,1
1891.7.1,1891,SAR,artillery,44
1891.7.1,1891,SAR,guard,8
1891.7.1,1891,SAR,hussar,3
1891.7.1,1891,SAR,infantry,37
1891.7.1,1891,SIC,artillery,88
1891.7.1,1891,SIC,dragoon,18
1891.7.1,1891,SIC,infantry,52
1891.7.1,1891,TUR,artillery,80
1891.7.1,1891,TUR,hussar,16
1891.7.1,1891,TUR,infantry,28
1891.7.1,1891,PER,artillery,40
1891.7.1,1891,PER,dragoon,1
1891.7.1,1891,PER,hussar,7
1891.7.1,1891,PER,infantry,16
1891.7.1,1891,JAS,dragoon,1
1891.7.1,1891,JAS,infantry,1
1891.7.1,1891,BIK,artillery,2
1891.7.1,1891,BIK,dragoon,1
1891.7.1,1891,BIK,infantry,2
1891.7.1,1891,MEW,dragoon,1
1891.7.1,1891,MEW,infantry,5
1891.7.1,1891,GWA,artillery,1
1891.7.1,1891,GWA,cuirassier,1
1891.7.1,1891,GWA,infantry,1
1891.7.1,1891,BAS,dragoon,1
1891.7.1,1891,BAS,infantry,1
1891.7.1,1891,NEP,cavalry,1
1891.7.1,1891,NEP,irregular,5
1891.7.1,1891,SIK,irregular,1
1891.7.1,1891,BHU,infantry,1
1891.7.1,1891,CHI,cavalry,22
1891.7.1,1891,CHI,infantry,41
1891.7.1,1891,CHI,irregular,25
1891.7.1,1891,GXI,cavalry,20
1891.7.1,1891,GXI,infantry,21
1891.7.1,1891,GXI,irregular,1
1891.7.1,1891,XBI,infantry,2
1891.7.1,1891,XBI,irregular,4
1891.7.1,1891,YNN,cavalry,12
1891.7.1,1891,YNN,infantry,25
1891.7.1,1891,YNN,irregular,10
1891.7.1,1891,TIB,cavalry,1
1891.7.1,1891,TIB,infantry,3
1891.7.1,1891,TIB,irregular,3
1891.7.1,1891,XIN,cavalry,1
1891.7.1,1891,XIN,infantry,5
1891.7.1,1891,XIN,irregular,1
1891.7.1,1891,ALD,infantry,3
1891.7.1,1891,MEX,artillery,105
1891.7.1,1891,MEX,cavalry,1
1891.7.1,1891,MEX,infantry,56
1891.7.1,1891,BRZ,artillery,49
1891.7.1,1891,BRZ,dragoon,5
1891.7.1,1891,BRZ,hussar,2
1891.7.1,1891,BRZ,infantry,24
1891.8.1,1891,USA,artillery,169
1891.8.1,1891,USA,dragoon,13
1891.8.1,1891,USA,hussar,9
1891.8.1,1891,USA,infantry,148
1891.8.1,1891,COL,infantry,1
1891.8.1,1891,ENG,artillery,374
1891.8.1,1891,ENG,cuirassier,2
1891.8.1,1891,ENG,hussar,22
1891.8.1,1891,ENG,infantry,235
1891.8.1,1891,FRA,artillery,171
1891.8.1,1891,FRA,dragoon,1
1891.8.1,1891,FRA,engineer,4
1891.8.1,1891,FRA,guard,13
1891.8.1,1891,FRA,hussar,21
1891.8.1,1891,FRA,infantry,206
1891.8.1,1891,SCA,artillery,107
1891.8.1,1891,SCA,guard,31
1891.8.1,1891,SCA,hussar,18
1891.8.1,1891,SCA,infantry,41
1891.8.1,1891,RUS,artillery,219
1891.8.1,1891,RUS,dragoon,1
1891.8.1,1891,RUS,hussar,6
1891.8.1,1891,RUS,infantry,287
1891.8.1,1891,GER,artillery,265
1891.8.1,1891,GER,hussar,24
1891.8.1,1891,GER,infantry,196
1891.8.1,1891,NET,artillery,15
1891.8.1,1891,NET,dragoon,3
1891.8.1,1891,NET,guard,4
1891.8.1,1891,NET,hussar,1
1891.8.1,1891,SPA,artillery,75
1891.8.1,1891,SPA,hussar,13
1891.8.1,1891,SPA,infantry,67
1891.8.1,1891,KUK,artillery,115
1891.8.1,1891,KUK,dragoon,23
1891.8.1,1891,KUK,infantry,105
1891.8.1,1891,CHL,artillery,68
1891.8.1,1891,CHL,dragoon,11
1891.8.1,1891,CHL,hussar,2
1891.8.1,1891,CHL,infantry,41
1891.8.1,1891,AST,artillery,65
1891.8.1,1891,AST,hussar,4
1891.8.1,1891,AST,infantry,15
1891.8.1,1891,WAL,artillery,17
1891.8.1,1891,WAL,hussar,2
1891.8.1,1891,WAL,infantry,1
1891.8.1,1891,SAR,artillery,44
1891.8.1,1891,SAR,guard,8
1891.8.1,1891,SAR,hussar,3
1891.8.1,1891,SAR,infantry,37
1891.8.1,1891,SIC,artillery,88
1891.8.1,1891,SIC,dragoon,18
1891.8.1,1891,SIC,infantry,52
1891.8.1,1891,TUR,artillery,80
1891.8.1,1891,TUR,hussar,16
1891.8.1,1891,TUR,infantry,28
1891.8.1,1891,PER,artillery,40
1891.8.1,1891,PER,dragoon,1
1891.8.1,1891,PER,hussar,7
1891.8.1,1891,PER,infantry,16
1891.8.1,1891,JAS,dragoon,1
1891.8.1,1891,JAS,infantry,1
1891.8.1,1891,BIK,artillery,2
1891.8.1,1891,BIK,dragoon,1
1891.8.1,1891,BIK,infantry,2
1891.8.1,1891,MEW,dragoon,1
1891.8.1,1891,MEW,infantry,5
1891.8.1,1891,GWA,artillery,1
1891.8.1,1891,GWA,cuirassier,1
1891.8.1,1891,GWA,infantry,1
1891.8.1,1891,BAS,dragoon,1
1891.8.1,1891,BAS,infantry,1
1891.8.1,1891,NEP,cavalry,1
1891.8.1,1891,NEP,irregular,5
1891.8.1,1891,SIK,irregular,1
1891.8.1,1891,BHU,infantry,1
1891.8.1,1891,CHI,cavalry,22
1891.8.1,1891,CHI,infantry,41
1891.8.1,1891,CHI,irregular,25
1891.8.1,1891,GXI,cavalry,21
1891.8.1,1891,GXI,infantry,22
1891.8.1,1891,GXI,irregular,1
1891.8.1,1891,XBI,infantry,2
1891.8.1,1891,XBI,irregular,4
1891.8.1,1891,YNN,cavalry,12
1891.8.1,1891,YNN,infantry,25
1891.8.1,1891,YNN,irregular,10
1891.8.1,1891,TIB,cavalry,1
1891.8.1,1891,TIB,infantry,3
1891.8.1,1891,TIB,irregular,3
1891.8.1,1891,XIN,cavalry,1
1891.8.1,1891,XIN,infantry,5
1891.8.1,1891,XIN,irregular,1
1891.8.1,1891,ALD,infantry,3
1891.8.1,1891,MEX,artillery,105
1891.8.1,1891,MEX,cavalry,1
1891.8.1,1891,MEX,infantry,56
1891.8.1,1891,BRZ,artillery,49
1891.8.1,1891,BRZ,dragoon,5
1891.8.1,1891,BRZ,hussar,2
1891.8.1,1891,BRZ,infantry,24
1891.9.1,1891,USA,artillery,169
1891.9.1,1891,USA,dragoon,13
1891.9.1,1891,USA,hussar,9
1891.9.1,1891,USA,infantry,152
1891.9.1,1891,COL,infantry,1
1891.9.1,1891,ENG,artillery,376
1891.9.1,1891,ENG,cuirassier,2
1891.9.1,1891,ENG,hussar,22
1891.9.1,1891,ENG,infantry,236
1891.9.1,1891,FRA,artillery,173
1891.9.1,1891,FRA,dragoon,1
1891.9.1,1891,FRA,engineer,4
1891.9.1,1891,FRA,guard,13
1891.9.1,1891,FRA,hussar,21
1891.9.1,1891,FRA,infantry,206
1891.9.1,1891,SCA,artillery,107
1891.9.1,1891,SCA,guard,31
1891.9.1,1891,SCA,hussar,18
1891.9.1,1891,SCA,infantry,41
1891.9.1,1891,RUS,artillery,219
1891.9.1,1891,RUS,dragoon,1
1891.9.1,1891,RUS,hussar,6
1891.9.1,1891,RUS,infantry,287
1891.9.1,1891,GER,artillery,267
1891.9.1,1891,GER,hussar,24
1891.9.1,1891,GER,infantry,196
1891.9.1,1891,NET,artillery,15
1891.9.1,1891,NET,dragoon,3
1891.9.1,1891,NET,guard,4
1891.9.1,1891,NET,hussar,1
1891.9.1,1891,SPA,artillery,75
1891.9.1,1891,SPA,hussar,13
1891.9.1,1891,SPA,infantry,67
1891.9.1,1891,KUK,artillery,115
1891.9.1,1891,KUK,dragoon,23
1891.9.1,1891,KUK,infantry,105
1891.9.1,1891,CHL,artillery,68
1891.9.1,1891,CHL,dragoon,11
1891.9.1,1891,CHL,hussar,2
1891.9.1,1891,CHL,infantry,41
1891.9.1,1891,AST,artillery,65
1891.9.1,1891,AST,hussar,4
1891.9.1,1891,AST,infantry,15
1891.9.1,1891,WAL,artillery,17
1891.9.1,1891,WAL,hussar,2
1891.9.1,1891,WAL,infantry,1
1891.9.1,1891,SAR,artillery,44
1891.9.1,1891,SAR,guard,8
1891.9.1,1891,SAR,hussar,3
1891.9.1,1891,SAR,infantry,37
1891.9.1,1891,SIC,artillery,88
1891.9.1,1891,SIC,dragoon,18
1891.9.1,1891,SIC,infantry,52
1891.9.1,1891,TUR,artillery,80
1891.9.1,1891,TUR,hussar,16
1891.9.1,1891,TUR,infantry,28
1891.9.1,1891,PER,artillery,40
1891.9.1,1891,PER,dragoon,1
1891.9.1,1891,PER,hussar,7
1891.9.1,1891,PER,infantry,16
1891.9.1,1891,JAS,dragoon,1
1891.9.1,1891,JAS,infantry,1
1891.9.1,1891,BIK,artillery,2
1891.9.1,1891,BIK,dragoon,1
1891.9.1,1891,BIK,infantry,2
1891.9.1,1891,MEW,dragoon,1
1891.9.1,1891,MEW,infantry,5
1891.9.1,1891,GWA,artillery,1
1891.9.1,1891,GWA,cuirassier,1
1891.9.1,1891,GWA,infantry,1
1891.9.1,1891,BAS,dragoon,1
1891.9.1,1891,BAS,infantry,1
1891.9.1,1891,NEP,cavalry,1
1891.9.1,1891,NEP,irregular,5
1891.9.1,1891,SIK,irregular,1
1891.9.1,1891,BHU,infantry,1
1891.9.1,1891,CHI,cavalry,23
1891.9.1,1891,CHI,infantry,43
1891.9.1,1891,CHI,irregular,25
1891.9.1,1891,GXI,cavalry,21
1891.9.1,1891,GXI,infantry,23
1891.9.1,1891,GXI,irregular,1
1891.9.1,1891,XBI,infantry,2
1891.9.1,1891,XBI,irregular,4
1891.9.1,1891,YNN,cavalry,12
1891.9.1,1891,YNN,infantry,27
1891.9.1,1891,YNN,irregular,10
1891.9.1,1891,TIB,cavalry,1
1891.9.1,1891,TIB,infantry,3
1891.9.1,1891,TIB,irregular,3
1891.9.1,1891,XIN,cavalry,1
1891.9.1,1891,XIN,infantry,5
1891.9.1,1891,XIN,irregular,1
1891.9.1,1891,ALD,infantry,3
1891.9.1,1891,MEX,artillery,105
1891.9.1,1891,MEX,cavalry,1
1891.9.1,1891,MEX,infantry,56
1891.9.1,1891,BRZ,artillery,49
1891.9.1,1891,BRZ,dragoon,5
1891.9.1,1891,BRZ,hussar,2
1891.9.1,1891,BRZ,infantry,24
1891.10.1,1891,USA,artillery,169
1891.10.1,1891,USA,dragoon,13
1891.10.1,1891,USA,hussar,9
1891.10.1,1891,USA,infantry,152
1891.10.1,1891,COL,infantry,1
1891.10.1,1891,ENG,artillery,378
1891.10.1,1891,ENG,cuirassier,2
1891.10.1,1891,ENG,hussar,22
1891.10.1,1891,ENG,infantry,236
1891.10.1,1891,FRA,artillery,173
1891.10.1,1891,FRA,dragoon,1
1891.10.1,1891,FRA,engineer,4
1891.10.1,1891,FRA,guard,13
1891.10.1,1891,FRA,hussar,21
1891.10.1,1891,FRA,infantry,206
1891.10.1,1891,SCA,artillery,107
1891.10.1,1891,SCA,guard,31
1891.10.1,1891,SCA,hussar,18
1891.10.1,1891,SCA,infantry,41
1891.10.1,1891,RUS,artillery,219
1891.10.1,1891,RUS,dragoon,1
1891.10.1,1891,RUS,hussar,6
1891.10.1,1891,RUS,infantry,287
1891.10.1,1891,GER,artillery,270
1891.10.1,1891,GER,hussar,24
1891.10.1,1891,GER,infantry,196
1891.10.1,1891,NET,artillery,15
1891.10.1,1891,NET,dragoon,3
1891.10.1,1891,NET,guard,4
1891.10.1,1891,NET,hussar,1
1891.10.1,1891,SPA,artillery,75
1891.10.1,1891,SPA,hussar,13
1891.10.1,1891,SPA,infantry,67
1891.10.1,1891,KUK,artillery,115
1891.10.1,1891,KUK,dragoon,23
1891.10.1,1891,KUK,infantry,105
1891.10.1,1891,CHL,artillery,68
1891.10.1,1891,CHL,dragoon,11
1891.10.1,1891,CHL,hussar,2
1891.10.1,1891,CHL,infantry,41
1891.10.1,1891,AST,artillery,65
1891.10.1,1891,AST,hussar,4
1891.10.1,1891,AST,infantry,15
1891.10.1,1891,WAL,artillery,17
1891.10.1,1891,WAL,hussar,2
1891.10.1,1891,WAL,infantry,1
1891.10.1,1891,SAR,artillery,44
1891.10.1,1891,SAR,guard,8
1891.10.1,1891,SAR,hussar,3
1891.10.1,1891,SAR,infantry,37
1891.10.1,1891,SIC,artillery,88
1891.10.1,1891,SIC,dragoon,18
1891.10.1,1891,SIC,infantry,52
1891.10.1,1891,TUR,artillery,80
1891.10.1,1891,TUR,hussar,16
1891.10.1,1891,TUR,infantry,28
1891.10.1,1891,PER,artillery,40
1891.10.1,1891,PER,dragoon,1
1891.10.1,1891,PER,hussar,7
1891.10.1,1891,PER,infantry,16
1891.10.1,1891,JAS,dragoon,1
1891.10.1,1891,JAS,infantry,1
1891.10.1,1891,BIK,artillery,2
1891.10.1,1891,BIK,dragoon,1
1891.10.1,1891,BIK,infantry,2
1891.10.1,1891,MEW,dragoon,1
1891.10.1,1891,MEW,infantry,5
1891.10.1,1891,GWA,artillery,1
1891.10.1,1891,GWA,cuirassier,1
1891.10.1,1891,GWA,infantry,1
1891.10.1,1891,BAS,dragoon,1
1891.10.1,1891,BAS,infantry,1
1891.10.1,1891,NEP,cavalry,1
1891.10.1,1891,NEP,irregular,5
1891.10.1,1891,SIK,irregular,1
1891.10.1,1891,BHU,infantry,1
1891.10.1,1891,CHI,cavalry,23
1891.10.1,1891,CHI,infantry,43
1891.10.1,1891,CHI,irregular,25
1891.10.1,1891,GXI,cavalry,21
1891.10.1,1891,GXI,infantry,23
1891.10.1,1891,GXI,irregular,1
1891.10.1,1891,XBI,infantry,2
1891.10.1,1891,XBI,irregular,4
1891.10.1,1891,YNN,cavalry,12
1891.10.1,1891,YNN,infantry,28
1891.10.1,1891,YNN,irregular,10
1891.10.1,1891,TIB,cavalry,1
1891.10.1,1891,TIB,infantry,3
1891.10.1,1891,TIB,irregular,3
1891.10.1,1891,XIN,cavalry,1
1891.10.1,1891,XIN,infantry,5
1891.10.1,1891,XIN,irregular,1
1891.10.1,1891,ALD,infantry,3
1891.10.1,1891,MEX,artillery,105
1891.10.1,1891,MEX,cavalry,1
1891.10.1,1891,MEX,infantry,56
1891.10.1,1891,BRZ,artillery,49
1891.10.1,1891,BRZ,dragoon,5
1891.10.1,1891,BRZ,hussar,2
1891.10.1,1891,BRZ,infantry,24
1891.11.1,1891,USA,artillery,169
1891.11.1,1891,USA,dragoon,13
1891.11.1,1891,USA,hussar,9
1891.11.1,1891,USA,infantry,152
1891.11.1,1891,COL,infantry,1
1891.11.1,1891,ENG,artillery,381
1891.11.1,1891,ENG,cuirassier,2
1891.11.1,1891,ENG,hussar,22
1891.11.1,1891,ENG,infantry,236
1891.11.1,1891,FRA,artillery,173
1891.11.1,1891,FRA,dragoon,1
1891.11.1,1891,FRA,engineer,4
1891.11.1,1891,FRA,guard,13
1891.11.1,1891,FRA,hussar,21
1891.11.1,1891,FRA,infantry,206
1891.11.1,1891,SCA,artillery,107
1891.11.1,1891,SCA,guard,31
1891.11.1,1891,SCA,hussar,18
1891.11.1,1891,SCA,infantry,41
1891.11.1,1891,RUS,artillery,219
1891.11.1,1891,RUS,dragoon,1
1891.11.1,1891,RUS,hussar,6
1891.11.1,1891,RUS,infantry,287
1891.11.1,1891,GER,artillery,273
1891.11.1,1891,GER,hussar,24
1891.11.1,1891,GER,infantry,196
1891.11.1,1891,NET,artillery,15
1891.11.1,1891,NET,dragoon,3
1891.11.1,1891,NET,guard,4
1891.11.1,1891,NET,hussar,1
1891.11.1,1891,SPA,artillery,75
1891.11.1,1891,SPA,hussar,13
1891.11.1,1891,SPA,infantry,67
1891.11.1,1891,KUK,artillery,115
1891.11.1,1891,KUK,dragoon,23
1891.11.1,1891,KUK,infantry,105
1891.11.1,1891,CHL,artillery,68
1891.11.1,1891,CHL,dragoon,11
1891.11.1,1891,CHL,hussar,2
1891.11.1,1891,CHL,infantry,41
1891.11.1,1891,AST,artillery,65
1891.11.1,1891,AST,hussar,4
1891.11.1,1891,AST,infantry,15
1891.11.1,1891,WAL,artillery,17
1891.11.1,1891,WAL,hussar,2
1891.11.1,1891,WAL,infantry,1
1891.11.1,1891,SAR,artillery,44
1891.11.1,1891,SAR,guard,9
1891.11.1,1891,SAR,hussar,3
1891.11.1,1891,SAR,infantry,37
1891.11.1,1891,SIC,artillery,88
1891.11.1,1891,SIC,dragoon,18
1891.11.1,1891,SIC,infantry,52
1891.11.1,1891,TUR,artillery,80
1891.11.1,1891,TUR,hussar,16
1891.11.1,1891,TUR,infantry,28
1891.11.1,1891,PER,artillery,40
1891.11.1,1891,PER,dragoon,1
1891.11.1,1891,PER,hussar,7
1891.11.1,1891,PER,infantry,16
1891.11.1,1891,JAS,dragoon,1
1891.11.1,1891,JAS,infantry,1
1891.11.1,1891,BIK,artillery,2
1891.11.1,1891,BIK,dragoon,1
1891.11.1,1891,BIK,infantry,2
1891.11.1,1891,MEW,dragoon,1
1891.11.1,1891,MEW,infantry,5
1891.11.1,1891,GWA,artillery,1
1891.11.1,1891,GWA,cuirassier,1
1891.11.1,1891,GWA,infantry,1
1891.11.1,1891,BAS,dragoon,1
1891.11.1,1891,BAS,infantry,1
1891.11.1,1891,NEP,cavalry,1
1891.11.1,1891,NEP,irregular,5
1891.11.1,1891,SIK,irregular,1
1891.11.1,1891,BHU,infantry,1
1891.11.1,1891,CHI,cavalry,24
1891.11.1,1891,CHI,infantry,43
1891.11.1,1891,CHI,irregular,26
1891.11.1,1891,GXI,cavalry,21
1891.11.1,1891,GXI,infantry,25
1891.11.1,1891,GXI,irregular,1
1891.11.1,1891,XBI,infantry,2
1891.11.1,1891,XBI,irregular,4
1891.11.1,1891,YNN,cavalry,12
1891.11.1,1891,YNN,infantry,29
1891.11.1,1891,YNN,irregular,10
1891.11.1,1891,TIB,cavalry,1
1891.11.1,1891,TIB,infantry,3
1891.11.1,1891,TIB,irregular,3
1891.11.1,1891,XIN,cavalry,1
1891.11.1,1891,XIN,infantry,5
1891.11.1,1891,XIN,irregular,1
1891.11.1,1891,ALD,infantry,3
1891.11.1,1891,MEX,artillery,105
1891.11.1,1891,MEX,cavalry,1
1891.11.1,1891,MEX,infantry,56
1891.11.1,1891,BRZ,artillery,49
1891.11.1,1891,BRZ,dragoon,5
1891.11.1,1891,BRZ,hussar,2
1891.11.1,1891,BRZ,infantry,24
1891.12.1,1891,USA,artillery,169
1891.12.1,1891,USA,dragoon,13
1891.12.1,1891,USA,hussar,9
1891.12.1,1891,USA,infantry,152
1891.12.1,1891,COL,infantry,1
1891.12.1,1891,ENG,artillery,384
1891.12.1,1891,ENG,cuirassier,2
1891.12.1,1891,ENG,hussar,22
1891.12.1,1891,ENG,infantry,236
1891.12.1,1891,FRA,artillery,173
1891.12.1,1891,FRA,dragoon,1
1891.12.1,1891,FRA,engineer,4
1891.12.1,1891,FRA,guard,13
1891.12.1,1891,FRA,hussar,21
1891.12.1,1891,FRA,infantry,206
1891.12.1,1891,SCA,artillery,107
1891.12.1,1891,SCA,guard,31
1891.12.1,1891,SCA,hussar,18
1891.12.1,1891,SCA,infantry,41
1891.12.1,1891,RUS,artillery,219
1891.12.1,1891,RUS,dragoon,1
1891.12.1,1891,RUS,hussar,6
1891.12.1,1891,RUS,infantry,287
1891.12.1,1891,GER,artillery,275
1891.12.1,1891,GER,hussar,24
1891.12.1,1891,GER,infantry,196
1891.12.1,1891,NET,artillery,16
1891.12.1,1891,NET,dragoon,3
1891.12.1,1891,NET,engineer,1
1891.12.1,1891,NET,guard,4
1891.12.1,1891,SPA,artillery,75
1891.12.1,1891,SPA,hussar,13
1891.12.1,1891,SPA,infantry,67
1891.12.1,1891,KUK,artillery,115
1891.12.1,1891,KUK,dragoon,23
1891.12.1,1891,KUK,infantry,105
1891.12.1,1891,CHL,artillery,68
1891.12.1,1891,CHL,dragoon,11
1891.12.1,1891,CHL,hussar,2
1891.12.1,1891,CHL,infantry,41
1891.12.1,1891,AST,artillery,65
1891.12.1,1891,AST,hussar,4
1891.12.1,1891,AST,infantry,15
1891.12.1,1891,WAL,artillery,17
1891.12.1,1891,WAL,hussar,2
1891.12.1,1891,WAL,infantry,1
1891.12.1,1891,SAR,artillery,44
1891.12.1,1891,SAR,guard,9
1891.12.1,1891,SAR,hussar,3
1891.12.1,1891,SAR,infantry,37
1891.12.1,1891,SIC,artillery,88
1891.12.1,1891,SIC,dragoon,18
1891.12.1,1891,SIC,infantry,52
1891.12.1,1891,TUR,artillery,80
1891.12.1,1891,TUR,hussar,16
1891.12.1,1891,TUR,infantry,28
1891.12.1,1891,PER,artillery,40
1891.12.1,1891,PER,dragoon,1
1891.12.1,1891,PER,hussar,7
1891.12.1,1891,PER,infantry,16
1891.12.1,1891,JAS,dragoon,1
1891.12.1,1891,JAS,infantry,1
1891.12.1,1891,BIK,artillery,2
1891.12.1,1891,BIK,dragoon,1
1891.12.1,1891,BIK,infantry,2
1891.12.1,1891,MEW,dragoon,1
1891.12.1,1891,MEW,infantry,5
1891.12.1,1891,GWA,artillery,1
1891.12.1,1891,GWA,cuirassier,1
1891.12.1,1891,GWA,infantry,1
1891.12.1,1891,BAS,dragoon,1
1891.12.1,1891,BAS,infantry,1
1891.12.1,1891,NEP,cavalry,1
1891.12.1,1891,NEP,irregular,5
1891.12.1,1891,SIK,irregular,1
1891.12.1,1891,BHU,infantry,1
1891.12.1,1891,CHI,cavalry,25
1891.12.1,1891,CHI,infantry,45
1891.12.1,1891,CHI,irregular,26
1891.12.1,1891,GXI,cavalry,21
1891.12.1,1891,GXI,infantry,25
1891.12.1,1891,GXI,irregular,1
1891.12.1,1891,XBI,infantry,2
1891.12.1,1891,XBI,irregular,4
1891.12.1,1891,YNN,cavalry,12
1891.12.1,1891,YNN,infantry,29
1891.12.1,1891,YNN,irregular,11
1891.12.1,1891,TIB,cavalry,1
1891.12.1,1891,TIB,infantry,3
1891.12.1,1891,TIB,irregular,3
1891.12.1,1891,XIN,cavalry,1
1891.12.1,1891,XIN,infantry,5
1891.12.1,1891,XIN,irregular,1
1891.12.1,1891,ALD,infantry,3
1891.12.1,1891,MEX,artillery,105
1891.12.1,1891,MEX,cavalry,1
1891.12.1,1891,MEX,infantry,56
1891.12.1,1891,BRZ,artillery,49
1891.12.1,1891,BRZ,dragoon,5
1891.12.1,1891,BRZ,hussar,2
1891.12.1,1891,BRZ,infantry,24
1892.1.1,1892,USA,artillery,169
1892.1.1,1892,USA,dragoon,13
1892.1.1,1892,USA,hussar,9
1892.1.1,1892,USA,infantry,152
1892.1.1,1892,COL,infantry,1
1892.1.1,1892,ENG,artillery,388
1892.1.1,1892,ENG,cuirassier,2
1892.1.1,1892,ENG,hussar,22
1892.1.1,1892,ENG,infantry,237
1892.1.1,1892,FRA,artillery,173
1892.1.1,1892,FRA,dragoon,1
1892.1.1,1892,FRA,engineer,4
1892.1.1,1892,FRA,guard,13
1892.1.1,1892,FRA,hussar,21
1892.1.1,1892,FRA,infantry,206
1892.1.1,1892,SCA,artillery,111
1892.1.1,1892,SCA,guard,31
1892.1.1,1892,SCA,hussar,19
1892.1.1,1892,SCA,infantry,41
1892.1.1,1892,RUS,artillery,219
1892.1.1,1892,RUS,dragoon,1
1892.1.1,1892,RUS,hussar,6
1892.1.1,1892,RUS,infantry,287
1892.1.1,1892,GER,artillery,275
1892.1.1,1892,GER,hussar,24
1892.1.1,1892,GER,infantry,196
1892.1.1,1892,NET,artillery,16
1892.1.1,1892,NET,dragoon,3
1892.1.1,1892,NET,engineer,1
1892.1.1,1892,NET,guard,4
1892.1.1,1892,SPA,artillery,75
1892.1.1,1892,SPA,hussar,13
1892.1.1,1892,SPA,infantry,68
1892.1.1,1892,KUK,artillery,115
1892.1.1,1892,KUK,dragoon,23
1892.1.1,1892,KUK,infantry,105
1892.1.1,1892,CHL,artillery,68
1892.1.1,1892,CHL,dragoon,11
1892.1.1,1892,CHL,hussar,2
1892.1.1,1892,CHL,infantry,40
1892.1.1,1892,AST,artillery,65
1892.1.1,1892,AST,hussar,4
1892.1.1,1892,AST,infantry,15
1892.1.1,1892,WAL,artillery,17
1892.1.1,1892,WAL,hussar,2
1892.1.1,1892,WAL,infantry,1
1892.1.1,1892,SAR,artillery,44
1892.1.1,1892,SAR,guard,9
1892.1.1,1892,SAR,hussar,3
1892.1.1,1892,SAR,infantry,37
1892.1.1,1892,SIC,artillery,88
1892.1.1,1892,SIC,dragoon,18
1892.1.1,1892,SIC,infantry,52
1892.1.1,1892,TUR,artillery,80
1892.1.1,1892,TUR,hussar,16
1892.1.1,1892,TUR,infantry,28
1892.1.1,1892,PER,artillery,40
1892.1.1,1892,PER,dragoon,1
1892.1.1,1892,PER,hussar,7
1892.1.1,1892,PER,infantry,16
1892.1.1,1892,JAS,dragoon,1
1892.1.1,1892,JAS,infantry,1
1892.1.1,1892,BIK,artillery,2
1892.1.1,1892,BIK,dragoon,1
1892.1.1,1892,BIK,infantry,2
1892.1.1,1892,MEW,dragoon,1
1892.1.1,1892,MEW,infantry,5
1892.1.1,1892,GWA,artillery,1
1892.1.1,1892,GWA,cuirassier,1
1892.1.1,1892,GWA,infantry,1
1892.1.1,1892,BAS,dragoon,1
1892.1.1,1892,BAS,infantry,1
1892.1.1,1892,NEP,cavalry,1
1892.1.1,1892,NEP,irregular,5
1892.1.1,1892,SIK,irregular,1
1892.1.1,1892,BHU,infantry,1
1892.1.1,1892,CHI,cavalry,25
1892.1.1,1892,CHI,infantry,46
1892.1.1,1892,CHI,irregular,26
1892.1.1,1892,GXI,cavalry,21
1892.1.1,1892,GXI,infantry,25
1892.1.1,1892,GXI,irregular,1
1892.1.1,1892,XBI,infantry,2
1892.1.1,1892,XBI,irregular,4
1892.1.1,1892,YNN,cavalry,12
1892.1.1,1892,YNN,infantry,29
1892.1.1,1892,YNN,irregular,11
1892.1.1,1892,TIB,cavalry,1
1892.1.1,1892,TIB,infantry,3
1892.1.1,1892,TIB,irregular,3
1892.1.1,1892,XIN,cavalry,1
1892.1.1,1892,XIN,infantry,5
1892.1.1,1892,XIN,irregular,1
1892.1.1,1892,ALD,infantry,3
1892.1.1,1892,MEX,artillery,105
1892.1.1,1892,MEX,cavalry,1
1892.1.1,1892,MEX,infantry,56
1892.1.1,1892,BRZ,artillery,49
1892.1.1,1892,BRZ,dragoon,5
1892.1.1,1892,BRZ,hussar,2
1892.1.1,1892,BRZ,infantry,24
1892.2.1,1892,USA,artillery,169
1892.2.1,1892,USA,dragoon,13
1892.2.1,1892,USA,hussar,9
1892.2.1,1892,USA,infantry,152
1892.2.1,1892,COL,infantry,1
1892.2.1,1892,ENG,artillery,391
1892.2.1,1892,ENG,cuirassier,2
1892.2.1,1892,ENG,hussar,22
1892.2.1,1892,ENG,infantry,241
1892.2.1,1892,FRA,artillery,175
1892.2.1,1892,FRA,dragoon,1
1892.2.1,1892,FRA,engineer,4
1892.2.1,1892,FRA,guard,13
1892.2.1,1892,FRA,hussar,21
1892.2.1,1892,FRA,infantry,206
1892.2.1,1892,SCA,artillery,112
1892.2.1,1892,SCA,guard,31
1892.2.1,1892,SCA,hussar,19
1892.2.1,1892,SCA,infantry,41
1892.2.1,1892,RUS,artillery,219
1892.2.1,1892,RUS,dragoon,1
1892.2.1,1892,RUS,hussar,6
1892.2.1,1892,RUS,infantry,287
1892.2.1,1892,GER,artillery,275
1892.2.1,1892,GER,hussar,24
1892.2.1,1892,GER,infantry,196
1892.2.1,1892,NET,artillery,16
1892.2.1,1892,NET,dragoon,3
1892.2.1,1892,NET,engineer,1
1892.2.1,1892,NET,guard,4
1892.2.1,1892,SPA,artillery,75
1892.2.1,1892,SPA,hussar,13
1892.2.1,1892,SPA,infantry,68
1892.2.1,1892,KUK,artillery,115
1892.2.1,1892,KUK,dragoon,23
1892.2.1,1892,KUK,infantry,105
1892.2.1,1892,CHL,artillery,68
1892.2.1,1892,CHL,dragoon,11
1892.2.1,1892,CHL,hussar,2
1892.2.1,1892,CHL,infantry,39
1892.2.1,1892,AST,artillery,65
1892.2.1,1892,AST,hussar,4
1892.2.1,1892,AST,infantry,15
1892.2.1,1892,WAL,artillery,17
1892.2.1,1892,WAL,hussar,2
1892.2.1,1892,WAL,infantry,1
1892.2.1,1892,SAR,artillery,44
1892.2.1,1892,SAR,guard,10
1892.2.1,1892,SAR,hussar,3
1892.2.1,1892,SAR,infantry,37
1892.2.1,1892,SIC,artillery,88
1892.2.1,1892,SIC,dragoon,18
1892.2.1,1892,SIC,infantry,52
1892.2.1,1892,TUR,artillery,80
1892.2.1,1892,TUR,hussar,16
1892.2.1,1892,TUR,infantry,28
1892.2.1,1892,PER,artillery,40
1892.2.1,1892,PER,dragoon,1
1892.2.1,1892,PER,hussar,7
1892.2.1,1892,PER,infantry,16
1892.2.1,1892,JAS,dragoon,1
1892.2.1,1892,JAS,infantry,1
1892.2.1,1892,BIK,artillery,2
1892.2.1,1892,BIK,dragoon,1
1892.2.1,1892,BIK,infantry,2
1892.2.1,1892,MEW,dragoon,1
1892.2.1,1892,MEW,infantry,5
1892.2.1,1892,GWA,artillery,1
1892.2.1,1892,GWA,cuirassier,1
1892.2.1,1892,GWA,infantry,1
1892.2.1,1892,BAS,dragoon,1
1892.2.1,1892,BAS,infantry,1
1892.2.1,1892,NEP,cavalry,1
1892.2.1,1892,NEP,irregular,5
1892.2.1,1892,SIK,irregular,1
1892.2.1,1892,BHU,infantry,1
1892.2.1,1892,CHI,cavalry,25
1892.2.1,1892,CHI,infantry,47
1892.2.1,1892,CHI,irregular,26
1892.2.1,1892,GXI,cavalry,21
1892.2.1,1892,GXI,infantry,27
1892.2.1,1892,GXI,irregular,1
1892.2.1,1892,XBI,infantry,2
1892.2.1,1892,XBI,irregular,4
1892.2.1,1892,YNN,cavalry,13
1892.2.1,1892,YNN,infantry,29
1892.2.1,1892,YNN,irregular,11
1892.2.1,1892,TIB,cavalry,1
1892.2.1,1892,TIB,infantry,3
1892.2.1,1892,TIB,irregular,3
1892.2.1,1892,XIN,cavalry,1
1892.2.1,1892,XIN,infantry,5
1892.2.1,1892,XIN,irregular,1
1892.2.1,1892,ALD,infantry,3
1892.2.1,1892,MEX,artillery,105
1892.2.1,1892,MEX,cavalry,1
1892.2.1,1892,MEX,infantry,56
1892.2.1,1892,BRZ,artillery,49
1892.2.1,1892,BRZ,dragoon,5
1892.2.1,1892,BRZ,hussar,2
1892.2.1,1892,BRZ,infantry,24
1892.3.1,1892,USA,artillery,169
1892.3.1,1892,USA,dragoon,13
1892.3.1,1892,USA,hussar,9
1892.3.1,1892,USA,infantry,152
1892.3.1,1892,COL,infantry,1
1892.3.1,1892,ENG,artillery,392
1892.3.1,1892,ENG,cuirassier,2
1892.3.1,1892,ENG,hussar,22
1892.3.1,1892,ENG,infantry,241
1892.3.1,1892,FRA,artillery,176
1892.3.1,1892,FRA,dragoon,1
1892.3.1,1892,FRA,engineer,4
1892.3.1,1892,FRA,guard,13
1892.3.1,1892,FRA,hussar,21
1892.3.1,1892,FRA,infantry,206
1892.3.1,1892,SCA,artillery,112
1892.3.1,1892,SCA,guard,31
1892.3.1,1892,SCA,hussar,19
1892.3.1,1892,SCA,infantry,41
1892.3.1,1892,RUS,artillery,219
1892.3.1,1892,RUS,dragoon,1
1892.3.1,1892,RUS,hussar,6
1892.3.1,1892,RUS,infantry,287
1892.3.1,1892,GER,artillery,275
1892.3.1,1892,GER,hussar,25
1892.3.1,1892,GER,infantry,196
1892.3.1,1892,NET,artillery,16
1892.3.1,1892,NET,dragoon,3
1892.3.1,1892,NET,engineer,1
1892.3.1,1892,NET,guard,4
1892.3.1,1892,SPA,artillery,75
1892.3.1,1892,SPA,hussar,13
1892.3.1,1892,SPA,infantry,68
1892.3.1,1892,KUK,artillery,115
1892.3.1,1892,KUK,dragoon,23
1892.3.1,1892,KUK,infantry,105
1892.3.1,1892,CHL,artillery,68
1892.3.1,1892,CHL,dragoon,11
1892.3.1,1892,CHL,hussar,2
1892.3.1,1892,CHL,infantry,39
1892.3.1,1892,AST,artillery,65
1892.3.1,1892,AST,hussar,4
1892.3.1,1892,AST,infantry,15
1892.3.1,1892,WAL,artillery,17
1892.3.1,1892,WAL,hussar,2
1892.3.1,1892,WAL,infantry,1
1892.3.1,1892,SAR,artillery,44
1892.3.1,1892,SAR,guard,10
1892.3.1,1892,SAR,hussar,3
1892.3.1,1892,SAR,infantry,37
1892.3.1,1892,SIC,artillery,91
1892.3.1,1892,SIC,dragoon,18
1892.3.1,1892,SIC,infantry,52
1892.3.1,1892,TUR,artillery,80
1892.3.1,1892,TUR,hussar,16
1892.3.1,1892,TUR,infantry,28
1892.3.1,1892,PER,artillery,40
1892.3.1,1892,PER,dragoon,1
1892.3.1,1892,PER,hussar,7
1892.3.1,1892,PER,infantry,16
1892.3.1,1892,JAS,dragoon,1
1892.3.1,1892,JAS,infantry,1
1892.3.1,1892,BIK,artillery,2
1892.3.1,1892,BIK,dragoon,1
1892.3.1,1892,BIK,infantry,2
1892.3.1,1892,MEW,dragoon,1
1892.3.1,1892,MEW,infantry,5
1892.3.1,1892,GWA,artillery,1
1892.3.1,1892,GWA,cuirassier,1
1892.3.1,1892,GWA,infantry,1
1892.3.1,1892,BAS,dragoon,1
1892.3.1,1892,BAS,infantry,1
1892.3.1,1892,NEP,cavalry,1
1892.3.1,1892,NEP,irregular,5
1892.3.1,1892,SIK,irregular,1
1892.3.1,1892,BHU,infantry,1
1892.3.1,1892,CHI,cavalry,25
1892.3.1,1892,CHI,infantry,49
1892.3.1,1892,CHI,irregular,26
1892.3.1,1892,GXI,cavalry,21
1892.3.1,1892,GXI,infantry,28
1892.3.1,1892,GXI,irregular,1
1892.3.1,1892,XBI,infantry,2
1892.3.1,1892,XBI,irregular,4
1892.3.1,1892,YNN,cavalry,14
1892.3.1,1892,YNN,infantry,29
1892.3.1,1892,YNN,irregular,11
1892.3.1,1892,TIB,cavalry,1
1892.3.1,1892,TIB,infantry,3
1892.3.1,1892,TIB,irregular,3
1892.3.1,1892,XIN,cavalry,1
1892.3.1,1892,XIN,infantry,5
1892.3.1,1892,XIN,irregular,1
1892.3.1,1892,ALD,infantry,3
1892.3.1,1892,MEX,artillery,105
1892.3.1,1892,MEX,cavalry,1
1892.3.1,1892,MEX,infantry,56
1892.3.1,1892,BRZ,artillery,49
1892.3.1,1892,BRZ,dragoon,5
1892.3.1,1892,BRZ,hussar,2
1892.3.1,1892,BRZ,infantry,24
1892.4.1,1892,USA,artillery,169
1892.4.1,1892,USA,dragoon,13
1892.4.1,1892,USA,hussar,9
1892.4.1,1892,USA,infantry,152
1892.4.1,1892,COL,infantry,1
1892.4.1,1892,ENG,artillery,394
1892.4.1,1892,ENG,cuirassier,2
1892.4.1,1892,ENG,hussar,22
1892.4.1,1892,ENG,infantry,241
1892.4.1,1892,FRA,artillery,176
1892.4.1,1892,FRA,dragoon,1
1892.4.1,1892,FRA,engineer,4
1892.4.1,1892,FRA,guard,13
1892.4.1,1892,FRA,hussar,21
1892.4.1,1892,FRA,infantry,206
1892.4.1,1892,SCA,artillery,112
1892.4.1,1892,SCA,guard,31
1892.4.1,1892,SCA,hussar,19
1892.4.1,1892,SCA,infantry,41
1892.4.1,1892,RUS,artillery,219
1892.4.1,1892,RUS,dragoon,1
1892.4.1,1892,RUS,hussar,6
1892.4.1,1892,RUS,infantry,287
1892.4.1,1892,GER,artillery,275
1892.4.1,1892,GER,hussar,28
1892.4.1,1892,GER,infantry,196
1892.4.1,1892,NET,artillery,16
1892.4.1,1892,NET,dragoon,3
1892.4.1,1892,NET,engineer,1
1892.4.1,1892,NET,guard,4
1892.4.1,1892,SPA,artillery,75
1892.4.1,1892,SPA,guard,1
1892.4.1,1892,SPA,hussar,13
1892.4.1,1892,SPA,infantry,68
1892.4.1,1892,KUK,artillery,115
1892.4.1,1892,KUK,dragoon,23
1892.4.1,1892,KUK,infantry,105
1892.4.1,1892,CHL,artillery,68
1892.4.1,1892,CHL,dragoon,11
1892.4.1,1892,CHL,hussar,2
1892.4.1,1892,CHL,infantry,39
1892.4.1,1892,AST,artillery,68
1892.4.1,1892,AST,hussar,4
1892.4.1,1892,AST,infantry,15
1892.4.1,1892,WAL,artillery,17
1892.4.1,1892,WAL,hussar,2
1892.4.1,1892,WAL,infantry,1
1892.4.1,1892,SAR,artillery,44
1892.4.1,1892,SAR,guard,10
1892.4.1,1892,SAR,hussar,3
1892.4.1,1892,SAR,infantry,37
1892.4.1,1892,SIC,artillery,91
1892.4.1,1892,SIC,dragoon,18
1892.4.1,1892,SIC,infantry,52
1892.4.1,1892,TUR,artillery,80
1892.4.1,1892,TUR,hussar,16
1892.4.1,1892,TUR,infantry,28
1892.4.1,1892,PER,artillery,40
1892.4.1,1892,PER,dragoon,1
1892.4.1,1892,PER,hussar,7
1892.4.1,1892,PER,infantry,16
1892.4.1,1892,JAS,dragoon,1
1892.4.1,1892,JAS,infantry,1
1892.4.1,1892,BIK,artillery,2
1892.4.1,1892,BIK,dragoon,1
1892.4.1,1892,BIK,infantry,2
1892.4.1,1892,MEW,dragoon,1
1892.4.1,1892,MEW,infantry,5
1892.4.1,1892,GWA,artillery,1
1892.4.1,1892,GWA,cuirassier,1
1892.4.1,1892,GWA,infantry,1
1892.4.1,1892,BAS,dragoon,1
1892.4.1,1892,BAS,infantry,1
1892.4.1,1892,NEP,cavalry,1
1892.4.1,1892,NEP,irregular,5
1892.4.1,1892,SIK,irregular,1
1892.4.1,1892,BHU,infantry,1
1892.4.1,1892,CHI,cavalry,25
1892.4.1,1892,CHI,infantry,50
1892.4.1,1892,CHI,irregular,27
1892.4.1,1892,GXI,cavalry,21
1892.4.1,1892,GXI,infantry,28
1892.4.1,1892,GXI,irregular,1
1892.4.1,1892,XBI,infantry,2
1892.4.1,1892,XBI,irregular,4
1892.4.1,1892,YNN,cavalry,14
1892.4.1,1892,YNN,infantry,29
1892.4.1,1892,YNN,irregular,11
1892.4.1,1892,TIB,cavalry,1
1892.4.1,1892,TIB,infantry,3
1892.4.1,1892,TIB,irregular,3
1892.4.1,1892,XIN,cavalry,1
1892.4.1,1892,XIN,infantry,5
1892.4.1,1892,XIN,irregular,1
1892.4.1,1892,ALD,infantry,3
1892.4.1,1892,MEX,artillery,105
1892.4.1,1892,MEX,cavalry,1
1892.4.1,1892,MEX,infantry,56
1892.4.1,1892,BRZ,artillery,49
1892.4.1,1892,BRZ,dragoon,5
1892.4.1,1892,BRZ,hussar,2
1892.4.1,1892,BRZ,infantry,25
1892.5.1,1892,USA,artillery,169
1892.5.1,1892,USA,dragoon,13
1892.5.1,1892,USA,hussar,9
1892.5.1,1892,USA,infantry,152
1892.5.1,1892,COL,infantry,1
1892.5.1,1892,ENG,artillery,394
1892.5.1,1892,ENG,cuirassier,2
1892.5.1,1892,ENG,hussar,22
1892.5.1,1892,ENG,infantry,241
1892.5.1,1892,FRA,artillery,176
1892.5.1,1892,FRA,dragoon,1
1892.5.1,1892,FRA,engineer,4
1892.5.1,1892,FRA,guard,13
1892.5.1,1892,FRA,hussar,21
1892.5.1,1892,FRA,infantry,206
1892.5.1,1892,SCA,artillery,112
1892.5.1,1892,SCA,guard,31
1892.5.1,1892,SCA,hussar,19
1892.5.1,1892,SCA,infantry,41
1892.5.1,1892,RUS,artillery,219
1892.5.1,1892,RUS,dragoon,1
1892.5.1,1892,RUS,hussar,6
1892.5.1,1892,RUS,infantry,287
1892.5.1,1892,GER,artillery,275
1892.5.1,1892,GER,hussar,28
1892.5.1,1892,GER,infantry,196
1892.5.1,1892,NET,artillery,16
1892.5.1,1892,NET,dragoon,3
1892.5.1,1892,NET,engineer,1
1892.5.1,1892,NET,guard,4
1892.5.1,1892,SPA,artillery,77
1892.5.1,1892,SPA,guard,4
1892.5.1,1892,SPA,hussar,14
1892.5.1,1892,SPA,infantry,68
1892.5.1,1892,KUK,artillery,115
1892.5.1,1892,KUK,dragoon,23
1892.5.1,1892,KUK,infantry,105
1892.5.1,1892,CHL,artillery,68
1892.5.1,1892,CHL,dragoon,11
1892.5.1,1892,CHL,hussar,2
1892.5.1,1892,CHL,infantry,39
1892.5.1,1892,AST,artillery,73
1892.5.1,1892,AST,hussar,6
1892.5.1,1892,AST,infantry,15
1892.5.1,1892,WAL,artillery,17
1892.5.1,1892,WAL,hussar,2
1892.5.1,1892,WAL,infantry,1
1892.5.1,1892,SAR,artillery,44
1892.5.1,1892,SAR,guard,10
1892.5.1,1892,SAR,hussar,3
1892.5.1,1892,SAR,infantry,37
1892.5.1,1892,SIC,artillery,91
1892.5.1,1892,SIC,dragoon,18
1892.5.1,1892,SIC,infantry,52
1892.5.1,1892,TUR,artillery,80
1892.5.1,1892,TUR,hussar,16
1892.5.1,1892,TUR,infantry,28
1892.5.1,1892,PER,artillery,40
1892.5.1,1892,PER,dragoon,1
1892.5.1,1892,PER,hussar,7
1892.5.1,1892,PER,infantry,16
1892.5.1,1892,JAS,dragoon,1
1892.5.1,1892,JAS,infantry,1
1892.5.1,1892,BIK,artillery,2
1892.5.1,1892,BIK,dragoon,1
1892.5.1,1892,BIK,infantry,2
1892.5.1,1892,MEW,dragoon,1
1892.5.1,1892,MEW,infantry,5
1892.5.1,1892,GWA,artillery,1
1892.5.1,1892,GWA,cuirassier,1
1892.5.1,1892,GWA,infantry,1
1892.5.1,1892,BAS,dragoon,1
1892.5.1,1892,BAS,infantry,1
1892.5.1,1892,NEP,cavalry,1
1892.5.1,1892,NEP,irregular,5
1892.5.1,1892,SIK,irregular,1
1892.5.1,1892,BHU,infantry,1
1892.5.1,1892,CHI,cavalry,25
1892.5.1,1892,CHI,infantry,51
1892.5.1,1892,CHI,irregular,27
1892.5.1,1892,GXI,cavalry,21
1892.5.1,1892,GXI,infantry,29
1892.5.1,1892,GXI,irregular,2
1892.5.1,1892,XBI,infantry,2
1892.5.1,1892,XBI,irregular,4
1892.5.1,1892,YNN,cavalry,14
1892.5.1,1892,YNN,infantry,30
1892.5.1,1892,YNN,irregular,11
1892.5.1,1892,TIB,cavalry,1
1892.5.1,1892,TIB,infantry,3
1892.5.1,1892,TIB,irregular,3
1892.5.1,1892,XIN,cavalry,1
1892.5.1,1892,XIN,infantry,5
1892.5.1,1892,XIN,irregular,1
1892.5.1,1892,ALD,infantry,3
1892.5.1,1892,MEX,artillery,105
1892.5.1,1892,MEX,cavalry,1
1892.5.1,1892,MEX,infantry,56
1892.5.1,1892,BRZ,artillery,49
1892.5.1,1892,BRZ,dragoon,5
1892.5.1,1892,BRZ,hussar,2
1892.5.1,1892,BRZ,infantry,25
1892.6.1,1892,USA,artillery,169
1892.6.1,1892,USA,dragoon,13
1892.6.1,1892,USA,hussar,9
1892.6.1,1892,USA,infantry,152
1892.6.1,1892,COL,infantry,1
1892.6.1,1892,ENG,artillery,394
1892.6.1,1892,ENG,cuirassier,2
1892.6.1,1892,ENG,hussar,22
1892.6.1,1892,ENG,infantry,241
1892.6.1,1892,FRA,artillery,176
1892.6.1,1892,FRA,dragoon,1
1892.6.1,1892,FRA,engineer,4
1892.6.1,1892,FRA,guard,13
1892.6.1,1892,FRA,hussar,21
1892.6.1,1892,FRA,infantry,206
1892.6.1,1892,SCA,artillery,112
1892.6.1,1892,SCA,guard,31
1892.6.1,1892,SCA,hussar,19
1892.6.1,1892,SCA,infantry,41
1892.6.1,1892,RUS,artillery,219
1892.6.1,1892,RUS,dragoon,1
1892.6.1,1892,RUS,hussar,6
1892.6.1,1892,RUS,infantry,287
1892.6.1,1892,GER,artillery,275
1892.6.1,1892,GER,hussar,28
1892.6.1,1892,GER,infantry,196
1892.6.1,1892,NET,artillery,16
1892.6.1,1892,NET,dragoon,3
1892.6.1,1892,NET,engineer,1
1892.6.1,1892,NET,guard,4
1892.6.1,1892,SPA,artillery,80
1892.6.1,1892,SPA,guard,4
1892.6.1,1892,SPA,hussar,14
1892.6.1,1892,SPA,infantry,68
1892.6.1,1892,KUK,artillery,115
1892.6.1,1892,KUK,dragoon,23
1892.6.1,1892,KUK,infantry,105
1892.6.1,1892,CHL,artillery,68
1892.6.1,1892,CHL,dragoon,11
1892.6.1,1892,CHL,hussar,2
1892.6.1,1892,CHL,infantry,38
1892.6.1,1892,AST,artillery,76
1892.6.1,1892,AST,hussar,6
1892.6.1,1892,AST,infantry,15
1892.6.1,1892,WAL,artillery,17
1892.6.1,1892,WAL,hussar,2
1892.6.1,1892,WAL,infantry,1
1892.6.1,1892,SAR,artillery,44
1892.6.1,1892,SAR,guard,10
1892.6.1,1892,SAR,hussar,3
1892.6.1,1892,SAR,infantry,37
1892.6.1,1892,SIC,artillery,91
1892.6.1,1892,SIC,dragoon,18
1892.6.1,1892,SIC,infantry,52
1892.6.1,1892,TUR,artillery,80
1892.6.1,1892,TUR,hussar,16
1892.6.1,1892,TUR,infantry,28
1892.6.1,1892,PER,artillery,40
1892.6.1,1892,PER,dragoon,1
1892.6.1,1892,PER,hussar,7
1892.6.1,1892,PER,infantry,16
1892.6.1,1892,JAS,dragoon,1
1892.6.1,1892,JAS,infantry,1
1892.6.1,1892,BIK,artillery,2
1892.6.1,1892,BIK,dragoon,1
1892.6.1,1892,BIK,infantry,2
1892.6.1,1892,MEW,dragoon,1
1892.6.1,1892,MEW,infantry,5
1892.6.1,1892,GWA,artillery,1
1892.6.1,1892,GWA,cuirassier,1
1892.6.1,1892,GWA,infantry,1
1892.6.1,1892,BAS,dragoon,1
1892.6.1,1892,BAS,infantry,1
1892.6.1,1892,NEP,cavalry,1
1892.6.1,1892,NEP,irregular,5
1892.6.1,1892,SIK,irregular,1
1892.6.1,1892,BHU,infantry,1
1892.6.1,1892,CHI,cavalry,25
1892.6.1,1892,CHI,infantry,52
1892.6.1,1892,CHI,irregular,27
1892.6.1,1892,GXI,cavalry,21
1892.6.1,1892,GXI,infantry,30
1892.6.1,1892,GXI,irregular,3
1892.6.1,1892,XBI,infantry,2
1892.6.1,1892,XBI,irregular,4
1892.6.1,1892,YNN,cavalry,14
1892.6.1,1892,YNN,infantry,32
1892.6.1,1892,YNN,irregular,11
1892.6.1,1892,TIB,cavalry,1
1892.6.1,1892,TIB,infantry,3
1892.6.1,1892,TIB,irregular,3
1892.6.1,1892,XIN,cavalry,2
1892.6.1,1892,XIN,infantry,5
1892.6.1,1892,XIN,irregular,1
1892.6.1,1892,ALD,infantry,3
1892.6.1,1892,MEX,artillery,105
1892.6.1,1892,MEX,cavalry,1
1892.6.1,1892,MEX,infantry,56
1892.6.1,1892,BRZ,artillery,49
1892.6.1,1892,BRZ,dragoon,5
1892.6.1,1892,BRZ,hussar,2
1892.6.1,1892,BRZ,infantry,25
1892.7.1,1892,USA,artillery,169
1892.7.1,1892,USA,dragoon,13
1892.7.1,1892,USA,hussar,9
1892.7.1,1892,USA,infantry,152
1892.7.1,1892,COL,dragoon,1
1892.7.1,1892,COL,infantry,1
1892.7.1,1892,ENG,artillery,394
1892.7.1,1892,ENG,cuirassier,2
1892.7.1,1892,ENG,hussar,22
1892.7.1,1892,ENG,infantry,241
1892.7.1,1892,FRA,artillery,180
1892.7.1,1892,FRA,dragoon,1
1892.7.1,1892,FRA,engineer,4
1892.7.1,1892,FRA,guard,13
1892.7.1,1892,FRA,hussar,21
1892.7.1,1892,FRA,infantry,206
1892.7.1,1892,SCA,artillery,112
1892.7.1,1892,SCA,guard,31
1892.7.1,1892,SCA,hussar,19
1892.7.1,1892,SCA,infantry,41
1892.7.1,1892,RUS,artillery,220
1892.7.1,1892,RUS,hussar,6
1892.7.1,1892,RUS,infantry,283
1892.7.1,1892,GER,artillery,276
1892.7.1,1892,GER,hussar,28
1892.7.1,1892,GER,infantry,196
1892.7.1,1892,NET,artillery,16
1892.7.1,1892,NET,dragoon,3
1892.7.1,1892,NET,engineer,1
1892.7.1,1892,NET,guard,4
1892.7.1,1892,SPA,artillery,80
1892.7.1,1892,SPA,guard,4
1892.7.1,1892,SPA,hussar,14
1892.7.1,1892,SPA,infantry,68
1892.7.1,1892,KUK,artillery,115
1892.7.1,1892,KUK,dragoon,23
1892.7.1,1892,KUK,infantry,105
1892.7.1,1892,CHL,artillery,68
1892.7.1,1892,CHL,dragoon,11
1892.7.1,1892,CHL,hussar,2
1892.7.1,1892,CHL,infantry,38
1892.7.1,1892,AST,artillery,76
1892.7.1,1892,AST,hussar,6
1892.7.1,1892,AST,infantry,15
1892.7.1,1892,WAL,artillery,17
1892.7.1,1892,WAL,hussar,2
1892.7.1,1892,WAL,infantry,1
1892.7.1,1892,SAR,artillery,47
1892.7.1,1892,SAR,guard,10
1892.7.1,1892,SAR,hussar,3
1892.7.1,1892,SAR,infantry,37
1892.7.1,1892,SIC,artillery,92
1892.7.1,1892,SIC,dragoon,18
1892.7.1,1892,SIC,infantry,52
1892.7.1,1892,TUR,artillery,80
1892.7.1,1892,TUR,hussar,16
1892.7.1,1892,TUR,infantry,28
1892.7.1,1892,PER,artillery,40
1892.7.1,1892,PER,dragoon,1
1892.7.1,1892,PER,hussar,7
1892.7.1,1892,PER,infantry,16
1892.7.1,1892,JAS,dragoon,1
1892.7.1,1892,JAS,infantry,1
1892.7.1,1892,BIK,artillery,2
1892.7.1,1892,BIK,dragoon,1
1892.7.1,1892,BIK,infantry,2
1892.7.1,1892,MEW,dragoon,1
1892.7.1,1892,MEW,infantry,5
1892.7.1,1892,GWA,artillery,1
1892.7.1,1892,GWA,cuirassier,1
1892.7.1,1892,GWA,infantry,1
1892.7.1,1892,BAS,dragoon,1
1892.7.1,1892,BAS,infantry,1
1892.7.1,1892,NEP,cavalry,1
1892.7.1,1892,NEP,irregular,5
1892.7.1,1892,SIK,irregular,1
1892.7.1,1892,BHU,infantry,1
1892.7.1,1892,CHI,cavalry,25
1892.7.1,1892,CHI,infantry,54
1892.7.1,1892,CHI,irregular,28
1892.7.1,1892,GXI,cavalry,21
1892.7.1,1892,GXI,infantry,30
1892.7.1,1892,GXI,irregular,3
1892.7.1,1892,XBI,infantry,2
1892.7.1,1892,XBI,irregular,4
1892.7.1,1892,YNN,cavalry,14
1892.7.1,1892,YNN,infantry,32
1892.7.1,1892,YNN,irregular,11
1892.7.1,1892,TIB,cavalry,1
1892.7.1,1892,TIB,infantry,3
1892.7.1,1892,TIB,irregular,3
1892.7.1,1892,XIN,cavalry,2
1892.7.1,1892,XIN,infantry,5
1892.7.1,1892,XIN,irregular,1
1892.7.1,1892,ALD,infantry,3
1892.7.1,1892,MEX,artillery,105
1892.7.1,1892,MEX,cavalry,1
1892.7.1,1892,MEX,infantry,56
1892.7.1,1892,BRZ,artillery,49
1892.7.1,1892,BRZ,dragoon,5
1892.7.1,1892,BRZ,hussar,2
1892.7.1,1892,BRZ,infantry,25
1892.8.1,1892,USA,artillery,169
1892.8.1,1892,USA,dragoon,13
1892.8.1,1892,USA,hussar,9
1892.8.1,1892,USA,infantry,152
1892.8.1,1892,COL,dragoon,1
1892.8.1,1892,COL,infantry,1
1892.8.1,1892,ENG,artillery,394
1892.8.1,1892,ENG,cuirassier,2
1892.8.1,1892,ENG,hussar,22
1892.8.1,1892,ENG,infantry,241
1892.8.1,1892,FRA,artillery,180
1892.8.1,1892,FRA,dragoon,1
1892.8.1,1892,FRA,engineer,4
1892.8.1,1892,FRA,guard,13
1892.8.1,1892,FRA,hussar,21
1892.8.1,1892,FRA,infantry,206
1892.8.1,1892,SCA,artillery,113
1892.8.1,1892,SCA,guard,31
1892.8.1,1892,SCA,hussar,20
1892.8.1,1892,SCA,infantry,41
1892.8.1,1892,RUS,artillery,223
1892.8.1,1892,RUS,hussar,6
1892.8.1,1892,RUS,infantry,283
1892.8.1,1892,GER,artillery,276
1892.8.1,1892,GER,hussar,28
1892.8.1,1892,GER,infantry,196
1892.8.1,1892,NET,artillery,16
1892.8.1,1892,NET,dragoon,3
1892.8.1,1892,NET,engineer,1
1892.8.1,1892,NET,guard,4
1892.8.1,1892,SPA,artillery,80
1892.8.1,1892,SPA,guard,4
1892.8.1,1892,SPA,hussar,14
1892.8.1,1892,SPA,infantry,68
1892.8.1,1892,KUK,artillery,115
1892.8.1,1892,KUK,dragoon,23
1892.8.1,1892,KUK,infantry,105
1892.8.1,1892,CHL,artillery,68
1892.8.1,1892,CHL,dragoon,11
1892.8.1,1892,CHL,hussar,2
1892.8.1,1892,CHL,infantry,38
1892.8.1,1892,AST,artillery,78
1892.8.1,1892,AST,hussar,6
1892.8.1,1892,AST,infantry,15
1892.8.1,1892,WAL,artillery,17
1892.8.1,1892,WAL,hussar,2
1892.8.1,1892,WAL,infantry,1
1892.8.1,1892,SAR,artillery,48
1892.8.1,1892,SAR,guard,10
1892.8.1,1892,SAR,hussar,3
1892.8.1,1892,SAR,infantry,37
1892.8.1,1892,SIC,artillery,92
1892.8.1,1892,SIC,dragoon,18
1892.8.1,1892,SIC,infantry,52
1892.8.1,1892,TUR,artillery,80
1892.8.1,1892,TUR,hussar,16
1892.8.1,1892,TUR,infantry,28
1892.8.1,1892,PER,artillery,40
1892.8.1,1892,PER,dragoon,1
1892.8.1,1892,PER,hussar,7
1892.8.1,1892,PER,infantry,16
1892.8.1,1892,JAS,dragoon,1
1892.8.1,1892,JAS,infantry,1
1892.8.1,1892,BIK,artillery,2
1892.8.1,1892,BIK,dragoon,1
1892.8.1,1892,BIK,infantry,2
1892.8.1,1892,MEW,dragoon,1
1892.8.1,1892,MEW,infantry,5
1892.8.1,1892,GWA,artillery,1
1892.8.1,1892,GWA,cuirassier,1
1892.8.1,1892,GWA,infantry,1
1892.8.1,1892,BAS,dragoon,1
1892.8.1,1892,BAS,infantry,1
1892.8.1,1892,NEP,cavalry,1
1892.8.1,1892,NEP,irregular,5
1892.8.1,1892,SIK,irregular,1
1892.8.1,1892,BHU,infantry,1
1892.8.1,1892,CHI,cavalry,25
1892.8.1,1892,CHI,infantry,55
1892.8.1,1892,CHI,irregular,28
1892.8.1,1892,GXI,cavalry,21
1892.8.1,1892,GXI,infantry,32
1892.8.1,1892,GXI,irregular,4
1892.8.1,1892,XBI,infantry,2
1892.8.1,1892,XBI,irregular,4
1892.8.1,1892,YNN,cavalry,14
1892.8.1,1892,YNN,infantry,33
1892.8.1,1892,YNN,irregular,11
1892.8.1,1892,TIB,cavalry,1
1892.8.1,1892,TIB,infantry,3
1892.8.1,1892,TIB,irregular,3
1892.8.1,1892,XIN,cavalry,2
1892.8.1,1892,XIN,infantry,5
1892.8.1,1892,XIN,irregular,1
1892.8.1,1892,ALD,infantry,3
1892.8.1,1892,MEX,artillery,105
1892.8.1,1892,MEX,cavalry,1
1892.8.1,1892,MEX,infantry,56
1892.8.1,1892,BRZ,artillery,49
1892.8.1,1892,BRZ,dragoon,5
1892.8.1,1892,BRZ,hussar,2
1892.8.1,1892,BRZ,infantry,25
1892.9.1,1892,USA,artillery,169
1892.9.1,1892,USA,dragoon,13
1892.9.1,1892,USA,hussar,9
1892.9.1,1892,USA,infantry,152
1892.9.1,1892,COL,dragoon,1
1892.9.1,1892,COL,infantry,1
1892.9.1,1892,ENG,artillery,394
1892.9.1,1892,ENG,cuirassier,2
1892.9.1,1892,ENG,hussar,22
1892.9.1,1892,ENG,infantry,241
1892.9.1,1892,FRA,artillery,180
1892.9.1,1892,FRA,dragoon,1
1892.9.1,1892,FRA,engineer,4
1892.9.1,1892,FRA,guard,13
1892.9.1,1892,FRA,hussar,21
1892.9.1,1892,FRA,infantry,206
1892.9.1,1892,SCA,artillery,113
1892.9.1,1892,SCA,guard,31
1892.9.1,1892,SCA,hussar,20
1892.9.1,1892,SCA,infantry,41
1892.9.1,1892,RUS,artillery,223
1892.9.1,1892,RUS,hussar,6
1892.9.1,1892,RUS,infantry,283
1892.9.1,1892,GER,artillery,276
1892.9.1,1892,GER,hussar,28
1892.9.1,1892,GER,infantry,196
1892.9.1,1892,NET,artillery,16
1892.9.1,1892,NET,dragoon,3
1892.9.1,1892,NET,engineer,1
1892.9.1,1892,NET,guard,4
1892.9.1,1892,SPA,artillery,80
1892.9.1,1892,SPA,guard,4
1892.9.1,1892,SPA,hussar,14
1892.9.1,1892,SPA,infantry,68
1892.9.1,1892,KUK,artillery,115
1892.9.1,1892,KUK,dragoon,23
1892.9.1,1892,KUK,infantry,105
1892.9.1,1892,CHL,artillery,68
1892.9.1,1892,CHL,dragoon,11
1892.9.1,1892,CHL,hussar,2
1892.9.1,1892,CHL,infantry,38
1892.9.1,1892,AST,artillery,78
1892.9.1,1892,AST,hussar,6
1892.9.1,1892,AST,infantry,15
1892.9.1,1892,WAL,artillery,17
1892.9.1,1892,WAL,hussar,2
1892.9.1,1892,WAL,infantry,1
1892.9.1,1892,SAR,artillery,48
1892.9.1,1892,SAR,guard,10
1892.9.1,1892,SAR,hussar,3
1892.9.1,1892,SAR,infantry,37
1892.9.1,1892,SIC,artillery,92
1892.9.1,1892,SIC,dragoon,18
1892.9.1,1892,SIC,infantry,52
1892.9.1,1892,TUR,artillery,80
1892.9.1,1892,TUR,hussar,16
1892.9.1,1892,TUR,infantry,29
1892.9.1,1892,PER,artillery,40
1892.9.1,1892,PER,dragoon,1
1892.9.1,1892,PER,hussar,7
1892.9.1,1892,PER,infantry,16
1892.9.1,1892,JAS,dragoon,1
1892.9.1,1892,JAS,infantry,1
1892.9.1,1892,BIK,artillery,2
1892.9.1,1892,BIK,dragoon,1
1892.9.1,1892,BIK,infantry,2
1892.9.1,1892,MEW,dragoon,1
1892.9.1,1892,MEW,infantry,5
1892.9.1,1892,GWA,artillery,1
1892.9.1,1892,GWA,cuirassier,1
1892.9.1,1892,GWA,infantry,1
1892.9.1,1892,BAS,dragoon,1
1892.9.1,1892,BAS,infantry,1
1892.9.1,1892,NEP,cavalry,1
1892.9.1,1892,NEP,irregular,5
1892.9.1,1892,SIK,irregular,1
1892.9.1,1892,BHU,infantry,1
1892.9.1,1892,CHI,cavalry,25
1892.9.1,1892,CHI,infantry,57
1892.9.1,1892,CHI,irregular,28
1892.9.1,1892,GXI,cavalry,21
1892.9.1,1892,GXI,infantry,33
1892.9.1,1892,GXI,irregular,4
1892.9.1,1892,XBI,infantry,2
1892.9.1,1892,XBI,irregular,4
1892.9.1,1892,YNN,cavalry,14
1892.9.1,1892,YNN,infantry,35
1892.9.1,1892,YNN,irregular,11
1892.9.1,1892,TIB,cavalry,1
1892.9.1,1892,TIB,infantry,3
1892.9.1,1892,TIB,irregular,3
1892.9.1,1892,XIN,cavalry,2
1892.9.1,1892,XIN,infantry,5
1892.9.1,1892,XIN,irregular,1
1892.9.1,1892,ALD,infantry,3
1892.9.1,1892,MEX,artillery,113
1892.9.1,1892,MEX,cavalry,1
1892.9.1,1892,MEX,infantry,56
1892.9.1,1892,BRZ,artillery,49
1892.9.1,1892,BRZ,dragoon,5
1892.9.1,1892,BRZ,hussar,2
1892.9.1,1892,BRZ,infantry,25
1892.10.1,1892,USA,artillery,166
1892.10.1,1892,USA,dragoon,13
1892.10.1,1892,USA,hussar,9
1892.10.1,1892,USA,infantry,152
1892.10.1,1892,COL,dragoon,1
1892.10.1,1892,COL,infantry,1
1892.10.1,1892,ENG,artillery,394
1892.10.1,1892,ENG,cuirassier,2
1892.10.1,1892,ENG,hussar,22
1892.10.1,1892,ENG,infantry,241
1892.10.1,1892,FRA,artillery,180
1892.10.1,1892,FRA,dragoon,1
1892.10.1,1892,FRA,engineer,4
1892.10.1,1892,FRA,guard,13
1892.10.1,1892,FRA,hussar,21
1892.10.1,1892,FRA,infantry,206
1892.10.1,1892,SCA,artillery,113
1892.10.1,1892,SCA,guard,31
1892.10.1,1892,SCA,hussar,20
1892.10.1,1892,SCA,infantry,41
1892.10.1,1892,RUS,artillery,224
1892.10.1,1892,RUS,hussar,5
1892.10.1,1892,RUS,infantry,283
1892.10.1,1892,GER,artillery,278
1892.10.1,1892,GER,hussar,28
1892.10.1,1892,GER,infantry,196
1892.10.1,1892,NET,artillery,16
1892.10.1,1892,NET,dragoon,3
1892.10.1,1892,NET,engineer,1
1892.10.1,1892,NET,guard,4
1892.10.1,1892,SPA,artillery,80
1892.10.1,1892,SPA,guard,4
1892.10.1,1892,SPA,hussar,14
1892.10.1,1892,SPA,infantry,68
1892.10.1,1892,KUK,artillery,115
1892.10.1,1892,KUK,dragoon,23
1892.10.1,1892,KUK,infantry,105
1892.10.1,1892,CHL,artillery,68
1892.10.1,1892,CHL,dragoon,11
1892.10.1,1892,CHL,hussar,2
1892.10.1,1892,CHL,infantry,38
1892.10.1,1892,AST,artillery,78
1892.10.1,1892,AST,hussar,6
1892.10.1,1892,AST,infantry,15
1892.10.1,1892,WAL,artillery,17
1892.10.1,1892,WAL,hussar,2
1892.10.1,1892,WAL,infantry,1
1892.10.1,1892,SAR,artillery,48
1892.10.1,1892,SAR,guard,10
1892.10.1,1892,SAR,hussar,3
1892.10.1,1892,SAR,infantry,37
1892.10.1,1892,SIC,artillery,92
1892.10.1,1892,SIC,dragoon,18
1892.10.1,1892,SIC,infantry,52
1892.10.1,1892,TUR,artillery,81
1892.10.1,1892,TUR,hussar,16
1892.10.1,1892,TUR,infantry,33
1892.10.1,1892,PER,artillery,40
1892.10.1,1892,PER,dragoon,1
1892.10.1,1892,PER,hussar,7
1892.10.1,1892,PER,infantry,20
1892.10.1,1892,JAS,dragoon,1
1892.10.1,1892,JAS,infantry,1
1892.10.1,1892,BIK,artillery,2
1892.10.1,1892,BIK,dragoon,1
1892.10.1,1892,BIK,infantry,2
1892.10.1,1892,MEW,dragoon,1
1892.10.1,1892,MEW,infantry,5
1892.10.1,1892,GWA,artillery,1
1892.10.1,1892,GWA,cuirassier,1
1892.10.1,1892,GWA,infantry,1
1892.10.1,1892,BAS,dragoon,1
1892.10.1,1892,BAS,infantry,1
1892.10.1,1892,NEP,cavalry,1
1892.10.1,1892,NEP,irregular,5
1892.10.1,1892,SIK,irregular,1
1892.10.1,1892,BHU,infantry,1
1892.10.1,1892,CHI,cavalry,25
1892.10.1,1892,CHI,infantry,58
1892.10.1,1892,CHI,irregular,28
1892.10.1,1892,GXI,cavalry,21
1892.10.1,1892,GXI,infantry,34
1892.10.1,1892,GXI,irregular,5
1892.10.1,1892,XBI,infantry,2
1892.10.1,1892,XBI,irregular,4
1892.10.1,1892,YNN,cavalry,15
1892.10.1,1892,YNN,infantry,35
1892.10.1,1892,YNN,irregular,12
1892.10.1,1892,TIB,cavalry,1
1892.10.1,1892,TIB,infantry,3
1892.10.1,1892,TIB,irregular,3
1892.10.1,1892,XIN,cavalry,2
1892.10.1,1892,XIN,infantry,5
1892.10.1,1892,XIN,irregular,1
1892.10.1,1892,ALD,infantry,3
1892.10.1,1892,MEX,artillery,118
1892.10.1,1892,MEX,cavalry,1
1892.10.1,1892,MEX,infantry,56
1892.10.1,1892,BRZ,artillery,49
1892.10.1,1892,BRZ,dragoon,5
1892.10.1,1892,BRZ,hussar,2
1892.10.1,1892,BRZ,infantry,25
1892.11.1,1892,USA,artillery,166
1892.11.1,1892,USA,dragoon,13
1892.11.1,1892,USA,hussar,9
1892.11.1,1892,USA,infantry,152
1892.11.1,1892,COL,dragoon,1
1892.11.1,1892,COL,infantry,1
1892.11.1,1892,ENG,artillery,394
1892.11.1,1892,ENG,cuirassier,2
1892.11.1,1892,ENG,hussar,22
1892.11.1,1892,ENG,infantry,241
1892.11.1,1892,FRA,artillery,179
1892.11.1,1892,FRA,dragoon,1
1892.11.1,1892,FRA,engineer,4
1892.11.1,1892,FRA,guard,13
1892.11.1,1892,FRA,hussar,21
1892.11.1,1892,FRA,infantry,206
1892.11.1,1892,SCA,artillery,113
1892.11.1,1892,SCA,guard,31
1892.11.1,1892,SCA,hussar,20
1892.11.1,1892,SCA,infantry,41
1892.11.1,1892,RUS,artillery,224
1892.11.1,1892,RUS,hussar,5
1892.11.1,1892,RUS,infantry,283
1892.11.1,1892,GER,artillery,278
1892.11.1,1892,GER,hussar,28
1892.11.1,1892,GER,infantry,196
1892.11.1,1892,NET,artillery,16
1892.11.1,1892,NET,dragoon,3
1892.11.1,1892,NET,engineer,1
1892.11.1,1892,NET,guard,4
1892.11.1,1892,SPA,artillery,79
1892.11.1,1892,SPA,guard,4
1892.11.1,1892,SPA,hussar,14
1892.11.1,1892,SPA,infantry,68
1892.11.1,1892,KUK,artillery,115
1892.11.1,1892,KUK,dragoon,23
1892.11.1,1892,KUK,infantry,105
1892.11.1,1892,CHL,artillery,68
1892.11.1,1892,CHL,dragoon,11
1892.11.1,1892,CHL,hussar,2
1892.11.1,1892,CHL,infantry,38
1892.11.1,1892,AST,artillery,78
1892.11.1,1892,AST,hussar,6
1892.11.1,1892,AST,infantry,15
1892.11.1,1892,WAL,artillery,17
1892.11.1,1892,WAL,hussar,2
1892.11.1,1892,WAL,infantry,1
1892.11.1,1892,SAR,artillery,48
1892.11.1,1892,SAR,guard,10
1892.11.1,1892,SAR,hussar,3
1892.11.1,1892,SAR,infantry,37
1892.11.1,1892,SIC,artillery,92
1892.11.1,1892,SIC,dragoon,18
1892.11.1,1892,SIC,infantry,52
1892.11.1,1892,TUR,artillery,82
1892.11.1,1892,TUR,hussar,16
1892.11.1,1892,TUR,infantry,34
1892.11.1,1892,PER,artillery,40
1892.11.1,1892,PER,dragoon,1
1892.11.1,1892,PER,hussar,7
1892.11.1,1892,PER,infantry,26
1892.11.1,1892,JAS,dragoon,1
1892.11.1,1892,JAS,infantry,1
1892.11.1,1892,BIK,artillery,2
1892.11.1,1892,BIK,dragoon,1
1892.11.1,1892,BIK,infantry,2
1892.11.1,1892,MEW,dragoon,1
1892.11.1,1892,MEW,infantry,5
1892.11.1,1892,GWA,artillery,1
1892.11.1,1892,GWA,cuirassier,1
1892.11.1,1892,GWA,infantry,1
1892.11.1,1892,BAS,dragoon,1
1892.11.1,1892,BAS,infantry,1
1892.11.1,1892,NEP,cavalry,1
1892.11.1,1892,NEP,irregular,5
1892.11.1,1892,SIK,irregular,1
1892.11.1,1892,BHU,infantry,1
1892.11.1,1892,CHI,cavalry,26
1892.11.1,1892,CHI,infantry,58
1892.11.1,1892,CHI,irregular,28
1892.11.1,1892,GXI,cavalry,21
1892.11.1,1892,GXI,infantry,35
1892.11.1,1892,GXI,irregular,5
1892.11.1,1892,XBI,infantry,2
1892.11.1,1892,XBI,irregular,4
1892.11.1,1892,YNN,cavalry,15
1892.11.1,1892,YNN,infantry,36
1892.11.1,1892,YNN,irregular,12
1892.11.1,1892,TIB,cavalry,1
1892.11.1,1892,TIB,infantry,3
1892.11.1,1892,TIB,irregular,3
1892.11.1,1892,XIN,cavalry,2
1892.11.1,1892,XIN,infantry,5
1892.11.1,1892,XIN,irregular,1
1892.11.1,1892,ALD,infantry,3
1892.11.1,1892,MEX,artillery,118
1892.11.1,1892,MEX,cavalry,1
1892.11.1,1892,MEX,infantry,55
1892.11.1,1892,BRZ,artillery,49
1892.11.1,1892,BRZ,dragoon,5
1892.11.1,1892,BRZ,hussar,2
1892.11.1,1892,BRZ,infantry,25
1892.12.1,1892,USA,artillery,169
1892.12.1,1892,USA,dragoon,13
1892.12.1,1892,USA,hussar,9
1892.12.1,1892,USA,infantry,124
1892.12.1,1892,COL,dragoon,1
1892.12.1,1892,COL,infantry,1
1892.12.1,1892,ENG,artillery,394
1892.12.1,1892,ENG,cuirassier,2
1892.12.1,1892,ENG,hussar,22
1892.12.1,1892,ENG,infantry,241
1892.12.1,1892,FRA,artillery,173
1892.12.1,1892,FRA,dragoon,1
1892.12.1,1892,FRA,guard,13
1892.12.1,1892,FRA,hussar,20
1892.12.1,1892,FRA,infantry,195
1892.12.1,1892,SCA,artillery,104
1892.12.1,1892,SCA,guard,31
1892.12.1,1892,SCA,hussar,19
1892.12.1,1892,SCA,infantry,28
1892.12.1,1892,RUS,artillery,227
1892.12.1,1892,RUS,hussar,5
1892.12.1,1892,RUS,infantry,283
1892.12.1,1892,GER,artillery,278
1892.12.1,1892,GER,hussar,28
1892.12.1,1892,GER,infantry,196
1892.12.1,1892,NET,artillery,16
1892.12.1,1892,NET,dragoon,3
1892.12.1,1892,NET,engineer,1
1892.12.1,1892,NET,guard,4
1892.12.1,1892,SPA,artillery,74
1892.12.1,1892,SPA,guard,4
1892.12.1,1892,SPA,hussar,13
1892.12.1,1892,SPA,infantry,62
1892.12.1,1892,KUK,artillery,115
1892.12.1,1892,KUK,dragoon,23
1892.12.1,1892,KUK,infantry,105
1892.12.1,1892,CHL,artillery,68
1892.12.1,1892,CHL,dragoon,11
1892.12.1,1892,CHL,hussar,2
1892.12.1,1892,CHL,infantry,39
1892.12.1,1892,AST,artillery,78
1892.12.1,1892,AST,hussar,6
1892.12.1,1892,AST,infantry,15
1892.12.1,1892,WAL,artillery,17
1892.12.1,1892,WAL,hussar,2
1892.12.1,1892,WAL,infantry,1
1892.12.1,1892,SAR,artillery,48
1892.12.1,1892,SAR,guard,10
1892.12.1,1892,SAR,hussar,3
1892.12.1,1892,SAR,infantry,37
1892.12.1,1892,SIC,artillery,92
1892.12.1,1892,SIC,dragoon,18
1892.12.1,1892,SIC,infantry,52
1892.12.1,1892,TUR,artillery,84
1892.12.1,1892,TUR,hussar,16
1892.12.1,1892,TUR,infantry,35
1892.12.1,1892,PER,artillery,35
1892.12.1,1892,PER,dragoon,1
1892.12.1,1892,PER,hussar,6
1892.12.1,1892,PER,infantry,24
1892.12.1,1892,JAS,dragoon,1
1892.12.1,1892,JAS,infantry,1
1892.12.1,1892,BIK,artillery,2
1892.12.1,1892,BIK,dragoon,1
1892.12.1,1892,BIK,infantry,2
1892.12.1,1892,MEW,dragoon,1
1892.12.1,1892,MEW,infantry,5
1892.12.1,1892,GWA,artillery,1
1892.12.1,1892,GWA,cuirassier,1
1892.12.1,1892,GWA,infantry,1
1892.12.1,1892,BAS,dragoon,1
1892.12.1,1892,BAS,infantry,1
1892.12.1,1892,NEP,cavalry,1
1892.12.1,1892,NEP,irregular,5
1892.12.1,1892,SIK,irregular,1
1892.12.1,1892,BHU,infantry,1
1892.12.1,1892,CHI,cavalry,26
1892.12.1,1892,CHI,infantry,58
1892.12.1,1892,CHI,irregular,28
1892.12.1,1892,GXI,cavalry,21
1892.12.1,1892,GXI,infantry,37
1892.12.1,1892,GXI,irregular,6
1892.12.1,1892,XBI,infantry,2
1892.12.1,1892,XBI,irregular,4
1892.12.1,1892,YNN,cavalry,15
1892.12.1,1892,YNN,infantry,38
1892.12.1,1892,YNN,irregular,12
1892.12.1,1892,TIB,cavalry,1
1892.12.1,1892,TIB,infantry,3
1892.12.1,1892,TIB,irregular,3
1892.12.1,1892,XIN,cavalry,2
1892.12.1,1892,XIN,infantry,5
1892.12.1,1892,XIN,irregular,1
1892.12.1,1892,ALD,infantry,3
1892.12.1,1892,MEX,artillery,118
1892.12.1,1892,MEX,cavalry,1
1892.12.1,1892,MEX,infantry,55
1892.12.1,1892,BRZ,artillery,49
1892.12.1,1892,BRZ,dragoon,5
1892.12.1,1892,BRZ,hussar,2
1892.12.1,1892,BRZ,infantry,25
1893.1.1,1893,USA,artillery,169
1893.1.1,1893,USA,dragoon,15
1893.1.1,1893,USA,hussar,9
1893.1.1,1893,USA,infantry,121
1893.1.1,1893,COL,dragoon,1
1893.1.1,1893,COL,infantry,1
1893.1.1,1893,ENG,artillery,394
1893.1.1,1893,ENG,cuirassier,2
1893.1.1,1893,ENG,hussar,22
1893.1.1,1893,ENG,infantry,241
1893.1.1,1893,FRA,artillery,173
1893.1.1,1893,FRA,dragoon,1
1893.1.1,1893,FRA,guard,13
1893.1.1,1893,FRA,hussar,20
1893.1.1,1893,FRA,infantry,195
1893.1.1,1893,SCA,artillery,101
1893.1.1,1893,SCA,guard,30
1893.1.1,1893,SCA,hussar,19
1893.1.1,1893,SCA,infantry,28
1893.1.1,1893,RUS,artillery,229
1893.1.1,1893,RUS,hussar,5
1893.1.1,1893,RUS,infantry,283
1893.1.1,1893,GER,artillery,278
1893.1.1,1893,GER,hussar,28
1893.1.1,1893,GER,infantry,196
1893.1.1,1893,NET,artillery,16
1893.1.1,1893,NET,dragoon,3
1893.1.1,1893,NET,engineer,1
1893.1.1,1893,NET,guard,4
1893.1.1,1893,SPA,artillery,73
1893.1.1,1893,SPA,guard,4
1893.1.1,1893,SPA,hussar,13
1893.1.1,1893,SPA,infantry,62
1893.1.1,1893,KUK,artillery,115
1893.1.1,1893,KUK,dragoon,23
1893.1.1,1893,KUK,infantry,105
1893.1.1,1893,CHL,artillery,68
1893.1.1,1893,CHL,dragoon,11
1893.1.1,1893,CHL,hussar,2
1893.1.1,1893,CHL,infantry,39
1893.1.1,1893,AST,artillery,78
1893.1.1,1893,AST,hussar,6
1893.1.1,1893,AST,infantry,15
1893.1.1,1893,WAL,artillery,17
1893.1.1,1893,WAL,hussar,2
1893.1.1,1893,WAL,infantry,1
1893.1.1,1893,SAR,artillery,48
1893.1.1,1893,SAR,guard,10
1893.1.1,1893,SAR,hussar,3
1893.1.1,1893,SAR,infantry,37
1893.1.1,1893,SIC,artillery,91
1893.1.1,1893,SIC,dragoon,18
1893.1.1,1893,SIC,infantry,52
1893.1.1,1893,TUR,artillery,83
1893.1.1,1893,TUR,hussar,15
1893.1.1,1893,TUR,infantry,45
1893.1.1,1893,PER,artillery,35
1893.1.1,1893,PER,dragoon,1
1893.1.1,1893,PER,hussar,6
1893.1.1,1893,PER,infantry,24
1893.1.1,1893,JAS,dragoon,1
1893.1.1,1893,JAS,infantry,1
1893.1.1,1893,BIK,artillery,2
1893.1.1,1893,BIK,dragoon,1
1893.1.1,1893,BIK,infantry,2
1893.1.1,1893,MEW,dragoon,1
1893.1.1,1893,MEW,infantry,5
1893.1.1,1893,GWA,artillery,1
1893.1.1,1893,GWA,cuirassier,1
1893.1.1,1893,GWA,infantry,1
1893.1.1,1893,BAS,dragoon,1
1893.1.1,1893,BAS,infantry,1
1893.1.1,1893,NEP,cavalry,1
1893.1.1,1893,NEP,irregular,5
1893.1.1,1893,SIK,irregular,1
1893.1.1,1893,BHU,infantry,1
1893.1.1,1893,CHI,cavalry,27
1893.1.1,1893,CHI,infantry,60
1893.1.1,1893,CHI,irregular,28
1893.1.1,1893,GXI,cavalry,21
1893.1.1,1893,GXI,infantry,37
1893.1.1,1893,GXI,irregular,6
1893.1.1,1893,XBI,infantry,2
1893.1.1,1893,XBI,irregular,4
1893.1.1,1893,YNN,cavalry,15
1893.1.1,1893,YNN,infantry,39
1893.1.1,1893,YNN,irregular,12
1893.1.1,1893,TIB,cavalry,1
1893.1.1,1893,TIB,infantry,3
1893.1.1,1893,TIB,irregular,3
1893.1.1,1893,XIN,cavalry,2
1893.1.1,1893,XIN,infantry,5
1893.1.1,1893,XIN,irregular,1
1893.1.1,1893,ALD,infantry,3
1893.1.1,1893,MEX,artillery,117
1893.1.1,1893,MEX,cavalry,1
1893.1.1,1893,MEX,infantry,55
1893.1.1,1893,BRZ,artillery,49
1893.1.1,1893,BRZ,dragoon,5
1893.1.1,1893,BRZ,hussar,2
1893.1.1,1893,BRZ,infantry,25
1893.2.1,1893,USA,artillery,162
1893.2.1,1893,USA,dragoon,14
1893.2.1,1893,USA,hussar,9
1893.2.1,1893,USA,infantry,114
1893.2.1,1893,COL,dragoon,1
1893.2.1,1893,COL,infantry,1
1893.2.1,1893,ENG,artillery,396
1893.2.1,1893,ENG,cuirassier,2
1893.2.1,1893,ENG,hussar,22
1893.2.1,1893,ENG,infantry,241
1893.2.1,1893,FRA,artillery,163
1893.2.1,1893,FRA,dragoon,1
1893.2.1,1893,FRA,guard,13
1893.2.1,1893,FRA,hussar,19
1893.2.1,1893,FRA,infantry,187
1893.2.1,1893,SCA,artillery,101
1893.2.1,1893,SCA,guard,28
1893.2.1,1893,SCA,hussar,19
1893.2.1,1893,SCA,infantry,28
1893.2.1,1893,RUS,artillery,232
1893.2.1,1893,RUS,hussar,5
1893.2.1,1893,RUS,infantry,283
1893.2.1,1893,GER,artillery,277
1893.2.1,1893,GER,hussar,28
1893.2.1,1893,GER,infantry,196
1893.2.1,1893,NET,artillery,16
1893.2.1,1893,NET,dragoon,3
1893.2.1,1893,NET,engineer,1
1893.2.1,1893,NET,guard,4
1893.2.1,1893,SPA,artillery,73
1893.2.1,1893,SPA,guard,4
1893.2.1,1893,SPA,hussar,13
1893.2.1,1893,SPA,infantry,62
1893.2.1,1893,KUK,artillery,114
1893.2.1,1893,KUK,dragoon,23
1893.2.1,1893,KUK,infantry,104
1893.2.1,1893,CHL,artillery,68
1893.2.1,1893,CHL,dragoon,11
1893.2.1,1893,CHL,hussar,2
1893.2.1,1893,CHL,infantry,39
1893.2.1,1893,AST,artillery,78
1893.2.1,1893,AST,hussar,6
1893.2.1,1893,AST,infantry,15
1893.2.1,1893,WAL,artillery,17
1893.2.1,1893,WAL,hussar,2
1893.2.1,1893,WAL,infantry,1
1893.2.1,1893,SAR,artillery,48
1893.2.1,1893,SAR,guard,10
1893.2.1,1893,SAR,hussar,3
1893.2.1,1893,SAR,infantry,37
1893.2.1,1893,SIC,artillery,91
1893.2.1,1893,SIC,dragoon,18
1893.2.1,1893,SIC,infantry,52
1893.2.1,1893,TUR,artillery,95
1893.2.1,1893,TUR,hussar,19
1893.2.1,1893,TUR,infantry,45
1893.2.1,1893,PER,artillery,35
1893.2.1,1893,PER,dragoon,1
1893.2.1,1893,PER,hussar,6
1893.2.1,1893,PER,infantry,24
1893.2.1,1893,JAS,dragoon,1
1893.2.1,1893,JAS,infantry,1
1893.2.1,1893,BIK,artillery,2
1893.2.1,1893,BIK,dragoon,1
1893.2.1,1893,BIK,infantry,2
1893.2.1,1893,MEW,dragoon,1
1893.2.1,1893,MEW,infantry,5
1893.2.1,1893,GWA,artillery,1
1893.2.1,1893,GWA,cuirassier,1
1893.2.1,1893,GWA,infantry,1
1893.2.1,1893,BAS,dragoon,1
1893.2.1,1893,BAS,infantry,1
1893.2.1,1893,NEP,cavalry,1
1893.2.1,1893,NEP,irregular,5
1893.2.1,1893,SIK,irregular,1
1893.2.1,1893,BHU,infantry,1
1893.2.1,1893,CHI,cavalry,27
1893.2.1,1893,CHI,infantry,60
1893.2.1,1893,CHI,irregular,28
1893.2.1,1893,GXI,cavalry,21
1893.2.1,1893,GXI,infantry,37
1893.2.1,1893,GXI,irregular,6
1893.2.1,1893,XBI,infantry,2
1893.2.1,1893,XBI,irregular,4
1893.2.1,1893,YNN,cavalry,15
1893.2.1,1893,YNN,infantry,40
1893.2.1,1893,YNN,irregular,13
1893.2.1,1893,TIB,cavalry,1
1893.2.1,1893,TIB,infantry,3
1893.2.1,1893,TIB,irregular,3
1893.2.1,1893,XIN,cavalry,2
1893.2.1,1893,XIN,infantry,5
1893.2.1,1893,XIN,irregular,1
1893.2.1,1893,ALD,infantry,3
1893.2.1,1893,MEX,artillery,117
1893.2.1,1893,MEX,cavalry,1
1893.2.1,1893,MEX,infantry,55
1893.2.1,1893,BRZ,artillery,49
1893.2.1,1893,BRZ,dragoon,5
1893.2.1,1893,BRZ,hussar,2
1893.2.1,1893,BRZ,infantry,25
1893.3.1,1893,USA,artillery,162
1893.3.1,1893,USA,dragoon,14
1893.3.1,1893,USA,hussar,9
1893.3.1,1893,USA,infantry,114
1893.3.1,1893,COL,dragoon,1
1893.3.1,1893,COL,infantry,1
1893.3.1,1893,ENG,artillery,398
1893.3.1,1893,ENG,cuirassier,2
1893.3.1,1893,ENG,hussar,22
1893.3.1,1893,ENG,infantry,241
1893.3.1,1893,FRA,artillery,163
1893.3.1,1893,FRA,dragoon,1
1893.3.1,1893,FRA,guard,13
1893.3.1,1893,FRA,hussar,19
1893.3.1,1893,FRA,infantry,187
1893.3.1,1893,SCA,artillery,101
1893.3.1,1893,SCA,guard,28
1893.3.1,1893,SCA,hussar,19
1893.3.1,1893,SCA,infantry,28
1893.3.1,1893,RUS,artillery,234
1893.3.1,1893,RUS,hussar,5
1893.3.1,1893,RUS,infantry,283
1893.3.1,1893,GER,artillery,277
1893.3.1,1893,GER,hussar,28
1893.3.1,1893,GER,infantry,196
1893.3.1,1893,NET,artillery,16
1893.3.1,1893,NET,dragoon,3
1893.3.1,1893,NET,engineer,1
1893.3.1,1893,NET,guard,4
1893.3.1,1893,SPA,artillery,73
1893.3.1,1893,SPA,guard,4
1893.3.1,1893,SPA,hussar,13
1893.3.1,1893,SPA,infantry,62
1893.3.1,1893,KUK,artillery,114
1893.3.1,1893,KUK,dragoon,23
1893.3.1,1893,KUK,infantry,104
1893.3.1,1893,CHL,artillery,68
1893.3.1,1893,CHL,dragoon,11
1893.3.1,1893,CHL,hussar,2
1893.3.1,1893,CHL,infantry,39
1893.3.1,1893,AST,artillery,78
1893.3.1,1893,AST,hussar,6
1893.3.1,1893,AST,infantry,15
1893.3.1,1893,WAL,artillery,17
1893.3.1,1893,WAL,hussar,2
1893.3.1,1893,WAL,infantry,1
1893.3.1,1893,SAR,artillery,48
1893.3.1,1893,SAR,guard,10
1893.3.1,1893,SAR,hussar,3
1893.3.1,1893,SAR,infantry,37
1893.3.1,1893,SIC,artillery,91
1893.3.1,1893,SIC,dragoon,18
1893.3.1,1893,SIC,infantry,52
1893.3.1,1893,TUR,artillery,95
1893.3.1,1893,TUR,hussar,19
1893.3.1,1893,TUR,infantry,45
1893.3.1,1893,PER,artillery,35
1893.3.1,1893,PER,dragoon,1
1893.3.1,1893,PER,hussar,6
1893.3.1,1893,PER,infantry,24
1893.3.1,1893,JAS,dragoon,1
1893.3.1,1893,JAS,infantry,1
1893.3.1,1893,BIK,artillery,2
1893.3.1,1893,BIK,dragoon,1
1893.3.1,1893,BIK,infantry,2
1893.3.1,1893,MEW,dragoon,1
1893.3.1,1893,MEW,infantry,5
1893.3.1,1893,GWA,artillery,1
1893.3.1,1893,GWA,cuirassier,1
1893.3.1,1893,GWA,infantry,1
1893.3.1,1893,BAS,dragoon,1
1893.3.1,1893,BAS,infantry,1
1893.3.1,1893,NEP,cavalry,1
1893.3.1,1893,NEP,irregular,5
1893.3.1,1893,SIK,irregular,1
1893.3.1,1893,BHU,infantry,1
1893.3.1,1893,CHI,cavalry,27
1893.3.1,1893,CHI,infantry,60
1893.3.1,1893,CHI,irregular,28
1893.3.1,1893,GXI,cavalry,21
1893.3.1,1893,GXI,infantry,39
1893.3.1,1893,GXI,irregular,6
1893.3.1,1893,XBI,infantry,2
1893.3.1,1893,XBI,irregular,4
1893.3.1,1893,YNN,cavalry,15
1893.3.1,1893,YNN,infantry,41
1893.3.1,1893,YNN,irregular,13
1893.3.1,1893,TIB,cavalry,1
1893.3.1,1893,TIB,infantry,3
1893.3.1,1893,TIB,irregular,3
1893.3.1,1893,XIN,cavalry,2
1893.3.1,1893,XIN,infantry,5
1893.3.1,1893,XIN,irregular,1
1893.3.1,1893,ALD,infantry,3
1893.3.1,1893,MEX,artillery,117
1893.3.1,1893,MEX,cavalry,1
1893.3.1,1893,MEX,infantry,55
1893.3.1,1893,BRZ,artillery,49
1893.3.1,1893,BRZ,dragoon,5
1893.3.1,1893,BRZ,hussar,2
1893.3.1,1893,BRZ,infantry,25
1893.4.1,1893,USA,artillery,163
1893.4.1,1893,USA,dragoon,14
1893.4.1,1893,USA,hussar,9
1893.4.1,1893,USA,infantry,113
1893.4.1,1893,COL,dragoon,1
1893.4.1,1893,COL,infantry,1
1893.4.1,1893,ENG,artillery,413
1893.4.1,1893,ENG,cuirassier,2
1893.4.1,1893,ENG,hussar,22
1893.4.1,1893,ENG,infantry,241
1893.4.1,1893,FRA,artillery,163
1893.4.1,1893,FRA,dragoon,1
1893.4.1,1893,FRA,guard,13
1893.4.1,1893,FRA,hussar,19
1893.4.1,1893,FRA,infantry,187
1893.4.1,1893,SCA,artillery,101
1893.4.1,1893,SCA,guard,28
1893.4.1,1893,SCA,hussar,19
1893.4.1,1893,SCA,infantry,28
1893.4.1,1893,RUS,artillery,236
1893.4.1,1893,RUS,hussar,5
1893.4.1,1893,RUS,infantry,283
1893.4.1,1893,GER,artillery,277
1893.4.1,1893,GER,hussar,28
1893.4.1,1893,GER,infantry,196
1893.4.1,1893,NET,artillery,16
1893.4.1,1893,NET,dragoon,3
1893.4.1,1893,NET,engineer,1
1893.4.1,1893,NET,guard,4
1893.4.1,1893,SPA,artillery,73
1893.4.1,1893,SPA,guard,4
1893.4.1,1893,SPA,hussar,13
1893.4.1,1893,SPA,infantry,62
1893.4.1,1893,KUK,artillery,114
1893.4.1,1893,KUK,dragoon,23
1893.4.1,1893,KUK,infantry,104
1893.4.1,1893,CHL,artillery,68
1893.4.1,1893,CHL,dragoon,11
1893.4.1,1893,CHL,hussar,2
1893.4.1,1893,CHL,infantry,39
1893.4.1,1893,AST,artillery,78
1893.4.1,1893,AST,hussar,6
1893.4.1,1893,AST,infantry,15
1893.4.1,1893,WAL,artillery,17
1893.4.1,1893,WAL,hussar,2
1893.4.1,1893,WAL,infantry,1
1893.4.1,1893,SAR,artillery,48
1893.4.1,1893,SAR,guard,10
1893.4.1,1893,SAR,hussar,3
1893.4.1,1893,SAR,infantry,37
1893.4.1,1893,SIC,artillery,91
1893.4.1,1893,SIC,dragoon,18
1893.4.1,1893,SIC,infantry,52
1893.4.1,1893,TUR,artillery,95
1893.4.1,1893,TUR,hussar,19
1893.4.1,1893,TUR,infantry,45
1893.4.1,1893,PER,artillery,35
1893.4.1,1893,PER,dragoon,1
1893.4.1,1893,PER,hussar,6
1893.4.1,1893,PER,infantry,25
1893.4.1,1893,JAS,dragoon,1
1893.4.1,1893,JAS,infantry,1
1893.4.1,1893,BIK,artillery,2
1893.4.1,1893,BIK,dragoon,1
1893.4.1,1893,BIK,infantry,2
1893.4.1,1893,MEW,dragoon,1
1893.4.1,1893,MEW,infantry,5
1893.4.1,1893,GWA,artillery,1
1893.4.1,1893,GWA,cuirassier,1
1893.4.1,1893,GWA,infantry,1
1893.4.1,1893,BAS,dragoon,1
1893.4.1,1893,BAS,infantry,1
1893.4.1,1893,NEP,cavalry,1
1893.4.1,1893,NEP,irregular,5
1893.4.1,1893,SIK,irregular,1
1893.4.1,1893,BHU,infantry,1
1893.4.1,1893,CHI,cavalry,27
1893.4.1,1893,CHI,infantry,61
1893.4.1,1893,CHI,irregular,28
1893.4.1,1893,GXI,cavalry,21
1893.4.1,1893,GXI,infantry,39
1893.4.1,1893,GXI,irregular,6
1893.4.1,1893,XBI,infantry,2
1893.4.1,1893,XBI,irregular,4
1893.4.1,1893,YNN,cavalry,16
1893.4.1,1893,YNN,infantry,41
1893.4.1,1893,YNN,irregular,13
1893.4.1,1893,TIB,cavalry,1
1893.4.1,1893,TIB,infantry,3
1893.4.1,1893,TIB,irregular,3
1893.4.1,1893,XIN,cavalry,2
1893.4.1,1893,XIN,infantry,5
1893.4.1,1893,XIN,irregular,1
1893.4.1,1893,ALD,infantry,3
1893.4.1,1893,MEX,artillery,117
1893.4.1,1893,MEX,cavalry,1
1893.4.1,1893,MEX,infantry,55
1893.4.1,1893,BRZ,artillery,49
1893.4.1,1893,BRZ,dragoon,5
1893.4.1,1893,BRZ,hussar,2
1893.4.1,1893,BRZ,infantry,25
1893.5.1,1893,USA,artillery,163
1893.5.1,1893,USA,dragoon,14
1893.5.1,1893,USA,hussar,9
1893.5.1,1893,USA,infantry,113
1893.5.1,1893,COL,dragoon,1
1893.5.1,1893,COL,infantry,1
1893.5.1,1893,ENG,artillery,412
1893.5.1,1893,ENG,cuirassier,2
1893.5.1,1893,ENG,hussar,22
1893.5.1,1893,ENG,infantry,241
1893.5.1,1893,FRA,artillery,163
1893.5.1,1893,FRA,dragoon,1
1893.5.1,1893,FRA,guard,13
1893.5.1,1893,FRA,hussar,19
1893.5.1,1893,FRA,infantry,187
1893.5.1,1893,SCA,artillery,101
1893.5.1,1893,SCA,guard,28
1893.5.1,1893,SCA,hussar,19
1893.5.1,1893,SCA,infantry,28
1893.5.1,1893,RUS,artillery,238
1893.5.1,1893,RUS,hussar,5
1893.5.1,1893,RUS,infantry,283
1893.5.1,1893,GER,artillery,277
1893.5.1,1893,GER,hussar,28
1893.5.1,1893,GER,infantry,196
1893.5.1,1893,NET,artillery,16
1893.5.1,1893,NET,dragoon,3
1893.5.1,1893,NET,engineer,1
1893.5.1,1893,NET,guard,4
1893.5.1,1893,SPA,artillery,72
1893.5.1,1893,SPA,guard,4
1893.5.1,1893,SPA,hussar,13
1893.5.1,1893,SPA,infantry,62
1893.5.1,1893,KUK,artillery,114
1893.5.1,1893,KUK,dragoon,23
1893.5.1,1893,KUK,infantry,104
1893.5.1,1893,CHL,artillery,68
1893.5.1,1893,CHL,dragoon,11
1893.5.1,1893,CHL,hussar,2
1893.5.1,1893,CHL,infantry,39
1893.5.1,1893,AST,artillery,78
1893.5.1,1893,AST,hussar,6
1893.5.1,1893,AST,infantry,15
1893.5.1,1893,WAL,artillery,17
1893.5.1,1893,WAL,hussar,2
1893.5.1,1893,WAL,infantry,1
1893.5.1,1893,SAR,artillery,48
1893.5.1,1893,SAR,guard,10
1893.5.1,1893,SAR,hussar,3
1893.5.1,1893,SAR,infantry,37
1893.5.1,1893,SIC,artillery,91
1893.5.1,1893,SIC,dragoon,18
1893.5.1,1893,SIC,infantry,52
1893.5.1,1893,TUR,artillery,95
1893.5.1,1893,TUR,hussar,19
1893.5.1,1893,TUR,infantry,51
1893.5.1,1893,PER,artillery,35
1893.5.1,1893,PER,dragoon,1
1893.5.1,1893,PER,hussar,6
1893.5.1,1893,PER,infantry,28
1893.5.1,1893,JAS,dragoon,1
1893.5.1,1893,JAS,infantry,1
1893.5.1,1893,BIK,artillery,2
1893.5.1,1893,BIK,dragoon,1
1893.5.1,1893,BIK,infantry,2
1893.5.1,1893,MEW,dragoon,1
1893.5.1,1893,MEW,infantry,5
1893.5.1,1893,GWA,artillery,1
1893.5.1,1893,GWA,cuirassier,1
1893.5.1,1893,GWA,infantry,1
1893.5.1,1893,BAS,dragoon,1
1893.5.1,1893,BAS,infantry,1
1893.5.1,1893,NEP,cavalry,1
1893.5.1,1893,NEP,irregular,5
1893.5.1,1893,SIK,irregular,1
1893.5.1,1893,BHU,infantry,1
1893.5.1,1893,CHI,cavalry,28
1893.5.1,1893,CHI,infantry,61
1893.5.1,1893,CHI,irregular,28
1893.5.1,1893,GXI,cavalry,21
1893.5.1,1893,GXI,infantry,39
1893.5.1,1893,GXI,irregular,6
1893.5.1,1893,XBI,infantry,2
1893.5.1,1893,XBI,irregular,4
1893.5.1,1893,YNN,cavalry,16
1893.5.1,1893,YNN,infantry,43
1893.5.1,1893,YNN,irregular,13
1893.5.1,1893,TIB,cavalry,1
1893.5.1,1893,TIB,infantry,3
1893.5.1,1893,TIB,irregular,3
1893.5.1,1893,XIN,cavalry,2
1893.5.1,1893,XIN,infantry,5
1893.5.1,1893,XIN,irregular,1
1893.5.1,1893,ALD,infantry,3
1893.5.1,1893,MEX,artillery,117
1893.5.1,1893,MEX,cavalry,1
1893.5.1,1893,MEX,infantry,55
1893.5.1,1893,BRZ,artillery,49
1893.5.1,1893,BRZ,dragoon,5
1893.5.1,1893,BRZ,hussar,2
1893.5.1,1893,BRZ,infantry,25
1893.6.1,1893,USA,artillery,163
1893.6.1,1893,USA,dragoon,14
1893.6.1,1893,USA,hussar,9
1893.6.1,1893,USA,infantry,113
1893.6.1,1893,COL,dragoon,1
1893.6.1,1893,COL,infantry,1
1893.6.1,1893,ENG,artillery,412
1893.6.1,1893,ENG,cuirassier,2
1893.6.1,1893,ENG,hussar,22
1893.6.1,1893,ENG,infantry,241
1893.6.1,1893,FRA,artillery,163
1893.6.1,1893,FRA,dragoon,1
1893.6.1,1893,FRA,guard,13
1893.6.1,1893,FRA,hussar,19
1893.6.1,1893,FRA,infantry,187
1893.6.1,1893,SCA,artillery,101
1893.6.1,1893,SCA,guard,28
1893.6.1,1893,SCA,hussar,19
1893.6.1,1893,SCA,infantry,28
1893.6.1,1893,RUS,artillery,241
1893.6.1,1893,RUS,hussar,5
1893.6.1,1893,RUS,infantry,283
1893.6.1,1893,GER,artillery,275
1893.6.1,1893,GER,hussar,28
1893.6.1,1893,GER,infantry,196
1893.6.1,1893,NET,artillery,16
1893.6.1,1893,NET,dragoon,3
1893.6.1,1893,NET,engineer,1
1893.6.1,1893,NET,guard,4
1893.6.1,1893,SPA,artillery,72
1893.6.1,1893,SPA,guard,4
1893.6.1,1893,SPA,hussar,13
1893.6.1,1893,SPA,infantry,62
1893.6.1,1893,KUK,artillery,114
1893.6.1,1893,KUK,dragoon,23
1893.6.1,1893,KUK,infantry,104
1893.6.1,1893,CHL,artillery,68
1893.6.1,1893,CHL,dragoon,11
1893.6.1,1893,CHL,hussar,2
1893.6.1,1893,CHL,infantry,39
1893.6.1,1893,AST,artillery,78
1893.6.1,1893,AST,hussar,6
1893.6.1,1893,AST,infantry,15
1893.6.1,1893,WAL,artillery,17
1893.6.1,1893,WAL,hussar,2
1893.6.1,1893,WAL,infantry,1
1893.6.1,1893,SAR,artillery,48
1893.6.1,1893,SAR,guard,10
1893.6.1,1893,SAR,hussar,3
1893.6.1,1893,SAR,infantry,37
1893.6.1,1893,SIC,artillery,91
1893.6.1,1893,SIC,dragoon,18
1893.6.1,1893,SIC,infantry,52
1893.6.1,1893,TUR,artillery,95
1893.6.1,1893,TUR,hussar,19
1893.6.1,1893,TUR,infantry,57
1893.6.1,1893,PER,artillery,35
1893.6.1,1893,PER,dragoon,1
1893.6.1,1893,PER,hussar,6
1893.6.1,1893,PER,infantry,28
1893.6.1,1893,JAS,dragoon,1
1893.6.1,1893,JAS,infantry,1
1893.6.1,1893,BIK,artillery,2
1893.6.1,1893,BIK,dragoon,1
1893.6.1,1893,BIK,infantry,2
1893.6.1,1893,MEW,dragoon,1
1893.6.1,1893,MEW,infantry,5
1893.6.1,1893,GWA,artillery,1
1893.6.1,1893,GWA,cuirassier,1
1893.6.1,1893,GWA,infantry,1
1893.6.1,1893,BAS,dragoon,1
1893.6.1,1893,BAS,infantry,1
1893.6.1,1893,NEP,cavalry,1
1893.6.1,1893,NEP,irregular,5
1893.6.1,1893,SIK,irregular,1
1893.6.1,1893,BHU,infantry,1
1893.6.1,1893,CHI,cavalry,28
1893.6.1,1893,CHI,infantry,62
1893.6.1,1893,CHI,irregular,28
1893.6.1,1893,GXI,cavalry,21
1893.6.1,1893,GXI,infantry,41
1893.6.1,1893,GXI,irregular,6
1893.6.1,1893,XBI,infantry,2
1893.6.1,1893,XBI,irregular,4
1893.6.1,1893,YNN,cavalry,16
1893.6.1,1893,YNN,infantry,45
1893.6.1,1893,YNN,irregular,13
1893.6.1,1893,TIB,cavalry,1
1893.6.1,1893,TIB,infantry,3
1893.6.1,1893,TIB,irregular,3
1893.6.1,1893,XIN,cavalry,2
1893.6.1,1893,XIN,infantry,5
1893.6.1,1893,XIN,irregular,1
1893.6.1,1893,ALD,infantry,3
1893.6.1,1893,MEX,artillery,117
1893.6.1,1893,MEX,cavalry,1
1893.6.1,1893,MEX,infantry,55
1893.6.1,1893,BRZ,artillery,49
1893.6.1,1893,BRZ,dragoon,5
1893.6.1,1893,BRZ,hussar,2
1893.6.1,1893,BRZ,infantry,25
1893.7.1,1893,USA,artillery,163
1893.7.1,1893,USA,dragoon,14
1893.7.1,1893,USA,hussar,9
1893.7.1,1893,USA,infantry,113
1893.7.1,1893,COL,dragoon,1
1893.7.1,1893,COL,infantry,1
1893.7.1,1893,ENG,artillery,412
1893.7.1,1893,ENG,cuirassier,2
1893.7.1,1893,ENG,hussar,22
1893.7.1,1893,ENG,infantry,241
1893.7.1,1893,FRA,artillery,163
1893.7.1,1893,FRA,dragoon,1
1893.7.1,1893,FRA,guard,13
1893.7.1,1893,FRA,hussar,19
1893.7.1,1893,FRA,infantry,187
1893.7.1,1893,SCA,artillery,101
1893.7.1,1893,SCA,guard,28
1893.7.1,1893,SCA,hussar,19
1893.7.1,1893,SCA,infantry,28
1893.7.1,1893,RUS,artillery,245
1893.7.1,1893,RUS,hussar,5
1893.7.1,1893,RUS,infantry,283
1893.7.1,1893,GER,artillery,275
1893.7.1,1893,GER,hussar,28
1893.7.1,1893,GER,infantry,196
1893.7.1,1893,NET,artillery,16
1893.7.1,1893,NET,dragoon,3
1893.7.1,1893,NET,engineer,1
1893.7.1,1893,NET,guard,4
1893.7.1,1893,NET,hussar,1
1893.7.1,1893,SPA,artillery,72
1893.7.1,1893,SPA,guard,4
1893.7.1,1893,SPA,hussar,13
1893.7.1,1893,SPA,infantry,62
1893.7.1,1893,KUK,artillery,114
1893.7.1,1893,KUK,dragoon,23
1893.7.1,1893,KUK,infantry,104
1893.7.1,1893,CHL,artillery,71
1893.7.1,1893,CHL,dragoon,13
1893.7.1,1893,CHL,hussar,2
1893.7.1,1893,CHL,infantry,40
1893.7.1,1893,AST,artillery,78
1893.7.1,1893,AST,hussar,6
1893.7.1,1893,AST,infantry,15
1893.7.1,1893,WAL,artillery,17
1893.7.1,1893,WAL,hussar,2
1893.7.1,1893,WAL,infantry,1
1893.7.1,1893,SAR,artillery,48
1893.7.1,1893,SAR,guard,10
1893.7.1,1893,SAR,hussar,3
1893.7.1,1893,SAR,infantry,37
1893.7.1,1893,SIC,artillery,91
1893.7.1,1893,SIC,dragoon,18
1893.7.1,1893,SIC,infantry,52
1893.7.1,1893,TUR,artillery,95
1893.7.1,1893,TUR,hussar,19
1893.7.1,1893,TUR,infantry,80
1893.7.1,1893,PER,artillery,35
1893.7.1,1893,PER,dragoon,1
1893.7.1,1893,PER,hussar,6
1893.7.1,1893,PER,infantry,28
1893.7.1,1893,JAS,dragoon,1
1893.7.1,1893,JAS,infantry,1
1893.7.1,1893,BIK,artillery,2
1893.7.1,1893,BIK,dragoon,1
1893.7.1,1893,BIK,infantry,2
1893.7.1,1893,MEW,dragoon,1
1893.7.1,1893,MEW,infantry,5
1893.7.1,1893,GWA,artillery,1
1893.7.1,1893,GWA,cuirassier,1
1893.7.1,1893,GWA,infantry,1
1893.7.1,1893,BAS,dragoon,1
1893.7.1,1893,BAS,infantry,1
1893.7.1,1893,NEP,cavalry,1
1893.7.1,1893,NEP,irregular,5
1893.7.1,1893,SIK,irregular,1
1893.7.1,1893,BHU,infantry,1
1893.7.1,1893,CHI,cavalry,28
1893.7.1,1893,CHI,infantry,63
1893.7.1,1893,CHI,irregular,28
1893.7.1,1893,GXI,cavalry,21
1893.7.1,1893,GXI,infantry,41
1893.7.1,1893,GXI,irregular,7
1893.7.1,1893,XBI,infantry,2
1893.7.1,1893,XBI,irregular,4
1893.7.1,1893,YNN,cavalry,16
1893.7.1,1893,YNN,infantry,47
1893.7.1,1893,YNN,irregular,13
1893.7.1,1893,TIB,cavalry,1
1893.7.1,1893,TIB,infantry,3
1893.7.1,1893,TIB,irregular,3
1893.7.1,1893,XIN,cavalry,2
1893.7.1,1893,XIN,infantry,5
1893.7.1,1893,XIN,irregular,1
1893.7.1,1893,ALD,infantry,3
1893.7.1,1893,MEX,artillery,117
1893.7.1,1893,MEX,cavalry,1
1893.7.1,1893,MEX,infantry,55
1893.7.1,1893,BRZ,artillery,49
1893.7.1,1893,BRZ,dragoon,5
1893.7.1,1893,BRZ,hussar,2
1893.7.1,1893,BRZ,infantry,25
1893.8.1,1893,USA,artillery,162
1893.8.1,1893,USA,dragoon,13
1893.8.1,1893,USA,hussar,9
1893.8.1,1893,USA,infantry,113
1893.8.1,1893,COL,dragoon,1
1893.8.1,1893,COL,infantry,1
1893.8.1,1893,ENG,artillery,412
1893.8.1,1893,ENG,cuirassier,2
1893.8.1,1893,ENG,hussar,22
1893.8.1,1893,ENG,infantry,241
1893.8.1,1893,FRA,artillery,162
1893.8.1,1893,FRA,dragoon,1
1893.8.1,1893,FRA,guard,12
1893.8.1,1893,FRA,hussar,19
1893.8.1,1893,FRA,infantry,187
1893.8.1,1893,SCA,artillery,101
1893.8.1,1893,SCA,guard,28
1893.8.1,1893,SCA,hussar,19
1893.8.1,1893,SCA,infantry,28
1893.8.1,1893,RUS,artillery,247
1893.8.1,1893,RUS,hussar,5
1893.8.1,1893,RUS,infantry,283
1893.8.1,1893,GER,artillery,275
1893.8.1,1893,GER,hussar,28
1893.8.1,1893,GER,infantry,196
1893.8.1,1893,NET,artillery,16
1893.8.1,1893,NET,dragoon,3
1893.8.1,1893,NET,engineer,1
1893.8.1,1893,NET,guard,4
1893.8.1,1893,NET,hussar,1
1893.8.1,1893,SPA,artillery,72
1893.8.1,1893,SPA,guard,4
1893.8.1,1893,SPA,hussar,13
1893.8.1,1893,SPA,infantry,62
1893.8.1,1893,KUK,artillery,114
1893.8.1,1893,KUK,dragoon,23
1893.8.1,1893,KUK,infantry,104
1893.8.1,1893,CHL,artillery,71
1893.8.1,1893,CHL,dragoon,12
1893.8.1,1893,CHL,hussar,2
1893.8.1,1893,CHL,infantry,40
1893.8.1,1893,AST,artillery,78
1893.8.1,1893,AST,hussar,6
1893.8.1,1893,AST,infantry,15
1893.8.1,1893,WAL,artillery,17
1893.8.1,1893,WAL,hussar,2
1893.8.1,1893,WAL,infantry,1
1893.8.1,1893,SAR,artillery,48
1893.8.1,1893,SAR,guard,10
1893.8.1,1893,SAR,hussar,3
1893.8.1,1893,SAR,infantry,37
1893.8.1,1893,SIC,artillery,91
1893.8.1,1893,SIC,dragoon,18
1893.8.1,1893,SIC,infantry,52
1893.8.1,1893,TUR,artillery,113
1893.8.1,1893,TUR,hussar,23
1893.8.1,1893,TUR,infantry,88
1893.8.1,1893,PER,artillery,35
1893.8.1,1893,PER,dragoon,1
1893.8.1,1893,PER,hussar,6
1893.8.1,1893,PER,infantry,28
1893.8.1,1893,JAS,dragoon,1
1893.8.1,1893,JAS,infantry,1
1893.8.1,1893,BIK,artillery,2
1893.8.1,1893,BIK,dragoon,1
1893.8.1,1893,BIK,infantry,2
1893.8.1,1893,MEW,dragoon,1
1893.8.1,1893,MEW,infantry,5
1893.8.1,1893,GWA,artillery,1
1893.8.1,1893,GWA,cuirassier,1
1893.8.1,1893,GWA,infantry,1
1893.8.1,1893,BAS,dragoon,1
1893.8.1,1893,BAS,infantry,1
1893.8.1,1893,NEP,cavalry,1
1893.8.1,1893,NEP,irregular,5
1893.8.1,1893,SIK,irregular,1
1893.8.1,1893,BHU,infantry,1
1893.8.1,1893,CHI,cavalry,29
1893.8.1,1893,CHI,infantry,64
1893.8.1,1893,CHI,irregular,28
1893.8.1,1893,TIB,cavalry,1
1893.8.1,1893,TIB,infantry,3
1893.8.1,1893,TIB,irregular,3
1893.8.1,1893,ALD,infantry,3
1893.8.1,1893,MEX,artillery,117
1893.8.1,1893,MEX,cavalry,1
1893.8.1,1893,MEX,infantry,55
1893.8.1,1893,BRZ,artillery,49
1893.8.1,1893,BRZ,dragoon,5
1893.8.1,1893,BRZ,hussar,2
1893.8.1,1893,BRZ,infantry,25
1893.9.1,1893,USA,artillery,162
1893.9.1,1893,USA,dragoon,13
1893.9.1,1893,USA,hussar,9
1893.9.1,1893,USA,infantry,113
1893.9.1,1893,COL,dragoon,1
1893.9.1,1893,COL,infantry,1
1893.9.1,1893,ENG,artillery,411
1893.9.1,1893,ENG,cuirassier,2
1893.9.1,1893,ENG,hussar,22
1893.9.1,1893,ENG,infantry,241
1893.9.1,1893,FRA,artillery,162
1893.9.1,1893,FRA,dragoon,1
1893.9.1,1893,FRA,guard,12
1893.9.1,1893,FRA,hussar,19
1893.9.1,1893,FRA,infantry,187
1893.9.1,1893,SCA,artillery,101
1893.9.1,1893,SCA,guard,28
1893.9.1,1893,SCA,hussar,19
1893.9.1,1893,SCA,infantry,28
1893.9.1,1893,RUS,artillery,249
1893.9.1,1893,RUS,hussar,5
1893.9.1,1893,RUS,infantry,283
1893.9.1,1893,GER,artillery,274
1893.9.1,1893,GER,hussar,28
1893.9.1,1893,GER,infantry,196
1893.9.1,1893,NET,artillery,19
1893.9.1,1893,NET,dragoon,3
1893.9.1,1893,NET,engineer,1
1893.9.1,1893,NET,guard,4
1893.9.1,1893,NET,hussar,1
1893.9.1,1893,SPA,artillery,72
1893.9.1,1893,SPA,guard,4
1893.9.1,1893,SPA,hussar,13
1893.9.1,1893,SPA,infantry,62
1893.9.1,1893,KUK,artillery,114
1893.9.1,1893,KUK,dragoon,23
1893.9.1,1893,KUK,infantry,104
1893.9.1,1893,CHL,artillery,71
1893.9.1,1893,CHL,dragoon,12
1893.9.1,1893,CHL,hussar,2
1893.9.1,1893,CHL,infantry,40
1893.9.1,1893,AST,artillery,78
1893.9.1,1893,AST,hussar,6
1893.9.1,1893,AST,infantry,15
1893.9.1,1893,WAL,artillery,17
1893.9.1,1893,WAL,hussar,2
1893.9.1,1893,WAL,infantry,1
1893.9.1,1893,SAR,artillery,48
1893.9.1,1893,SAR,guard,10
1893.9.1,1893,SAR,hussar,3
1893.9.1,1893,SAR,infantry,37
1893.9.1,1893,SIC,artillery,91
1893.9.1,1893,SIC,dragoon,18
1893.9.1,1893,SIC,infantry,52
1893.9.1,1893,TUR,artillery,113
1893.9.1,1893,TUR,hussar,23
1893.9.1,1893,TUR,infantry,93
1893.9.1,1893,PER,artillery,35
1893.9.1,1893,PER,dragoon,1
1893.9.1,1893,PER,hussar,6
1893.9.1,1893,PER,infantry,28
1893.9.1,1893,JAS,dragoon,1
1893.9.1,1893,JAS,infantry,1
1893.9.1,1893,BIK,artillery,2
1893.9.1,1893,BIK,dragoon,1
1893.9.1,1893,BIK,infantry,2
1893.9.1,1893,MEW,dragoon,1
1893.9.1,1893,MEW,infantry,5
1893.9.1,1893,GWA,artillery,1
1893.9.1,1893,GWA,cuirassier,1
1893.9.1,1893,GWA,infantry,1
1893.9.1,1893,BAS,dragoon,1
1893.9.1,1893,BAS,infantry,1
1893.9.1,1893,NEP,cavalry,1
1893.9.1,1893,NEP,irregular,5
1893.9.1,1893,SIK,irregular,1
1893.9.1,1893,BHU,infantry,1
1893.9.1,1893,CHI,cavalry,30
1893.9.1,1893,CHI,infantry,64
1893.9.1,1893,CHI,irregular,28
1893.9.1,1893,TIB,cavalry,1
1893.9.1,1893,TIB,infantry,3
1893.9.1,1893,TIB,irregular,3
1893.9.1,1893,ALD,infantry,3
1893.9.1,1893,MEX,artillery,117
1893.9.1,1893,MEX,cavalry,1
1893.9.1,1893,MEX,infantry,55
1893.9.1,1893,BRZ,artillery,49
1893.9.1,1893,BRZ,dragoon,5
1893.9.1,1893,BRZ,hussar,2
1893.9.1,1893,BRZ,infantry,25
1893.10.1,1893,USA,artillery,143
1893.10.1,1893,USA,dragoon,11
1893.10.1,1893,USA,hussar,8
1893.10.1,1893,USA,infantry,102
1893.10.1,1893,COL,dragoon,1
1893.10.1,1893,COL,infantry,1
1893.10.1,1893,ENG,artillery,410
1893.10.1,1893,ENG,cuirassier,2
1893.10.1,1893,ENG,hussar,22
1893.10.1,1893,ENG,infantry,236
1893.10.1,1893,FRA,artillery,162
1893.10.1,1893,FRA,dragoon,1
1893.10.1,1893,FRA,guard,12
1893.10.1,1893,FRA,hussar,19
1893.10.1,1893,FRA,infantry,187
1893.10.1,1893,SCA,artillery,100
1893.10.1,1893,SCA,guard,28
1893.10.1,1893,SCA,hussar,19
1893.10.1,1893,SCA,infantry,28
1893.10.1,1893,RUS,artillery,251
1893.10.1,1893,RUS,hussar,5
1893.10.1,1893,RUS,infantry,283
1893.10.1,1893,GER,artillery,272
1893.10.1,1893,GER,hussar,28
1893.10.1,1893,GER,infantry,196
1893.10.1,1893,NET,artillery,19
1893.10.1,1893,NET,dragoon,4
1893.10.1,1893,NET,engineer,1
1893.10.1,1893,NET,guard,4
1893.10.1,1893,NET,hussar,1
1893.10.1,1893,SPA,artillery,72
1893.10.1,1893,SPA,guard,4
1893.10.1,1893,SPA,hussar,13
1893.10.1,1893,SPA,infantry,62
1893.10.1,1893,KUK,artillery,114
1893.10.1,1893,KUK,dragoon,23
1893.10.1,1893,KUK,infantry,104
1893.10.1,1893,CHL,artillery,71
1893.10.1,1893,CHL,dragoon,12
1893.10.1,1893,CHL,hussar,2
1893.10.1,1893,CHL,infantry,40
1893.10.1,1893,AST,artillery,78
1893.10.1,1893,AST,hussar,6
1893.10.1,1893,AST,infantry,15
1893.10.1,1893,WAL,artillery,17
1893.10.1,1893,WAL,hussar,2
1893.10.1,1893,WAL,infantry,1
1893.10.1,1893,SAR,artillery,48
1893.10.1,1893,SAR,guard,10
1893.10.1,1893,SAR,hussar,3
1893.10.1,1893,SAR,infantry,37
1893.10.1,1893,SIC,artillery,91
1893.10.1,1893,SIC,dragoon,18
1893.10.1,1893,SIC,infantry,52
1893.10.1,1893,TUR,artillery,113
1893.10.1,1893,TUR,hussar,23
1893.10.1,1893,TUR,infantry,96
1893.10.1,1893,PER,artillery,35
1893.10.1,1893,PER,dragoon,1
1893.10.1,1893,PER,hussar,6
1893.10.1,1893,PER,infantry,28
1893.10.1,1893,JAS,dragoon,1
1893.10.1,1893,JAS,infantry,1
1893.10.1,1893,BIK,artillery,2
1893.10.1,1893,BIK,dragoon,1
1893.10.1,1893,BIK,infantry,2
1893.10.1,1893,MEW,dragoon,1
1893.10.1,1893,MEW,infantry,5
1893.10.1,1893,GWA,artillery,1
1893.10.1,1893,GWA,cuirassier,1
1893.10.1,1893,GWA,infantry,1
1893.10.1,1893,BAS,dragoon,1
1893.10.1,1893,BAS,infantry,1
1893.10.1,1893,NEP,cavalry,1
1893.10.1,1893,NEP,irregular,5
1893.10.1,1893,SIK,irregular,1
1893.10.1,1893,BHU,infantry,1
1893.10.1,1893,CHI,cavalry,31
1893.10.1,1893,CHI,infantry,89
1893.10.1,1893,CHI,irregular,28
1893.10.1,1893,TIB,cavalry,1
1893.10.1,1893,TIB,infantry,3
1893.10.1,1893,TIB,irregular,3
1893.10.1,1893,ALD,infantry,3
1893.10.1,1893,MEX,artillery,117
1893.10.1,1893,MEX,cavalry,1
1893.10.1,1893,MEX,infantry,55
1893.10.1,1893,BRZ,artillery,49
1893.10.1,1893,BRZ,dragoon,5
1893.10.1,1893,BRZ,hussar,2
1893.10.1,1893,BRZ,infantry,25
1893.11.1,1893,USA,artillery,142
1893.11.1,1893,USA,dragoon,11
1893.11.1,1893,USA,hussar,8
1893.11.1,1893,USA,infantry,102
1893.11.1,1893,COL,dragoon,1
1893.11.1,1893,COL,infantry,1
1893.11.1,1893,ENG,artillery,410
1893.11.1,1893,ENG,cuirassier,2
1893.11.1,1893,ENG,hussar,22
1893.11.1,1893,ENG,infantry,236
1893.11.1,1893,FRA,artillery,161
1893.11.1,1893,FRA,dragoon,1
1893.11.1,1893,FRA,guard,12
1893.11.1,1893,FRA,hussar,19
1893.11.1,1893,FRA,infantry,187
1893.11.1,1893,SCA,artillery,100
1893.11.1,1893,SCA,guard,28
1893.11.1,1893,SCA,hussar,19
1893.11.1,1893,SCA,infantry,28
1893.11.1,1893,RUS,artillery,255
1893.11.1,1893,RUS,hussar,5
1893.11.1,1893,RUS,infantry,283
1893.11.1,1893,GER,artillery,272
1893.11.1,1893,GER,hussar,28
1893.11.1,1893,GER,infantry,196
1893.11.1,1893,NET,artillery,19
1893.11.1,1893,NET,dragoon,4
1893.11.1,1893,NET,engineer,1
1893.11.1,1893,NET,guard,4
1893.11.1,1893,NET,hussar,1
1893.11.1,1893,SPA,artillery,72
1893.11.1,1893,SPA,guard,8
1893.11.1,1893,SPA,hussar,13
1893.11.1,1893,SPA,infantry,62
1893.11.1,1893,KUK,artillery,113
1893.11.1,1893,KUK,dragoon,23
1893.11.1,1893,KUK,infantry,104
1893.11.1,1893,CHL,artillery,71
1893.11.1,1893,CHL,dragoon,12
1893.11.1,1893,CHL,hussar,2
1893.11.1,1893,CHL,infantry,39
1893.11.1,1893,AST,artillery,78
1893.11.1,1893,AST,hussar,6
1893.11.1,1893,AST,infantry,15
1893.11.1,1893,WAL,artillery,17
1893.11.1,1893,WAL,hussar,2
1893.11.1,1893,WAL,infantry,1
1893.11.1,1893,SAR,artillery,48
1893.11.1,1893,SAR,guard,10
1893.11.1,1893,SAR,hussar,3
1893.11.1,1893,SAR,infantry,37
1893.11.1,1893,SIC,artillery,91
1893.11.1,1893,SIC,dragoon,18
1893.11.1,1893,SIC,infantry,52
1893.11.1,1893,TUR,artillery,113
1893.11.1,1893,TUR,hussar,23
1893.11.1,1893,TUR,infantry,96
1893.11.1,1893,PER,artillery,35
1893.11.1,1893,PER,dragoon,1
1893.11.1,1893,PER,hussar,6
1893.11.1,1893,PER,infantry,28
1893.11.1,1893,JAS,dragoon,1
1893.11.1,1893,JAS,infantry,1
1893.11.1,1893,BIK,artillery,2
1893.11.1,1893,BIK,dragoon,1
1893.11.1,1893,BIK,infantry,2
1893.11.1,1893,MEW,dragoon,1
1893.11.1,1893,MEW,infantry,5
1893.11.1,1893,GWA,artillery,1
1893.11.1,1893,GWA,cuirassier,1
1893.11.1,1893,GWA,infantry,1
1893.11.1,1893,BAS,dragoon,1
1893.11.1,1893,BAS,infantry,1
1893.11.1,1893,NEP,cavalry,1
1893.11.1,1893,NEP,irregular,5
1893.11.1,1893,SIK,irregular,1
1893.11.1,1893,BHU,infantry,1
1893.11.1,1893,CHI,cavalry,31
1893.11.1,1893,CHI,infantry,106
1893.11.1,1893,CHI,irregular,29
1893.11.1,1893,TIB,cavalry,1
1893.11.1,1893,TIB,infantry,3
1893.11.1,1893,TIB,irregular,3
1893.11.1,1893,ALD,infantry,3
1893.11.1,1893,MEX,artillery,117
1893.11.1,1893,MEX,cavalry,1
1893.11.1,1893,MEX,infantry,55
1893.11.1,1893,BRZ,artillery,49
1893.11.1,1893,BRZ,dragoon,5
1893.11.1,1893,BRZ,hussar,2
1893.11.1,1893,BRZ,infantry,25
1893.12.1,1893,USA,artillery,141
1893.12.1,1893,USA,dragoon,11
1893.12.1,1893,USA,hussar,8
1893.12.1,1893,USA,infantry,101
1893.12.1,1893,COL,dragoon,1
1893.12.1,1893,COL,infantry,1
1893.12.1,1893,ENG,artillery,410
1893.12.1,1893,ENG,cuirassier,2
1893.12.1,1893,ENG,hussar,22
1893.12.1,1893,ENG,infantry,236
1893.12.1,1893,FRA,artillery,161
1893.12.1,1893,FRA,dragoon,1
1893.12.1,1893,FRA,guard,12
1893.12.1,1893,FRA,hussar,19
1893.12.1,1893,FRA,infantry,187
1893.12.1,1893,SCA,artillery,93
1893.12.1,1893,SCA,guard,28
1893.12.1,1893,SCA,hussar,16
1893.12.1,1893,SCA,infantry,28
1893.12.1,1893,RUS,artillery,257
1893.12.1,1893,RUS,hussar,5
1893.12.1,1893,RUS,infantry,283
1893.12.1,1893,GER,artillery,272
1893.12.1,1893,GER,hussar,28
1893.12.1,1893,GER,infantry,196
1893.12.1,1893,NET,artillery,19
1893.12.1,1893,NET,dragoon,4
1893.12.1,1893,NET,engineer,1
1893.12.1,1893,NET,guard,4
1893.12.1,1893,NET,hussar,1
1893.12.1,1893,SPA,artillery,77
1893.12.1,1893,SPA,guard,8
1893.12.1,1893,SPA,hussar,14
1893.12.1,1893,SPA,infantry,62
1893.12.1,1893,KUK,artillery,113
1893.12.1,1893,KUK,dragoon,23
1893.12.1,1893,KUK,infantry,104
1893.12.1,1893,CHL,artillery,71
1893.12.1,1893,CHL,dragoon,12
1893.12.1,1893,CHL,hussar,2
1893.12.1,1893,CHL,infantry,39
1893.12.1,1893,AST,artillery,78
1893.12.1,1893,AST,hussar,6
1893.12.1,1893,AST,infantry,15
1893.12.1,1893,WAL,artillery,17
1893.12.1,1893,WAL,hussar,2
1893.12.1,1893,WAL,infantry,1
1893.12.1,1893,SAR,artillery,48
1893.12.1,1893,SAR,guard,10
1893.12.1,1893,SAR,hussar,3
1893.12.1,1893,SAR,infantry,37
1893.12.1,1893,SIC,artillery,91
1893.12.1,1893,SIC,dragoon,18
1893.12.1,1893,SIC,infantry,52
1893.12.1,1893,TUR,artillery,115
1893.12.1,1893,TUR,hussar,23
1893.12.1,1893,TUR,infantry,96
1893.12.1,1893,PER,artillery,35
1893.12.1,1893,PER,dragoon,1
1893.12.1,1893,PER,hussar,6
1893.12.1,1893,PER,infantry,28
1893.12.1,1893,JAS,dragoon,1
1893.12.1,1893,JAS,infantry,1
1893.12.1,1893,BIK,artillery,2
1893.12.1,1893,BIK,dragoon,1
1893.12.1,1893,BIK,infantry,2
1893.12.1,1893,MEW,dragoon,1
1893.12.1,1893,MEW,infantry,5
1893.12.1,1893,GWA,artillery,1
1893.12.1,1893,GWA,cuirassier,1
1893.12.1,1893,GWA,infantry,1
1893.12.1,1893,BAS,dragoon,1
1893.12.1,1893,BAS,infantry,1
1893.12.1,1893,NEP,cavalry,1
1893.12.1,1893,NEP,irregular,5
1893.12.1,1893,SIK,irregular,1
1893.12.1,1893,BHU,infantry,1
1893.12.1,1893,CHI,cavalry,31
1893.12.1,1893,CHI,infantry,124
1893.12.1,1893,CHI,irregular,28
1893.12.1,1893,TIB,cavalry,1
1893.12.1,1893,TIB,infantry,3
1893.12.1,1893,TIB,irregular,3
1893.12.1,1893,ALD,infantry,3
1893.12.1,1893,MEX,artillery,117
1893.12.1,1893,MEX,cavalry,1
1893.12.1,1893,MEX,infantry,55
1893.12.1,1893,BRZ,artillery,49
1893.12.1,1893,BRZ,dragoon,5
1893.12.1,1893,BRZ,hussar,2
1893.12.1,1893,BRZ,infantry,25
1894.1.1,1894,USA,artillery,141
1894.1.1,1894,USA,dragoon,11
1894.1.1,1894,USA,hussar,8
1894.1.1,1894,USA,infantry,101
1894.1.1,1894,COL,dragoon,1
1894.1.1,1894,COL,infantry,1
1894.1.1,1894,ENG,artillery,410
1894.1.1,1894,ENG,cuirassier,2
1894.1.1,1894,ENG,hussar,22
1894.1.1,1894,ENG,infantry,236
1894.1.1,1894,FRA,artillery,166
1894.1.1,1894,FRA,dragoon,1
1894.1.1,1894,FRA,guard,12
1894.1.1,1894,FRA,hussar,19
1894.1.1,1894,FRA,infantry,187
1894.1.1,1894,SCA,artillery,90
1894.1.1,1894,SCA,guard,27
1894.1.1,1894,SCA,hussar,15
1894.1.1,1894,SCA,infantry,28
1894.1.1,1894,RUS,artillery,260
1894.1.1,1894,RUS,hussar,5
1894.1.1,1894,RUS,infantry,283
1894.1.1,1894,GER,artillery,272
1894.1.1,1894,GER,hussar,28
1894.1.1,1894,GER,infantry,196
1894.1.1,1894,NET,artillery,19
1894.1.1,1894,NET,dragoon,4
1894.1.1,1894,NET,engineer,1
1894.1.1,1894,NET,guard,4
1894.1.1,1894,NET,hussar,1
1894.1.1,1894,SPA,artillery,77
1894.1.1,1894,SPA,guard,8
1894.1.1,1894,SPA,hussar,14
1894.1.1,1894,SPA,infantry,62
1894.1.1,1894,KUK,artillery,113
1894.1.1,1894,KUK,dragoon,22
1894.1.1,1894,KUK,infantry,104
1894.1.1,1894,CHL,artillery,72
1894.1.1,1894,CHL,dragoon,12
1894.1.1,1894,CHL,hussar,2
1894.1.1,1894,CHL,infantry,39
1894.1.1,1894,AST,artillery,78
1894.1.1,1894,AST,hussar,6
1894.1.1,1894,AST,infantry,15
1894.1.1,1894,WAL,artillery,17
1894.1.1,1894,WAL,hussar,2
1894.1.1,1894,WAL,infantry,1
1894.1.1,1894,SAR,artillery,48
1894.1.1,1894,SAR,guard,10
1894.1.1,1894,SAR,hussar,3
1894.1.1,1894,SAR,infantry,37
1894.1.1,1894,SIC,artillery,90
1894.1.1,1894,SIC,dragoon,17
1894.1.1,1894,SIC,infantry,52
1894.1.1,1894,TUR,artillery,115
1894.1.1,1894,TUR,hussar,23
1894.1.1,1894,TUR,infantry,96
1894.1.1,1894,PER,artillery,35
1894.1.1,1894,PER,dragoon,1
1894.1.1,1894,PER,hussar,6
1894.1.1,1894,PER,infantry,28
1894.1.1,1894,JAS,dragoon,1
1894.1.1,1894,JAS,infantry,1
1894.1.1,1894,BIK,artillery,2
1894.1.1,1894,BIK,dragoon,1
1894.1.1,1894,BIK,infantry,2
1894.1.1,1894,MEW,dragoon,1
1894.1.1,1894,MEW,infantry,5
1894.1.1,1894,GWA,artillery,1
1894.1.1,1894,GWA,cuirassier,1
1894.1.1,1894,GWA,infantry,1
1894.1.1,1894,BAS,dragoon,1
1894.1.1,1894,BAS,infantry,1
1894.1.1,1894,NEP,cavalry,1
1894.1.1,1894,NEP,irregular,5
1894.1.1,1894,SIK,irregular,1
1894.1.1,1894,BHU,infantry,1
1894.1.1,1894,CHI,cavalry,31
1894.1.1,1894,CHI,infantry,147
1894.1.1,1894,CHI,irregular,28
1894.1.1,1894,TIB,cavalry,1
1894.1.1,1894,TIB,infantry,3
1894.1.1,1894,TIB,irregular,3
1894.1.1,1894,ALD,infantry,3
1894.1.1,1894,MEX,artillery,117
1894.1.1,1894,MEX,cavalry,1
1894.1.1,1894,MEX,infantry,55
1894.1.1,1894,BRZ,artillery,49
1894.1.1,1894,BRZ,dragoon,5
1894.1.1,1894,BRZ,hussar,2
1894.1.1,1894,BRZ,infantry,25
1894.2.1,1894,USA,artillery,141
1894.2.1,1894,USA,dragoon,11
1894.2.1,1894,USA,hussar,8
1894.2.1,1894,USA,infantry,101
1894.2.1,1894,COL,dragoon,1
1894.2.1,1894,COL,infantry,1
1894.2.1,1894,ENG,artillery,410
1894.2.1,1894,ENG,cuirassier,2
1894.2.1,1894,ENG,hussar,22
1894.2.1,1894,ENG,infantry,236
1894.2.1,1894,FRA,artillery,176
1894.2.1,1894,FRA,dragoon,1
1894.2.1,1894,FRA,guard,12
1894.2.1,1894,FRA,hussar,19
1894.2.1,1894,FRA,infantry,187
1894.2.1,1894,SCA,artillery,87
1894.2.1,1894,SCA,guard,24
1894.2.1,1894,SCA,hussar,13
1894.2.1,1894,SCA,infantry,28
1894.2.1,1894,RUS,artillery,264
1894.2.1,1894,RUS,hussar,5
1894.2.1,1894,RUS,infantry,283
1894.2.1,1894,GER,artillery,272
1894.2.1,1894,GER,hussar,28
1894.2.1,1894,GER,infantry,196
1894.2.1,1894,NET,artillery,19
1894.2.1,1894,NET,dragoon,4
1894.2.1,1894,NET,engineer,1
1894.2.1,1894,NET,guard,4
1894.2.1,1894,NET,hussar,1
1894.2.1,1894,SPA,artillery,77
1894.2.1,1894,SPA,guard,8
1894.2.1,1894,SPA,hussar,13
1894.2.1,1894,SPA,infantry,62
1894.2.1,1894,KUK,artillery,113
1894.2.1,1894,KUK,dragoon,22
1894.2.1,1894,KUK,infantry,104
1894.2.1,1894,CHL,artillery,73
1894.2.1,1894,CHL,dragoon,12
1894.2.1,1894,CHL,hussar,2
1894.2.1,1894,CHL,infantry,39
1894.2.1,1894,AST,artillery,78
1894.2.1,1894,AST,hussar,6
1894.2.1,1894,AST,infantry,15
1894.2.1,1894,WAL,artillery,17
1894.2.1,1894,WAL,hussar,2
1894.2.1,1894,WAL,infantry,1
1894.2.1,1894,SAR,artillery,35
1894.2.1,1894,SAR,guard,10
1894.2.1,1894,SAR,hussar,3
1894.2.1,1894,SAR,infantry,22
1894.2.1,1894,SIC,artillery,90
1894.2.1,1894,SIC,dragoon,17
1894.2.1,1894,SIC,infantry,52
1894.2.1,1894,TUR,artillery,115
1894.2.1,1894,TUR,hussar,23
1894.2.1,1894,TUR,infantry,96
1894.2.1,1894,PER,artillery,35
1894.2.1,1894,PER,dragoon,1
1894.2.1,1894,PER,hussar,6
1894.2.1,1894,PER,infantry,28
1894.2.1,1894,JAS,dragoon,1
1894.2.1,1894,JAS,infantry,1
1894.2.1,1894,BIK,artillery,2
1894.2.1,1894,BIK,dragoon,1
1894.2.1,1894,BIK,infantry,2
1894.2.1,1894,MEW,dragoon,1
1894.2.1,1894,MEW,infantry,5
1894.2.1,1894,GWA,artillery,1
1894.2.1,1894,GWA,cuirassier,1
1894.2.1,1894,GWA,infantry,1
1894.2.1,1894,BAS,dragoon,1
1894.2.1,1894,BAS,infantry,1
1894.2.1,1894,NEP,cavalry,1
1894.2.1,1894,NEP,irregular,5
1894.2.1,1894,SIK,irregular,1
1894.2.1,1894,BHU,infantry,1
1894.2.1,1894,CHI,cavalry,31
1894.2.1,1894,CHI,infantry,164
1894.2.1,1894,CHI,irregular,28
1894.2.1,1894,TIB,cavalry,1
1894.2.1,1894,TIB,infantry,3
1894.2.1,1894,TIB,irregular,3
1894.2.1,1894,ALD,infantry,3
1894.2.1,1894,MEX,artillery,115
1894.2.1,1894,MEX,cavalry,1
1894.2.1,1894,MEX,infantry,55
1894.2.1,1894,BRZ,artillery,49
1894.2.1,1894,BRZ,dragoon,5
1894.2.1,1894,BRZ,hussar,2
1894.2.1,1894,BRZ,infantry,25
1894.3.1,1894,USA,artillery,140
1894.3.1,1894,USA,dragoon,11
1894.3.1,1894,USA,hussar,8
1894.3.1,1894,USA,infantry,101
1894.3.1,1894,COL,dragoon,1
1894.3.1,1894,COL,infantry,1
1894.3.1,1894,ENG,artillery,407
1894.3.1,1894,ENG,cuirassier,2
1894.3.1,1894,ENG,hussar,22
1894.3.1,1894,ENG,infantry,236
1894.3.1,1894,FRA,artillery,176
1894.3.1,1894,FRA,dragoon,1
1894.3.1,1894,FRA,guard,12
1894.3.1,1894,FRA,hussar,19
1894.3.1,1894,FRA,infantry,187
1894.3.1,1894,SCA,artillery,86
1894.3.1,1894,SCA,guard,24
1894.3.1,1894,SCA,hussar,12
1894.3.1,1894,SCA,infantry,28
1894.3.1,1894,RUS,artillery,268
1894.3.1,1894,RUS,hussar,5
1894.3.1,1894,RUS,infantry,282
1894.3.1,1894,GER,artillery,272
1894.3.1,1894,GER,hussar,28
1894.3.1,1894,GER,infantry,196
1894.3.1,1894,NET,artillery,19
1894.3.1,1894,NET,dragoon,4
1894.3.1,1894,NET,engineer,1
1894.3.1,1894,NET,guard,4
1894.3.1,1894,NET,hussar,1
1894.3.1,1894,SPA,artillery,77
1894.3.1,1894,SPA,guard,8
1894.3.1,1894,SPA,hussar,13
1894.3.1,1894,SPA,infantry,62
1894.3.1,1894,KUK,artillery,113
1894.3.1,1894,KUK,dragoon,22
1894.3.1,1894,KUK,infantry,104
1894.3.1,1894,CHL,artillery,73
1894.3.1,1894,CHL,dragoon,12
1894.3.1,1894,CHL,hussar,2
1894.3.1,1894,CHL,infantry,39
1894.3.1,1894,AST,artillery,78
1894.3.1,1894,AST,hussar,6
1894.3.1,1894,AST,infantry,15
1894.3.1,1894,WAL,artillery,17
1894.3.1,1894,WAL,hussar,2
1894.3.1,1894,WAL,infantry,1
1894.3.1,1894,SAR,artillery,35
1894.3.1,1894,SAR,guard,10
1894.3.1,1894,SAR,hussar,3
1894.3.1,1894,SAR,infantry,22
1894.3.1,1894,SIC,artillery,90
1894.3.1,1894,SIC,dragoon,17
1894.3.1,1894,SIC,infantry,52
1894.3.1,1894,TUR,artillery,115
1894.3.1,1894,TUR,hussar,23
1894.3.1,1894,TUR,infantry,96
1894.3.1,1894,PER,artillery,35
1894.3.1,1894,PER,dragoon,1
1894.3.1,1894,PER,hussar,6
1894.3.1,1894,PER,infantry,28
1894.3.1,1894,JAS,dragoon,1
1894.3.1,1894,JAS,infantry,1
1894.3.1,1894,BIK,artillery,2
1894.3.1,1894,BIK,dragoon,1
1894.3.1,1894,BIK,infantry,2
1894.3.1,1894,MEW,dragoon,1
1894.3.1,1894,MEW,infantry,5
1894.3.1,1894,GWA,artillery,1
1894.3.1,1894,GWA,cuirassier,1
1894.3.1,1894,GWA,infantry,1
1894.3.1,1894,BAS,dragoon,1
1894.3.1,1894,BAS,infantry,1
1894.3.1,1894,NEP,cavalry,1
1894.3.1,1894,NEP,irregular,5
1894.3.1,1894,SIK,irregular,1
1894.3.1,1894,BHU,infantry,1
1894.3.1,1894,CHI,cavalry,32
1894.3.1,1894,CHI,infantry,171
1894.3.1,1894,CHI,irregular,28
1894.3.1,1894,TIB,cavalry,1
1894.3.1,1894,TIB,infantry,5
1894.3.1,1894,TIB,irregular,3
1894.3.1,1894,ALD,infantry,3
1894.3.1,1894,MEX,artillery,115
1894.3.1,1894,MEX,cavalry,1
1894.3.1,1894,MEX,infantry,55
1894.3.1,1894,BRZ,artillery,49
1894.3.1,1894,BRZ,dragoon,5
1894.3.1,1894,BRZ,hussar,2
1894.3.1,1894,BRZ,infantry,25
1894.4.1,1894,USA,artillery,140
1894.4.1,1894,USA,dragoon,11
1894.4.1,1894,USA,hussar,8
1894.4.1,1894,USA,infantry,101
1894.4.1,1894,COL,dragoon,1
1894.4.1,1894,COL,infantry,1
1894.4.1,1894,ENG,artillery,404
1894.4.1,1894,ENG,cuirassier,2
1894.4.1,1894,ENG,hussar,22
1894.4.1,1894,ENG,infantry,236
1894.4.1,1894,FRA,artillery,176
1894.4.1,1894,FRA,dragoon,1
1894.4.1,1894,FRA,guard,12
1894.4.1,1894,FRA,hussar,19
1894.4.1,1894,FRA,infantry,187
1894.4.1,1894,SCA,artillery,86
1894.4.1,1894,SCA,guard,24
1894.4.1,1894,SCA,hussar,12
1894.4.1,1894,SCA,infantry,28
1894.4.1,1894,RUS,artillery,268
1894.4.1,1894,RUS,hussar,5
1894.4.1,1894,RUS,infantry,282
1894.4.1,1894,GER,artillery,271
1894.4.1,1894,GER,hussar,28
1894.4.1,1894,GER,infantry,196
1894.4.1,1894,NET,artillery,20
1894.4.1,1894,NET,dragoon,4
1894.4.1,1894,NET,engineer,2
1894.4.1,1894,NET,guard,4
1894.4.1,1894,NET,hussar,1
1894.4.1,1894,SPA,artillery,77
1894.4.1,1894,SPA,guard,8
1894.4.1,1894,SPA,hussar,13
1894.4.1,1894,SPA,infantry,62
1894.4.1,1894,KUK,artillery,112
1894.4.1,1894,KUK,dragoon,21
1894.4.1,1894,KUK,infantry,104
1894.4.1,1894,CHL,artillery,73
1894.4.1,1894,CHL,dragoon,13
1894.4.1,1894,CHL,hussar,2
1894.4.1,1894,CHL,infantry,39
1894.4.1,1894,AST,artillery,78
1894.4.1,1894,AST,hussar,6
1894.4.1,1894,AST,infantry,15
1894.4.1,1894,WAL,artillery,17
1894.4.1,1894,WAL,hussar,2
1894.4.1,1894,WAL,infantry,1
1894.4.1,1894,SAR,artillery,35
1894.4.1,1894,SAR,guard,10
1894.4.1,1894,SAR,hussar,3
1894.4.1,1894,SAR,infantry,22
1894.4.1,1894,SIC,artillery,90
1894.4.1,1894,SIC,dragoon,17
1894.4.1,1894,SIC,infantry,52
1894.4.1,1894,TUR,artillery,120
1894.4.1,1894,TUR,hussar,23
1894.4.1,1894,TUR,infantry,96
1894.4.1,1894,PER,artillery,35
1894.4.1,1894,PER,dragoon,1
1894.4.1,1894,PER,hussar,6
1894.4.1,1894,PER,infantry,28
1894.4.1,1894,JAS,dragoon,1
1894.4.1,1894,JAS,infantry,1
1894.4.1,1894,BIK,artillery,2
1894.4.1,1894,BIK,dragoon,1
1894.4.1,1894,BIK,infantry,2
1894.4.1,1894,MEW,dragoon,1
1894.4.1,1894,MEW,infantry,5
1894.4.1,1894,GWA,artillery,1
1894.4.1,1894,GWA,cuirassier,1
1894.4.1,1894,GWA,infantry,1
1894.4.1,1894,BAS,dragoon,1
1894.4.1,1894,BAS,infantry,1
1894.4.1,1894,NEP,cavalry,1
1894.4.1,1894,NEP,irregular,5
1894.4.1,1894,SIK,irregular,1
1894.4.1,1894,BHU,infantry,1
1894.4.1,1894,CHI,cavalry,32
1894.4.1,1894,CHI,infantry,177
1894.4.1,1894,CHI,irregular,28
1894.4.1,1894,TIB,cavalry,1
1894.4.1,1894,TIB,infantry,6
1894.4.1,1894,TIB,irregular,3
1894.4.1,1894,ALD,infantry,3
1894.4.1,1894,MEX,artillery,115
1894.4.1,1894,MEX,cavalry,1
1894.4.1,1894,MEX,infantry,55
1894.4.1,1894,BRZ,artillery,49
1894.4.1,1894,BRZ,dragoon,5
1894.4.1,1894,BRZ,hussar,2
1894.4.1,1894,BRZ,infantry,25
1894.5.1,1894,USA,artillery,138
1894.5.1,1894,USA,dragoon,10
1894.5.1,1894,USA,hussar,8
1894.5.1,1894,USA,infantry,101
1894.5.1,1894,COL,dragoon,1
1894.5.1,1894,COL,infantry,1
1894.5.1,1894,ENG,artillery,403
1894.5.1,1894,ENG,cuirassier,2
1894.5.1,1894,ENG,hussar,22
1894.5.1,1894,ENG,infantry,236
1894.5.1,1894,FRA,artillery,174
1894.5.1,1894,FRA,dragoon,1
1894.5.1,1894,FRA,guard,12
1894.5.1,1894,FRA,hussar,18
1894.5.1,1894,FRA,infantry,187
1894.5.1,1894,SCA,artillery,86
1894.5.1,1894,SCA,guard,24
1894.5.1,1894,SCA,hussar,12
1894.5.1,1894,SCA,infantry,28
1894.5.1,1894,RUS,artillery,270
1894.5.1,1894,RUS,hussar,5
1894.5.1,1894,RUS,infantry,282
1894.5.1,1894,GER,artillery,271
1894.5.1,1894,GER,hussar,28
1894.5.1,1894,GER,infantry,196
1894.5.1,1894,NET,artillery,20
1894.5.1,1894,NET,dragoon,4
1894.5.1,1894,NET,engineer,2
1894.5.1,1894,NET,guard,4
1894.5.1,1894,NET,hussar,1
1894.5.1,1894,SPA,artillery,77
1894.5.1,1894,SPA,guard,8
1894.5.1,1894,SPA,hussar,13
1894.5.1,1894,SPA,infantry,62
1894.5.1,1894,KUK,artillery,112
1894.5.1,1894,KUK,dragoon,20
1894.5.1,1894,KUK,infantry,104
1894.5.1,1894,CHL,artillery,73
1894.5.1,1894,CHL,dragoon,13
1894.5.1,1894,CHL,hussar,2
1894.5.1,1894,CHL,infantry,39
1894.5.1,1894,AST,artillery,78
1894.5.1,1894,AST,hussar,6
1894.5.1,1894,AST,infantry,15
1894.5.1,1894,WAL,artillery,17
1894.5.1,1894,WAL,hussar,2
1894.5.1,1894,WAL,infantry,1
1894.5.1,1894,SAR,artillery,35
1894.5.1,1894,SAR,guard,10
1894.5.1,1894,SAR,hussar,3
1894.5.1,1894,SAR,infantry,22
1894.5.1,1894,SIC,artillery,90
1894.5.1,1894,SIC,dragoon,17
1894.5.1,1894,SIC,infantry,52
1894.5.1,1894,TUR,artillery,114
1894.5.1,1894,TUR,hussar,22
1894.5.1,1894,TUR,infantry,92
1894.5.1,1894,PER,artillery,37
1894.5.1,1894,PER,dragoon,1
1894.5.1,1894,PER,hussar,6
1894.5.1,1894,PER,infantry,30
1894.5.1,1894,JAS,dragoon,1
1894.5.1,1894,JAS,infantry,1
1894.5.1,1894,BIK,artillery,2
1894.5.1,1894,BIK,dragoon,1
1894.5.1,1894,BIK,infantry,2
1894.5.1,1894,MEW,dragoon,1
1894.5.1,1894,MEW,infantry,5
1894.5.1,1894,GWA,artillery,1
1894.5.1,1894,GWA,cuirassier,1
1894.5.1,1894,GWA,infantry,1
1894.5.1,1894,BAS,dragoon,1
1894.5.1,1894,BAS,infantry,1
1894.5.1,1894,NEP,cavalry,1
1894.5.1,1894,NEP,irregular,5
1894.5.1,1894,SIK,irregular,1
1894.5.1,1894,BHU,infantry,1
1894.5.1,1894,CHI,cavalry,32
1894.5.1,1894,CHI,infantry,190
1894.5.1,1894,CHI,irregular,28
1894.5.1,1894,TIB,cavalry,1
1894.5.1,1894,TIB,infantry,6
1894.5.1,1894,TIB,irregular,3
1894.5.1,1894,ALD,infantry,3
1894.5.1,1894,MEX,artillery,115
1894.5.1,1894,MEX,cavalry,1
1894.5.1,1894,MEX,infantry,55
1894.5.1,1894,BRZ,artillery,49
1894.5.1,1894,BRZ,dragoon,5
1894.5.1,1894,BRZ,hussar,2
1894.5.1,1894,BRZ,infantry,24
1894.6.1,1894,USA,artillery,138
1894.6.1,1894,USA,dragoon,10
1894.6.1,1894,USA,hussar,8
1894.6.1,1894,USA,infantry,101
1894.6.1,1894,COL,dragoon,1
1894.6.1,1894,COL,infantry,1
1894.6.1,1894,ENG,artillery,394
1894.6.1,1894,ENG,cuirassier,2
1894.6.1,1894,ENG,hussar,21
1894.6.1,1894,ENG,infantry,235
1894.6.1,1894,FRA,artillery,175
1894.6.1,1894,FRA,dragoon,1
1894.6.1,1894,FRA,guard,12
1894.6.1,1894,FRA,hussar,18
1894.6.1,1894,FRA,infantry,187
1894.6.1,1894,SCA,artillery,86
1894.6.1,1894,SCA,guard,24
1894.6.1,1894,SCA,hussar,11
1894.6.1,1894,SCA,infantry,28
1894.6.1,1894,RUS,artillery,271
1894.6.1,1894,RUS,hussar,5
1894.6.1,1894,RUS,infantry,282
1894.6.1,1894,GER,artillery,271
1894.6.1,1894,GER,hussar,28
1894.6.1,1894,GER,infantry,196
1894.6.1,1894,NET,artillery,20
1894.6.1,1894,NET,dragoon,4
1894.6.1,1894,NET,engineer,2
1894.6.1,1894,NET,guard,4
1894.6.1,1894,NET,hussar,1
1894.6.1,1894,SPA,artillery,77
1894.6.1,1894,SPA,guard,8
1894.6.1,1894,SPA,hussar,13
1894.6.1,1894,SPA,infantry,62
1894.6.1,1894,KUK,artillery,112
1894.6.1,1894,KUK,dragoon,20
1894.6.1,1894,KUK,infantry,104
1894.6.1,1894,CHL,artillery,73
1894.6.1,1894,CHL,dragoon,13
1894.6.1,1894,CHL,hussar,2
1894.6.1,1894,CHL,infantry,39
1894.6.1,1894,AST,artillery,78
1894.6.1,1894,AST,hussar,6
1894.6.1,1894,AST,infantry,15
1894.6.1,1894,WAL,artillery,17
1894.6.1,1894,WAL,hussar,2
1894.6.1,1894,WAL,infantry,1
1894.6.1,1894,SAR,artillery,38
1894.6.1,1894,SAR,guard,10
1894.6.1,1894,SAR,hussar,3
1894.6.1,1894,SAR,infantry,22
1894.6.1,1894,SIC,artillery,89
1894.6.1,1894,SIC,dragoon,17
1894.6.1,1894,SIC,infantry,52
1894.6.1,1894,TUR,artillery,82
1894.6.1,1894,TUR,hussar,16
1894.6.1,1894,TUR,infantry,62
1894.6.1,1894,PER,artillery,34
1894.6.1,1894,PER,dragoon,1
1894.6.1,1894,PER,hussar,5
1894.6.1,1894,PER,infantry,26
1894.6.1,1894,JAS,dragoon,1
1894.6.1,1894,JAS,infantry,1
1894.6.1,1894,BIK,artillery,2
1894.6.1,1894,BIK,dragoon,1
1894.6.1,1894,BIK,infantry,2
1894.6.1,1894,MEW,dragoon,1
1894.6.1,1894,MEW,infantry,5
1894.6.1,1894,GWA,artillery,1
1894.6.1,1894,GWA,cuirassier,1
1894.6.1,1894,GWA,infantry,1
1894.6.1,1894,BAS,dragoon,1
1894.6.1,1894,BAS,infantry,1
1894.6.1,1894,NEP,cavalry,1
1894.6.1,1894,NEP,irregular,5
1894.6.1,1894,SIK,irregular,1
1894.6.1,1894,BHU,infantry,1
1894.6.1,1894,CHI,cavalry,32
1894.6.1,1894,CHI,infantry,213
1894.6.1,1894,CHI,irregular,28
1894.6.1,1894,TIB,cavalry,1
1894.6.1,1894,TIB,infantry,6
1894.6.1,1894,TIB,irregular,3
1894.6.1,1894,ALD,infantry,3
1894.6.1,1894,MEX,artillery,114
1894.6.1,1894,MEX,cavalry,1
1894.6.1,1894,MEX,infantry,55
1894.6.1,1894,BRZ,artillery,49
1894.6.1,1894,BRZ,dragoon,5
1894.6.1,1894,BRZ,hussar,2
1894.6.1,1894,BRZ,infantry,24
1894.7.1,1894,USA,artillery,137
1894.7.1,1894,USA,dragoon,10
1894.7.1,1894,USA,hussar,8
1894.7.1,1894,USA,infantry,101
1894.7.1,1894,COL,dragoon,1
1894.7.1,1894,COL,infantry,1
1894.7.1,1894,ENG,artillery,389
1894.7.1,1894,ENG,cuirassier,2
1894.7.1,1894,ENG,hussar,21
1894.7.1,1894,ENG,infantry,233
1894.7.1,1894,FRA,artillery,175
1894.7.1,1894,FRA,dragoon,1
1894.7.1,1894,FRA,guard,12
1894.7.1,1894,FRA,hussar,18
1894.7.1,1894,FRA,infantry,187
1894.7.1,1894,SCA,artillery,75
1894.7.1,1894,SCA,guard,18
1894.7.1,1894,SCA,hussar,9
1894.7.1,1894,SCA,infantry,24
1894.7.1,1894,RUS,artillery,260
1894.7.1,1894,RUS,hussar,5
1894.7.1,1894,RUS,infantry,282
1894.7.1,1894,GER,artillery,269
1894.7.1,1894,GER,hussar,28
1894.7.1,1894,GER,infantry,196
1894.7.1,1894,NET,artillery,20
1894.7.1,1894,NET,dragoon,4
1894.7.1,1894,NET,engineer,2
1894.7.1,1894,NET,guard,4
1894.7.1,1894,NET,hussar,1
1894.7.1,1894,SPA,artillery,77
1894.7.1,1894,SPA,guard,7
1894.7.1,1894,SPA,hussar,13
1894.7.1,1894,SPA,infantry,62
1894.7.1,1894,KUK,artillery,111
1894.7.1,1894,KUK,dragoon,19
1894.7.1,1894,KUK,infantry,102
1894.7.1,1894,CHL,artillery,75
1894.7.1,1894,CHL,dragoon,13
1894.7.1,1894,CHL,hussar,2
1894.7.1,1894,CHL,infantry,39
1894.7.1,1894,AST,artillery,77
1894.7.1,1894,AST,hussar,6
1894.7.1,1894,AST,infantry,15
1894.7.1,1894,WAL,artillery,17
1894.7.1,1894,WAL,hussar,2
1894.7.1,1894,WAL,infantry,1
1894.7.1,1894,SAR,artillery,38
1894.7.1,1894,SAR,guard,10
1894.7.1,1894,SAR,hussar,3
1894.7.1,1894,SAR,infantry,22
1894.7.1,1894,SIC,artillery,89
1894.7.1,1894,SIC,dragoon,17
1894.7.1,1894,SIC,infantry,52
1894.7.1,1894,TUR,artillery,29
1894.7.1,1894,TUR,hussar,6
1894.7.1,1894,TUR,infantry,22
1894.7.1,1894,PER,artillery,34
1894.7.1,1894,PER,dragoon,1
1894.7.1,1894,PER,hussar,6
1894.7.1,1894,PER,infantry,26
1894.7.1,1894,JAS,dragoon,1
1894.7.1,1894,JAS,infantry,1
1894.7.1,1894,BIK,artillery,1
1894.7.1,1894,BIK,dragoon,1
1894.7.1,1894,BIK,infantry,2
1894.7.1,1894,MEW,dragoon,1
1894.7.1,1894,MEW,infantry,5
1894.7.1,1894,GWA,artillery,1
1894.7.1,1894,GWA,cuirassier,1
1894.7.1,1894,GWA,infantry,1
1894.7.1,1894,BAS,dragoon,1
1894.7.1,1894,BAS,infantry,1
1894.7.1,1894,NEP,cavalry,1
1894.7.1,1894,NEP,irregular,5
1894.7.1,1894,SIK,irregular,1
1894.7.1,1894,BHU,infantry,1
1894.7.1,1894,CHI,cavalry,32
1894.7.1,1894,CHI,infantry,226
1894.7.1,1894,CHI,irregular,28
1894.7.1,1894,TIB,cavalry,1
1894.7.1,1894,TIB,infantry,6
1894.7.1,1894,TIB,irregular,3
1894.7.1,1894,ALD,infantry,3
1894.7.1,1894,MEX,artillery,112
1894.7.1,1894,MEX,cavalry,1
1894.7.1,1894,MEX,infantry,55
1894.7.1,1894,BRZ,artillery,49
1894.7.1,1894,BRZ,dragoon,5
1894.7.1,1894,BRZ,hussar,2
1894.7.1,1894,BRZ,infantry,24
1894.8.1,1894,USA,artillery,137
1894.8.1,1894,USA,dragoon,10
1894.8.1,1894,USA,hussar,8
1894.8.1,1894,USA,infantry,101
1894.8.1,1894,COL,dragoon,1
1894.8.1,1894,COL,infantry,1
1894.8.1,1894,ENG,artillery,385
1894.8.1,1894,ENG,cuirassier,2
1894.8.1,1894,ENG,hussar,21
1894.8.1,1894,ENG,infantry,232
1894.8.1,1894,FRA,artillery,174
1894.8.1,1894,FRA,dragoon,1
1894.8.1,1894,FRA,guard,12
1894.8.1,1894,FRA,hussar,17
1894.8.1,1894,FRA,infantry,187
1894.8.1,1894,SCA,artillery,50
1894.8.1,1894,SCA,guard,16
1894.8.1,1894,SCA,hussar,6
1894.8.1,1894,SCA,infantry,24
1894.8.1,1894,RUS,artillery,261
1894.8.1,1894,RUS,hussar,5
1894.8.1,1894,RUS,infantry,282
1894.8.1,1894,GER,artillery,268
1894.8.1,1894,GER,hussar,28
1894.8.1,1894,GER,infantry,196
1894.8.1,1894,NET,artillery,20
1894.8.1,1894,NET,dragoon,4
1894.8.1,1894,NET,engineer,2
1894.8.1,1894,NET,guard,4
1894.8.1,1894,NET,hussar,1
1894.8.1,1894,SPA,artillery,77
1894.8.1,1894,SPA,guard,7
1894.8.1,1894,SPA,hussar,13
1894.8.1,1894,SPA,infantry,62
1894.8.1,1894,KUK,artillery,111
1894.8.1,1894,KUK,dragoon,18
1894.8.1,1894,KUK,infantry,102
1894.8.1,1894,CHL,artillery,75
1894.8.1,1894,CHL,dragoon,13
1894.8.1,1894,CHL,hussar,2
1894.8.1,1894,CHL,infantry,39
1894.8.1,1894,AST,artillery,77
1894.8.1,1894,AST,hussar,6
1894.8.1,1894,AST,infantry,15
1894.8.1,1894,WAL,artillery,17
1894.8.1,1894,WAL,hussar,2
1894.8.1,1894,WAL,infantry,1
1894.8.1,1894,SAR,artillery,38
1894.8.1,1894,SAR,guard,10
1894.8.1,1894,SAR,hussar,3
1894.8.1,1894,SAR,infantry,22
1894.8.1,1894,SIC,artillery,89
1894.8.1,1894,SIC,dragoon,17
1894.8.1,1894,SIC,infantry,52
1894.8.1,1894,TUR,artillery,29
1894.8.1,1894,TUR,hussar,6
1894.8.1,1894,TUR,infantry,22
1894.8.1,1894,PER,artillery,34
1894.8.1,1894,PER,dragoon,1
1894.8.1,1894,PER,hussar,6
1894.8.1,1894,PER,infantry,26
1894.8.1,1894,JAS,dragoon,1
1894.8.1,1894,JAS,infantry,1
1894.8.1,1894,BIK,artillery,1
1894.8.1,1894,BIK,dragoon,1
1894.8.1,1894,BIK,infantry,2
1894.8.1,1894,MEW,dragoon,1
1894.8.1,1894,MEW,infantry,5
1894.8.1,1894,GWA,artillery,1
1894.8.1,1894,GWA,cuirassier,1
1894.8.1,1894,GWA,infantry,1
1894.8.1,1894,BAS,dragoon,1
1894.8.1,1894,BAS,infantry,1
1894.8.1,1894,NEP,cavalry,1
1894.8.1,1894,NEP,irregular,5
1894.8.1,1894,SIK,irregular,1
1894.8.1,1894,BHU,infantry,1
1894.8.1,1894,CHI,cavalry,32
1894.8.1,1894,CHI,infantry,223
1894.8.1,1894,CHI,irregular,28
1894.8.1,1894,TIB,cavalry,1
1894.8.1,1894,TIB,infantry,6
1894.8.1,1894,TIB,irregular,3
1894.8.1,1894,ALD,infantry,3
1894.8.1,1894,MEX,artillery,112
1894.8.1,1894,MEX,cavalry,1
1894.8.1,1894,MEX,infantry,55
1894.8.1,1894,BRZ,artillery,49
1894.8.1,1894,BRZ,dragoon,5
1894.8.1,1894,BRZ,hussar,2
1894.8.1,1894,BRZ,infantry,24
1894.9.1,1894,USA,artillery,136
1894.9.1,1894,USA,dragoon,10
1894.9.1,1894,USA,hussar,8
1894.9.1,1894,USA,infantry,101
1894.9.1,1894,COL,dragoon,1
1894.9.1,1894,COL,infantry,1
1894.9.1,1894,ENG,artillery,371
1894.9.1,1894,ENG,cuirassier,2
1894.9.1,1894,ENG,hussar,20
1894.9.1,1894,ENG,infantry,225
1894.9.1,1894,FRA,artillery,174
1894.9.1,1894,FRA,dragoon,1
1894.9.1,1894,FRA,guard,11
1894.9.1,1894,FRA,hussar,17
1894.9.1,1894,FRA,infantry,187
1894.9.1,1894,SCA,artillery,29
1894.9.1,1894,SCA,guard,16
1894.9.1,1894,SCA,hussar,3
1894.9.1,1894,SCA,infantry,24
1894.9.1,1894,RUS,artillery,262
1894.9.1,1894,RUS,hussar,5
1894.9.1,1894,RUS,infantry,282
1894.9.1,1894,GER,artillery,266
1894.9.1,1894,GER,hussar,27
1894.9.1,1894,GER,infantry,196
1894.9.1,1894,NET,artillery,20
1894.9.1,1894,NET,dragoon,4
1894.9.1,1894,NET,engineer,2
1894.9.1,1894,NET,guard,4
1894.9.1,1894,NET,hussar,1
1894.9.1,1894,SPA,artillery,75
1894.9.1,1894,SPA,guard,7
1894.9.1,1894,SPA,hussar,13
1894.9.1,1894,SPA,infantry,62
1894.9.1,1894,KUK,artillery,110
1894.9.1,1894,KUK,dragoon,18
1894.9.1,1894,KUK,infantry,102
1894.9.1,1894,CHL,artillery,75
1894.9.1,1894,CHL,dragoon,13
1894.9.1,1894,CHL,hussar,2
1894.9.1,1894,CHL,infantry,39
1894.9.1,1894,AST,artillery,77
1894.9.1,1894,AST,hussar,6
1894.9.1,1894,AST,infantry,14
1894.9.1,1894,WAL,artillery,17
1894.9.1,1894,WAL,hussar,2
1894.9.1,1894,WAL,infantry,1
1894.9.1,1894,SAR,artillery,38
1894.9.1,1894,SAR,guard,10
1894.9.1,1894,SAR,hussar,3
1894.9.1,1894,SAR,infantry,22
1894.9.1,1894,SIC,artillery,86
1894.9.1,1894,SIC,dragoon,16
1894.9.1,1894,SIC,infantry,52
1894.9.1,1894,TUR,artillery,25
1894.9.1,1894,TUR,hussar,5
1894.9.1,1894,TUR,infantry,20
1894.9.1,1894,PER,artillery,10
1894.9.1,1894,PER,hussar,2
1894.9.1,1894,PER,infantry,8
1894.9.1,1894,JAS,dragoon,1
1894.9.1,1894,JAS,infantry,1
1894.9.1,1894,BIK,artillery,1
1894.9.1,1894,BIK,dragoon,1
1894.9.1,1894,BIK,infantry,2
1894.9.1,1894,MEW,dragoon,1
1894.9.1,1894,MEW,infantry,5
1894.9.1,1894,GWA,artillery,1
1894.9.1,1894,GWA,cuirassier,1
1894.9.1,1894,GWA,infantry,1
1894.9.1,1894,BAS,dragoon,1
1894.9.1,1894,BAS,infantry,1
1894.9.1,1894,NEP,cavalry,1
1894.9.1,1894,NEP,irregular,5
1894.9.1,1894,SIK,irregular,1
1894.9.1,1894,BHU,infantry,1
1894.9.1,1894,CHI,cavalry,32
1894.9.1,1894,CHI,infantry,221
1894.9.1,1894,CHI,irregular,28
1894.9.1,1894,TIB,infantry,6
1894.9.1,1894,TIB,irregular,3
1894.9.1,1894,ALD,infantry,3
1894.9.1,1894,MEX,artillery,108
1894.9.1,1894,MEX,cavalry,1
1894.9.1,1894,MEX,infantry,55
1894.9.1,1894,BRZ,artillery,49
1894.9.1,1894,BRZ,dragoon,5
1894.9.1,1894,BRZ,hussar,2
1894.9.1,1894,BRZ,infantry,24
