date,year,tag,ship_type,count,effective
1872.9.1,1872,USA,clipper_transport,1,1.111
1872.9.1,1872,USA,ironclad,10,11.111
1872.9.1,1872,ENG,clipper_transport,164,164.183
1872.9.1,1872,ENG,commerce_raider,42,43.757
1872.9.1,1872,ENG,frigate,8,8.353
1872.9.1,1872,ENG,ironclad,59,61.245
1872.9.1,1872,ENG,manowar,92,94.415
1872.9.1,1872,FRA,clipper_transport,35,43.049
1872.9.1,1872,FRA,commerce_raider,6,7.429
1872.9.1,1872,FRA,ironclad,13,16.25
1872.9.1,1872,SCA,ironclad,29,35.81
1872.9.1,1872,SCA,steam_transport,50,53.452
1872.9.1,1872,RUS,clipper_transport,70,11.333
1872.9.1,1872,GER,clipper_transport,27,30.676
1872.9.1,1872,GER,commerce_raider,18,22.353
1872.9.1,1872,GER,ironclad,2,2.5
1872.9.1,1872,GER,manowar,1,1.176
1872.9.1,1872,BEL,clipper_transport,30,35.319
1872.9.1,1872,SPA,clipper_transport,30,31.25
1872.9.1,1872,SPA,commerce_raider,1,1.045
1872.9.1,1872,SPA,ironclad,23,23.501
1872.9.1,1872,SPA,manowar,15,14.901
1872.9.1,1872,SPA,steam_transport,6,6.29
1872.9.1,1872,KUK,clipper_transport,5,4.706
1872.9.1,1872,AST,clipper_transport,39,42.152
1872.9.1,1872,AST,commerce_raider,28,30.592
1872.9.1,1872,AST,ironclad,24,26.45
1872.9.1,1872,AST,steam_transport,7,7.348
1872.9.1,1872,WAL,clipper_transport,10,0.527
1872.9.1,1872,SAR,clipper_transport,6,5.058
1872.9.1,1872,SIC,clipper_transport,2,2.458
1872.9.1,1872,SIC,manowar,5,6.124
1872.9.1,1872,TUR,clipper_transport,20,17.469
1872.9.1,1872,CHL,clipper_transport,10,9.97
1872.9.1,1872,CHL,manowar,8,8.0
1872.9.1,1872,CHI,clipper_transport,2,0.1
1872.9.1,1872,CHI,frigate,3,0.15
1872.9.1,1872,GXI,clipper_transport,1,0.05
1872.9.1,1872,GXI,frigate,1,0.05
1872.9.1,1872,JAP,clipper_transport,2,0.102
1872.9.1,1872,JAP,frigate,5,0.258
1872.9.1,1872,JAP,manowar,1,0.055
1872.9.1,1872,ALD,frigate,2,2.0
1872.9.1,1872,MEX,clipper_transport,15,2.411
1872.9.1,1872,MEX,commerce_raider,2,1.561
1872.9.1,1872,MEX,ironclad,9,8.765
1872.9.1,1872,GUA,steam_transport,1,0.08
1872.9.1,1872,BRZ,clipper_transport,22,10.034
1872.10.1,1872,USA,clipper_transport,1,1.111
1872.10.1,1872,USA,ironclad,10,11.111
1872.10.1,1872,ENG,clipper_transport,164,168.877
1872.10.1,1872,ENG,commerce_raider,42,43.859
1872.10.1,1872,ENG,frigate,8,8.353
1872.10.1,1872,ENG,ironclad,60,62.557
1872.10.1,1872,ENG,manowar,92,94.993
1872.10.1,1872,FRA,clipper_transport,35,43.049
1872.10.1,1872,FRA,commerce_raider,6,7.429
1872.10.1,1872,FRA,ironclad,13,16.25
1872.10.1,1872,SCA,ironclad,29,35.801
1872.10.1,1872,SCA,steam_transport,50,53.452
1872.10.1,1872,RUS,clipper_transport,72,11.981
1872.10.1,1872,GER,clipper_transport,27,30.642
1872.10.1,1872,GER,commerce_raider,18,22.353
1872.10.1,1872,GER,ironclad,2,2.5
1872.10.1,1872,GER,manowar,1,1.176
1872.10.1,1872,BEL,clipper_transport,30,35.319
1872.10.1,1872,SPA,clipper_transport,30,31.167
1872.10.1,1872,SPA,commerce_raider,1,1.045
1872.10.1,1872,SPA,ironclad,23,23.846
1872.10.1,1872,SPA,manowar,15,15.156
1872.10.1,1872,SPA,steam_transport,6,6.29
1872.10.1,1872,KUK,clipper_transport,5,4.327
1872.10.1,1872,AST,clipper_transport,39,42.152
1872.10.1,1872,AST,commerce_raider,28,30.592
1872.10.1,1872,AST,ironclad,24,26.45
1872.10.1,1872,AST,steam_transport,7,7.348
1872.10.1,1872,WAL,clipper_transport,10,0.527
1872.10.1,1872,SAR,clipper_transport,6,5.058
1872.10.1,1872,SIC,clipper_transport,2,2.458
1872.10.1,1872,SIC,manowar,5,6.124
1872.10.1,1872,TUR,clipper_transport,20,18.996
1872.10.1,1872,CHL,clipper_transport,10,9.64
1872.10.1,1872,CHL,manowar,8,8.0
1872.10.1,1872,CHI,clipper_transport,2,0.1
1872.10.1,1872,CHI,frigate,3,0.15
1872.10.1,1872,GXI,clipper_transport,1,0.05
1872.10.1,1872,GXI,frigate,1,0.05
1872.10.1,1872,JAP,clipper_transport,2,0.102
1872.10.1,1872,JAP,frigate,5,0.258
1872.10.1,1872,JAP,manowar,1,0.055
1872.10.1,1872,ALD,frigate,2,2.035
1872.10.1,1872,MEX,clipper_transport,15,1.445
1872.10.1,1872,MEX,commerce_raider,2,1.377
1872.10.1,1872,MEX,ironclad,10,8.894
1872.10.1,1872,GUA,steam_transport,1,0.08
1872.10.1,1872,BRZ,clipper_transport,22,8.345
1872.11.1,1872,USA,clipper_transport,1,1.111
1872.11.1,1872,USA,ironclad,11,12.222
1872.11.1,1872,ENG,clipper_transport,164,168.877
1872.11.1,1872,ENG,commerce_raider,40,41.785
1872.11.1,1872,ENG,frigate,8,8.353
1872.11.1,1872,ENG,ironclad,61,63.61
1872.11.1,1872,ENG,manowar,92,94.993
1872.11.1,1872,FRA,clipper_transport,35,43.049
1872.11.1,1872,FRA,commerce_raider,6,7.429
1872.11.1,1872,FRA,ironclad,16,20.0
1872.11.1,1872,SCA,ironclad,29,35.801
1872.11.1,1872,SCA,steam_transport,50,53.452
1872.11.1,1872,RUS,clipper_transport,72,10.402
1872.11.1,1872,GER,clipper_transport,27,30.516
1872.11.1,1872,GER,commerce_raider,18,22.353
1872.11.1,1872,GER,ironclad,2,2.5
1872.11.1,1872,GER,manowar,1,1.176
1872.11.1,1872,BEL,clipper_transport,30,35.319
1872.11.1,1872,SPA,clipper_transport,30,31.208
1872.11.1,1872,SPA,commerce_raider,1,1.045
1872.11.1,1872,SPA,ironclad,21,21.913
1872.11.1,1872,SPA,manowar,15,15.156
1872.11.1,1872,SPA,steam_transport,6,6.29
1872.11.1,1872,KUK,clipper_transport,5,3.942
1872.11.1,1872,AST,clipper_transport,39,41.827
1872.11.1,1872,AST,commerce_raider,28,30.459
1872.11.1,1872,AST,ironclad,24,26.285
1872.11.1,1872,AST,steam_transport,7,7.253
1872.11.1,1872,WAL,clipper_transport,10,0.527
1872.11.1,1872,SAR,clipper_transport,6,5.058
1872.11.1,1872,TUR,clipper_transport,20,19.708
1872.11.1,1872,CHL,clipper_transport,10,9.44
1872.11.1,1872,CHL,manowar,8,8.0
1872.11.1,1872,CHI,clipper_transport,2,0.1
1872.11.1,1872,CHI,frigate,3,0.15
1872.11.1,1872,GXI,clipper_transport,1,0.05
1872.11.1,1872,GXI,frigate,1,0.05
1872.11.1,1872,JAP,clipper_transport,2,0.102
1872.11.1,1872,JAP,frigate,5,0.258
1872.11.1,1872,JAP,manowar,1,0.055
1872.11.1,1872,ALD,frigate,2,2.076
1872.11.1,1872,MEX,clipper_transport,15,0.892
1872.11.1,1872,MEX,commerce_raider,2,1.188
1872.11.1,1872,MEX,ironclad,11,8.492
1872.11.1,1872,GUA,steam_transport,1,0.08
1872.11.1,1872,BRZ,clipper_transport,22,6.599
1872.12.1,1872,USA,clipper_transport,1,1.111
1872.12.1,1872,USA,ironclad,11,12.222
1872.12.1,1872,ENG,clipper_transport,164,168.877
1872.12.1,1872,ENG,commerce_raider,40,41.671
1872.12.1,1872,ENG,frigate,8,8.353
1872.12.1,1872,ENG,ironclad,62,64.422
1872.12.1,1872,ENG,manowar,92,94.705
1872.12.1,1872,FRA,clipper_transport,35,43.049
1872.12.1,1872,FRA,commerce_raider,6,7.429
1872.12.1,1872,FRA,ironclad,16,20.0
1872.12.1,1872,SCA,ironclad,29,35.801
1872.12.1,1872,SCA,steam_transport,50,53.452
1872.12.1,1872,RUS,clipper_transport,72,9.208
1872.12.1,1872,GER,clipper_transport,27,28.367
1872.12.1,1872,GER,commerce_raider,18,22.353
1872.12.1,1872,GER,ironclad,3,3.75
1872.12.1,1872,GER,manowar,1,1.176
1872.12.1,1872,BEL,clipper_transport,30,35.319
1872.12.1,1872,SPA,clipper_transport,30,31.208
1872.12.1,1872,SPA,commerce_raider,1,1.024
1872.12.1,1872,SPA,ironclad,21,21.715
1872.12.1,1872,SPA,manowar,15,14.972
1872.12.1,1872,SPA,steam_transport,6,6.29
1872.12.1,1872,KUK,clipper_transport,5,3.57
1872.12.1,1872,AST,clipper_transport,39,42.03
1872.12.1,1872,AST,commerce_raider,28,30.459
1872.12.1,1872,AST,ironclad,24,26.314
1872.12.1,1872,AST,steam_transport,7,7.253
1872.12.1,1872,WAL,clipper_transport,10,0.527
1872.12.1,1872,SAR,clipper_transport,6,5.058
1872.12.1,1872,TUR,clipper_transport,20,19.958
1872.12.1,1872,CHL,clipper_transport,10,9.44
1872.12.1,1872,CHL,manowar,8,8.0
1872.12.1,1872,CHI,clipper_transport,2,0.1
1872.12.1,1872,CHI,frigate,3,0.15
1872.12.1,1872,GXI,clipper_transport,1,0.05
1872.12.1,1872,GXI,frigate,1,0.05
1872.12.1,1872,JAP,clipper_transport,2,0.102
1872.12.1,1872,JAP,frigate,5,0.263
1872.12.1,1872,JAP,manowar,1,0.069
1872.12.1,1872,ALD,frigate,2,2.073
1872.12.1,1872,MEX,clipper_transport,15,0.75
1872.12.1,1872,MEX,commerce_raider,2,1.004
1872.12.1,1872,MEX,ironclad,12,8.561
1872.12.1,1872,GUA,steam_transport,1,0.08
1872.12.1,1872,BRZ,clipper_transport,22,4.911
1873.1.1,1873,USA,clipper_transport,1,1.111
1873.1.1,1873,USA,ironclad,12,13.333
1873.1.1,1873,ENG,clipper_transport,164,168.877
1873.1.1,1873,ENG,commerce_raider,40,41.347
1873.1.1,1873,ENG,frigate,8,8.353
1873.1.1,1873,ENG,ironclad,64,65.569
1873.1.1,1873,ENG,manowar,92,93.861
1873.1.1,1873,FRA,clipper_transport,35,43.049
1873.1.1,1873,FRA,commerce_raider,6,7.429
1873.1.1,1873,FRA,ironclad,16,20.0
1873.1.1,1873,SCA,ironclad,29,35.801
1873.1.1,1873,SCA,steam_transport,50,53.452
1873.1.1,1873,RUS,clipper_transport,72,8.523
1873.1.1,1873,GER,clipper_transport,27,30.368
1873.1.1,1873,GER,commerce_raider,18,22.353
1873.1.1,1873,GER,ironclad,6,7.5
1873.1.1,1873,GER,manowar,1,1.176
1873.1.1,1873,BEL,clipper_transport,30,35.284
1873.1.1,1873,SPA,clipper_transport,30,31.135
1873.1.1,1873,SPA,commerce_raider,1,1.024
1873.1.1,1873,SPA,ironclad,21,21.715
1873.1.1,1873,SPA,manowar,15,14.972
1873.1.1,1873,SPA,steam_transport,6,6.29
1873.1.1,1873,KUK,clipper_transport,5,3.185
1873.1.1,1873,AST,clipper_transport,39,42.03
1873.1.1,1873,AST,commerce_raider,28,30.459
1873.1.1,1873,AST,ironclad,24,26.314
1873.1.1,1873,AST,steam_transport,7,7.253
1873.1.1,1873,WAL,clipper_transport,10,0.527
1873.1.1,1873,SAR,clipper_transport,6,5.993
1873.1.1,1873,TUR,clipper_transport,20,20.0
1873.1.1,1873,CHL,clipper_transport,10,9.44
1873.1.1,1873,CHL,manowar,8,8.0
1873.1.1,1873,CHI,clipper_transport,2,0.1
1873.1.1,1873,CHI,frigate,3,0.15
1873.1.1,1873,GXI,clipper_transport,1,0.05
1873.1.1,1873,GXI,frigate,1,0.05
1873.1.1,1873,JAP,clipper_transport,2,0.102
1873.1.1,1873,JAP,frigate,5,0.263
1873.1.1,1873,JAP,manowar,1,0.069
1873.1.1,1873,ALD,frigate,2,2.064
1873.1.1,1873,MEX,clipper_transport,15,0.75
1873.1.1,1873,MEX,commerce_raider,2,0.815
1873.1.1,1873,MEX,ironclad,11,6.51
1873.1.1,1873,GUA,steam_transport,1,0.08
1873.1.1,1873,BRZ,clipper_transport,22,3.164
1873.2.1,1873,USA,clipper_transport,6,6.667
1873.2.1,1873,USA,ironclad,12,13.333
1873.2.1,1873,ENG,clipper_transport,164,168.371
1873.2.1,1873,ENG,commerce_raider,40,41.212
1873.2.1,1873,ENG,frigate,8,8.353
1873.2.1,1873,ENG,ironclad,65,65.912
1873.2.1,1873,ENG,manowar,92,93.789
1873.2.1,1873,FRA,clipper_transport,35,42.962
1873.2.1,1873,FRA,commerce_raider,6,7.429
1873.2.1,1873,FRA,ironclad,16,20.0
1873.2.1,1873,SCA,ironclad,29,35.347
1873.2.1,1873,SCA,steam_transport,50,52.833
1873.2.1,1873,RUS,clipper_transport,72,8.034
1873.2.1,1873,GER,clipper_transport,27,30.368
1873.2.1,1873,GER,commerce_raider,18,22.353
1873.2.1,1873,GER,ironclad,6,7.5
1873.2.1,1873,GER,manowar,1,1.176
1873.2.1,1873,BEL,clipper_transport,30,35.142
1873.2.1,1873,SPA,clipper_transport,30,29.934
1873.2.1,1873,SPA,commerce_raider,1,1.024
1873.2.1,1873,SPA,ironclad,21,21.715
1873.2.1,1873,SPA,manowar,15,14.972
1873.2.1,1873,SPA,steam_transport,6,6.29
1873.2.1,1873,KUK,clipper_transport,5,2.801
1873.2.1,1873,AST,clipper_transport,42,45.356
1873.2.1,1873,AST,commerce_raider,28,30.616
1873.2.1,1873,AST,ironclad,24,26.314
1873.2.1,1873,AST,steam_transport,7,7.354
1873.2.1,1873,WAL,clipper_transport,10,0.527
1873.2.1,1873,SAR,clipper_transport,6,5.993
1873.2.1,1873,TUR,clipper_transport,20,20.0
1873.2.1,1873,CHL,clipper_transport,10,9.44
1873.2.1,1873,CHL,manowar,8,8.0
1873.2.1,1873,CHI,clipper_transport,2,0.1
1873.2.1,1873,CHI,frigate,3,0.15
1873.2.1,1873,GXI,clipper_transport,1,0.05
1873.2.1,1873,GXI,frigate,1,0.05
1873.2.1,1873,JAP,clipper_transport,2,0.102
1873.2.1,1873,JAP,frigate,5,0.263
1873.2.1,1873,JAP,manowar,1,0.069
1873.2.1,1873,ALD,frigate,2,2.067
1873.2.1,1873,MEX,clipper_transport,15,1.694
1873.2.1,1873,MEX,commerce_raider,2,1.21
1873.2.1,1873,MEX,ironclad,13,10.781
1873.2.1,1873,GUA,steam_transport,1,0.08
1873.2.1,1873,BRZ,clipper_transport,22,1.418
1873.3.1,1873,USA,clipper_transport,16,17.778
1873.3.1,1873,USA,ironclad,14,15.556
1873.3.1,1873,ENG,clipper_transport,164,166.047
1873.3.1,1873,ENG,commerce_raider,40,40.714
1873.3.1,1873,ENG,frigate,8,8.353
1873.3.1,1873,ENG,ironclad,66,66.933
1873.3.1,1873,ENG,manowar,92,93.665
1873.3.1,1873,FRA,clipper_transport,35,42.035
1873.3.1,1873,FRA,commerce_raider,6,7.429
1873.3.1,1873,FRA,ironclad,16,20.0
1873.3.1,1873,SCA,ironclad,29,35.347
1873.3.1,1873,SCA,steam_transport,50,52.833
1873.3.1,1873,RUS,clipper_transport,72,7.678
1873.3.1,1873,GER,clipper_transport,27,30.368
1873.3.1,1873,GER,commerce_raider,18,22.353
1873.3.1,1873,GER,ironclad,7,8.75
1873.3.1,1873,GER,manowar,1,1.176
1873.3.1,1873,BEL,clipper_transport,30,35.142
1873.3.1,1873,SPA,clipper_transport,30,29.567
1873.3.1,1873,SPA,commerce_raider,1,1.024
1873.3.1,1873,SPA,ironclad,21,21.715
1873.3.1,1873,SPA,manowar,15,14.972
1873.3.1,1873,SPA,steam_transport,6,6.29
1873.3.1,1873,KUK,clipper_transport,5,2.455
1873.3.1,1873,AST,clipper_transport,43,46.448
1873.3.1,1873,AST,commerce_raider,28,30.55
1873.3.1,1873,AST,ironclad,24,26.314
1873.3.1,1873,AST,steam_transport,7,7.323
1873.3.1,1873,WAL,clipper_transport,10,0.527
1873.3.1,1873,SAR,clipper_transport,6,5.993
1873.3.1,1873,TUR,clipper_transport,20,20.0
1873.3.1,1873,CHL,clipper_transport,10,9.732
1873.3.1,1873,CHL,manowar,8,8.0
1873.3.1,1873,CHI,clipper_transport,2,0.1
1873.3.1,1873,CHI,frigate,3,0.15
1873.3.1,1873,GXI,clipper_transport,1,0.05
1873.3.1,1873,GXI,frigate,1,0.05
1873.3.1,1873,JAP,clipper_transport,2,0.102
1873.3.1,1873,JAP,frigate,5,0.263
1873.3.1,1873,JAP,manowar,1,0.069
1873.3.1,1873,ALD,frigate,2,2.061
1873.3.1,1873,MEX,clipper_transport,15,2.638
1873.3.1,1873,MEX,commerce_raider,2,1.726
1873.3.1,1873,MEX,ironclad,13,13.134
1873.3.1,1873,GUA,steam_transport,1,0.08
1873.3.1,1873,BRZ,clipper_transport,22,1.28
1873.4.1,1873,USA,clipper_transport,33,36.667
1873.4.1,1873,USA,ironclad,14,15.556
1873.4.1,1873,ENG,clipper_transport,163,161.167
1873.4.1,1873,ENG,commerce_raider,40,40.166
1873.4.1,1873,ENG,frigate,8,8.353
1873.4.1,1873,ENG,ironclad,67,67.158
1873.4.1,1873,ENG,manowar,92,93.257
1873.4.1,1873,FRA,clipper_transport,36,43.197
1873.4.1,1873,FRA,commerce_raider,6,7.429
1873.4.1,1873,FRA,ironclad,16,20.0
1873.4.1,1873,SCA,ironclad,29,34.975
1873.4.1,1873,SCA,steam_transport,50,52.203
1873.4.1,1873,RUS,clipper_transport,72,7.201
1873.4.1,1873,GER,clipper_transport,27,30.345
1873.4.1,1873,GER,commerce_raider,18,22.353
1873.4.1,1873,GER,ironclad,7,8.75
1873.4.1,1873,GER,manowar,1,1.176
1873.4.1,1873,BEL,clipper_transport,30,35.142
1873.4.1,1873,SPA,clipper_transport,30,30.636
1873.4.1,1873,SPA,commerce_raider,1,1.024
1873.4.1,1873,SPA,ironclad,21,21.715
1873.4.1,1873,SPA,manowar,15,14.972
1873.4.1,1873,SPA,steam_transport,6,6.29
1873.4.1,1873,KUK,clipper_transport,6,3.243
1873.4.1,1873,AST,clipper_transport,43,45.263
1873.4.1,1873,AST,commerce_raider,28,29.384
1873.4.1,1873,AST,ironclad,24,25.662
1873.4.1,1873,AST,steam_transport,7,6.786
1873.4.1,1873,WAL,clipper_transport,10,0.527
1873.4.1,1873,SAR,clipper_transport,6,5.993
1873.4.1,1873,TUR,clipper_transport,21,21.053
1873.4.1,1873,CHL,clipper_transport,10,9.885
1873.4.1,1873,CHL,manowar,8,8.0
1873.4.1,1873,CHI,clipper_transport,2,0.1
1873.4.1,1873,CHI,frigate,3,0.15
1873.4.1,1873,GXI,clipper_transport,1,0.05
1873.4.1,1873,GXI,frigate,1,0.05
1873.4.1,1873,JAP,clipper_transport,2,0.102
1873.4.1,1873,JAP,frigate,5,0.263
1873.4.1,1873,JAP,manowar,1,0.069
1873.4.1,1873,ALD,frigate,2,2.066
1873.4.1,1873,MEX,clipper_transport,15,3.582
1873.4.1,1873,MEX,commerce_raider,1,0.555
1873.4.1,1873,MEX,ironclad,13,11.01
1873.4.1,1873,GUA,steam_transport,1,0.08
1873.4.1,1873,BRZ,clipper_transport,22,1.2
1873.5.1,1873,USA,clipper_transport,33,36.667
1873.5.1,1873,USA,ironclad,16,17.778
1873.5.1,1873,ENG,clipper_transport,162,155.157
1873.5.1,1873,ENG,commerce_raider,40,39.231
1873.5.1,1873,ENG,frigate,8,8.353
1873.5.1,1873,ENG,ironclad,68,67.691
1873.5.1,1873,ENG,manowar,92,92.639
1873.5.1,1873,FRA,clipper_transport,38,44.623
1873.5.1,1873,FRA,commerce_raider,6,7.429
1873.5.1,1873,FRA,ironclad,16,20.0
1873.5.1,1873,SCA,ironclad,29,34.703
1873.5.1,1873,SCA,steam_transport,50,51.861
1873.5.1,1873,RUS,clipper_transport,72,6.785
1873.5.1,1873,GER,clipper_transport,27,30.188
1873.5.1,1873,GER,commerce_raider,18,22.353
1873.5.1,1873,GER,ironclad,8,10.0
1873.5.1,1873,GER,manowar,1,1.176
1873.5.1,1873,BEL,clipper_transport,30,35.142
1873.5.1,1873,SPA,clipper_transport,30,30.636
1873.5.1,1873,SPA,commerce_raider,1,1.024
1873.5.1,1873,SPA,ironclad,21,21.715
1873.5.1,1873,SPA,manowar,15,14.972
1873.5.1,1873,SPA,steam_transport,6,6.29
1873.5.1,1873,KUK,clipper_transport,8,5.062
1873.5.1,1873,AST,clipper_transport,46,44.22
1873.5.1,1873,AST,commerce_raider,28,26.498
1873.5.1,1873,AST,ironclad,24,23.073
1873.5.1,1873,AST,steam_transport,7,5.852
1873.5.1,1873,WAL,clipper_transport,10,0.527
1873.5.1,1873,SAR,clipper_transport,6,5.993
1873.5.1,1873,SIC,clipper_transport,2,2.5
1873.5.1,1873,TUR,clipper_transport,36,36.842
1873.5.1,1873,CHL,clipper_transport,10,10.0
1873.5.1,1873,CHL,manowar,8,8.0
1873.5.1,1873,CHI,clipper_transport,2,0.1
1873.5.1,1873,CHI,frigate,3,0.15
1873.5.1,1873,GXI,clipper_transport,1,0.05
1873.5.1,1873,GXI,frigate,1,0.05
1873.5.1,1873,JAP,clipper_transport,2,0.102
1873.5.1,1873,JAP,frigate,5,0.26
1873.5.1,1873,JAP,manowar,1,0.061
1873.5.1,1873,ALD,frigate,1,1.095
1873.5.1,1873,MEX,clipper_transport,15,4.526
1873.5.1,1873,MEX,commerce_raider,1,0.811
1873.5.1,1873,MEX,ironclad,16,15.71
1873.5.1,1873,GUA,steam_transport,1,0.08
1873.5.1,1873,BRZ,clipper_transport,22,1.164
1873.6.1,1873,USA,clipper_transport,33,36.667
1873.6.1,1873,USA,ironclad,17,18.889
1873.6.1,1873,ENG,clipper_transport,161,151.421
1873.6.1,1873,ENG,commerce_raider,40,38.358
1873.6.1,1873,ENG,frigate,8,8.353
1873.6.1,1873,ENG,ironclad,69,67.869
1873.6.1,1873,ENG,manowar,92,91.993
1873.6.1,1873,FRA,clipper_transport,44,53.361
1873.6.1,1873,FRA,commerce_raider,6,7.429
1873.6.1,1873,FRA,ironclad,16,20.0
1873.6.1,1873,SCA,ironclad,29,33.488
1873.6.1,1873,SCA,steam_transport,63,66.264
1873.6.1,1873,RUS,clipper_transport,72,6.369
1873.6.1,1873,GER,clipper_transport,28,31.438
1873.6.1,1873,GER,commerce_raider,19,23.603
1873.6.1,1873,GER,ironclad,8,10.0
1873.6.1,1873,BEL,clipper_transport,30,35.142
1873.6.1,1873,SPA,clipper_transport,30,30.636
1873.6.1,1873,SPA,commerce_raider,1,1.024
1873.6.1,1873,SPA,ironclad,21,21.715
1873.6.1,1873,SPA,manowar,15,14.972
1873.6.1,1873,SPA,steam_transport,6,6.29
1873.6.1,1873,KUK,clipper_transport,19,17.061
1873.6.1,1873,AST,clipper_transport,49,43.417
1873.6.1,1873,AST,commerce_raider,28,24.066
1873.6.1,1873,AST,ironclad,24,21.021
1873.6.1,1873,AST,steam_transport,7,5.258
1873.6.1,1873,WAL,clipper_transport,10,0.527
1873.6.1,1873,SAR,clipper_transport,6,5.993
1873.6.1,1873,SIC,clipper_transport,3,3.75
1873.6.1,1873,TUR,clipper_transport,62,64.211
1873.6.1,1873,CHL,clipper_transport,10,10.0
1873.6.1,1873,CHL,manowar,8,8.0
1873.6.1,1873,CHI,clipper_transport,2,0.1
1873.6.1,1873,CHI,frigate,3,0.15
1873.6.1,1873,GXI,clipper_transport,1,0.05
1873.6.1,1873,GXI,frigate,1,0.05
1873.6.1,1873,JAP,clipper_transport,2,0.102
1873.6.1,1873,JAP,frigate,5,0.263
1873.6.1,1873,JAP,manowar,1,0.069
1873.6.1,1873,ALD,frigate,1,1.101
1873.6.1,1873,MEX,clipper_transport,15,5.47
1873.6.1,1873,MEX,commerce_raider,1,1.029
1873.6.1,1873,MEX,ironclad,16,16.408
1873.6.1,1873,GUA,steam_transport,1,0.08
1873.6.1,1873,BRZ,clipper_transport,22,1.164
1873.7.1,1873,USA,clipper_transport,36,40.0
1873.7.1,1873,USA,ironclad,17,18.889
1873.7.1,1873,ENG,clipper_transport,161,150.853
1873.7.1,1873,ENG,commerce_raider,40,38.056
1873.7.1,1873,ENG,frigate,8,8.343
1873.7.1,1873,ENG,ironclad,70,67.976
1873.7.1,1873,ENG,manowar,92,91.325
1873.7.1,1873,FRA,clipper_transport,45,54.426
1873.7.1,1873,FRA,commerce_raider,6,7.429
1873.7.1,1873,FRA,ironclad,16,20.0
1873.7.1,1873,SCA,ironclad,29,33.488
1873.7.1,1873,SCA,steam_transport,69,73.676
1873.7.1,1873,RUS,clipper_transport,72,5.828
1873.7.1,1873,GER,clipper_transport,29,32.688
1873.7.1,1873,GER,commerce_raider,19,23.603
1873.7.1,1873,GER,ironclad,9,11.25
1873.7.1,1873,BEL,clipper_transport,30,35.142
1873.7.1,1873,BEL,ironclad,1,1.25
1873.7.1,1873,SPA,clipper_transport,30,31.127
1873.7.1,1873,SPA,commerce_raider,1,1.024
1873.7.1,1873,SPA,ironclad,21,21.715
1873.7.1,1873,SPA,manowar,15,14.972
1873.7.1,1873,SPA,steam_transport,6,6.29
1873.7.1,1873,KUK,clipper_transport,19,15.463
1873.7.1,1873,AST,clipper_transport,51,40.572
1873.7.1,1873,AST,commerce_raider,28,21.064
1873.7.1,1873,AST,ironclad,24,18.74
1873.7.1,1873,AST,steam_transport,7,4.579
1873.7.1,1873,WAL,clipper_transport,10,0.527
1873.7.1,1873,SAR,clipper_transport,6,5.736
1873.7.1,1873,SAR,steam_transport,1,1.25
1873.7.1,1873,SIC,clipper_transport,9,11.25
1873.7.1,1873,TUR,clipper_transport,105,109.474
1873.7.1,1873,CHL,clipper_transport,10,10.0
1873.7.1,1873,CHL,manowar,8,8.0
1873.7.1,1873,CHI,clipper_transport,2,0.1
1873.7.1,1873,CHI,frigate,3,0.15
1873.7.1,1873,GXI,clipper_transport,1,0.05
1873.7.1,1873,GXI,frigate,1,0.05
1873.7.1,1873,JAP,clipper_transport,2,0.102
1873.7.1,1873,JAP,frigate,5,0.26
1873.7.1,1873,JAP,manowar,1,0.061
1873.7.1,1873,ALD,frigate,1,1.096
1873.7.1,1873,MEX,clipper_transport,15,6.414
1873.7.1,1873,MEX,commerce_raider,1,1.029
1873.7.1,1873,MEX,ironclad,16,16.695
1873.7.1,1873,GUA,steam_transport,1,0.08
1873.7.1,1873,BRZ,clipper_transport,22,1.164
1873.8.1,1873,USA,clipper_transport,37,41.111
1873.8.1,1873,USA,ironclad,18,20.0
1873.8.1,1873,ENG,clipper_transport,161,163.711
1873.8.1,1873,ENG,commerce_raider,40,39.756
1873.8.1,1873,ENG,frigate,8,8.343
1873.8.1,1873,ENG,ironclad,71,67.964
1873.8.1,1873,ENG,manowar,92,91.631
1873.8.1,1873,FRA,clipper_transport,49,58.111
1873.8.1,1873,FRA,commerce_raider,6,7.393
1873.8.1,1873,FRA,ironclad,16,19.913
1873.8.1,1873,SCA,ironclad,29,33.488
1873.8.1,1873,SCA,steam_transport,72,76.789
1873.8.1,1873,RUS,clipper_transport,72,5.436
1873.8.1,1873,GER,clipper_transport,30,33.909
1873.8.1,1873,GER,commerce_raider,19,23.603
1873.8.1,1873,GER,ironclad,9,11.25
1873.8.1,1873,BEL,clipper_transport,30,35.142
1873.8.1,1873,BEL,ironclad,1,1.25
1873.8.1,1873,SPA,clipper_transport,30,31.127
1873.8.1,1873,SPA,commerce_raider,1,1.024
1873.8.1,1873,SPA,ironclad,21,21.715
1873.8.1,1873,SPA,manowar,15,14.972
1873.8.1,1873,SPA,steam_transport,6,6.29
1873.8.1,1873,KUK,clipper_transport,19,13.829
1873.8.1,1873,AST,clipper_transport,55,48.638
1873.8.1,1873,AST,commerce_raider,28,25.252
1873.8.1,1873,AST,ironclad,24,21.092
1873.8.1,1873,AST,steam_transport,7,5.66
1873.8.1,1873,WAL,clipper_transport,10,0.527
1873.8.1,1873,SAR,clipper_transport,6,4.966
1873.8.1,1873,SAR,steam_transport,2,2.334
1873.8.1,1873,SIC,clipper_transport,10,12.5
1873.8.1,1873,TUR,clipper_transport,110,114.737
1873.8.1,1873,CHL,clipper_transport,10,10.0
1873.8.1,1873,CHL,manowar,8,8.0
1873.8.1,1873,CHI,clipper_transport,2,0.1
1873.8.1,1873,CHI,frigate,3,0.15
1873.8.1,1873,GXI,clipper_transport,1,0.05
1873.8.1,1873,GXI,frigate,1,0.05
1873.8.1,1873,JAP,clipper_transport,2,0.102
1873.8.1,1873,JAP,frigate,5,0.26
1873.8.1,1873,JAP,manowar,1,0.061
1873.8.1,1873,ALD,frigate,1,1.071
1873.8.1,1873,MEX,clipper_transport,15,7.298
1873.8.1,1873,MEX,commerce_raider,1,1.029
1873.8.1,1873,MEX,ironclad,17,17.747
1873.8.1,1873,GUA,steam_transport,1,0.08
1873.8.1,1873,BRZ,clipper_transport,22,1.167
1873.9.1,1873,USA,clipper_transport,27,30.0
1873.9.1,1873,USA,ironclad,18,20.0
1873.9.1,1873,ENG,clipper_transport,161,163.711
1873.9.1,1873,ENG,commerce_raider,40,39.349
1873.9.1,1873,ENG,frigate,8,8.343
1873.9.1,1873,ENG,ironclad,72,70.45
1873.9.1,1873,ENG,manowar,92,90.695
1873.9.1,1873,FRA,clipper_transport,57,69.353
1873.9.1,1873,FRA,commerce_raider,6,7.244
1873.9.1,1873,FRA,ironclad,16,19.537
1873.9.1,1873,SCA,ironclad,29,33.488
1873.9.1,1873,SCA,steam_transport,72,74.901
1873.9.1,1873,RUS,clipper_transport,72,5.107
1873.9.1,1873,GER,clipper_transport,30,33.678
1873.9.1,1873,GER,commerce_raider,19,23.603
1873.9.1,1873,GER,ironclad,9,11.25
1873.9.1,1873,BEL,clipper_transport,30,35.142
1873.9.1,1873,BEL,ironclad,2,2.5
1873.9.1,1873,SPA,clipper_transport,30,31.127
1873.9.1,1873,SPA,commerce_raider,1,1.024
1873.9.1,1873,SPA,ironclad,21,21.715
1873.9.1,1873,SPA,manowar,15,14.972
1873.9.1,1873,SPA,steam_transport,6,6.29
1873.9.1,1873,KUK,clipper_transport,19,12.385
1873.9.1,1873,AST,clipper_transport,59,49.347
1873.9.1,1873,AST,commerce_raider,28,23.529
1873.9.1,1873,AST,ironclad,25,20.792
1873.9.1,1873,AST,steam_transport,7,5.256
1873.9.1,1873,WAL,clipper_transport,10,0.527
1873.9.1,1873,SAR,clipper_transport,6,4.432
1873.9.1,1873,SAR,steam_transport,2,2.139
1873.9.1,1873,SIC,clipper_transport,10,12.5
1873.9.1,1873,TUR,clipper_transport,111,115.789
1873.9.1,1873,CHL,clipper_transport,10,10.0
1873.9.1,1873,CHL,manowar,8,8.0
1873.9.1,1873,CHI,clipper_transport,2,0.1
1873.9.1,1873,CHI,frigate,3,0.15
1873.9.1,1873,GXI,clipper_transport,1,0.05
1873.9.1,1873,GXI,frigate,1,0.05
1873.9.1,1873,JAP,clipper_transport,2,0.102
1873.9.1,1873,JAP,frigate,5,0.263
1873.9.1,1873,JAP,manowar,1,0.069
1873.9.1,1873,ALD,clipper_transport,1,1.11
1873.9.1,1873,ALD,frigate,1,1.075
1873.9.1,1873,MEX,clipper_transport,15,6.896
1873.9.1,1873,MEX,commerce_raider,1,1.023
1873.9.1,1873,MEX,ironclad,13,13.522
1873.9.1,1873,GUA,steam_transport,1,0.08
1873.9.1,1873,BRZ,clipper_transport,22,1.138
1873.10.1,1873,USA,clipper_transport,27,30.0
1873.10.1,1873,USA,ironclad,19,21.111
1873.10.1,1873,ENG,clipper_transport,161,163.163
1873.10.1,1873,ENG,commerce_raider,40,38.818
1873.10.1,1873,ENG,frigate,8,8.343
1873.10.1,1873,ENG,ironclad,73,72.563
1873.10.1,1873,ENG,manowar,91,89.698
1873.10.1,1873,FRA,clipper_transport,58,70.221
1873.10.1,1873,FRA,commerce_raider,6,7.244
1873.10.1,1873,FRA,ironclad,16,19.537
1873.10.1,1873,SCA,ironclad,29,33.488
1873.10.1,1873,SCA,steam_transport,72,77.144
1873.10.1,1873,RUS,clipper_transport,72,4.897
1873.10.1,1873,GER,clipper_transport,31,34.859
1873.10.1,1873,GER,commerce_raider,19,23.603
1873.10.1,1873,GER,ironclad,10,12.5
1873.10.1,1873,BEL,clipper_transport,30,35.142
1873.10.1,1873,BEL,ironclad,3,3.75
1873.10.1,1873,SPA,clipper_transport,30,31.065
1873.10.1,1873,SPA,commerce_raider,1,1.024
1873.10.1,1873,SPA,ironclad,22,22.767
1873.10.1,1873,SPA,manowar,15,14.972
1873.10.1,1873,SPA,steam_transport,6,6.29
1873.10.1,1873,KUK,clipper_transport,20,12.256
1873.10.1,1873,AST,clipper_transport,62,57.433
1873.10.1,1873,AST,commerce_raider,28,26.958
1873.10.1,1873,AST,ironclad,26,24.086
1873.10.1,1873,AST,steam_transport,7,6.48
1873.10.1,1873,WAL,clipper_transport,10,0.527
1873.10.1,1873,SAR,steam_transport,2,1.951
1873.10.1,1873,SIC,clipper_transport,10,12.5
1873.10.1,1873,TUR,clipper_transport,113,117.895
1873.10.1,1873,CHL,clipper_transport,10,10.0
1873.10.1,1873,CHL,manowar,8,8.0
1873.10.1,1873,CHI,clipper_transport,2,0.1
1873.10.1,1873,CHI,frigate,3,0.15
1873.10.1,1873,GXI,clipper_transport,1,0.05
1873.10.1,1873,GXI,frigate,1,0.05
1873.10.1,1873,JAP,clipper_transport,2,0.102
1873.10.1,1873,JAP,frigate,5,0.263
1873.10.1,1873,JAP,manowar,1,0.069
1873.10.1,1873,ALD,clipper_transport,1,1.109
1873.10.1,1873,ALD,frigate,1,1.096
1873.10.1,1873,MEX,clipper_transport,15,5.698
1873.10.1,1873,MEX,commerce_raider,1,0.997
1873.10.1,1873,MEX,ironclad,14,14.48
1873.10.1,1873,GUA,steam_transport,1,0.08
1873.10.1,1873,BRZ,clipper_transport,22,1.167
1873.11.1,1873,USA,clipper_transport,37,41.111
1873.11.1,1873,USA,ironclad,20,22.222
1873.11.1,1873,ENG,clipper_transport,161,160.774
1873.11.1,1873,ENG,commerce_raider,40,38.815
1873.11.1,1873,ENG,frigate,8,8.312
1873.11.1,1873,ENG,ironclad,75,75.498
1873.11.1,1873,ENG,manowar,91,89.969
1873.11.1,1873,FRA,clipper_transport,58,70.001
1873.11.1,1873,FRA,commerce_raider,6,7.058
1873.11.1,1873,FRA,ironclad,16,18.787
1873.11.1,1873,SCA,ironclad,29,33.365
1873.11.1,1873,SCA,steam_transport,72,76.974
1873.11.1,1873,RUS,clipper_transport,72,4.771
1873.11.1,1873,GER,clipper_transport,32,35.935
1873.11.1,1873,GER,commerce_raider,19,23.603
1873.11.1,1873,GER,ironclad,11,13.75
1873.11.1,1873,NET,clipper_transport,1,1.248
1873.11.1,1873,BEL,clipper_transport,30,35.119
1873.11.1,1873,BEL,ironclad,3,3.75
1873.11.1,1873,SPA,clipper_transport,30,30.846
1873.11.1,1873,SPA,commerce_raider,1,1.024
1873.11.1,1873,SPA,ironclad,22,22.767
1873.11.1,1873,SPA,manowar,15,14.972
1873.11.1,1873,SPA,steam_transport,6,6.29
1873.11.1,1873,KUK,clipper_transport,20,10.832
1873.11.1,1873,AST,clipper_transport,64,55.01
1873.11.1,1873,AST,commerce_raider,28,24.907
1873.11.1,1873,AST,ironclad,27,23.466
1873.11.1,1873,AST,steam_transport,7,5.992
1873.11.1,1873,WAL,clipper_transport,10,0.527
1873.11.1,1873,SAR,steam_transport,2,1.756
1873.11.1,1873,SIC,clipper_transport,10,12.5
1873.11.1,1873,TUR,clipper_transport,114,118.947
1873.11.1,1873,CHL,clipper_transport,10,10.0
1873.11.1,1873,CHL,manowar,8,8.0
1873.11.1,1873,CHI,clipper_transport,2,0.1
1873.11.1,1873,CHI,frigate,3,0.15
1873.11.1,1873,GXI,clipper_transport,1,0.05
1873.11.1,1873,GXI,frigate,1,0.05
1873.11.1,1873,JAP,clipper_transport,2,0.102
1873.11.1,1873,JAP,frigate,5,0.263
1873.11.1,1873,JAP,manowar,1,0.069
1873.11.1,1873,ALD,clipper_transport,1,1.107
1873.11.1,1873,ALD,frigate,1,1.094
1873.11.1,1873,MEX,clipper_transport,15,4.677
1873.11.1,1873,MEX,commerce_raider,1,0.971
1873.11.1,1873,MEX,ironclad,15,15.433
1873.11.1,1873,GUA,steam_transport,1,0.08
1873.11.1,1873,BRZ,clipper_transport,22,1.167
1873.12.1,1873,USA,clipper_transport,37,41.111
1873.12.1,1873,USA,ironclad,20,22.222
1873.12.1,1873,ENG,clipper_transport,161,158.972
1873.12.1,1873,ENG,commerce_raider,40,39.226
1873.12.1,1873,ENG,frigate,8,8.312
1873.12.1,1873,ENG,ironclad,76,76.55
1873.12.1,1873,ENG,manowar,91,91.396
1873.12.1,1873,FRA,clipper_transport,58,69.126
1873.12.1,1873,FRA,commerce_raider,6,7.058
1873.12.1,1873,FRA,ironclad,16,18.787
1873.12.1,1873,SCA,ironclad,29,33.291
1873.12.1,1873,SCA,steam_transport,72,76.687
1873.12.1,1873,RUS,clipper_transport,72,4.649
1873.12.1,1873,GER,clipper_transport,32,35.152
1873.12.1,1873,GER,commerce_raider,19,23.603
1873.12.1,1873,GER,ironclad,13,16.25
1873.12.1,1873,NET,clipper_transport,1,1.234
1873.12.1,1873,BEL,clipper_transport,30,35.095
1873.12.1,1873,BEL,ironclad,3,3.75
1873.12.1,1873,SPA,clipper_transport,30,30.846
1873.12.1,1873,SPA,commerce_raider,1,1.024
1873.12.1,1873,SPA,ironclad,22,22.767
1873.12.1,1873,SPA,manowar,15,14.972
1873.12.1,1873,SPA,steam_transport,6,6.29
1873.12.1,1873,KUK,clipper_transport,20,9.504
1873.12.1,1873,AST,clipper_transport,66,52.085
1873.12.1,1873,AST,commerce_raider,28,22.611
1873.12.1,1873,AST,ironclad,28,22.412
1873.12.1,1873,AST,steam_transport,7,5.471
1873.12.1,1873,WAL,clipper_transport,10,0.527
1873.12.1,1873,SAR,steam_transport,2,1.568
1873.12.1,1873,SIC,clipper_transport,10,12.5
1873.12.1,1873,TUR,clipper_transport,114,118.947
1873.12.1,1873,CHL,clipper_transport,10,9.46
1873.12.1,1873,CHL,manowar,8,8.0
1873.12.1,1873,CHI,clipper_transport,2,0.1
1873.12.1,1873,CHI,frigate,3,0.15
1873.12.1,1873,GXI,clipper_transport,1,0.05
1873.12.1,1873,GXI,frigate,1,0.05
1873.12.1,1873,JAP,clipper_transport,2,0.102
1873.12.1,1873,JAP,frigate,5,0.263
1873.12.1,1873,JAP,manowar,1,0.069
1873.12.1,1873,ALD,clipper_transport,1,1.106
1873.12.1,1873,ALD,frigate,1,1.092
1873.12.1,1873,MEX,clipper_transport,15,3.821
1873.12.1,1873,MEX,commerce_raider,1,0.945
1873.12.1,1873,MEX,ironclad,15,15.338
1873.12.1,1873,GUA,steam_transport,1,0.08
1873.12.1,1873,BRZ,clipper_transport,22,1.167
1874.1.1,1874,USA,clipper_transport,35,38.889
1874.1.1,1874,USA,ironclad,21,23.333
1874.1.1,1874,ENG,clipper_transport,163,161.077
1874.1.1,1874,ENG,commerce_raider,40,39.996
1874.1.1,1874,ENG,frigate,8,8.312
1874.1.1,1874,ENG,ironclad,78,78.656
1874.1.1,1874,ENG,manowar,91,92.777
1874.1.1,1874,FRA,clipper_transport,59,70.715
1874.1.1,1874,FRA,commerce_raider,6,7.058
1874.1.1,1874,FRA,ironclad,16,18.787
1874.1.1,1874,SCA,ironclad,29,33.291
1874.1.1,1874,SCA,steam_transport,72,76.701
1874.1.1,1874,RUS,clipper_transport,72,4.523
1874.1.1,1874,GER,clipper_transport,34,36.941
1874.1.1,1874,GER,commerce_raider,19,23.603
1874.1.1,1874,GER,ironclad,13,16.25
1874.1.1,1874,NET,clipper_transport,4,4.984
1874.1.1,1874,BEL,clipper_transport,30,35.095
1874.1.1,1874,BEL,ironclad,3,3.75
1874.1.1,1874,SPA,clipper_transport,30,30.846
1874.1.1,1874,SPA,commerce_raider,1,1.024
1874.1.1,1874,SPA,ironclad,22,22.767
1874.1.1,1874,SPA,manowar,15,14.972
1874.1.1,1874,SPA,steam_transport,6,6.29
1874.1.1,1874,KUK,clipper_transport,20,8.13
1874.1.1,1874,AST,clipper_transport,70,67.001
1874.1.1,1874,AST,commerce_raider,28,27.173
1874.1.1,1874,AST,ironclad,29,27.955
1874.1.1,1874,AST,steam_transport,7,6.583
1874.1.1,1874,WAL,clipper_transport,10,0.527
1874.1.1,1874,SAR,steam_transport,3,2.548
1874.1.1,1874,SIC,clipper_transport,10,12.5
1874.1.1,1874,TUR,clipper_transport,114,118.947
1874.1.1,1874,CHL,clipper_transport,10,8.56
1874.1.1,1874,CHL,manowar,8,8.0
1874.1.1,1874,CHI,clipper_transport,2,0.1
1874.1.1,1874,CHI,frigate,3,0.15
1874.1.1,1874,GXI,clipper_transport,1,0.05
1874.1.1,1874,GXI,frigate,1,0.05
1874.1.1,1874,JAP,clipper_transport,2,0.102
1874.1.1,1874,JAP,frigate,5,0.263
1874.1.1,1874,JAP,manowar,1,0.069
1874.1.1,1874,ALD,clipper_transport,1,1.105
1874.1.1,1874,ALD,frigate,1,1.09
1874.1.1,1874,MEX,clipper_transport,15,4.659
1874.1.1,1874,MEX,commerce_raider,1,1.027
1874.1.1,1874,MEX,ironclad,17,17.661
1874.1.1,1874,GUA,steam_transport,1,0.08
1874.1.1,1874,BRZ,clipper_transport,22,1.167
1874.2.1,1874,USA,clipper_transport,36,40.0
1874.2.1,1874,USA,ironclad,21,23.333
1874.2.1,1874,ENG,clipper_transport,164,161.584
1874.2.1,1874,ENG,commerce_raider,40,40.101
1874.2.1,1874,ENG,frigate,8,8.312
1874.2.1,1874,ENG,ironclad,79,79.698
1874.2.1,1874,ENG,manowar,91,93.076
1874.2.1,1874,FRA,clipper_transport,60,71.858
1874.2.1,1874,FRA,commerce_raider,6,7.058
1874.2.1,1874,FRA,ironclad,16,18.787
1874.2.1,1874,SCA,ironclad,29,35.167
1874.2.1,1874,SCA,steam_transport,72,80.24
1874.2.1,1874,RUS,clipper_transport,72,4.397
1874.2.1,1874,GER,clipper_transport,35,37.442
1874.2.1,1874,GER,commerce_raider,20,24.853
1874.2.1,1874,GER,ironclad,13,16.25
1874.2.1,1874,NET,clipper_transport,4,4.984
1874.2.1,1874,BEL,clipper_transport,30,35.006
1874.2.1,1874,BEL,ironclad,3,3.75
1874.2.1,1874,SPA,clipper_transport,30,30.846
1874.2.1,1874,SPA,commerce_raider,1,1.024
1874.2.1,1874,SPA,ironclad,28,29.083
1874.2.1,1874,SPA,manowar,15,14.972
1874.2.1,1874,SPA,steam_transport,6,6.29
1874.2.1,1874,KUK,clipper_transport,20,6.757
1874.2.1,1874,AST,clipper_transport,73,65.47
1874.2.1,1874,AST,commerce_raider,28,25.279
1874.2.1,1874,AST,ironclad,30,27.204
1874.2.1,1874,AST,steam_transport,7,6.125
1874.2.1,1874,WAL,clipper_transport,10,0.527
1874.2.1,1874,SAR,steam_transport,3,2.257
1874.2.1,1874,SIC,clipper_transport,10,12.5
1874.2.1,1874,TUR,clipper_transport,114,118.947
1874.2.1,1874,CHL,clipper_transport,10,8.0
1874.2.1,1874,CHL,manowar,8,8.0
1874.2.1,1874,CHI,clipper_transport,2,0.1
1874.2.1,1874,CHI,frigate,3,0.15
1874.2.1,1874,GXI,clipper_transport,1,0.05
1874.2.1,1874,GXI,frigate,1,0.05
1874.2.1,1874,JAP,clipper_transport,2,0.102
1874.2.1,1874,JAP,frigate,5,0.263
1874.2.1,1874,JAP,manowar,1,0.069
1874.2.1,1874,ALD,clipper_transport,1,1.104
1874.2.1,1874,ALD,frigate,1,1.088
1874.2.1,1874,MEX,clipper_transport,15,5.536
1874.2.1,1874,MEX,commerce_raider,1,1.027
1874.2.1,1874,MEX,ironclad,18,18.714
1874.2.1,1874,GUA,steam_transport,1,0.08
1874.2.1,1874,BRZ,clipper_transport,22,1.167
1874.3.1,1874,USA,clipper_transport,36,40.0
1874.3.1,1874,USA,ironclad,21,23.333
1874.3.1,1874,ENG,clipper_transport,187,187.884
1874.3.1,1874,ENG,commerce_raider,40,40.05
1874.3.1,1874,ENG,frigate,8,8.361
1874.3.1,1874,ENG,ironclad,79,79.54
1874.3.1,1874,ENG,manowar,91,93.094
1874.3.1,1874,FRA,clipper_transport,60,71.977
1874.3.1,1874,FRA,commerce_raider,6,7.058
1874.3.1,1874,FRA,ironclad,16,18.787
1874.3.1,1874,SCA,ironclad,29,35.167
1874.3.1,1874,SCA,steam_transport,72,80.24
1874.3.1,1874,RUS,clipper_transport,72,4.316
1874.3.1,1874,GER,clipper_transport,36,37.798
1874.3.1,1874,GER,commerce_raider,20,24.853
1874.3.1,1874,GER,ironclad,13,16.25
1874.3.1,1874,NET,clipper_transport,4,4.984
1874.3.1,1874,BEL,clipper_transport,30,35.124
1874.3.1,1874,BEL,ironclad,3,3.75
1874.3.1,1874,SPA,clipper_transport,30,30.846
1874.3.1,1874,SPA,commerce_raider,1,1.024
1874.3.1,1874,SPA,ironclad,30,31.188
1874.3.1,1874,SPA,manowar,15,14.972
1874.3.1,1874,SPA,steam_transport,6,6.29
1874.3.1,1874,KUK,clipper_transport,20,5.54
1874.3.1,1874,AST,clipper_transport,76,63.098
1874.3.1,1874,AST,commerce_raider,28,23.157
1874.3.1,1874,AST,ironclad,30,25.011
1874.3.1,1874,AST,steam_transport,7,5.614
1874.3.1,1874,WAL,clipper_transport,10,0.527
1874.3.1,1874,SAR,steam_transport,3,1.981
1874.3.1,1874,SIC,clipper_transport,10,12.5
1874.3.1,1874,TUR,clipper_transport,114,118.947
1874.3.1,1874,CHL,clipper_transport,10,8.0
1874.3.1,1874,CHL,manowar,8,8.0
1874.3.1,1874,CHI,clipper_transport,2,0.1
1874.3.1,1874,CHI,frigate,3,0.15
1874.3.1,1874,GXI,clipper_transport,1,0.05
1874.3.1,1874,GXI,frigate,1,0.05
1874.3.1,1874,JAP,clipper_transport,2,0.102
1874.3.1,1874,JAP,frigate,5,0.263
1874.3.1,1874,JAP,manowar,1,0.069
1874.3.1,1874,ALD,clipper_transport,2,2.21
1874.3.1,1874,ALD,frigate,1,1.085
1874.3.1,1874,MEX,clipper_transport,15,6.428
1874.3.1,1874,MEX,commerce_raider,1,1.027
1874.3.1,1874,MEX,ironclad,22,22.924
1874.3.1,1874,GUA,steam_transport,1,0.08
1874.3.1,1874,BRZ,clipper_transport,22,1.167
1874.4.1,1874,USA,clipper_transport,36,40.0
1874.4.1,1874,USA,ironclad,21,23.333
1874.4.1,1874,ENG,clipper_transport,190,196.805
1874.4.1,1874,ENG,commerce_raider,40,41.362
1874.4.1,1874,ENG,frigate,8,8.361
1874.4.1,1874,ENG,ironclad,81,81.578
1874.4.1,1874,ENG,manowar,91,93.521
1874.4.1,1874,FRA,clipper_transport,71,84.587
1874.4.1,1874,FRA,commerce_raider,6,7.058
1874.4.1,1874,FRA,ironclad,17,20.037
1874.4.1,1874,SCA,ironclad,29,35.167
1874.4.1,1874,SCA,steam_transport,72,80.24
1874.4.1,1874,RUS,clipper_transport,72,4.253
1874.4.1,1874,GER,clipper_transport,36,36.766
1874.4.1,1874,GER,commerce_raider,20,24.853
1874.4.1,1874,GER,ironclad,15,18.75
1874.4.1,1874,NET,clipper_transport,4,4.934
1874.4.1,1874,BEL,clipper_transport,30,35.124
1874.4.1,1874,BEL,ironclad,3,3.75
1874.4.1,1874,SPA,clipper_transport,30,30.846
1874.4.1,1874,SPA,commerce_raider,1,1.024
1874.4.1,1874,SPA,ironclad,30,31.188
1874.4.1,1874,SPA,manowar,15,14.972
1874.4.1,1874,SPA,steam_transport,8,8.385
1874.4.1,1874,KUK,clipper_transport,20,4.185
1874.4.1,1874,AST,clipper_transport,78,58.935
1874.4.1,1874,AST,commerce_raider,28,20.667
1874.4.1,1874,AST,ironclad,30,22.41
1874.4.1,1874,AST,steam_transport,7,4.995
1874.4.1,1874,WAL,clipper_transport,10,0.527
1874.4.1,1874,SAR,steam_transport,3,1.614
1874.4.1,1874,SIC,clipper_transport,10,12.5
1874.4.1,1874,TUR,clipper_transport,114,118.947
1874.4.1,1874,CHL,clipper_transport,10,8.0
1874.4.1,1874,CHL,manowar,8,8.0
1874.4.1,1874,CHI,clipper_transport,2,0.1
1874.4.1,1874,CHI,frigate,3,0.15
1874.4.1,1874,GXI,clipper_transport,1,0.05
1874.4.1,1874,GXI,frigate,1,0.05
1874.4.1,1874,JAP,clipper_transport,2,0.102
1874.4.1,1874,JAP,frigate,5,0.263
1874.4.1,1874,JAP,manowar,1,0.069
1874.4.1,1874,ALD,clipper_transport,2,2.177
1874.4.1,1874,ALD,frigate,1,1.084
1874.4.1,1874,MEX,clipper_transport,15,7.32
1874.4.1,1874,MEX,commerce_raider,1,1.027
1874.4.1,1874,MEX,ironclad,24,25.03
1874.4.1,1874,GUA,steam_transport,1,0.08
1874.4.1,1874,BRZ,clipper_transport,22,1.138
1874.5.1,1874,USA,clipper_transport,36,40.0
1874.5.1,1874,USA,ironclad,21,23.333
1874.5.1,1874,ENG,clipper_transport,191,197.582
1874.5.1,1874,ENG,commerce_raider,40,41.362
1874.5.1,1874,ENG,frigate,8,8.361
1874.5.1,1874,ENG,ironclad,82,82.505
1874.5.1,1874,ENG,manowar,91,93.521
1874.5.1,1874,FRA,clipper_transport,71,83.927
1874.5.1,1874,FRA,commerce_raider,6,7.058
1874.5.1,1874,FRA,ironclad,22,26.287
1874.5.1,1874,SCA,ironclad,29,35.167
1874.5.1,1874,SCA,steam_transport,72,80.24
1874.5.1,1874,RUS,clipper_transport,72,4.193
1874.5.1,1874,GER,clipper_transport,38,37.978
1874.5.1,1874,GER,commerce_raider,20,24.853
1874.5.1,1874,GER,ironclad,15,18.75
1874.5.1,1874,NET,clipper_transport,5,6.146
1874.5.1,1874,BEL,clipper_transport,30,35.124
1874.5.1,1874,BEL,ironclad,3,3.75
1874.5.1,1874,SPA,clipper_transport,30,30.846
1874.5.1,1874,SPA,commerce_raider,1,1.024
1874.5.1,1874,SPA,ironclad,30,31.188
1874.5.1,1874,SPA,manowar,15,14.972
1874.5.1,1874,SPA,steam_transport,13,13.648
1874.5.1,1874,KUK,clipper_transport,20,2.943
1874.5.1,1874,AST,clipper_transport,78,56.728
1874.5.1,1874,AST,commerce_raider,28,19.403
1874.5.1,1874,AST,ironclad,30,21.744
1874.5.1,1874,AST,steam_transport,7,4.366
1874.5.1,1874,WAL,clipper_transport,10,0.527
1874.5.1,1874,SAR,steam_transport,3,1.331
1874.5.1,1874,SIC,clipper_transport,10,12.5
1874.5.1,1874,TUR,clipper_transport,114,118.947
1874.5.1,1874,CHL,clipper_transport,10,7.824
1874.5.1,1874,CHL,manowar,8,7.859
1874.5.1,1874,CHI,clipper_transport,2,0.1
1874.5.1,1874,CHI,frigate,3,0.15
1874.5.1,1874,GXI,clipper_transport,1,0.05
1874.5.1,1874,GXI,frigate,1,0.05
1874.5.1,1874,JAP,clipper_transport,2,0.102
1874.5.1,1874,JAP,frigate,5,0.263
1874.5.1,1874,JAP,manowar,1,0.069
1874.5.1,1874,ALD,clipper_transport,2,2.196
1874.5.1,1874,ALD,frigate,1,1.082
1874.5.1,1874,MEX,clipper_transport,15,7.972
1874.5.1,1874,MEX,commerce_raider,1,1.027
1874.5.1,1874,MEX,ironclad,24,25.03
1874.5.1,1874,GUA,steam_transport,1,0.08
1874.5.1,1874,BRZ,clipper_transport,22,1.138
1874.6.1,1874,USA,clipper_transport,36,40.0
1874.6.1,1874,USA,ironclad,22,24.444
1874.6.1,1874,ENG,clipper_transport,192,198.634
1874.6.1,1874,ENG,commerce_raider,40,41.362
1874.6.1,1874,ENG,frigate,8,8.361
1874.6.1,1874,ENG,ironclad,83,83.557
1874.6.1,1874,ENG,manowar,91,93.521
1874.6.1,1874,FRA,clipper_transport,71,83.469
1874.6.1,1874,FRA,commerce_raider,6,7.058
1874.6.1,1874,FRA,ironclad,22,26.287
1874.6.1,1874,SCA,ironclad,29,35.167
1874.6.1,1874,SCA,steam_transport,72,80.215
1874.6.1,1874,RUS,clipper_transport,72,4.182
1874.6.1,1874,GER,clipper_transport,36,38.184
1874.6.1,1874,GER,commerce_raider,20,24.853
1874.6.1,1874,GER,ironclad,16,20.0
1874.6.1,1874,NET,clipper_transport,5,6.134
1874.6.1,1874,BEL,clipper_transport,30,35.124
1874.6.1,1874,BEL,ironclad,4,5.0
1874.6.1,1874,SPA,clipper_transport,30,30.846
1874.6.1,1874,SPA,commerce_raider,1,1.024
1874.6.1,1874,SPA,ironclad,30,31.188
1874.6.1,1874,SPA,manowar,15,14.972
1874.6.1,1874,SPA,steam_transport,14,14.701
1874.6.1,1874,KUK,clipper_transport,20,1.875
1874.6.1,1874,AST,clipper_transport,78,51.357
1874.6.1,1874,AST,commerce_raider,28,17.413
1874.6.1,1874,AST,ironclad,30,19.71
1874.6.1,1874,AST,steam_transport,7,3.815
1874.6.1,1874,WAL,clipper_transport,10,0.527
1874.6.1,1874,SAR,steam_transport,5,3.464
1874.6.1,1874,SIC,clipper_transport,10,12.5
1874.6.1,1874,TUR,clipper_transport,114,118.947
1874.6.1,1874,CHL,clipper_transport,10,7.231
1874.6.1,1874,CHL,manowar,8,7.381
1874.6.1,1874,CHI,clipper_transport,2,0.1
1874.6.1,1874,CHI,frigate,3,0.15
1874.6.1,1874,GXI,clipper_transport,1,0.05
1874.6.1,1874,GXI,frigate,1,0.05
1874.6.1,1874,JAP,clipper_transport,2,0.102
1874.6.1,1874,JAP,frigate,5,0.263
1874.6.1,1874,JAP,manowar,1,0.069
1874.6.1,1874,ALD,clipper_transport,2,2.205
1874.6.1,1874,ALD,frigate,1,1.08
1874.6.1,1874,MEX,clipper_transport,15,8.793
1874.6.1,1874,MEX,commerce_raider,1,1.027
1874.6.1,1874,MEX,ironclad,25,26.082
1874.6.1,1874,GUA,steam_transport,1,0.08
1874.6.1,1874,BRZ,clipper_transport,22,1.138
1874.7.1,1874,USA,clipper_transport,37,41.111
1874.7.1,1874,USA,ironclad,22,24.444
1874.7.1,1874,ENG,clipper_transport,193,199.687
1874.7.1,1874,ENG,commerce_raider,40,41.362
1874.7.1,1874,ENG,frigate,8,8.361
1874.7.1,1874,ENG,ironclad,84,84.61
1874.7.1,1874,ENG,manowar,91,93.521
1874.7.1,1874,FRA,clipper_transport,71,83.191
1874.7.1,1874,FRA,commerce_raider,6,7.058
1874.7.1,1874,FRA,ironclad,22,26.262
1874.7.1,1874,SCA,ironclad,29,35.167
1874.7.1,1874,SCA,steam_transport,72,80.065
1874.7.1,1874,RUS,clipper_transport,72,4.181
1874.7.1,1874,GER,clipper_transport,36,39.995
1874.7.1,1874,GER,commerce_raider,20,24.853
1874.7.1,1874,GER,ironclad,16,20.0
1874.7.1,1874,NET,clipper_transport,5,6.204
1874.7.1,1874,BEL,clipper_transport,30,35.124
1874.7.1,1874,BEL,ironclad,4,5.0
1874.7.1,1874,SPA,clipper_transport,30,30.846
1874.7.1,1874,SPA,commerce_raider,1,1.024
1874.7.1,1874,SPA,ironclad,30,31.188
1874.7.1,1874,SPA,manowar,15,14.972
1874.7.1,1874,SPA,steam_transport,14,14.701
1874.7.1,1874,KUK,clipper_transport,20,1.543
1874.7.1,1874,AST,clipper_transport,78,44.492
1874.7.1,1874,AST,commerce_raider,28,15.11
1874.7.1,1874,AST,ironclad,30,16.938
1874.7.1,1874,AST,steam_transport,7,3.266
1874.7.1,1874,WAL,clipper_transport,10,0.527
1874.7.1,1874,SAR,steam_transport,5,3.021
1874.7.1,1874,SIC,clipper_transport,10,12.5
1874.7.1,1874,TUR,clipper_transport,114,118.947
1874.7.1,1874,CHL,clipper_transport,10,6.73
1874.7.1,1874,CHL,manowar,8,6.98
1874.7.1,1874,CHI,clipper_transport,2,0.1
1874.7.1,1874,CHI,frigate,3,0.15
1874.7.1,1874,GXI,clipper_transport,1,0.05
1874.7.1,1874,GXI,frigate,1,0.05
1874.7.1,1874,JAP,clipper_transport,2,0.102
1874.7.1,1874,JAP,frigate,5,0.263
1874.7.1,1874,JAP,manowar,1,0.069
1874.7.1,1874,ALD,clipper_transport,2,2.202
1874.7.1,1874,ALD,frigate,1,1.078
1874.7.1,1874,MEX,clipper_transport,15,9.533
1874.7.1,1874,MEX,commerce_raider,1,1.027
1874.7.1,1874,MEX,ironclad,25,26.082
1874.7.1,1874,GUA,steam_transport,1,0.08
1874.7.1,1874,BRZ,clipper_transport,22,1.138
1874.8.1,1874,USA,clipper_transport,37,41.111
1874.8.1,1874,USA,ironclad,22,24.444
1874.8.1,1874,ENG,clipper_transport,194,200.74
1874.8.1,1874,ENG,commerce_raider,40,41.362
1874.8.1,1874,ENG,frigate,8,8.361
1874.8.1,1874,ENG,ironclad,85,85.662
1874.8.1,1874,ENG,manowar,91,93.521
1874.8.1,1874,FRA,clipper_transport,72,86.249
1874.8.1,1874,FRA,commerce_raider,6,7.058
1874.8.1,1874,FRA,ironclad,23,27.362
1874.8.1,1874,SCA,ironclad,29,35.167
1874.8.1,1874,SCA,steam_transport,72,80.146
1874.8.1,1874,RUS,clipper_transport,72,4.066
1874.8.1,1874,GER,clipper_transport,36,40.84
1874.8.1,1874,GER,commerce_raider,20,24.853
1874.8.1,1874,GER,ironclad,17,21.25
1874.8.1,1874,NET,clipper_transport,8,9.954
1874.8.1,1874,BEL,clipper_transport,30,35.124
1874.8.1,1874,BEL,ironclad,5,6.25
1874.8.1,1874,SPA,clipper_transport,30,30.846
1874.8.1,1874,SPA,commerce_raider,1,1.024
1874.8.1,1874,SPA,ironclad,30,31.188
1874.8.1,1874,SPA,manowar,15,14.972
1874.8.1,1874,SPA,steam_transport,14,14.669
1874.8.1,1874,KUK,clipper_transport,20,1.438
1874.8.1,1874,AST,clipper_transport,78,37.878
1874.8.1,1874,AST,commerce_raider,28,12.667
1874.8.1,1874,AST,ironclad,31,15.455
1874.8.1,1874,AST,steam_transport,7,2.699
1874.8.1,1874,WAL,clipper_transport,10,0.527
1874.8.1,1874,SAR,steam_transport,5,2.695
1874.8.1,1874,SIC,clipper_transport,10,12.5
1874.8.1,1874,TUR,clipper_transport,114,118.947
1874.8.1,1874,CHL,clipper_transport,10,6.212
1874.8.1,1874,CHL,manowar,8,6.566
1874.8.1,1874,CHI,clipper_transport,2,0.1
1874.8.1,1874,CHI,frigate,3,0.15
1874.8.1,1874,GXI,clipper_transport,1,0.05
1874.8.1,1874,GXI,frigate,1,0.05
1874.8.1,1874,JAP,clipper_transport,2,0.102
1874.8.1,1874,JAP,frigate,5,0.263
1874.8.1,1874,JAP,manowar,1,0.069
1874.8.1,1874,ALD,clipper_transport,2,2.2
1874.8.1,1874,ALD,frigate,1,1.076
1874.8.1,1874,MEX,clipper_transport,15,10.258
1874.8.1,1874,MEX,commerce_raider,1,1.027
1874.8.1,1874,MEX,ironclad,26,27.135
1874.8.1,1874,GUA,steam_transport,1,0.08
1874.8.1,1874,BRZ,clipper_transport,22,1.138
1874.9.1,1874,USA,clipper_transport,37,41.111
1874.9.1,1874,USA,ironclad,22,24.444
1874.9.1,1874,ENG,clipper_transport,195,201.792
1874.9.1,1874,ENG,commerce_raider,40,41.362
1874.9.1,1874,ENG,frigate,8,8.361
1874.9.1,1874,ENG,ironclad,86,86.715
1874.9.1,1874,ENG,manowar,91,93.521
1874.9.1,1874,FRA,clipper_transport,72,85.827
1874.9.1,1874,FRA,commerce_raider,6,7.058
1874.9.1,1874,FRA,ironclad,24,28.725
1874.9.1,1874,SCA,ironclad,29,35.167
1874.9.1,1874,SCA,steam_transport,72,80.146
1874.9.1,1874,RUS,clipper_transport,72,4.066
1874.9.1,1874,GER,clipper_transport,39,44.202
1874.9.1,1874,GER,commerce_raider,20,24.853
1874.9.1,1874,GER,ironclad,18,22.5
1874.9.1,1874,NET,clipper_transport,8,9.954
1874.9.1,1874,BEL,clipper_transport,30,35.124
1874.9.1,1874,BEL,ironclad,6,7.5
1874.9.1,1874,SPA,clipper_transport,30,29.974
1874.9.1,1874,SPA,commerce_raider,1,1.024
1874.9.1,1874,SPA,ironclad,30,31.188
1874.9.1,1874,SPA,manowar,15,14.972
1874.9.1,1874,SPA,steam_transport,14,14.512
1874.9.1,1874,KUK,clipper_transport,20,1.323
1874.9.1,1874,AST,clipper_transport,78,31.207
1874.9.1,1874,AST,commerce_raider,28,10.238
1874.9.1,1874,AST,ironclad,32,13.889
1874.9.1,1874,AST,steam_transport,7,2.13
1874.9.1,1874,WAL,clipper_transport,10,0.527
1874.9.1,1874,SAR,steam_transport,5,2.432
1874.9.1,1874,SIC,clipper_transport,10,12.5
1874.9.1,1874,TUR,clipper_transport,114,118.947
1874.9.1,1874,CHL,clipper_transport,10,5.695
1874.9.1,1874,CHL,manowar,8,6.152
1874.9.1,1874,CHI,clipper_transport,2,0.1
1874.9.1,1874,CHI,frigate,3,0.15
1874.9.1,1874,GXI,clipper_transport,1,0.05
1874.9.1,1874,GXI,frigate,1,0.05
1874.9.1,1874,JAP,clipper_transport,2,0.102
1874.9.1,1874,JAP,frigate,5,0.263
1874.9.1,1874,JAP,manowar,1,0.069
1874.9.1,1874,ALD,clipper_transport,2,2.198
1874.9.1,1874,ALD,frigate,1,1.074
1874.9.1,1874,MEX,clipper_transport,15,10.983
1874.9.1,1874,MEX,commerce_raider,1,1.027
1874.9.1,1874,MEX,ironclad,27,28.188
1874.9.1,1874,BRZ,clipper_transport,22,1.138
1874.9.1,1874,GUA,steam_transport,1,0.08
1874.10.1,1874,USA,clipper_transport,37,41.111
1874.10.1,1874,USA,ironclad,23,25.556
1874.10.1,1874,ENG,clipper_transport,196,202.845
1874.10.1,1874,ENG,commerce_raider,40,41.362
1874.10.1,1874,ENG,frigate,8,8.361
1874.10.1,1874,ENG,ironclad,87,87.216
1874.10.1,1874,ENG,manowar,91,93.521
1874.10.1,1874,FRA,clipper_transport,79,94.253
1874.10.1,1874,FRA,commerce_raider,6,6.005
1874.10.1,1874,FRA,ironclad,24,25.238
1874.10.1,1874,SCA,ironclad,29,35.167
1874.10.1,1874,SCA,steam_transport,72,80.146
1874.10.1,1874,RUS,clipper_transport,72,3.999
1874.10.1,1874,GER,clipper_transport,43,48.715
1874.10.1,1874,GER,commerce_raider,20,24.853
1874.10.1,1874,GER,ironclad,20,25.0
1874.10.1,1874,NET,clipper_transport,8,9.942
1874.10.1,1874,BEL,clipper_transport,30,35.124
1874.10.1,1874,BEL,ironclad,6,7.5
1874.10.1,1874,SPA,clipper_transport,30,26.709
1874.10.1,1874,SPA,commerce_raider,1,1.024
1874.10.1,1874,SPA,ironclad,30,31.188
1874.10.1,1874,SPA,manowar,15,14.972
1874.10.1,1874,SPA,steam_transport,14,13.674
1874.10.1,1874,KUK,clipper_transport,20,1.235
1874.10.1,1874,AST,clipper_transport,78,24.385
1874.10.1,1874,AST,commerce_raider,28,7.838
1874.10.1,1874,AST,ironclad,33,12.069
1874.10.1,1874,AST,steam_transport,7,1.488
1874.10.1,1874,WAL,clipper_transport,10,0.527
1874.10.1,1874,SAR,steam_transport,5,2.149
1874.10.1,1874,SIC,clipper_transport,10,12.5
1874.10.1,1874,TUR,clipper_transport,114,118.947
1874.10.1,1874,CHL,clipper_transport,10,5.194
1874.10.1,1874,CHL,manowar,8,5.751
1874.10.1,1874,CHI,clipper_transport,2,0.1
1874.10.1,1874,CHI,frigate,3,0.15
1874.10.1,1874,GXI,clipper_transport,1,0.05
1874.10.1,1874,GXI,frigate,1,0.05
1874.10.1,1874,JAP,clipper_transport,2,0.102
1874.10.1,1874,JAP,frigate,5,0.26
1874.10.1,1874,JAP,manowar,1,0.061
1874.10.1,1874,ALD,clipper_transport,2,2.195
1874.10.1,1874,ALD,frigate,1,1.072
1874.10.1,1874,MEX,clipper_transport,15,10.226
1874.10.1,1874,MEX,commerce_raider,1,0.999
1874.10.1,1874,MEX,ironclad,28,28.408
1874.10.1,1874,BRZ,clipper_transport,22,1.138
1874.10.1,1874,GUA,steam_transport,1,0.112
1874.11.1,1874,USA,clipper_transport,37,41.111
1874.11.1,1874,USA,ironclad,23,25.556
1874.11.1,1874,ENG,clipper_transport,197,204.274
1874.11.1,1874,ENG,commerce_raider,40,41.352
1874.11.1,1874,ENG,frigate,8,8.361
1874.11.1,1874,ENG,ironclad,87,89.576
1874.11.1,1874,ENG,manowar,91,93.285
1874.11.1,1874,FRA,clipper_transport,83,99.394
1874.11.1,1874,FRA,commerce_raider,6,6.921
1874.11.1,1874,FRA,ironclad,24,27.927
1874.11.1,1874,SCA,ironclad,29,35.167
1874.11.1,1874,SCA,steam_transport,72,80.146
1874.11.1,1874,RUS,clipper_transport,72,3.999
1874.11.1,1874,GER,clipper_transport,46,50.506
1874.11.1,1874,GER,commerce_raider,20,24.853
1874.11.1,1874,GER,ironclad,20,25.0
1874.11.1,1874,NET,clipper_transport,9,11.042
1874.11.1,1874,BEL,clipper_transport,30,35.101
1874.11.1,1874,BEL,ironclad,6,7.5
1874.11.1,1874,SPA,clipper_transport,30,25.648
1874.11.1,1874,SPA,commerce_raider,1,1.024
1874.11.1,1874,SPA,ironclad,30,31.206
1874.11.1,1874,SPA,steam_transport,14,13.702
1874.11.1,1874,KUK,clipper_transport,20,1.198
1874.11.1,1874,AST,clipper_transport,75,16.577
1874.11.1,1874,AST,commerce_raider,28,4.904
1874.11.1,1874,AST,ironclad,32,9.644
1874.11.1,1874,AST,steam_transport,7,0.714
1874.11.1,1874,WAL,clipper_transport,10,0.527
1874.11.1,1874,SAR,steam_transport,6,3.007
1874.11.1,1874,SIC,clipper_transport,10,12.5
1874.11.1,1874,TUR,clipper_transport,114,118.947
1874.11.1,1874,CHL,clipper_transport,10,4.676
1874.11.1,1874,CHL,manowar,8,5.337
1874.11.1,1874,CHI,clipper_transport,2,0.1
1874.11.1,1874,CHI,frigate,3,0.15
1874.11.1,1874,GXI,clipper_transport,1,0.05
1874.11.1,1874,GXI,frigate,1,0.05
1874.11.1,1874,JAP,clipper_transport,2,0.102
1874.11.1,1874,JAP,frigate,5,0.263
1874.11.1,1874,JAP,manowar,1,0.069
1874.11.1,1874,ALD,clipper_transport,2,2.193
1874.11.1,1874,ALD,frigate,1,1.07
1874.11.1,1874,MEX,clipper_transport,15,7.979
1874.11.1,1874,MEX,commerce_raider,1,0.84
1874.11.1,1874,MEX,ironclad,29,24.913
1874.11.1,1874,BRZ,clipper_transport,22,1.138
1874.11.1,1874,GUA,steam_transport,1,0.08
1874.12.1,1874,USA,clipper_transport,37,40.008
1874.12.1,1874,USA,ironclad,24,26.103
1874.12.1,1874,ENG,clipper_transport,198,205.306
1874.12.1,1874,ENG,commerce_raider,40,41.654
1874.12.1,1874,ENG,frigate,8,8.361
1874.12.1,1874,ENG,ironclad,87,90.499
1874.12.1,1874,ENG,manowar,91,94.335
1874.12.1,1874,FRA,clipper_transport,90,106.82
1874.12.1,1874,FRA,commerce_raider,6,7.239
1874.12.1,1874,FRA,ironclad,24,29.227
1874.12.1,1874,SCA,ironclad,29,33.861
1874.12.1,1874,SCA,steam_transport,72,77.22
1874.12.1,1874,RUS,clipper_transport,72,4.03
1874.12.1,1874,GER,clipper_transport,45,51.434
1874.12.1,1874,GER,commerce_raider,20,24.853
1874.12.1,1874,GER,ironclad,20,25.0
1874.12.1,1874,NET,clipper_transport,9,11.042
1874.12.1,1874,BEL,clipper_transport,30,35.079
1874.12.1,1874,BEL,ironclad,6,7.5
1874.12.1,1874,SPA,commerce_raider,1,0.945
1874.12.1,1874,SPA,ironclad,30,28.899
1874.12.1,1874,SPA,steam_transport,14,12.645
1874.12.1,1874,KUK,clipper_transport,20,1.162
1874.12.1,1874,AST,clipper_transport,64,9.275
1874.12.1,1874,AST,commerce_raider,23,1.857
1874.12.1,1874,AST,ironclad,25,7.459
1874.12.1,1874,AST,steam_transport,1,0.052
1874.12.1,1874,WAL,clipper_transport,10,0.527
1874.12.1,1874,SAR,steam_transport,6,2.59
1874.12.1,1874,SIC,clipper_transport,10,12.5
1874.12.1,1874,TUR,clipper_transport,100,104.947
1874.12.1,1874,CHL,clipper_transport,10,4.175
1874.12.1,1874,CHL,manowar,8,4.936
1874.12.1,1874,CHI,clipper_transport,2,0.1
1874.12.1,1874,CHI,frigate,3,0.15
1874.12.1,1874,GXI,clipper_transport,1,0.05
1874.12.1,1874,GXI,frigate,1,0.05
1874.12.1,1874,JAP,clipper_transport,2,0.102
1874.12.1,1874,JAP,frigate,5,0.263
1874.12.1,1874,JAP,manowar,1,0.069
1874.12.1,1874,ALD,clipper_transport,2,2.191
1874.12.1,1874,ALD,frigate,1,1.068
1874.12.1,1874,MEX,clipper_transport,15,6.136
1874.12.1,1874,MEX,commerce_raider,1,0.686
1874.12.1,1874,MEX,ironclad,30,21.342
1874.12.1,1874,BRZ,clipper_transport,22,1.138
1874.12.1,1874,GUA,steam_transport,1,0.08
1875.1.1,1875,USA,clipper_transport,37,36.944
1875.1.1,1875,USA,ironclad,24,24.269
1875.1.1,1875,ENG,clipper_transport,200,207.424
1875.1.1,1875,ENG,commerce_raider,40,41.623
1875.1.1,1875,ENG,frigate,8,8.361
1875.1.1,1875,ENG,ironclad,87,90.457
1875.1.1,1875,ENG,manowar,91,94.284
1875.1.1,1875,FRA,clipper_transport,91,107.499
1875.1.1,1875,FRA,commerce_raider,6,7.239
1875.1.1,1875,FRA,ironclad,24,29.302
1875.1.1,1875,SCA,ironclad,29,31.125
1875.1.1,1875,SCA,steam_transport,72,70.984
1875.1.1,1875,RUS,clipper_transport,72,4.03
1875.1.1,1875,GER,clipper_transport,46,52.659
1875.1.1,1875,GER,commerce_raider,20,24.853
1875.1.1,1875,GER,ironclad,20,25.0
1875.1.1,1875,NET,clipper_transport,9,11.042
1875.1.1,1875,BEL,clipper_transport,30,35.055
1875.1.1,1875,BEL,ironclad,6,7.5
1875.1.1,1875,SPA,commerce_raider,1,0.884
1875.1.1,1875,SPA,ironclad,30,27.187
1875.1.1,1875,SPA,steam_transport,18,15.996
1875.1.1,1875,KUK,clipper_transport,20,1.186
1875.1.1,1875,AST,clipper_transport,40,4.688
1875.1.1,1875,AST,commerce_raider,9,0.552
1875.1.1,1875,AST,ironclad,15,6.466
1875.1.1,1875,WAL,clipper_transport,10,0.527
1875.1.1,1875,SAR,steam_transport,6,2.254
1875.1.1,1875,SIC,clipper_transport,10,12.5
1875.1.1,1875,TUR,clipper_transport,100,104.947
1875.1.1,1875,CHL,clipper_transport,10,3.657
1875.1.1,1875,CHL,manowar,8,4.522
1875.1.1,1875,CHI,clipper_transport,2,0.1
1875.1.1,1875,CHI,frigate,3,0.15
1875.1.1,1875,GXI,clipper_transport,1,0.05
1875.1.1,1875,GXI,frigate,1,0.05
1875.1.1,1875,JAP,clipper_transport,2,0.102
1875.1.1,1875,JAP,frigate,5,0.26
1875.1.1,1875,JAP,manowar,1,0.061
1875.1.1,1875,ALD,clipper_transport,2,2.189
1875.1.1,1875,ALD,frigate,1,1.067
1875.1.1,1875,MEX,clipper_transport,15,4.476
1875.1.1,1875,MEX,commerce_raider,1,0.527
1875.1.1,1875,MEX,ironclad,31,17.505
1875.1.1,1875,BRZ,clipper_transport,22,1.138
1875.1.1,1875,GUA,steam_transport,1,0.08
1875.2.1,1875,USA,clipper_transport,37,33.882
1875.2.1,1875,USA,ironclad,24,22.436
1875.2.1,1875,ENG,clipper_transport,200,207.424
1875.2.1,1875,ENG,commerce_raider,40,41.405
1875.2.1,1875,ENG,frigate,8,8.361
1875.2.1,1875,ENG,ironclad,87,90.017
1875.2.1,1875,ENG,manowar,91,93.542
1875.2.1,1875,FRA,clipper_transport,92,108.749
1875.2.1,1875,FRA,commerce_raider,6,7.239
1875.2.1,1875,FRA,ironclad,24,29.302
1875.2.1,1875,SCA,ironclad,29,28.389
1875.2.1,1875,SCA,steam_transport,72,64.748
1875.2.1,1875,RUS,clipper_transport,72,4.053
1875.2.1,1875,GER,clipper_transport,47,53.961
1875.2.1,1875,GER,commerce_raider,20,24.853
1875.2.1,1875,GER,ironclad,20,25.0
1875.2.1,1875,NET,clipper_transport,9,11.042
1875.2.1,1875,BEL,clipper_transport,30,34.945
1875.2.1,1875,BEL,ironclad,6,7.5
1875.2.1,1875,SPA,commerce_raider,1,0.83
1875.2.1,1875,SPA,ironclad,30,25.685
1875.2.1,1875,SPA,steam_transport,23,20.212
1875.2.1,1875,KUK,clipper_transport,20,1.186
1875.2.1,1875,AST,clipper_transport,35,2.795
1875.2.1,1875,AST,commerce_raider,7,0.378
1875.2.1,1875,AST,ironclad,15,5.385
1875.2.1,1875,WAL,clipper_transport,10,0.527
1875.2.1,1875,SAR,steam_transport,6,1.918
1875.2.1,1875,SIC,clipper_transport,10,12.5
1875.2.1,1875,TUR,clipper_transport,100,104.947
1875.2.1,1875,CHL,clipper_transport,10,3.14
1875.2.1,1875,CHL,manowar,8,4.107
1875.2.1,1875,CHI,clipper_transport,2,0.1
1875.2.1,1875,CHI,frigate,3,0.15
1875.2.1,1875,GXI,clipper_transport,1,0.05
1875.2.1,1875,GXI,frigate,1,0.05
1875.2.1,1875,JAP,clipper_transport,2,0.102
1875.2.1,1875,JAP,frigate,5,0.263
1875.2.1,1875,JAP,manowar,1,0.069
1875.2.1,1875,ALD,clipper_transport,2,2.186
1875.2.1,1875,ALD,frigate,1,1.065
1875.2.1,1875,MEX,clipper_transport,15,3.005
1875.2.1,1875,MEX,commerce_raider,1,0.367
1875.2.1,1875,MEX,ironclad,36,17.499
1875.2.1,1875,BRZ,clipper_transport,22,1.153
1875.2.1,1875,GUA,steam_transport,1,0.08
1875.3.1,1875,USA,clipper_transport,37,30.468
1875.3.1,1875,USA,ironclad,24,20.31
1875.3.1,1875,ENG,clipper_transport,201,208.476
1875.3.1,1875,ENG,commerce_raider,40,41.641
1875.3.1,1875,ENG,frigate,8,8.361
1875.3.1,1875,ENG,ironclad,87,90.658
1875.3.1,1875,ENG,manowar,91,94.306
1875.3.1,1875,FRA,clipper_transport,92,108.654
1875.3.1,1875,FRA,commerce_raider,6,7.239
1875.3.1,1875,FRA,ironclad,24,29.302
1875.3.1,1875,SCA,ironclad,29,25.917
1875.3.1,1875,SCA,steam_transport,72,59.115
1875.3.1,1875,RUS,clipper_transport,72,4.052
1875.3.1,1875,GER,clipper_transport,48,55.211
1875.3.1,1875,GER,commerce_raider,20,24.853
1875.3.1,1875,GER,ironclad,20,25.0
1875.3.1,1875,NET,clipper_transport,9,11.042
1875.3.1,1875,BEL,clipper_transport,30,34.829
1875.3.1,1875,BEL,ironclad,6,7.5
1875.3.1,1875,SPA,commerce_raider,1,0.781
1875.3.1,1875,SPA,ironclad,30,24.341
1875.3.1,1875,SPA,steam_transport,23,19.143
1875.3.1,1875,KUK,clipper_transport,20,1.186
1875.3.1,1875,AST,clipper_transport,35,2.357
1875.3.1,1875,AST,commerce_raider,7,0.378
1875.3.1,1875,AST,ironclad,14,4.775
1875.3.1,1875,WAL,clipper_transport,10,0.527
1875.3.1,1875,SAR,steam_transport,6,1.617
1875.3.1,1875,SIC,clipper_transport,10,12.5
1875.3.1,1875,TUR,clipper_transport,100,104.947
1875.3.1,1875,CHL,clipper_transport,10,2.672
1875.3.1,1875,CHL,manowar,8,3.733
1875.3.1,1875,CHI,clipper_transport,2,0.1
1875.3.1,1875,CHI,frigate,3,0.15
1875.3.1,1875,GXI,clipper_transport,1,0.05
1875.3.1,1875,GXI,frigate,1,0.05
1875.3.1,1875,JAP,clipper_transport,2,0.102
1875.3.1,1875,JAP,frigate,5,0.26
1875.3.1,1875,JAP,manowar,1,0.061
1875.3.1,1875,ALD,clipper_transport,2,2.185
1875.3.1,1875,ALD,frigate,1,1.064
1875.3.1,1875,MEX,clipper_transport,15,1.885
1875.3.1,1875,MEX,commerce_raider,1,0.224
1875.3.1,1875,MEX,ironclad,37,13.153
1875.3.1,1875,BRZ,clipper_transport,22,1.143
1875.3.1,1875,GUA,steam_transport,1,0.08
1875.4.1,1875,USA,clipper_transport,37,25.507
1875.4.1,1875,USA,ironclad,25,18.17
1875.4.1,1875,ENG,clipper_transport,201,208.476
1875.4.1,1875,ENG,commerce_raider,40,41.641
1875.4.1,1875,ENG,frigate,8,8.361
1875.4.1,1875,ENG,ironclad,87,90.814
1875.4.1,1875,ENG,manowar,91,94.306
1875.4.1,1875,FRA,clipper_transport,93,109.648
1875.4.1,1875,FRA,commerce_raider,6,7.239
1875.4.1,1875,FRA,ironclad,24,29.277
1875.4.1,1875,SCA,ironclad,29,23.214
1875.4.1,1875,SCA,steam_transport,72,52.879
1875.4.1,1875,RUS,clipper_transport,72,4.052
1875.4.1,1875,GER,clipper_transport,49,56.461
1875.4.1,1875,GER,commerce_raider,20,24.853
1875.4.1,1875,GER,ironclad,20,25.0
1875.4.1,1875,NET,clipper_transport,12,14.792
1875.4.1,1875,BEL,clipper_transport,30,34.829
1875.4.1,1875,BEL,ironclad,7,8.75
1875.4.1,1875,SPA,commerce_raider,1,0.727
1875.4.1,1875,SPA,ironclad,30,22.737
1875.4.1,1875,SPA,steam_transport,23,17.954
1875.4.1,1875,KUK,clipper_transport,20,1.186
1875.4.1,1875,AST,clipper_transport,35,2.069
1875.4.1,1875,AST,commerce_raider,7,0.378
1875.4.1,1875,AST,ironclad,14,4.206
1875.4.1,1875,WAL,clipper_transport,10,0.527
1875.4.1,1875,SAR,steam_transport,8,3.722
1875.4.1,1875,SIC,clipper_transport,10,12.5
1875.4.1,1875,TUR,clipper_transport,100,104.947
1875.4.1,1875,CHL,clipper_transport,10,2.333
1875.4.1,1875,CHL,manowar,8,3.453
1875.4.1,1875,CHI,clipper_transport,2,0.1
1875.4.1,1875,CHI,frigate,3,0.15
1875.4.1,1875,GXI,clipper_transport,1,0.05
1875.4.1,1875,GXI,frigate,1,0.05
1875.4.1,1875,JAP,clipper_transport,2,0.102
1875.4.1,1875,JAP,frigate,5,0.263
1875.4.1,1875,JAP,manowar,1,0.069
1875.4.1,1875,ALD,clipper_transport,2,2.184
1875.4.1,1875,ALD,frigate,1,1.063
1875.4.1,1875,MEX,clipper_transport,15,0.75
1875.4.1,1875,MEX,commerce_raider,1,0.064
1875.4.1,1875,MEX,ironclad,37,7.152
1875.4.1,1875,BRZ,clipper_transport,22,1.138
1875.4.1,1875,GUA,steam_transport,1,0.08
1875.5.1,1875,USA,clipper_transport,37,20.125
1875.5.1,1875,USA,ironclad,25,14.535
1875.5.1,1875,ENG,clipper_transport,201,207.671
1875.5.1,1875,ENG,commerce_raider,40,41.589
1875.5.1,1875,ENG,frigate,8,8.35
1875.5.1,1875,ENG,ironclad,87,90.814
1875.5.1,1875,ENG,manowar,91,94.255
1875.5.1,1875,FRA,clipper_transport,94,112.333
1875.5.1,1875,FRA,commerce_raider,6,7.239
1875.5.1,1875,FRA,ironclad,24,29.277
1875.5.1,1875,SCA,ironclad,29,20.599
1875.5.1,1875,SCA,steam_transport,72,46.844
1875.5.1,1875,RUS,clipper_transport,72,4.052
1875.5.1,1875,GER,clipper_transport,50,57.699
1875.5.1,1875,GER,commerce_raider,20,24.853
1875.5.1,1875,GER,ironclad,20,25.0
1875.5.1,1875,NET,clipper_transport,12,14.792
1875.5.1,1875,BEL,clipper_transport,30,34.829
1875.5.1,1875,BEL,ironclad,7,8.75
1875.5.1,1875,SPA,commerce_raider,1,0.694
1875.5.1,1875,SPA,ironclad,30,21.401
1875.5.1,1875,SPA,steam_transport,23,19.459
1875.5.1,1875,KUK,clipper_transport,20,1.162
1875.5.1,1875,AST,clipper_transport,35,1.968
1875.5.1,1875,AST,commerce_raider,7,0.378
1875.5.1,1875,AST,ironclad,14,3.697
1875.5.1,1875,WAL,clipper_transport,10,0.527
1875.5.1,1875,SAR,steam_transport,8,3.197
1875.5.1,1875,SIC,clipper_transport,10,12.5
1875.5.1,1875,TUR,clipper_transport,100,104.947
1875.5.1,1875,CHL,clipper_transport,11,3.333
1875.5.1,1875,CHL,manowar,8,3.453
1875.5.1,1875,CHI,clipper_transport,2,0.1
1875.5.1,1875,CHI,frigate,3,0.15
1875.5.1,1875,GXI,clipper_transport,1,0.05
1875.5.1,1875,GXI,frigate,1,0.05
1875.5.1,1875,JAP,clipper_transport,2,0.102
1875.5.1,1875,JAP,frigate,5,0.263
1875.5.1,1875,JAP,manowar,1,0.069
1875.5.1,1875,ALD,clipper_transport,2,2.181
1875.5.1,1875,ALD,frigate,1,1.061
1875.5.1,1875,MEX,clipper_transport,15,0.75
1875.5.1,1875,MEX,commerce_raider,1,0.051
1875.5.1,1875,MEX,ironclad,38,6.441
1875.5.1,1875,BRZ,clipper_transport,22,1.138
1875.5.1,1875,GUA,steam_transport,1,0.08
1875.6.1,1875,USA,clipper_transport,37,14.566
1875.6.1,1875,USA,ironclad,25,10.779
1875.6.1,1875,ENG,clipper_transport,201,208.366
1875.6.1,1875,ENG,commerce_raider,40,41.631
1875.6.1,1875,ENG,frigate,8,8.358
1875.6.1,1875,ENG,ironclad,87,90.814
1875.6.1,1875,ENG,manowar,91,94.297
1875.6.1,1875,FRA,clipper_transport,94,112.146
1875.6.1,1875,FRA,commerce_raider,6,7.239
1875.6.1,1875,FRA,ironclad,24,29.252
1875.6.1,1875,SCA,ironclad,29,17.895
1875.6.1,1875,SCA,steam_transport,72,40.608
1875.6.1,1875,RUS,clipper_transport,72,4.051
1875.6.1,1875,GER,clipper_transport,52,60.199
1875.6.1,1875,GER,commerce_raider,20,24.853
1875.6.1,1875,GER,ironclad,23,28.75
1875.6.1,1875,NET,clipper_transport,12,14.792
1875.6.1,1875,BEL,clipper_transport,30,34.967
1875.6.1,1875,BEL,ironclad,8,10.0
1875.6.1,1875,SPA,commerce_raider,1,0.952
1875.6.1,1875,SPA,ironclad,30,26.801
1875.6.1,1875,SPA,steam_transport,23,20.397
1875.6.1,1875,KUK,clipper_transport,20,1.162
1875.6.1,1875,AST,clipper_transport,35,1.968
1875.6.1,1875,AST,commerce_raider,7,0.378
1875.6.1,1875,AST,ironclad,15,4.242
1875.6.1,1875,WAL,clipper_transport,10,0.527
1875.6.1,1875,SAR,steam_transport,8,2.757
1875.6.1,1875,SIC,clipper_transport,10,12.5
1875.6.1,1875,TUR,clipper_transport,100,104.947
1875.6.1,1875,CHL,clipper_transport,13,5.333
1875.6.1,1875,CHL,manowar,8,3.453
1875.6.1,1875,CHI,clipper_transport,2,0.1
1875.6.1,1875,CHI,frigate,3,0.15
1875.6.1,1875,GXI,clipper_transport,1,0.05
1875.6.1,1875,GXI,frigate,1,0.05
1875.6.1,1875,JAP,clipper_transport,2,0.102
1875.6.1,1875,JAP,frigate,5,0.263
1875.6.1,1875,JAP,manowar,1,0.069
1875.6.1,1875,ALD,clipper_transport,2,2.179
1875.6.1,1875,ALD,frigate,1,1.06
1875.6.1,1875,MEX,clipper_transport,15,0.75
1875.6.1,1875,MEX,commerce_raider,1,0.051
1875.6.1,1875,MEX,ironclad,38,4.978
1875.6.1,1875,BRZ,clipper_transport,22,1.138
1875.6.1,1875,GUA,steam_transport,1,0.08
1875.7.1,1875,USA,clipper_transport,37,9.188
1875.7.1,1875,USA,ironclad,25,7.144
1875.7.1,1875,ENG,clipper_transport,201,208.366
1875.7.1,1875,ENG,commerce_raider,40,41.631
1875.7.1,1875,ENG,frigate,8,8.358
1875.7.1,1875,ENG,ironclad,87,90.814
1875.7.1,1875,ENG,manowar,91,94.297
1875.7.1,1875,FRA,clipper_transport,94,112.095
1875.7.1,1875,FRA,commerce_raider,6,7.239
1875.7.1,1875,FRA,ironclad,24,29.281
1875.7.1,1875,SCA,ironclad,29,15.281
1875.7.1,1875,SCA,steam_transport,72,34.573
1875.7.1,1875,RUS,clipper_transport,72,4.051
1875.7.1,1875,GER,clipper_transport,53,61.3
1875.7.1,1875,GER,commerce_raider,20,24.853
1875.7.1,1875,GER,ironclad,24,30.0
1875.7.1,1875,NET,clipper_transport,12,14.792
1875.7.1,1875,BEL,clipper_transport,30,34.967
1875.7.1,1875,BEL,ironclad,9,11.25
1875.7.1,1875,SPA,commerce_raider,1,0.912
1875.7.1,1875,SPA,ironclad,30,25.651
1875.7.1,1875,SPA,steam_transport,23,19.516
1875.7.1,1875,KUK,clipper_transport,20,1.162
1875.7.1,1875,AST,clipper_transport,35,1.913
1875.7.1,1875,AST,commerce_raider,7,0.378
1875.7.1,1875,AST,ironclad,16,4.724
1875.7.1,1875,WAL,clipper_transport,10,0.527
1875.7.1,1875,SAR,steam_transport,8,2.42
1875.7.1,1875,SIC,clipper_transport,10,12.5
1875.7.1,1875,TUR,clipper_transport,100,104.947
1875.7.1,1875,CHL,clipper_transport,17,9.093
1875.7.1,1875,CHL,manowar,8,3.453
1875.7.1,1875,CHI,clipper_transport,2,0.1
1875.7.1,1875,CHI,frigate,3,0.15
1875.7.1,1875,GXI,clipper_transport,1,0.05
1875.7.1,1875,GXI,frigate,1,0.05
1875.7.1,1875,JAP,clipper_transport,2,0.102
1875.7.1,1875,JAP,frigate,5,0.263
1875.7.1,1875,JAP,manowar,1,0.069
1875.7.1,1875,ALD,clipper_transport,2,2.177
1875.7.1,1875,ALD,manowar,1,1.108
1875.7.1,1875,MEX,clipper_transport,15,0.75
1875.7.1,1875,MEX,commerce_raider,1,0.051
1875.7.1,1875,MEX,ironclad,40,5.683
1875.7.1,1875,BRZ,clipper_transport,22,1.138
1875.7.1,1875,GUA,steam_transport,1,0.08
1875.8.1,1875,USA,clipper_transport,37,3.629
1875.8.1,1875,USA,ironclad,26,4.406
1875.8.1,1875,ENG,clipper_transport,201,208.366
1875.8.1,1875,ENG,commerce_raider,40,41.631
1875.8.1,1875,ENG,frigate,8,8.358
1875.8.1,1875,ENG,ironclad,87,90.814
1875.8.1,1875,ENG,manowar,91,94.297
1875.8.1,1875,FRA,clipper_transport,94,112.095
1875.8.1,1875,FRA,commerce_raider,6,7.239
1875.8.1,1875,FRA,ironclad,25,30.531
1875.8.1,1875,SCA,ironclad,29,12.579
1875.8.1,1875,SCA,steam_transport,72,28.337
1875.8.1,1875,RUS,clipper_transport,72,4.051
1875.8.1,1875,GER,clipper_transport,54,62.55
1875.8.1,1875,GER,commerce_raider,20,24.853
1875.8.1,1875,GER,ironclad,27,33.75
1875.8.1,1875,NET,clipper_transport,12,14.792
1875.8.1,1875,BEL,clipper_transport,30,34.967
1875.8.1,1875,BEL,ironclad,9,11.25
1875.8.1,1875,SPA,commerce_raider,1,0.831
1875.8.1,1875,SPA,ironclad,30,23.243
1875.8.1,1875,SPA,steam_transport,23,17.667
1875.8.1,1875,KUK,clipper_transport,20,1.162
1875.8.1,1875,AST,clipper_transport,35,1.913
1875.8.1,1875,AST,commerce_raider,7,0.378
1875.8.1,1875,AST,ironclad,17,5.157
1875.8.1,1875,WAL,clipper_transport,10,0.527
1875.8.1,1875,SAR,steam_transport,8,2.072
1875.8.1,1875,SIC,clipper_transport,10,12.5
1875.8.1,1875,TUR,clipper_transport,100,104.947
1875.8.1,1875,CHL,clipper_transport,18,9.893
1875.8.1,1875,CHL,manowar,8,3.453
1875.8.1,1875,CHI,clipper_transport,2,0.1
1875.8.1,1875,CHI,frigate,3,0.15
1875.8.1,1875,GXI,clipper_transport,1,0.05
1875.8.1,1875,GXI,frigate,1,0.05
1875.8.1,1875,JAP,clipper_transport,2,0.102
1875.8.1,1875,JAP,frigate,5,0.263
1875.8.1,1875,JAP,manowar,1,0.069
1875.8.1,1875,ALD,clipper_transport,2,2.175
1875.8.1,1875,ALD,manowar,1,1.105
1875.8.1,1875,MEX,clipper_transport,15,0.75
1875.8.1,1875,MEX,commerce_raider,1,0.051
1875.8.1,1875,MEX,ironclad,40,4.288
1875.8.1,1875,BRZ,clipper_transport,22,1.138
1875.8.1,1875,GUA,steam_transport,1,0.08
1875.9.1,1875,USA,clipper_transport,37,2.058
1875.9.1,1875,USA,ironclad,26,2.53
1875.9.1,1875,ENG,clipper_transport,201,208.366
1875.9.1,1875,ENG,commerce_raider,40,41.631
1875.9.1,1875,ENG,frigate,8,8.358
1875.9.1,1875,ENG,ironclad,87,90.814
1875.9.1,1875,ENG,manowar,91,94.297
1875.9.1,1875,FRA,clipper_transport,94,112.095
1875.9.1,1875,FRA,commerce_raider,6,7.239
1875.9.1,1875,FRA,ironclad,30,36.781
1875.9.1,1875,SCA,ironclad,29,9.876
1875.9.1,1875,SCA,steam_transport,72,22.101
1875.9.1,1875,RUS,clipper_transport,72,4.051
1875.9.1,1875,GER,clipper_transport,55,63.8
1875.9.1,1875,GER,commerce_raider,20,24.853
1875.9.1,1875,GER,ironclad,27,33.75
1875.9.1,1875,NET,clipper_transport,12,14.643
1875.9.1,1875,BEL,clipper_transport,30,34.967
1875.9.1,1875,BEL,ironclad,9,11.25
1875.9.1,1875,SPA,commerce_raider,1,1.015
1875.9.1,1875,SPA,ironclad,30,26.277
1875.9.1,1875,SPA,steam_transport,23,17.053
1875.9.1,1875,KUK,clipper_transport,20,1.162
1875.9.1,1875,AST,clipper_transport,35,1.913
1875.9.1,1875,AST,commerce_raider,7,0.378
1875.9.1,1875,AST,ironclad,18,5.473
1875.9.1,1875,WAL,clipper_transport,10,0.527
1875.9.1,1875,SAR,steam_transport,9,2.958
1875.9.1,1875,SIC,clipper_transport,10,12.5
1875.9.1,1875,TUR,clipper_transport,100,104.947
1875.9.1,1875,CHL,clipper_transport,20,11.893
1875.9.1,1875,CHL,manowar,8,3.453
1875.9.1,1875,CHI,clipper_transport,2,0.1
1875.9.1,1875,CHI,frigate,3,0.15
1875.9.1,1875,GXI,clipper_transport,1,0.05
1875.9.1,1875,GXI,frigate,1,0.05
1875.9.1,1875,JAP,clipper_transport,2,0.102
1875.9.1,1875,JAP,frigate,5,0.263
1875.9.1,1875,JAP,manowar,1,0.069
1875.9.1,1875,ALD,clipper_transport,2,2.1
1875.9.1,1875,ALD,manowar,1,1.073
1875.9.1,1875,MEX,clipper_transport,15,0.75
1875.9.1,1875,MEX,commerce_raider,1,0.051
1875.9.1,1875,MEX,ironclad,41,4.641
1875.9.1,1875,BRZ,clipper_transport,22,1.138
1875.9.1,1875,GUA,steam_transport,1,0.08
1875.10.1,1875,USA,clipper_transport,37,2.058
1875.10.1,1875,USA,ironclad,32,8.671
1875.10.1,1875,ENG,clipper_transport,201,208.366
1875.10.1,1875,ENG,commerce_raider,40,41.631
1875.10.1,1875,ENG,frigate,8,8.358
1875.10.1,1875,ENG,ironclad,87,90.814
1875.10.1,1875,ENG,manowar,91,94.297
1875.10.1,1875,FRA,clipper_transport,100,119.595
1875.10.1,1875,FRA,commerce_raider,6,7.239
1875.10.1,1875,FRA,ironclad,30,36.781
1875.10.1,1875,SCA,ironclad,29,7.263
1875.10.1,1875,SCA,steam_transport,72,16.066
1875.10.1,1875,RUS,clipper_transport,72,4.05
1875.10.1,1875,GER,clipper_transport,57,66.3
1875.10.1,1875,GER,commerce_raider,20,24.853
1875.10.1,1875,GER,ironclad,27,33.75
1875.10.1,1875,NET,clipper_transport,12,14.869
1875.10.1,1875,BEL,clipper_transport,30,34.943
1875.10.1,1875,BEL,ironclad,9,11.25
1875.10.1,1875,SPA,commerce_raider,1,1.035
1875.10.1,1875,SPA,ironclad,30,27.01
1875.10.1,1875,SPA,steam_transport,23,17.053
1875.10.1,1875,KUK,clipper_transport,20,1.162
1875.10.1,1875,AST,clipper_transport,35,1.913
1875.10.1,1875,AST,commerce_raider,7,0.378
1875.10.1,1875,AST,ironclad,19,5.801
1875.10.1,1875,WAL,clipper_transport,10,0.527
1875.10.1,1875,SAR,steam_transport,9,2.541
1875.10.1,1875,SIC,clipper_transport,10,12.5
1875.10.1,1875,TUR,clipper_transport,100,104.947
1875.10.1,1875,CHL,clipper_transport,20,11.893
1875.10.1,1875,CHL,manowar,8,3.453
1875.10.1,1875,CHI,clipper_transport,2,0.1
1875.10.1,1875,CHI,frigate,3,0.15
1875.10.1,1875,GXI,clipper_transport,1,0.05
1875.10.1,1875,GXI,frigate,1,0.05
1875.10.1,1875,JAP,clipper_transport,2,0.102
1875.10.1,1875,JAP,frigate,5,0.263
1875.10.1,1875,JAP,manowar,1,0.069
1875.10.1,1875,ALD,clipper_transport,2,2.052
1875.10.1,1875,ALD,manowar,1,1.091
1875.10.1,1875,MEX,clipper_transport,15,0.75
1875.10.1,1875,MEX,commerce_raider,1,0.051
1875.10.1,1875,MEX,ironclad,42,5.03
1875.10.1,1875,BRZ,clipper_transport,22,1.138
1875.10.1,1875,GUA,steam_transport,1,0.08
1875.11.1,1875,USA,clipper_transport,37,2.058
1875.11.1,1875,USA,ironclad,36,11.528
1875.11.1,1875,ENG,clipper_transport,201,208.366
1875.11.1,1875,ENG,commerce_raider,40,41.631
1875.11.1,1875,ENG,frigate,8,8.358
1875.11.1,1875,ENG,ironclad,87,90.814
1875.11.1,1875,ENG,manowar,91,94.297
1875.11.1,1875,FRA,clipper_transport,100,119.561
1875.11.1,1875,FRA,commerce_raider,6,7.239
1875.11.1,1875,FRA,ironclad,30,36.781
1875.11.1,1875,SCA,ironclad,29,4.561
1875.11.1,1875,SCA,steam_transport,72,9.829
1875.11.1,1875,RUS,clipper_transport,72,4.05
1875.11.1,1875,GER,clipper_transport,60,70.05
1875.11.1,1875,GER,commerce_raider,20,24.853
1875.11.1,1875,GER,ironclad,27,33.75
1875.11.1,1875,NET,clipper_transport,12,14.869
1875.11.1,1875,BEL,clipper_transport,30,34.943
1875.11.1,1875,BEL,ironclad,9,11.25
1875.11.1,1875,SPA,commerce_raider,1,1.035
1875.11.1,1875,SPA,ironclad,30,29.346
1875.11.1,1875,SPA,steam_transport,23,21.465
1875.11.1,1875,KUK,clipper_transport,20,1.162
1875.11.1,1875,AST,clipper_transport,35,1.913
1875.11.1,1875,AST,commerce_raider,7,0.378
1875.11.1,1875,AST,ironclad,20,6.087
1875.11.1,1875,WAL,clipper_transport,10,0.527
1875.11.1,1875,SAR,steam_transport,9,2.164
1875.11.1,1875,SIC,clipper_transport,10,12.5
1875.11.1,1875,TUR,clipper_transport,100,104.947
1875.11.1,1875,CHL,clipper_transport,20,11.893
1875.11.1,1875,CHL,manowar,8,3.453
1875.11.1,1875,CHI,clipper_transport,2,0.1
1875.11.1,1875,CHI,frigate,3,0.15
1875.11.1,1875,GXI,clipper_transport,1,0.05
1875.11.1,1875,GXI,frigate,1,0.05
1875.11.1,1875,JAP,clipper_transport,2,0.102
1875.11.1,1875,JAP,frigate,5,0.263
1875.11.1,1875,JAP,manowar,1,0.069
1875.11.1,1875,ALD,clipper_transport,2,1.821
1875.11.1,1875,ALD,manowar,1,0.98
1875.11.1,1875,MEX,clipper_transport,15,0.75
1875.11.1,1875,MEX,commerce_raider,1,0.051
1875.11.1,1875,MEX,ironclad,43,5.167
1875.11.1,1875,BRZ,clipper_transport,22,1.138
1875.11.1,1875,GUA,steam_transport,1,0.08
1875.12.1,1875,USA,clipper_transport,37,2.118
1875.12.1,1875,USA,ironclad,36,10.008
1875.12.1,1875,ENG,clipper_transport,201,208.366
1875.12.1,1875,ENG,commerce_raider,40,41.631
1875.12.1,1875,ENG,frigate,8,8.358
1875.12.1,1875,ENG,ironclad,87,90.814
1875.12.1,1875,ENG,manowar,91,94.297
1875.12.1,1875,FRA,clipper_transport,100,119.553
1875.12.1,1875,FRA,commerce_raider,6,7.239
1875.12.1,1875,FRA,ironclad,31,38.031
1875.12.1,1875,SCA,ironclad,29,2.08
1875.12.1,1875,SCA,steam_transport,72,4.07
1875.12.1,1875,RUS,clipper_transport,72,4.05
1875.12.1,1875,GER,clipper_transport,62,72.55
1875.12.1,1875,GER,commerce_raider,20,24.853
1875.12.1,1875,GER,ironclad,27,33.75
1875.12.1,1875,NET,clipper_transport,12,14.869
1875.12.1,1875,BEL,clipper_transport,30,34.919
1875.12.1,1875,BEL,ironclad,9,11.25
1875.12.1,1875,SPA,commerce_raider,1,1.035
1875.12.1,1875,SPA,ironclad,30,29.325
1875.12.1,1875,SPA,steam_transport,23,21.433
1875.12.1,1875,KUK,clipper_transport,20,1.162
1875.12.1,1875,AST,clipper_transport,35,1.836
1875.12.1,1875,AST,commerce_raider,7,0.378
1875.12.1,1875,AST,ironclad,20,5.442
1875.12.1,1875,WAL,clipper_transport,10,0.527
1875.12.1,1875,SAR,steam_transport,9,1.797
1875.12.1,1875,SIC,clipper_transport,10,12.5
1875.12.1,1875,TUR,clipper_transport,100,104.947
1875.12.1,1875,CHL,clipper_transport,20,11.893
1875.12.1,1875,CHL,manowar,8,3.453
1875.12.1,1875,CHI,clipper_transport,2,0.1
1875.12.1,1875,CHI,frigate,3,0.15
1875.12.1,1875,GXI,clipper_transport,1,0.05
1875.12.1,1875,GXI,frigate,1,0.05
1875.12.1,1875,JAP,clipper_transport,2,0.102
1875.12.1,1875,JAP,frigate,5,0.263
1875.12.1,1875,JAP,manowar,1,0.069
1875.12.1,1875,ALD,clipper_transport,2,1.591
1875.12.1,1875,ALD,manowar,1,0.869
1875.12.1,1875,MEX,clipper_transport,15,0.75
1875.12.1,1875,MEX,commerce_raider,1,0.051
1875.12.1,1875,MEX,ironclad,44,5.357
1875.12.1,1875,BRZ,clipper_transport,22,1.138
1875.12.1,1875,GUA,steam_transport,1,0.08
1876.1.1,1876,USA,clipper_transport,37,2.118
1876.1.1,1876,USA,ironclad,36,8.595
1876.1.1,1876,ENG,clipper_transport,201,208.366
1876.1.1,1876,ENG,commerce_raider,40,41.631
1876.1.1,1876,ENG,frigate,8,8.358
1876.1.1,1876,ENG,ironclad,87,90.814
1876.1.1,1876,ENG,manowar,91,94.297
1876.1.1,1876,FRA,clipper_transport,100,119.553
1876.1.1,1876,FRA,commerce_raider,6,7.239
1876.1.1,1876,FRA,ironclad,32,39.281
1876.1.1,1876,SCA,ironclad,29,1.915
1876.1.1,1876,SCA,steam_transport,72,4.007
1876.1.1,1876,RUS,clipper_transport,72,4.05
1876.1.1,1876,GER,clipper_transport,65,76.3
1876.1.1,1876,GER,commerce_raider,20,24.853
1876.1.1,1876,GER,ironclad,27,33.75
1876.1.1,1876,NET,clipper_transport,12,14.869
1876.1.1,1876,BEL,clipper_transport,30,34.895
1876.1.1,1876,BEL,ironclad,9,11.25
1876.1.1,1876,SPA,commerce_raider,1,1.035
1876.1.1,1876,SPA,ironclad,30,29.137
1876.1.1,1876,SPA,steam_transport,23,21.056
1876.1.1,1876,KUK,clipper_transport,20,1.162
1876.1.1,1876,AST,clipper_transport,35,1.836
1876.1.1,1876,AST,commerce_raider,7,0.378
1876.1.1,1876,AST,ironclad,20,4.897
1876.1.1,1876,WAL,clipper_transport,10,0.527
1876.1.1,1876,SAR,steam_transport,9,1.448
1876.1.1,1876,SIC,clipper_transport,10,12.5
1876.1.1,1876,TUR,clipper_transport,100,104.947
1876.1.1,1876,CHL,clipper_transport,20,11.893
1876.1.1,1876,CHL,manowar,8,3.453
1876.1.1,1876,CHI,clipper_transport,2,0.1
1876.1.1,1876,CHI,frigate,3,0.15
1876.1.1,1876,GXI,clipper_transport,1,0.05
1876.1.1,1876,GXI,frigate,1,0.05
1876.1.1,1876,JAP,clipper_transport,2,0.102
1876.1.1,1876,JAP,frigate,5,0.263
1876.1.1,1876,JAP,manowar,1,0.069
1876.1.1,1876,ALD,clipper_transport,2,1.352
1876.1.1,1876,ALD,manowar,1,0.754
1876.1.1,1876,MEX,clipper_transport,15,0.75
1876.1.1,1876,MEX,commerce_raider,1,0.051
1876.1.1,1876,MEX,ironclad,50,10.473
1876.1.1,1876,BRZ,clipper_transport,22,1.138
1876.1.1,1876,GUA,steam_transport,1,0.08
1876.2.1,1876,USA,clipper_transport,37,2.118
1876.2.1,1876,USA,ironclad,37,8.318
1876.2.1,1876,ENG,clipper_transport,201,208.366
1876.2.1,1876,ENG,commerce_raider,38,39.53
1876.2.1,1876,ENG,frigate,8,8.358
1876.2.1,1876,ENG,ironclad,87,90.814
1876.2.1,1876,ENG,manowar,79,81.896
1876.2.1,1876,FRA,clipper_transport,106,127.053
1876.2.1,1876,FRA,commerce_raider,6,7.239
1876.2.1,1876,FRA,ironclad,32,39.281
1876.2.1,1876,SCA,ironclad,29,1.846
1876.2.1,1876,SCA,steam_transport,72,4.007
1876.2.1,1876,RUS,clipper_transport,72,4.049
1876.2.1,1876,GER,clipper_transport,65,76.3
1876.2.1,1876,GER,commerce_raider,20,24.853
1876.2.1,1876,GER,ironclad,27,33.75
1876.2.1,1876,NET,clipper_transport,12,14.869
1876.2.1,1876,BEL,clipper_transport,30,34.882
1876.2.1,1876,BEL,ironclad,9,11.25
1876.2.1,1876,SPA,commerce_raider,1,1.032
1876.2.1,1876,SPA,ironclad,30,28.63
1876.2.1,1876,SPA,steam_transport,23,20.188
1876.2.1,1876,KUK,clipper_transport,20,1.162
1876.2.1,1876,AST,clipper_transport,35,1.836
1876.2.1,1876,AST,commerce_raider,7,0.378
1876.2.1,1876,AST,ironclad,20,4.378
1876.2.1,1876,WAL,clipper_transport,10,0.527
1876.2.1,1876,SAR,steam_transport,10,2.398
1876.2.1,1876,SIC,clipper_transport,10,12.5
1876.2.1,1876,TUR,clipper_transport,100,104.947
1876.2.1,1876,CHL,clipper_transport,20,11.893
1876.2.1,1876,CHL,manowar,8,3.453
1876.2.1,1876,CHI,clipper_transport,2,0.1
1876.2.1,1876,CHI,frigate,3,0.15
1876.2.1,1876,GXI,clipper_transport,1,0.05
1876.2.1,1876,GXI,frigate,1,0.05
1876.2.1,1876,JAP,clipper_transport,2,0.102
1876.2.1,1876,JAP,frigate,5,0.263
1876.2.1,1876,JAP,manowar,1,0.069
1876.2.1,1876,ALD,clipper_transport,2,1.114
1876.2.1,1876,ALD,manowar,1,0.639
1876.2.1,1876,MEX,clipper_transport,15,0.75
1876.2.1,1876,MEX,commerce_raider,1,0.051
1876.2.1,1876,MEX,ironclad,50,8.804
1876.2.1,1876,BRZ,clipper_transport,22,1.138
1876.2.1,1876,GUA,steam_transport,1,0.08
1876.3.1,1876,USA,clipper_transport,38,3.17
1876.3.1,1876,USA,ironclad,37,6.95
1876.3.1,1876,ENG,clipper_transport,201,208.366
1876.3.1,1876,ENG,commerce_raider,38,39.53
1876.3.1,1876,ENG,frigate,8,8.358
1876.3.1,1876,ENG,ironclad,87,90.814
1876.3.1,1876,ENG,manowar,79,81.896
1876.3.1,1876,FRA,clipper_transport,106,127.053
1876.3.1,1876,FRA,commerce_raider,6,7.239
1876.3.1,1876,FRA,ironclad,32,39.281
1876.3.1,1876,SCA,ironclad,29,1.791
1876.3.1,1876,SCA,steam_transport,72,4.007
1876.3.1,1876,RUS,clipper_transport,72,4.049
1876.3.1,1876,GER,clipper_transport,65,76.3
1876.3.1,1876,GER,commerce_raider,20,24.853
1876.3.1,1876,GER,ironclad,27,33.75
1876.3.1,1876,NET,clipper_transport,12,14.869
1876.3.1,1876,BEL,clipper_transport,30,34.858
1876.3.1,1876,BEL,ironclad,10,12.5
1876.3.1,1876,SPA,commerce_raider,1,1.032
1876.3.1,1876,SPA,ironclad,30,28.63
1876.3.1,1876,SPA,steam_transport,23,20.188
1876.3.1,1876,KUK,clipper_transport,20,1.162
1876.3.1,1876,AST,clipper_transport,35,1.836
1876.3.1,1876,AST,commerce_raider,7,0.378
1876.3.1,1876,AST,ironclad,20,3.909
1876.3.1,1876,WAL,clipper_transport,10,0.527
1876.3.1,1876,SAR,steam_transport,10,2.191
1876.3.1,1876,SIC,clipper_transport,10,12.5
1876.3.1,1876,TUR,clipper_transport,100,104.947
1876.3.1,1876,CHL,clipper_transport,20,11.893
1876.3.1,1876,CHL,manowar,8,3.453
1876.3.1,1876,CHI,clipper_transport,2,0.1
1876.3.1,1876,CHI,frigate,3,0.15
1876.3.1,1876,GXI,clipper_transport,1,0.05
1876.3.1,1876,GXI,frigate,1,0.05
1876.3.1,1876,JAP,clipper_transport,2,0.102
1876.3.1,1876,JAP,frigate,5,0.263
1876.3.1,1876,JAP,manowar,1,0.069
1876.3.1,1876,ALD,clipper_transport,2,0.899
1876.3.1,1876,ALD,manowar,1,0.536
1876.3.1,1876,MEX,clipper_transport,15,0.75
1876.3.1,1876,MEX,commerce_raider,1,0.051
1876.3.1,1876,MEX,ironclad,50,7.357
1876.3.1,1876,BRZ,clipper_transport,22,1.138
1876.3.1,1876,GUA,steam_transport,1,0.08
1876.4.1,1876,USA,clipper_transport,38,3.083
1876.4.1,1876,USA,ironclad,37,5.529
1876.4.1,1876,ENG,clipper_transport,201,208.366
1876.4.1,1876,ENG,commerce_raider,38,39.53
1876.4.1,1876,ENG,frigate,8,8.358
1876.4.1,1876,ENG,ironclad,87,90.814
1876.4.1,1876,ENG,manowar,79,81.896
1876.4.1,1876,FRA,clipper_transport,106,127.053
1876.4.1,1876,FRA,commerce_raider,6,7.239
1876.4.1,1876,FRA,ironclad,32,39.281
1876.4.1,1876,SCA,ironclad,29,1.791
1876.4.1,1876,SCA,steam_transport,72,4.007
1876.4.1,1876,RUS,clipper_transport,72,4.049
1876.4.1,1876,GER,clipper_transport,67,78.8
1876.4.1,1876,GER,commerce_raider,20,24.853
1876.4.1,1876,GER,ironclad,27,33.75
1876.4.1,1876,NET,clipper_transport,12,14.869
1876.4.1,1876,BEL,clipper_transport,30,34.822
1876.4.1,1876,BEL,ironclad,10,12.5
1876.4.1,1876,SPA,commerce_raider,1,1.032
1876.4.1,1876,SPA,ironclad,30,28.577
1876.4.1,1876,SPA,steam_transport,23,20.177
1876.4.1,1876,KUK,clipper_transport,20,1.162
1876.4.1,1876,AST,clipper_transport,35,1.836
1876.4.1,1876,AST,commerce_raider,7,0.378
1876.4.1,1876,AST,ironclad,21,4.474
1876.4.1,1876,WAL,clipper_transport,10,0.527
1876.4.1,1876,SAR,steam_transport,10,1.96
1876.4.1,1876,SIC,clipper_transport,10,12.5
1876.4.1,1876,TUR,clipper_transport,100,104.947
1876.4.1,1876,CHL,clipper_transport,20,11.893
1876.4.1,1876,CHL,manowar,8,3.453
1876.4.1,1876,CHI,clipper_transport,2,0.1
1876.4.1,1876,CHI,frigate,3,0.15
1876.4.1,1876,GXI,clipper_transport,1,0.05
1876.4.1,1876,GXI,frigate,1,0.05
1876.4.1,1876,JAP,clipper_transport,2,0.102
1876.4.1,1876,JAP,frigate,5,0.263
1876.4.1,1876,JAP,manowar,1,0.069
1876.4.1,1876,ALD,clipper_transport,2,0.661
1876.4.1,1876,ALD,manowar,1,0.422
1876.4.1,1876,MEX,clipper_transport,15,0.75
1876.4.1,1876,MEX,commerce_raider,1,0.051
1876.4.1,1876,MEX,ironclad,51,6.915
1876.4.1,1876,BRZ,clipper_transport,22,1.138
1876.4.1,1876,GUA,steam_transport,1,0.08
1876.5.1,1876,USA,clipper_transport,38,2.977
1876.5.1,1876,USA,ironclad,37,4.184
1876.5.1,1876,ENG,clipper_transport,201,208.366
1876.5.1,1876,ENG,commerce_raider,38,39.53
1876.5.1,1876,ENG,frigate,8,8.358
1876.5.1,1876,ENG,ironclad,99,103.446
1876.5.1,1876,ENG,manowar,79,81.896
1876.5.1,1876,FRA,clipper_transport,107,128.303
1876.5.1,1876,FRA,commerce_raider,6,7.239
1876.5.1,1876,FRA,ironclad,32,39.281
1876.5.1,1876,SCA,ironclad,29,1.79
1876.5.1,1876,SCA,steam_transport,72,4.007
1876.5.1,1876,RUS,clipper_transport,72,4.048
1876.5.1,1876,GER,clipper_transport,67,78.8
1876.5.1,1876,GER,commerce_raider,20,24.853
1876.5.1,1876,GER,ironclad,28,35.0
1876.5.1,1876,NET,clipper_transport,12,14.869
1876.5.1,1876,BEL,clipper_transport,30,34.822
1876.5.1,1876,BEL,ironclad,12,15.0
1876.5.1,1876,SPA,commerce_raider,1,1.032
1876.5.1,1876,SPA,ironclad,30,28.106
1876.5.1,1876,SPA,steam_transport,23,19.454
1876.5.1,1876,KUK,clipper_transport,20,1.162
1876.5.1,1876,AST,clipper_transport,35,10.191
1876.5.1,1876,AST,commerce_raider,7,2.03
1876.5.1,1876,AST,ironclad,22,10.214
1876.5.1,1876,WAL,clipper_transport,10,0.527
1876.5.1,1876,SAR,steam_transport,10,1.737
1876.5.1,1876,SIC,clipper_transport,10,12.5
1876.5.1,1876,TUR,clipper_transport,100,104.947
1876.5.1,1876,CHL,clipper_transport,20,11.893
1876.5.1,1876,CHL,manowar,8,3.453
1876.5.1,1876,CHI,clipper_transport,2,0.1
1876.5.1,1876,CHI,frigate,3,0.15
1876.5.1,1876,GXI,clipper_transport,1,0.05
1876.5.1,1876,GXI,frigate,1,0.05
1876.5.1,1876,JAP,clipper_transport,2,0.102
1876.5.1,1876,JAP,frigate,5,0.263
1876.5.1,1876,JAP,manowar,1,0.069
1876.5.1,1876,ALD,clipper_transport,2,0.429
1876.5.1,1876,ALD,manowar,1,0.31
1876.5.1,1876,MEX,clipper_transport,15,0.75
1876.5.1,1876,MEX,commerce_raider,1,0.051
1876.5.1,1876,MEX,ironclad,52,6.935
1876.5.1,1876,BRZ,clipper_transport,22,1.138
1876.5.1,1876,GUA,steam_transport,1,0.08
1876.6.1,1876,USA,clipper_transport,38,2.853
1876.6.1,1876,USA,ironclad,38,3.944
1876.6.1,1876,ENG,clipper_transport,201,208.366
1876.6.1,1876,ENG,commerce_raider,38,39.53
1876.6.1,1876,ENG,frigate,8,8.358
1876.6.1,1876,ENG,ironclad,99,103.446
1876.6.1,1876,ENG,manowar,79,81.896
1876.6.1,1876,FRA,clipper_transport,108,129.553
1876.6.1,1876,FRA,commerce_raider,6,7.239
1876.6.1,1876,FRA,ironclad,32,39.281
1876.6.1,1876,SCA,ironclad,29,1.79
1876.6.1,1876,SCA,steam_transport,72,4.007
1876.6.1,1876,RUS,clipper_transport,72,4.048
1876.6.1,1876,GER,clipper_transport,68,80.05
1876.6.1,1876,GER,commerce_raider,20,24.853
1876.6.1,1876,GER,ironclad,29,36.25
1876.6.1,1876,NET,clipper_transport,12,14.869
1876.6.1,1876,BEL,clipper_transport,30,34.798
1876.6.1,1876,BEL,ironclad,12,15.0
1876.6.1,1876,SPA,commerce_raider,1,1.032
1876.6.1,1876,SPA,ironclad,30,28.106
1876.6.1,1876,SPA,steam_transport,23,19.454
1876.6.1,1876,KUK,clipper_transport,20,1.162
1876.6.1,1876,AST,clipper_transport,35,18.448
1876.6.1,1876,AST,commerce_raider,7,3.666
1876.6.1,1876,AST,ironclad,23,16.062
1876.6.1,1876,WAL,clipper_transport,10,0.527
1876.6.1,1876,SAR,steam_transport,10,1.655
1876.6.1,1876,SIC,clipper_transport,10,12.5
1876.6.1,1876,TUR,clipper_transport,100,104.947
1876.6.1,1876,CHL,clipper_transport,22,13.893
1876.6.1,1876,CHL,manowar,8,3.453
1876.6.1,1876,CHI,clipper_transport,2,0.1
1876.6.1,1876,CHI,frigate,3,0.15
1876.6.1,1876,GXI,clipper_transport,1,0.05
1876.6.1,1876,GXI,frigate,1,0.05
1876.6.1,1876,JAP,clipper_transport,2,0.102
1876.6.1,1876,JAP,frigate,5,0.263
1876.6.1,1876,JAP,manowar,1,0.069
1876.6.1,1876,ALD,clipper_transport,2,0.322
1876.6.1,1876,ALD,manowar,1,0.296
1876.6.1,1876,MEX,clipper_transport,15,0.75
1876.6.1,1876,MEX,commerce_raider,1,0.051
1876.6.1,1876,MEX,ironclad,53,6.988
1876.6.1,1876,BRZ,clipper_transport,22,1.138
1876.6.1,1876,GUA,steam_transport,1,0.08
1876.7.1,1876,USA,clipper_transport,39,3.818
1876.7.1,1876,USA,ironclad,38,3.379
1876.7.1,1876,ENG,clipper_transport,201,208.366
1876.7.1,1876,ENG,commerce_raider,38,39.53
1876.7.1,1876,ENG,frigate,8,8.358
1876.7.1,1876,ENG,ironclad,99,103.446
1876.7.1,1876,ENG,manowar,79,81.896
1876.7.1,1876,FRA,clipper_transport,108,129.553
1876.7.1,1876,FRA,commerce_raider,6,7.239
1876.7.1,1876,FRA,ironclad,32,39.281
1876.7.1,1876,SCA,ironclad,29,1.787
1876.7.1,1876,SCA,steam_transport,72,4.007
1876.7.1,1876,RUS,clipper_transport,72,4.048
1876.7.1,1876,GER,clipper_transport,69,81.3
1876.7.1,1876,GER,commerce_raider,20,24.853
1876.7.1,1876,GER,ironclad,29,36.25
1876.7.1,1876,NET,clipper_transport,12,14.869
1876.7.1,1876,BEL,clipper_transport,30,34.785
1876.7.1,1876,BEL,ironclad,12,15.0
1876.7.1,1876,SPA,commerce_raider,1,1.032
1876.7.1,1876,SPA,ironclad,30,28.106
1876.7.1,1876,SPA,steam_transport,23,19.454
1876.7.1,1876,KUK,clipper_transport,20,1.162
1876.7.1,1876,AST,clipper_transport,35,26.62
1876.7.1,1876,AST,commerce_raider,7,5.287
1876.7.1,1876,AST,ironclad,24,21.399
1876.7.1,1876,WAL,clipper_transport,10,0.527
1876.7.1,1876,SAR,steam_transport,10,4.31
1876.7.1,1876,SIC,clipper_transport,10,12.5
1876.7.1,1876,TUR,clipper_transport,100,104.947
1876.7.1,1876,CHL,clipper_transport,24,15.879
1876.7.1,1876,CHL,manowar,8,3.453
1876.7.1,1876,CHI,clipper_transport,2,0.1
1876.7.1,1876,CHI,frigate,3,0.15
1876.7.1,1876,GXI,clipper_transport,1,0.05
1876.7.1,1876,GXI,frigate,1,0.05
1876.7.1,1876,JAP,clipper_transport,2,0.102
1876.7.1,1876,JAP,frigate,5,0.26
1876.7.1,1876,JAP,manowar,1,0.061
1876.7.1,1876,ALD,clipper_transport,2,0.333
1876.7.1,1876,ALD,manowar,1,0.34
1876.7.1,1876,MEX,clipper_transport,15,0.75
1876.7.1,1876,MEX,commerce_raider,1,0.051
1876.7.1,1876,MEX,ironclad,53,5.95
1876.7.1,1876,BRZ,clipper_transport,22,1.138
1876.7.1,1876,GUA,steam_transport,1,0.08
1876.8.1,1876,USA,clipper_transport,39,3.607
1876.8.1,1876,USA,ironclad,38,3.13
1876.8.1,1876,ENG,clipper_transport,201,208.366
1876.8.1,1876,ENG,commerce_raider,38,39.53
1876.8.1,1876,ENG,frigate,8,8.358
1876.8.1,1876,ENG,ironclad,99,103.446
1876.8.1,1876,ENG,manowar,69,71.37
1876.8.1,1876,FRA,clipper_transport,108,129.553
1876.8.1,1876,FRA,commerce_raider,6,7.239
1876.8.1,1876,FRA,ironclad,32,39.281
1876.8.1,1876,SCA,ironclad,29,1.79
1876.8.1,1876,SCA,steam_transport,72,4.007
1876.8.1,1876,RUS,clipper_transport,72,4.048
1876.8.1,1876,GER,clipper_transport,71,83.8
1876.8.1,1876,GER,commerce_raider,20,24.853
1876.8.1,1876,GER,ironclad,29,36.25
1876.8.1,1876,NET,clipper_transport,12,14.869
1876.8.1,1876,BEL,clipper_transport,30,34.761
1876.8.1,1876,BEL,ironclad,12,15.0
1876.8.1,1876,SPA,commerce_raider,1,1.032
1876.8.1,1876,SPA,ironclad,30,28.106
1876.8.1,1876,SPA,steam_transport,23,19.454
1876.8.1,1876,KUK,clipper_transport,20,1.162
1876.8.1,1876,AST,clipper_transport,35,34.716
1876.8.1,1876,AST,commerce_raider,7,6.895
1876.8.1,1876,AST,ironclad,25,26.024
1876.8.1,1876,WAL,clipper_transport,10,0.527
1876.8.1,1876,SAR,steam_transport,10,5.094
1876.8.1,1876,SIC,clipper_transport,10,12.5
1876.8.1,1876,TUR,clipper_transport,100,104.947
1876.8.1,1876,CHL,clipper_transport,28,19.842
1876.8.1,1876,CHL,manowar,8,3.453
1876.8.1,1876,CHI,clipper_transport,2,0.1
1876.8.1,1876,CHI,frigate,3,0.15
1876.8.1,1876,GXI,clipper_transport,1,0.05
1876.8.1,1876,GXI,frigate,1,0.05
1876.8.1,1876,JAP,clipper_transport,2,0.102
1876.8.1,1876,JAP,frigate,5,0.263
1876.8.1,1876,JAP,manowar,1,0.069
1876.8.1,1876,ALD,clipper_transport,2,0.274
1876.8.1,1876,ALD,manowar,1,0.333
1876.8.1,1876,MEX,clipper_transport,15,0.75
1876.8.1,1876,MEX,commerce_raider,1,0.051
1876.8.1,1876,MEX,ironclad,54,6.029
1876.8.1,1876,BRZ,clipper_transport,22,1.138
1876.8.1,1876,GUA,steam_transport,1,0.08
1876.9.1,1876,USA,clipper_transport,39,3.396
1876.9.1,1876,USA,ironclad,38,2.881
1876.9.1,1876,ENG,clipper_transport,201,208.366
1876.9.1,1876,ENG,commerce_raider,38,39.53
1876.9.1,1876,ENG,frigate,8,8.358
1876.9.1,1876,ENG,ironclad,99,103.446
1876.9.1,1876,ENG,manowar,69,71.37
1876.9.1,1876,FRA,clipper_transport,108,129.553
1876.9.1,1876,FRA,commerce_raider,6,7.239
1876.9.1,1876,FRA,ironclad,32,39.281
1876.9.1,1876,SCA,ironclad,29,1.79
1876.9.1,1876,SCA,steam_transport,72,4.007
1876.9.1,1876,RUS,clipper_transport,72,4.047
1876.9.1,1876,GER,clipper_transport,71,83.8
1876.9.1,1876,GER,commerce_raider,20,24.853
1876.9.1,1876,GER,ironclad,29,36.25
1876.9.1,1876,NET,clipper_transport,12,14.869
1876.9.1,1876,BEL,clipper_transport,30,34.761
1876.9.1,1876,BEL,ironclad,12,15.0
1876.9.1,1876,SPA,commerce_raider,1,1.019
1876.9.1,1876,SPA,ironclad,30,27.735
1876.9.1,1876,SPA,steam_transport,23,19.153
1876.9.1,1876,KUK,clipper_transport,20,1.162
1876.9.1,1876,AST,clipper_transport,35,37.235
1876.9.1,1876,AST,commerce_raider,7,7.384
1876.9.1,1876,AST,ironclad,26,28.123
1876.9.1,1876,WAL,clipper_transport,10,0.527
1876.9.1,1876,SAR,steam_transport,10,5.856
1876.9.1,1876,SIC,clipper_transport,10,12.5
1876.9.1,1876,TUR,clipper_transport,100,104.947
1876.9.1,1876,CHL,clipper_transport,29,20.885
1876.9.1,1876,CHL,manowar,8,3.453
1876.9.1,1876,CHI,clipper_transport,2,0.1
1876.9.1,1876,CHI,frigate,3,0.15
1876.9.1,1876,GXI,clipper_transport,1,0.05
1876.9.1,1876,GXI,frigate,1,0.05
1876.9.1,1876,JAP,clipper_transport,2,0.102
1876.9.1,1876,JAP,frigate,5,0.258
1876.9.1,1876,JAP,manowar,1,0.052
1876.9.1,1876,ALD,clipper_transport,2,0.241
1876.9.1,1876,ALD,manowar,1,0.355
1876.9.1,1876,MEX,clipper_transport,15,0.855
1876.9.1,1876,MEX,commerce_raider,1,0.051
1876.9.1,1876,MEX,ironclad,55,6.731
1876.9.1,1876,BRZ,clipper_transport,22,1.138
1876.9.1,1876,GUA,steam_transport,1,0.08
1876.10.1,1876,USA,clipper_transport,39,3.495
1876.10.1,1876,USA,ironclad,38,2.648
1876.10.1,1876,ENG,clipper_transport,201,208.366
1876.10.1,1876,ENG,commerce_raider,38,39.53
1876.10.1,1876,ENG,frigate,8,8.358
1876.10.1,1876,ENG,ironclad,99,103.446
1876.10.1,1876,ENG,manowar,69,71.37
1876.10.1,1876,FRA,clipper_transport,108,129.553
1876.10.1,1876,FRA,commerce_raider,6,7.239
1876.10.1,1876,FRA,ironclad,32,39.281
1876.10.1,1876,SCA,ironclad,29,1.79
1876.10.1,1876,SCA,steam_transport,72,4.007
1876.10.1,1876,RUS,clipper_transport,72,4.047
1876.10.1,1876,GER,clipper_transport,71,83.8
1876.10.1,1876,GER,commerce_raider,20,24.853
1876.10.1,1876,GER,ironclad,29,36.25
1876.10.1,1876,NET,clipper_transport,12,14.869
1876.10.1,1876,BEL,clipper_transport,30,34.749
1876.10.1,1876,BEL,ironclad,12,15.0
1876.10.1,1876,SPA,commerce_raider,1,1.029
1876.10.1,1876,SPA,ironclad,30,29.724
1876.10.1,1876,SPA,steam_transport,23,22.538
1876.10.1,1876,KUK,clipper_transport,20,1.162
1876.10.1,1876,AST,clipper_transport,35,37.235
1876.10.1,1876,AST,commerce_raider,7,7.384
1876.10.1,1876,AST,ironclad,26,28.123
1876.10.1,1876,WAL,clipper_transport,10,0.527
1876.10.1,1876,SAR,steam_transport,10,6.588
1876.10.1,1876,SIC,clipper_transport,10,12.5
1876.10.1,1876,TUR,clipper_transport,100,104.947
1876.10.1,1876,CHL,clipper_transport,30,21.893
1876.10.1,1876,CHL,manowar,8,3.453
1876.10.1,1876,CHI,clipper_transport,2,0.1
1876.10.1,1876,CHI,frigate,3,0.15
1876.10.1,1876,GXI,clipper_transport,1,0.05
1876.10.1,1876,GXI,frigate,1,0.05
1876.10.1,1876,JAP,clipper_transport,2,0.102
1876.10.1,1876,JAP,frigate,5,0.264
1876.10.1,1876,JAP,manowar,1,0.069
1876.10.1,1876,ALD,clipper_transport,2,0.296
1876.10.1,1876,ALD,manowar,1,0.426
1876.10.1,1876,MEX,clipper_transport,15,4.155
1876.10.1,1876,MEX,commerce_raider,1,0.051
1876.10.1,1876,MEX,ironclad,56,8.337
1876.10.1,1876,BRZ,clipper_transport,22,1.138
1876.10.1,1876,GUA,steam_transport,1,0.08
1876.11.1,1876,USA,clipper_transport,39,3.247
1876.11.1,1876,USA,ironclad,38,2.518
1876.11.1,1876,ENG,clipper_transport,201,208.366
1876.11.1,1876,ENG,commerce_raider,38,39.53
1876.11.1,1876,ENG,frigate,8,8.358
1876.11.1,1876,ENG,ironclad,99,103.446
1876.11.1,1876,ENG,manowar,69,71.37
1876.11.1,1876,FRA,clipper_transport,108,129.553
1876.11.1,1876,FRA,commerce_raider,6,7.239
1876.11.1,1876,FRA,ironclad,32,39.281
1876.11.1,1876,SCA,ironclad,29,1.79
1876.11.1,1876,SCA,steam_transport,72,4.007
1876.11.1,1876,RUS,clipper_transport,72,4.047
1876.11.1,1876,GER,clipper_transport,72,85.05
1876.11.1,1876,GER,commerce_raider,20,24.853
1876.11.1,1876,GER,ironclad,29,36.25
1876.11.1,1876,NET,clipper_transport,12,14.869
1876.11.1,1876,BEL,clipper_transport,30,34.749
1876.11.1,1876,BEL,ironclad,12,15.0
1876.11.1,1876,SPA,commerce_raider,1,1.029
1876.11.1,1876,SPA,ironclad,30,30.978
1876.11.1,1876,SPA,steam_transport,23,23.894
1876.11.1,1876,KUK,clipper_transport,20,1.162
1876.11.1,1876,AST,clipper_transport,35,37.235
1876.11.1,1876,AST,commerce_raider,7,7.384
1876.11.1,1876,AST,ironclad,26,28.123
1876.11.1,1876,WAL,clipper_transport,10,0.527
1876.11.1,1876,SAR,steam_transport,10,6.719
1876.11.1,1876,SIC,clipper_transport,10,12.5
1876.11.1,1876,TUR,clipper_transport,100,104.947
1876.11.1,1876,CHL,clipper_transport,30,22.413
1876.11.1,1876,CHL,manowar,8,3.453
1876.11.1,1876,CHI,clipper_transport,2,0.1
1876.11.1,1876,CHI,frigate,3,0.15
1876.11.1,1876,GXI,clipper_transport,1,0.05
1876.11.1,1876,GXI,frigate,1,0.05
1876.11.1,1876,JAP,clipper_transport,2,0.102
1876.11.1,1876,JAP,frigate,5,0.264
1876.11.1,1876,JAP,manowar,1,0.069
1876.11.1,1876,ALD,clipper_transport,2,0.359
1876.11.1,1876,ALD,manowar,1,0.501
1876.11.1,1876,MEX,clipper_transport,15,7.455
1876.11.1,1876,MEX,commerce_raider,1,0.051
1876.11.1,1876,MEX,ironclad,57,9.584
1876.11.1,1876,BRZ,clipper_transport,22,1.138
1876.11.1,1876,GUA,steam_transport,1,0.08
1876.12.1,1876,USA,clipper_transport,40,4.099
1876.12.1,1876,USA,ironclad,38,2.529
1876.12.1,1876,ENG,clipper_transport,201,208.366
1876.12.1,1876,ENG,commerce_raider,38,39.53
1876.12.1,1876,ENG,frigate,8,8.358
1876.12.1,1876,ENG,ironclad,99,103.446
1876.12.1,1876,ENG,manowar,69,71.37
1876.12.1,1876,FRA,clipper_transport,108,129.553
1876.12.1,1876,FRA,commerce_raider,6,7.239
1876.12.1,1876,FRA,ironclad,33,40.531
1876.12.1,1876,SCA,ironclad,29,10.368
1876.12.1,1876,SCA,steam_transport,72,23.828
1876.12.1,1876,RUS,clipper_transport,72,4.047
1876.12.1,1876,GER,clipper_transport,72,85.05
1876.12.1,1876,GER,commerce_raider,20,24.853
1876.12.1,1876,GER,ironclad,29,36.25
1876.12.1,1876,NET,clipper_transport,12,14.869
1876.12.1,1876,BEL,clipper_transport,30,34.749
1876.12.1,1876,BEL,ironclad,12,15.0
1876.12.1,1876,SPA,commerce_raider,1,0.965
1876.12.1,1876,SPA,ironclad,30,29.092
1876.12.1,1876,SPA,steam_transport,33,32.448
1876.12.1,1876,KUK,clipper_transport,20,1.162
1876.12.1,1876,AST,clipper_transport,35,36.517
1876.12.1,1876,AST,commerce_raider,7,7.254
1876.12.1,1876,AST,ironclad,26,27.611
1876.12.1,1876,WAL,clipper_transport,10,0.527
1876.12.1,1876,SAR,steam_transport,10,8.28
1876.12.1,1876,SIC,clipper_transport,10,12.5
1876.12.1,1876,TUR,clipper_transport,100,104.947
1876.12.1,1876,CHL,clipper_transport,30,22.413
1876.12.1,1876,CHL,manowar,8,3.453
1876.12.1,1876,CHI,clipper_transport,2,0.1
1876.12.1,1876,CHI,frigate,3,0.15
1876.12.1,1876,GXI,clipper_transport,1,0.05
1876.12.1,1876,GXI,frigate,1,0.05
1876.12.1,1876,JAP,clipper_transport,2,0.102
1876.12.1,1876,JAP,frigate,5,0.264
1876.12.1,1876,JAP,manowar,1,0.069
1876.12.1,1876,ALD,clipper_transport,2,0.423
1876.12.1,1876,ALD,manowar,1,0.575
1876.12.1,1876,MEX,clipper_transport,15,7.017
1876.12.1,1876,MEX,commerce_raider,1,0.051
1876.12.1,1876,MEX,ironclad,59,10.591
1876.12.1,1876,BRZ,clipper_transport,22,1.138
1876.12.1,1876,GUA,steam_transport,1,0.08
1877.1.1,1877,USA,clipper_transport,40,11.671
1877.1.1,1877,USA,ironclad,39,12.123
1877.1.1,1877,ENG,clipper_transport,201,208.366
1877.1.1,1877,ENG,commerce_raider,38,39.53
1877.1.1,1877,ENG,frigate,8,8.358
1877.1.1,1877,ENG,ironclad,99,103.446
1877.1.1,1877,ENG,manowar,69,71.37
1877.1.1,1877,FRA,clipper_transport,108,129.553
1877.1.1,1877,FRA,commerce_raider,6,7.239
1877.1.1,1877,FRA,ironclad,38,46.781
1877.1.1,1877,SCA,ironclad,29,18.732
1877.1.1,1877,SCA,steam_transport,72,43.329
1877.1.1,1877,RUS,clipper_transport,72,4.046
1877.1.1,1877,GER,clipper_transport,73,86.3
1877.1.1,1877,GER,commerce_raider,20,24.853
1877.1.1,1877,GER,ironclad,29,36.25
1877.1.1,1877,NET,clipper_transport,12,14.869
1877.1.1,1877,BEL,clipper_transport,30,34.859
1877.1.1,1877,BEL,ironclad,13,16.25
1877.1.1,1877,SPA,commerce_raider,1,0.885
1877.1.1,1877,SPA,ironclad,30,26.739
1877.1.1,1877,SPA,steam_transport,33,29.799
1877.1.1,1877,KUK,clipper_transport,20,1.162
1877.1.1,1877,AST,clipper_transport,36,34.635
1877.1.1,1877,AST,commerce_raider,7,6.669
1877.1.1,1877,AST,ironclad,26,25.385
1877.1.1,1877,WAL,clipper_transport,10,0.527
1877.1.1,1877,SAR,steam_transport,10,9.8
1877.1.1,1877,SIC,clipper_transport,10,12.5
1877.1.1,1877,TUR,clipper_transport,100,104.947
1877.1.1,1877,CHL,clipper_transport,30,22.413
1877.1.1,1877,CHL,manowar,8,3.453
1877.1.1,1877,CHI,clipper_transport,2,0.1
1877.1.1,1877,CHI,frigate,3,0.15
1877.1.1,1877,GXI,clipper_transport,1,0.05
1877.1.1,1877,GXI,frigate,1,0.05
1877.1.1,1877,JAP,clipper_transport,2,0.102
1877.1.1,1877,JAP,frigate,5,0.264
1877.1.1,1877,JAP,manowar,1,0.069
1877.1.1,1877,ALD,clipper_transport,2,0.487
1877.1.1,1877,ALD,manowar,1,0.65
1877.1.1,1877,MEX,clipper_transport,15,5.579
1877.1.1,1877,MEX,commerce_raider,1,0.051
1877.1.1,1877,MEX,ironclad,59,8.852
1877.1.1,1877,BRZ,clipper_transport,22,1.138
1877.1.1,1877,GUA,steam_transport,1,0.08
1877.2.1,1877,USA,clipper_transport,40,19.537
1877.2.1,1877,USA,ironclad,39,20.714
1877.2.1,1877,ENG,clipper_transport,201,208.366
1877.2.1,1877,ENG,commerce_raider,38,39.53
1877.2.1,1877,ENG,frigate,8,8.358
1877.2.1,1877,ENG,ironclad,99,103.446
1877.2.1,1877,ENG,manowar,69,71.37
1877.2.1,1877,FRA,clipper_transport,108,129.553
1877.2.1,1877,FRA,commerce_raider,6,7.239
1877.2.1,1877,FRA,ironclad,38,46.781
1877.2.1,1877,SCA,ironclad,29,18.674
1877.2.1,1877,SCA,steam_transport,72,43.274
1877.2.1,1877,RUS,clipper_transport,72,4.046
1877.2.1,1877,GER,clipper_transport,74,87.55
1877.2.1,1877,GER,commerce_raider,20,24.853
1877.2.1,1877,GER,ironclad,29,36.25
1877.2.1,1877,NET,clipper_transport,12,14.869
1877.2.1,1877,BEL,clipper_transport,30,34.847
1877.2.1,1877,BEL,ironclad,13,16.25
1877.2.1,1877,SPA,commerce_raider,1,0.805
1877.2.1,1877,SPA,ironclad,30,24.386
1877.2.1,1877,SPA,steam_transport,33,27.121
1877.2.1,1877,KUK,clipper_transport,20,1.162
1877.2.1,1877,AST,clipper_transport,38,33.813
1877.2.1,1877,AST,commerce_raider,7,6.095
1877.2.1,1877,AST,ironclad,27,24.318
1877.2.1,1877,WAL,clipper_transport,10,0.527
1877.2.1,1877,SAR,steam_transport,10,11.254
1877.2.1,1877,SIC,clipper_transport,10,12.5
1877.2.1,1877,TUR,clipper_transport,100,104.947
1877.2.1,1877,CHL,clipper_transport,30,22.413
1877.2.1,1877,CHL,manowar,8,3.453
1877.2.1,1877,CHI,clipper_transport,2,0.1
1877.2.1,1877,CHI,frigate,3,0.15
1877.2.1,1877,GXI,clipper_transport,1,0.05
1877.2.1,1877,GXI,frigate,1,0.05
1877.2.1,1877,JAP,clipper_transport,2,0.102
1877.2.1,1877,JAP,frigate,5,0.264
1877.2.1,1877,JAP,manowar,1,0.069
1877.2.1,1877,ALD,clipper_transport,2,0.55
1877.2.1,1877,ALD,manowar,1,0.724
1877.2.1,1877,MEX,clipper_transport,15,3.607
1877.2.1,1877,MEX,commerce_raider,1,0.051
1877.2.1,1877,MEX,ironclad,59,7.385
1877.2.1,1877,BRZ,clipper_transport,22,1.138
1877.2.1,1877,GUA,steam_transport,1,0.08
1877.3.1,1877,USA,clipper_transport,40,27.201
1877.3.1,1877,USA,ironclad,39,29.201
1877.3.1,1877,ENG,clipper_transport,201,208.366
1877.3.1,1877,ENG,commerce_raider,38,39.53
1877.3.1,1877,ENG,frigate,8,8.358
1877.3.1,1877,ENG,ironclad,111,116.077
1877.3.1,1877,ENG,manowar,69,71.37
1877.3.1,1877,FRA,clipper_transport,108,129.553
1877.3.1,1877,FRA,commerce_raider,6,7.239
1877.3.1,1877,FRA,ironclad,38,46.781
1877.3.1,1877,SCA,ironclad,29,22.638
1877.3.1,1877,SCA,steam_transport,72,50.375
1877.3.1,1877,RUS,clipper_transport,72,4.046
1877.3.1,1877,GER,clipper_transport,74,87.55
1877.3.1,1877,GER,commerce_raider,20,24.853
1877.3.1,1877,GER,ironclad,29,36.25
1877.3.1,1877,NET,clipper_transport,12,14.869
1877.3.1,1877,BEL,clipper_transport,30,34.847
1877.3.1,1877,BEL,ironclad,14,17.5
1877.3.1,1877,SPA,commerce_raider,1,0.732
1877.3.1,1877,SPA,ironclad,30,22.266
1877.3.1,1877,SPA,steam_transport,33,24.702
1877.3.1,1877,KUK,clipper_transport,20,1.162
1877.3.1,1877,AST,clipper_transport,39,32.014
1877.3.1,1877,AST,commerce_raider,7,5.565
1877.3.1,1877,AST,ironclad,28,23.353
1877.3.1,1877,WAL,clipper_transport,10,0.527
1877.3.1,1877,SAR,steam_transport,10,11.679
1877.3.1,1877,SIC,clipper_transport,10,12.5
1877.3.1,1877,TUR,clipper_transport,100,104.947
1877.3.1,1877,CHL,clipper_transport,30,22.383
1877.3.1,1877,CHL,manowar,8,3.453
1877.3.1,1877,CHI,clipper_transport,2,0.1
1877.3.1,1877,CHI,frigate,3,0.15
1877.3.1,1877,GXI,clipper_transport,1,0.05
1877.3.1,1877,GXI,frigate,1,0.05
1877.3.1,1877,JAP,clipper_transport,2,0.102
1877.3.1,1877,JAP,frigate,5,0.264
1877.3.1,1877,JAP,manowar,1,0.069
1877.3.1,1877,ALD,clipper_transport,2,0.615
1877.3.1,1877,ALD,manowar,1,0.798
1877.3.1,1877,MEX,clipper_transport,15,2.397
1877.3.1,1877,MEX,commerce_raider,1,0.051
1877.3.1,1877,MEX,ironclad,60,7.172
1877.3.1,1877,BRZ,clipper_transport,22,1.138
1877.3.1,1877,GUA,steam_transport,1,0.08
1877.4.1,1877,USA,clipper_transport,40,33.975
1877.4.1,1877,USA,ironclad,39,30.93
1877.4.1,1877,ENG,clipper_transport,201,208.348
1877.4.1,1877,ENG,commerce_raider,38,39.53
1877.4.1,1877,ENG,frigate,8,8.358
1877.4.1,1877,ENG,ironclad,111,116.077
1877.4.1,1877,ENG,manowar,69,71.369
1877.4.1,1877,FRA,clipper_transport,108,129.553
1877.4.1,1877,FRA,commerce_raider,6,7.239
1877.4.1,1877,FRA,ironclad,39,48.031
1877.4.1,1877,SCA,ironclad,29,22.626
1877.4.1,1877,SCA,steam_transport,72,50.214
1877.4.1,1877,RUS,clipper_transport,72,4.046
1877.4.1,1877,GER,clipper_transport,74,87.55
1877.4.1,1877,GER,commerce_raider,20,24.853
1877.4.1,1877,GER,ironclad,29,36.25
1877.4.1,1877,NET,clipper_transport,12,14.869
1877.4.1,1877,BEL,clipper_transport,30,34.851
1877.4.1,1877,BEL,ironclad,15,18.75
1877.4.1,1877,SPA,commerce_raider,1,0.652
1877.4.1,1877,SPA,ironclad,30,19.913
1877.4.1,1877,SPA,steam_transport,33,22.023
1877.4.1,1877,KUK,clipper_transport,20,1.162
1877.4.1,1877,AST,clipper_transport,40,29.745
1877.4.1,1877,AST,commerce_raider,7,4.991
1877.4.1,1877,AST,ironclad,29,22.101
1877.4.1,1877,WAL,clipper_transport,10,0.527
1877.4.1,1877,SAR,steam_transport,10,11.679
1877.4.1,1877,SIC,clipper_transport,10,12.5
1877.4.1,1877,TUR,clipper_transport,100,104.947
1877.4.1,1877,CHL,clipper_transport,30,22.053
1877.4.1,1877,CHL,manowar,8,3.453
1877.4.1,1877,CHI,clipper_transport,2,0.1
1877.4.1,1877,CHI,frigate,3,0.15
1877.4.1,1877,GXI,clipper_transport,1,0.05
1877.4.1,1877,GXI,frigate,1,0.05
1877.4.1,1877,JAP,clipper_transport,2,0.102
1877.4.1,1877,JAP,frigate,5,0.264
1877.4.1,1877,JAP,manowar,1,0.069
1877.4.1,1877,ALD,clipper_transport,2,0.678
1877.4.1,1877,ALD,manowar,1,0.872
1877.4.1,1877,MEX,clipper_transport,17,3.17
1877.4.1,1877,MEX,commerce_raider,1,0.051
1877.4.1,1877,MEX,ironclad,61,6.812
1877.4.1,1877,BRZ,clipper_transport,22,1.138
1877.4.1,1877,GUA,steam_transport,1,0.08
1877.5.1,1877,USA,clipper_transport,40,36.012
1877.5.1,1877,USA,ironclad,39,32.653
1877.5.1,1877,ENG,clipper_transport,201,208.348
1877.5.1,1877,ENG,commerce_raider,38,39.53
1877.5.1,1877,ENG,frigate,8,8.358
1877.5.1,1877,ENG,ironclad,111,116.077
1877.5.1,1877,ENG,manowar,69,71.369
1877.5.1,1877,FRA,clipper_transport,108,129.553
1877.5.1,1877,FRA,commerce_raider,6,7.239
1877.5.1,1877,FRA,ironclad,40,49.281
1877.5.1,1877,SCA,ironclad,29,29.916
1877.5.1,1877,SCA,steam_transport,72,62.715
1877.5.1,1877,RUS,clipper_transport,72,3.993
1877.5.1,1877,GER,clipper_transport,74,87.55
1877.5.1,1877,GER,commerce_raider,20,24.853
1877.5.1,1877,GER,ironclad,29,36.25
1877.5.1,1877,NET,clipper_transport,12,14.869
1877.5.1,1877,BEL,clipper_transport,30,34.851
1877.5.1,1877,BEL,ironclad,15,18.75
1877.5.1,1877,SPA,commerce_raider,1,0.575
1877.5.1,1877,SPA,ironclad,30,17.638
1877.5.1,1877,SPA,steam_transport,33,19.432
1877.5.1,1877,KUK,clipper_transport,20,1.162
1877.5.1,1877,AST,clipper_transport,42,28.655
1877.5.1,1877,AST,commerce_raider,7,4.435
1877.5.1,1877,AST,ironclad,30,20.887
1877.5.1,1877,WAL,clipper_transport,10,0.527
1877.5.1,1877,SAR,steam_transport,10,11.679
1877.5.1,1877,SIC,clipper_transport,10,12.5
1877.5.1,1877,TUR,clipper_transport,100,104.947
1877.5.1,1877,CHL,clipper_transport,27,21.123
1877.5.1,1877,CHL,manowar,8,3.453
1877.5.1,1877,CHI,clipper_transport,2,0.1
1877.5.1,1877,CHI,frigate,3,0.15
1877.5.1,1877,GXI,clipper_transport,1,0.05
1877.5.1,1877,GXI,frigate,1,0.05
1877.5.1,1877,JAP,clipper_transport,2,0.102
1877.5.1,1877,JAP,frigate,5,0.264
1877.5.1,1877,JAP,manowar,1,0.069
1877.5.1,1877,ALD,clipper_transport,2,0.741
1877.5.1,1877,ALD,manowar,1,0.945
1877.5.1,1877,MEX,clipper_transport,20,5.659
1877.5.1,1877,MEX,commerce_raider,1,0.051
1877.5.1,1877,MEX,ironclad,62,6.551
1877.5.1,1877,BRZ,clipper_transport,22,1.138
1877.5.1,1877,GUA,steam_transport,1,0.08
1877.6.1,1877,USA,clipper_transport,41,37.137
1877.6.1,1877,USA,ironclad,39,33.741
1877.6.1,1877,ENG,clipper_transport,201,208.348
1877.6.1,1877,ENG,commerce_raider,38,39.53
1877.6.1,1877,ENG,frigate,8,8.358
1877.6.1,1877,ENG,ironclad,111,116.077
1877.6.1,1877,ENG,manowar,69,71.369
1877.6.1,1877,FRA,clipper_transport,108,129.553
1877.6.1,1877,FRA,commerce_raider,6,7.239
1877.6.1,1877,FRA,ironclad,40,49.281
1877.6.1,1877,SCA,ironclad,29,30.248
1877.6.1,1877,SCA,steam_transport,72,62.642
1877.6.1,1877,RUS,clipper_transport,72,3.993
1877.6.1,1877,GER,clipper_transport,74,87.55
1877.6.1,1877,GER,commerce_raider,20,24.853
1877.6.1,1877,GER,ironclad,29,36.25
1877.6.1,1877,NET,clipper_transport,12,14.869
1877.6.1,1877,BEL,clipper_transport,30,34.851
1877.6.1,1877,BEL,ironclad,15,18.75
1877.6.1,1877,SPA,commerce_raider,1,0.773
1877.6.1,1877,SPA,ironclad,30,23.612
1877.6.1,1877,SPA,steam_transport,33,23.451
1877.6.1,1877,KUK,clipper_transport,20,1.141
1877.6.1,1877,AST,clipper_transport,46,32.364
1877.6.1,1877,AST,commerce_raider,7,4.114
1877.6.1,1877,AST,ironclad,31,22.443
1877.6.1,1877,WAL,clipper_transport,10,0.527
1877.6.1,1877,SAR,steam_transport,10,11.679
1877.6.1,1877,SIC,clipper_transport,10,12.5
1877.6.1,1877,TUR,clipper_transport,100,104.947
1877.6.1,1877,CHL,clipper_transport,27,21.603
1877.6.1,1877,CHL,manowar,8,3.453
1877.6.1,1877,CHI,clipper_transport,2,0.1
1877.6.1,1877,CHI,frigate,3,0.15
1877.6.1,1877,GXI,clipper_transport,1,0.05
1877.6.1,1877,GXI,frigate,1,0.05
1877.6.1,1877,JAP,clipper_transport,2,0.102
1877.6.1,1877,JAP,frigate,5,0.264
1877.6.1,1877,JAP,manowar,1,0.069
1877.6.1,1877,ALD,clipper_transport,2,0.804
1877.6.1,1877,ALD,manowar,1,1.018
1877.6.1,1877,MEX,clipper_transport,21,5.939
1877.6.1,1877,MEX,commerce_raider,1,0.051
1877.6.1,1877,MEX,ironclad,62,5.252
1877.6.1,1877,BRZ,clipper_transport,22,1.138
1877.6.1,1877,GUA,steam_transport,1,0.08
1877.7.1,1877,USA,clipper_transport,47,43.806
1877.7.1,1877,USA,ironclad,39,34.432
1877.7.1,1877,ENG,clipper_transport,201,208.348
1877.7.1,1877,ENG,commerce_raider,38,39.53
1877.7.1,1877,ENG,frigate,8,8.358
1877.7.1,1877,ENG,ironclad,111,116.077
1877.7.1,1877,ENG,manowar,69,71.369
1877.7.1,1877,FRA,clipper_transport,108,129.553
1877.7.1,1877,FRA,commerce_raider,6,7.239
1877.7.1,1877,FRA,ironclad,40,49.281
1877.7.1,1877,SCA,ironclad,29,30.56
1877.7.1,1877,SCA,steam_transport,72,62.642
1877.7.1,1877,RUS,clipper_transport,72,3.992
1877.7.1,1877,GER,clipper_transport,74,87.55
1877.7.1,1877,GER,commerce_raider,20,24.853
1877.7.1,1877,GER,ironclad,29,36.25
1877.7.1,1877,NET,clipper_transport,12,14.869
1877.7.1,1877,BEL,clipper_transport,30,34.851
1877.7.1,1877,BEL,ironclad,15,18.75
1877.7.1,1877,SPA,commerce_raider,1,1.025
1877.7.1,1877,SPA,ironclad,30,28.722
1877.7.1,1877,SPA,steam_transport,33,23.451
1877.7.1,1877,KUK,clipper_transport,20,1.141
1877.7.1,1877,AST,clipper_transport,49,33.034
1877.7.1,1877,AST,commerce_raider,7,3.607
1877.7.1,1877,AST,ironclad,32,21.904
1877.7.1,1877,WAL,clipper_transport,10,0.527
1877.7.1,1877,SAR,steam_transport,13,15.429
1877.7.1,1877,SIC,clipper_transport,10,12.5
1877.7.1,1877,TUR,clipper_transport,100,103.001
1877.7.1,1877,CHL,clipper_transport,27,22.083
1877.7.1,1877,CHL,manowar,8,3.453
1877.7.1,1877,CHI,clipper_transport,2,0.1
1877.7.1,1877,CHI,frigate,3,0.15
1877.7.1,1877,GXI,clipper_transport,1,0.05
1877.7.1,1877,GXI,frigate,1,0.05
1877.7.1,1877,JAP,clipper_transport,2,0.102
1877.7.1,1877,JAP,frigate,5,0.26
1877.7.1,1877,JAP,manowar,1,0.061
1877.7.1,1877,ALD,clipper_transport,2,0.867
1877.7.1,1877,ALD,manowar,1,1.072
1877.7.1,1877,MEX,clipper_transport,21,5.615
1877.7.1,1877,MEX,commerce_raider,1,0.051
1877.7.1,1877,MEX,ironclad,63,5.882
1877.7.1,1877,BRZ,clipper_transport,22,1.138
1877.7.1,1877,GUA,steam_transport,1,0.08
1877.8.1,1877,USA,clipper_transport,50,47.185
1877.8.1,1877,USA,ironclad,39,35.533
1877.8.1,1877,ENG,clipper_transport,201,208.253
1877.8.1,1877,ENG,commerce_raider,38,39.53
1877.8.1,1877,ENG,frigate,8,8.358
1877.8.1,1877,ENG,ironclad,111,116.077
1877.8.1,1877,ENG,manowar,69,71.369
1877.8.1,1877,FRA,clipper_transport,108,129.553
1877.8.1,1877,FRA,commerce_raider,6,7.239
1877.8.1,1877,FRA,ironclad,40,49.281
1877.8.1,1877,SCA,ironclad,29,30.845
1877.8.1,1877,SCA,steam_transport,72,62.6
1877.8.1,1877,RUS,clipper_transport,72,3.97
1877.8.1,1877,GER,clipper_transport,74,87.55
1877.8.1,1877,GER,commerce_raider,20,24.853
1877.8.1,1877,GER,ironclad,29,36.25
1877.8.1,1877,NET,clipper_transport,12,14.869
1877.8.1,1877,BEL,clipper_transport,30,34.815
1877.8.1,1877,BEL,ironclad,15,18.75
1877.8.1,1877,SPA,commerce_raider,1,1.025
1877.8.1,1877,SPA,ironclad,30,30.827
1877.8.1,1877,SPA,steam_transport,33,29.269
1877.8.1,1877,KUK,clipper_transport,20,1.141
1877.8.1,1877,AST,clipper_transport,52,30.884
1877.8.1,1877,AST,commerce_raider,7,2.821
1877.8.1,1877,AST,ironclad,32,18.665
1877.8.1,1877,WAL,clipper_transport,10,0.527
1877.8.1,1877,SAR,steam_transport,13,15.429
1877.8.1,1877,SIC,clipper_transport,10,12.5
1877.8.1,1877,TUR,clipper_transport,100,93.52
1877.8.1,1877,CHL,clipper_transport,27,22.563
1877.8.1,1877,CHL,manowar,8,3.453
1877.8.1,1877,CHI,clipper_transport,2,0.1
1877.8.1,1877,CHI,frigate,3,0.15
1877.8.1,1877,GXI,clipper_transport,1,0.05
1877.8.1,1877,GXI,frigate,1,0.05
1877.8.1,1877,JAP,clipper_transport,2,0.102
1877.8.1,1877,JAP,frigate,5,0.26
1877.8.1,1877,JAP,manowar,1,0.061
1877.8.1,1877,ALD,clipper_transport,2,0.812
1877.8.1,1877,ALD,manowar,1,1.071
1877.8.1,1877,MEX,clipper_transport,21,5.957
1877.8.1,1877,MEX,commerce_raider,1,0.051
1877.8.1,1877,MEX,ironclad,64,6.886
1877.8.1,1877,BRZ,clipper_transport,22,1.138
1877.8.1,1877,GUA,steam_transport,1,0.08
1877.9.1,1877,USA,clipper_transport,53,50.603
1877.9.1,1877,USA,ironclad,39,36.647
1877.9.1,1877,ENG,clipper_transport,201,208.228
1877.9.1,1877,ENG,commerce_raider,38,39.53
1877.9.1,1877,ENG,frigate,8,8.358
1877.9.1,1877,ENG,ironclad,111,116.077
1877.9.1,1877,ENG,manowar,69,71.369
1877.9.1,1877,FRA,clipper_transport,108,129.553
1877.9.1,1877,FRA,commerce_raider,6,7.239
1877.9.1,1877,FRA,ironclad,40,49.281
1877.9.1,1877,SCA,ironclad,29,31.093
1877.9.1,1877,SCA,steam_transport,72,62.6
1877.9.1,1877,RUS,clipper_transport,72,3.969
1877.9.1,1877,GER,clipper_transport,74,87.55
1877.9.1,1877,GER,commerce_raider,20,24.853
1877.9.1,1877,GER,ironclad,29,36.25
1877.9.1,1877,NET,clipper_transport,12,14.869
1877.9.1,1877,BEL,clipper_transport,30,34.815
1877.9.1,1877,BEL,ironclad,15,18.75
1877.9.1,1877,SPA,commerce_raider,1,1.025
1877.9.1,1877,SPA,ironclad,30,30.827
1877.9.1,1877,SPA,steam_transport,33,29.269
1877.9.1,1877,KUK,clipper_transport,20,1.141
1877.9.1,1877,AST,clipper_transport,55,29.805
1877.9.1,1877,AST,commerce_raider,7,2.246
1877.9.1,1877,AST,ironclad,32,16.017
1877.9.1,1877,WAL,clipper_transport,10,0.527
1877.9.1,1877,SAR,steam_transport,13,15.429
1877.9.1,1877,SIC,clipper_transport,10,12.5
1877.9.1,1877,TUR,clipper_transport,100,80.091
1877.9.1,1877,CHL,clipper_transport,27,23.043
1877.9.1,1877,CHI,clipper_transport,2,0.1
1877.9.1,1877,CHI,frigate,3,0.15
1877.9.1,1877,GXI,clipper_transport,1,0.05
1877.9.1,1877,GXI,frigate,1,0.05
1877.9.1,1877,JAP,clipper_transport,2,0.102
1877.9.1,1877,JAP,frigate,5,0.264
1877.9.1,1877,JAP,manowar,1,0.069
1877.9.1,1877,ALD,clipper_transport,2,0.834
1877.9.1,1877,ALD,manowar,1,1.069
1877.9.1,1877,MEX,clipper_transport,21,6.3
1877.9.1,1877,MEX,commerce_raider,1,0.051
1877.9.1,1877,MEX,ironclad,65,7.858
1877.9.1,1877,BRZ,clipper_transport,22,1.138
1877.9.1,1877,GUA,steam_transport,1,0.08
1877.10.1,1877,USA,clipper_transport,54,51.87
1877.10.1,1877,USA,ironclad,40,38.811
1877.10.1,1877,ENG,clipper_transport,201,208.324
1877.10.1,1877,ENG,commerce_raider,38,39.53
1877.10.1,1877,ENG,frigate,8,8.358
1877.10.1,1877,ENG,ironclad,111,116.077
1877.10.1,1877,ENG,manowar,69,71.369
1877.10.1,1877,FRA,clipper_transport,108,129.553
1877.10.1,1877,FRA,commerce_raider,6,7.239
1877.10.1,1877,FRA,ironclad,40,49.281
1877.10.1,1877,SCA,ironclad,29,31.324
1877.10.1,1877,SCA,steam_transport,72,62.6
1877.10.1,1877,RUS,clipper_transport,72,3.969
1877.10.1,1877,GER,clipper_transport,74,87.55
1877.10.1,1877,GER,commerce_raider,20,24.853
1877.10.1,1877,GER,ironclad,29,36.25
1877.10.1,1877,NET,clipper_transport,12,14.869
1877.10.1,1877,BEL,clipper_transport,30,34.815
1877.10.1,1877,BEL,ironclad,15,18.75
1877.10.1,1877,SPA,commerce_raider,1,1.025
1877.10.1,1877,SPA,ironclad,30,30.796
1877.10.1,1877,SPA,steam_transport,33,29.197
1877.10.1,1877,KUK,clipper_transport,20,1.141
1877.10.1,1877,AST,clipper_transport,57,27.56
1877.10.1,1877,AST,commerce_raider,7,1.69
1877.10.1,1877,AST,ironclad,32,13.457
1877.10.1,1877,WAL,clipper_transport,10,0.527
1877.10.1,1877,SAR,steam_transport,13,15.429
1877.10.1,1877,SIC,clipper_transport,10,12.5
1877.10.1,1877,TUR,clipper_transport,100,64.349
1877.10.1,1877,CHL,clipper_transport,27,23.523
1877.10.1,1877,CHI,clipper_transport,2,0.1
1877.10.1,1877,CHI,frigate,3,0.15
1877.10.1,1877,GXI,clipper_transport,1,0.05
1877.10.1,1877,GXI,frigate,1,0.05
1877.10.1,1877,JAP,clipper_transport,2,0.102
1877.10.1,1877,JAP,frigate,5,0.264
1877.10.1,1877,JAP,manowar,1,0.069
1877.10.1,1877,ALD,clipper_transport,2,0.898
1877.10.1,1877,ALD,manowar,1,1.068
1877.10.1,1877,MEX,clipper_transport,21,8.529
1877.10.1,1877,MEX,commerce_raider,1,0.051
1877.10.1,1877,MEX,ironclad,66,8.78
1877.10.1,1877,BRZ,clipper_transport,22,1.138
1877.10.1,1877,GUA,steam_transport,1,0.08
1877.11.1,1877,USA,clipper_transport,56,54.359
1877.11.1,1877,USA,ironclad,40,39.708
1877.11.1,1877,ENG,clipper_transport,201,208.324
1877.11.1,1877,ENG,commerce_raider,38,39.53
1877.11.1,1877,ENG,frigate,8,8.358
1877.11.1,1877,ENG,ironclad,111,116.077
1877.11.1,1877,ENG,manowar,69,71.369
1877.11.1,1877,FRA,clipper_transport,108,129.553
1877.11.1,1877,FRA,commerce_raider,6,7.239
1877.11.1,1877,FRA,ironclad,45,55.531
1877.11.1,1877,SCA,ironclad,29,31.324
1877.11.1,1877,SCA,steam_transport,72,62.912
1877.11.1,1877,RUS,clipper_transport,72,3.92
1877.11.1,1877,GER,clipper_transport,74,87.55
1877.11.1,1877,GER,commerce_raider,20,24.853
1877.11.1,1877,GER,ironclad,29,36.25
1877.11.1,1877,NET,clipper_transport,12,14.869
1877.11.1,1877,BEL,clipper_transport,30,34.836
1877.11.1,1877,BEL,ironclad,16,20.0
1877.11.1,1877,SPA,commerce_raider,1,1.02
1877.11.1,1877,SPA,ironclad,30,30.652
1877.11.1,1877,SPA,steam_transport,33,29.025
1877.11.1,1877,KUK,clipper_transport,20,1.141
1877.11.1,1877,AST,clipper_transport,61,27.124
1877.11.1,1877,AST,commerce_raider,7,1.116
1877.11.1,1877,AST,ironclad,32,10.81
1877.11.1,1877,WAL,clipper_transport,10,0.527
1877.11.1,1877,SAR,steam_transport,13,15.405
1877.11.1,1877,SIC,clipper_transport,10,12.5
1877.11.1,1877,TUR,clipper_transport,100,50.721
1877.11.1,1877,CHL,clipper_transport,27,24.003
1877.11.1,1877,CHI,clipper_transport,2,0.1
1877.11.1,1877,CHI,frigate,3,0.15
1877.11.1,1877,GXI,clipper_transport,1,0.05
1877.11.1,1877,GXI,frigate,1,0.05
1877.11.1,1877,JAP,clipper_transport,2,0.102
1877.11.1,1877,JAP,frigate,5,0.264
1877.11.1,1877,JAP,manowar,1,0.069
1877.11.1,1877,ALD,clipper_transport,2,0.96
1877.11.1,1877,ALD,manowar,1,1.066
1877.11.1,1877,MEX,clipper_transport,22,11.427
1877.11.1,1877,MEX,commerce_raider,1,0.051
1877.11.1,1877,MEX,ironclad,67,9.673
1877.11.1,1877,BRZ,clipper_transport,22,1.138
1877.11.1,1877,GUA,steam_transport,1,0.08
1877.12.1,1877,USA,clipper_transport,59,57.967
1877.12.1,1877,USA,ironclad,41,41.419
1877.12.1,1877,ENG,clipper_transport,201,208.324
1877.12.1,1877,ENG,commerce_raider,38,39.53
1877.12.1,1877,ENG,frigate,8,8.358
1877.12.1,1877,ENG,ironclad,111,116.077
1877.12.1,1877,ENG,manowar,69,71.358
1877.12.1,1877,FRA,clipper_transport,108,129.504
1877.12.1,1877,FRA,commerce_raider,6,7.239
1877.12.1,1877,FRA,ironclad,46,56.781
1877.12.1,1877,SCA,ironclad,29,31.324
1877.12.1,1877,SCA,steam_transport,72,63.223
1877.12.1,1877,RUS,clipper_transport,72,3.911
1877.12.1,1877,GER,clipper_transport,74,87.55
1877.12.1,1877,GER,commerce_raider,20,24.853
1877.12.1,1877,GER,ironclad,29,36.25
1877.12.1,1877,NET,clipper_transport,12,14.869
1877.12.1,1877,BEL,clipper_transport,30,34.836
1877.12.1,1877,BEL,ironclad,16,20.0
1877.12.1,1877,SPA,commerce_raider,1,0.943
1877.12.1,1877,SPA,ironclad,30,28.388
1877.12.1,1877,SPA,steam_transport,33,26.444
1877.12.1,1877,KUK,clipper_transport,20,1.141
1877.12.1,1877,AST,clipper_transport,65,26.668
1877.12.1,1877,AST,commerce_raider,7,0.611
1877.12.1,1877,AST,ironclad,32,8.407
1877.12.1,1877,WAL,clipper_transport,10,0.527
1877.12.1,1877,SAR,steam_transport,13,15.336
1877.12.1,1877,SIC,clipper_transport,10,12.5
1877.12.1,1877,TUR,clipper_transport,100,74.442
1877.12.1,1877,CHL,clipper_transport,27,24.346
1877.12.1,1877,CHI,clipper_transport,2,0.1
1877.12.1,1877,CHI,frigate,3,0.15
1877.12.1,1877,GXI,clipper_transport,1,0.05
1877.12.1,1877,GXI,frigate,1,0.05
1877.12.1,1877,JAP,clipper_transport,2,0.102
1877.12.1,1877,JAP,frigate,5,0.264
1877.12.1,1877,JAP,manowar,1,0.069
1877.12.1,1877,ALD,clipper_transport,2,1.023
1877.12.1,1877,ALD,manowar,1,1.064
1877.12.1,1877,MEX,clipper_transport,23,14.324
1877.12.1,1877,MEX,commerce_raider,1,0.051
1877.12.1,1877,MEX,ironclad,67,9.522
1877.12.1,1877,BRZ,clipper_transport,22,1.138
1877.12.1,1877,GUA,steam_transport,1,0.08
1878.1.1,1878,USA,clipper_transport,59,58.005
1878.1.1,1878,USA,ironclad,41,41.883
1878.1.1,1878,ENG,clipper_transport,201,208.324
1878.1.1,1878,ENG,commerce_raider,38,39.53
1878.1.1,1878,ENG,frigate,8,8.358
1878.1.1,1878,ENG,ironclad,111,116.077
1878.1.1,1878,ENG,manowar,69,71.264
1878.1.1,1878,FRA,clipper_transport,108,129.417
1878.1.1,1878,FRA,commerce_raider,6,7.239
1878.1.1,1878,FRA,ironclad,46,56.781
1878.1.1,1878,SCA,ironclad,29,31.544
1878.1.1,1878,SCA,steam_transport,72,63.534
1878.1.1,1878,RUS,clipper_transport,72,3.911
1878.1.1,1878,GER,clipper_transport,74,87.55
1878.1.1,1878,GER,commerce_raider,20,24.853
1878.1.1,1878,GER,ironclad,29,36.25
1878.1.1,1878,NET,clipper_transport,12,14.869
1878.1.1,1878,BEL,clipper_transport,30,34.836
1878.1.1,1878,BEL,ironclad,16,20.0
1878.1.1,1878,SPA,commerce_raider,1,0.863
1878.1.1,1878,SPA,ironclad,30,26.046
1878.1.1,1878,SPA,steam_transport,33,23.776
1878.1.1,1878,KUK,clipper_transport,20,1.141
1878.1.1,1878,AST,clipper_transport,66,24.336
1878.1.1,1878,AST,commerce_raider,7,0.369
1878.1.1,1878,AST,ironclad,32,6.761
1878.1.1,1878,WAL,clipper_transport,10,0.527
1878.1.1,1878,SAR,steam_transport,13,15.336
1878.1.1,1878,SIC,clipper_transport,10,12.5
1878.1.1,1878,TUR,clipper_transport,100,100.221
1878.1.1,1878,CHL,clipper_transport,27,24.77
1878.1.1,1878,CHI,clipper_transport,2,0.1
1878.1.1,1878,CHI,frigate,3,0.15
1878.1.1,1878,GXI,clipper_transport,1,0.05
1878.1.1,1878,GXI,frigate,1,0.05
1878.1.1,1878,JAP,clipper_transport,2,0.102
1878.1.1,1878,JAP,frigate,5,0.264
1878.1.1,1878,JAP,manowar,1,0.069
1878.1.1,1878,ALD,clipper_transport,2,1.083
1878.1.1,1878,ALD,manowar,1,1.063
1878.1.1,1878,MEX,clipper_transport,23,16.169
1878.1.1,1878,MEX,commerce_raider,1,0.051
1878.1.1,1878,MEX,ironclad,67,9.363
1878.1.1,1878,BRZ,clipper_transport,22,1.138
1878.1.1,1878,GUA,steam_transport,1,0.08
1878.2.1,1878,USA,clipper_transport,60,59.116
1878.2.1,1878,USA,ironclad,41,42.14
1878.2.1,1878,ENG,clipper_transport,201,208.324
1878.2.1,1878,ENG,commerce_raider,38,39.53
1878.2.1,1878,ENG,frigate,8,8.358
1878.2.1,1878,ENG,ironclad,111,116.077
1878.2.1,1878,ENG,manowar,69,71.264
1878.2.1,1878,FRA,clipper_transport,108,129.513
1878.2.1,1878,FRA,commerce_raider,6,7.239
1878.2.1,1878,FRA,ironclad,47,58.031
1878.2.1,1878,SCA,ironclad,29,31.756
1878.2.1,1878,SCA,steam_transport,72,63.844
1878.2.1,1878,RUS,clipper_transport,72,3.911
1878.2.1,1878,GER,clipper_transport,74,87.55
1878.2.1,1878,GER,commerce_raider,20,24.853
1878.2.1,1878,GER,ironclad,29,36.25
1878.2.1,1878,NET,clipper_transport,12,14.869
1878.2.1,1878,BEL,clipper_transport,30,34.836
1878.2.1,1878,BEL,ironclad,18,22.5
1878.2.1,1878,SPA,commerce_raider,1,0.783
1878.2.1,1878,SPA,ironclad,30,23.705
1878.2.1,1878,SPA,steam_transport,33,21.108
1878.2.1,1878,KUK,clipper_transport,20,1.141
1878.2.1,1878,AST,clipper_transport,67,22.694
1878.2.1,1878,AST,commerce_raider,7,0.369
1878.2.1,1878,AST,ironclad,33,6.696
1878.2.1,1878,WAL,clipper_transport,10,0.527
1878.2.1,1878,SAR,steam_transport,13,15.336
1878.2.1,1878,SIC,clipper_transport,10,12.5
1878.2.1,1878,TUR,clipper_transport,100,98.072
1878.2.1,1878,CHL,clipper_transport,27,26.02
1878.2.1,1878,CHI,clipper_transport,2,0.1
1878.2.1,1878,CHI,frigate,3,0.15
1878.2.1,1878,GXI,clipper_transport,1,0.05
1878.2.1,1878,GXI,frigate,1,0.05
1878.2.1,1878,JAP,clipper_transport,2,0.102
1878.2.1,1878,JAP,frigate,5,0.264
1878.2.1,1878,JAP,manowar,1,0.069
1878.2.1,1878,ALD,clipper_transport,2,1.145
1878.2.1,1878,ALD,manowar,1,1.061
1878.2.1,1878,MEX,clipper_transport,23,17.938
1878.2.1,1878,MEX,commerce_raider,1,0.051
1878.2.1,1878,MEX,ironclad,68,10.244
1878.2.1,1878,BRZ,clipper_transport,22,1.138
1878.2.1,1878,GUA,steam_transport,1,0.08
1878.3.1,1878,USA,clipper_transport,60,59.116
1878.3.1,1878,USA,ironclad,42,43.297
1878.3.1,1878,ENG,clipper_transport,201,208.324
1878.3.1,1878,ENG,commerce_raider,38,39.53
1878.3.1,1878,ENG,frigate,8,8.358
1878.3.1,1878,ENG,ironclad,111,116.077
1878.3.1,1878,ENG,manowar,69,71.264
1878.3.1,1878,FRA,clipper_transport,108,129.507
1878.3.1,1878,FRA,commerce_raider,6,7.239
1878.3.1,1878,FRA,ironclad,47,58.031
1878.3.1,1878,SCA,ironclad,29,33.177
1878.3.1,1878,SCA,steam_transport,72,74.251
1878.3.1,1878,RUS,clipper_transport,72,3.911
1878.3.1,1878,GER,clipper_transport,74,87.55
1878.3.1,1878,GER,commerce_raider,20,24.853
1878.3.1,1878,GER,ironclad,29,36.25
1878.3.1,1878,NET,clipper_transport,12,14.869
1878.3.1,1878,BEL,clipper_transport,30,34.836
1878.3.1,1878,BEL,ironclad,18,22.5
1878.3.1,1878,SPA,commerce_raider,1,0.711
1878.3.1,1878,SPA,ironclad,30,21.595
1878.3.1,1878,SPA,steam_transport,33,18.699
1878.3.1,1878,KUK,clipper_transport,20,1.141
1878.3.1,1878,AST,clipper_transport,67,20.157
1878.3.1,1878,AST,commerce_raider,7,0.369
1878.3.1,1878,AST,ironclad,35,7.643
1878.3.1,1878,WAL,clipper_transport,10,0.527
1878.3.1,1878,SAR,steam_transport,13,15.411
1878.3.1,1878,SIC,clipper_transport,10,12.5
1878.3.1,1878,TUR,clipper_transport,100,85.87
1878.3.1,1878,CHL,clipper_transport,27,26.782
1878.3.1,1878,CHI,clipper_transport,2,0.1
1878.3.1,1878,CHI,frigate,3,0.15
1878.3.1,1878,GXI,clipper_transport,1,0.05
1878.3.1,1878,GXI,frigate,1,0.05
1878.3.1,1878,JAP,clipper_transport,2,0.102
1878.3.1,1878,JAP,frigate,5,0.264
1878.3.1,1878,JAP,manowar,1,0.069
1878.3.1,1878,ALD,clipper_transport,2,1.208
1878.3.1,1878,ALD,manowar,1,1.06
1878.3.1,1878,MEX,clipper_transport,23,18.247
1878.3.1,1878,MEX,commerce_raider,1,0.051
1878.3.1,1878,MEX,ironclad,69,11.148
1878.3.1,1878,BRZ,clipper_transport,22,1.138
1878.3.1,1878,GUA,steam_transport,1,0.08
1878.4.1,1878,USA,clipper_transport,60,59.116
1878.4.1,1878,USA,ironclad,42,43.297
1878.4.1,1878,ENG,clipper_transport,201,208.324
1878.4.1,1878,ENG,commerce_raider,38,39.53
1878.4.1,1878,ENG,frigate,8,8.358
1878.4.1,1878,ENG,ironclad,111,116.077
1878.4.1,1878,ENG,manowar,69,71.264
1878.4.1,1878,FRA,clipper_transport,108,129.507
1878.4.1,1878,FRA,commerce_raider,6,7.239
1878.4.1,1878,FRA,ironclad,48,59.281
1878.4.1,1878,SCA,ironclad,29,33.177
1878.4.1,1878,SCA,steam_transport,72,77.657
1878.4.1,1878,RUS,clipper_transport,72,3.911
1878.4.1,1878,GER,clipper_transport,74,87.55
1878.4.1,1878,GER,commerce_raider,20,24.853
1878.4.1,1878,GER,ironclad,29,36.25
1878.4.1,1878,NET,clipper_transport,12,14.869
1878.4.1,1878,BEL,clipper_transport,30,34.836
1878.4.1,1878,BEL,ironclad,18,22.5
1878.4.1,1878,SPA,commerce_raider,1,0.631
1878.4.1,1878,SPA,ironclad,30,19.254
1878.4.1,1878,SPA,steam_transport,33,16.032
1878.4.1,1878,KUK,clipper_transport,20,1.162
1878.4.1,1878,AST,clipper_transport,67,17.397
1878.4.1,1878,AST,commerce_raider,7,0.369
1878.4.1,1878,AST,ironclad,37,8.536
1878.4.1,1878,WAL,clipper_transport,10,0.527
1878.4.1,1878,SAR,steam_transport,13,15.411
1878.4.1,1878,SIC,clipper_transport,10,12.5
1878.4.1,1878,TUR,clipper_transport,100,69.721
1878.4.1,1878,CHL,clipper_transport,28,27.881
1878.4.1,1878,CHI,clipper_transport,2,0.1
1878.4.1,1878,CHI,frigate,3,0.15
1878.4.1,1878,GXI,clipper_transport,1,0.05
1878.4.1,1878,GXI,frigate,1,0.05
1878.4.1,1878,JAP,clipper_transport,2,0.102
1878.4.1,1878,JAP,frigate,5,0.264
1878.4.1,1878,JAP,manowar,1,0.069
1878.4.1,1878,ALD,clipper_transport,2,1.27
1878.4.1,1878,ALD,manowar,1,1.058
1878.4.1,1878,MEX,clipper_transport,24,19.299
1878.4.1,1878,MEX,commerce_raider,1,0.051
1878.4.1,1878,MEX,ironclad,69,10.946
1878.4.1,1878,BRZ,clipper_transport,22,1.138
1878.4.1,1878,GUA,steam_transport,1,0.08
1878.5.1,1878,USA,clipper_transport,61,60.227
1878.5.1,1878,USA,ironclad,42,43.297
1878.5.1,1878,ENG,clipper_transport,201,208.324
1878.5.1,1878,ENG,commerce_raider,38,39.53
1878.5.1,1878,ENG,frigate,8,8.358
1878.5.1,1878,ENG,ironclad,111,116.077
1878.5.1,1878,ENG,manowar,69,71.264
1878.5.1,1878,FRA,clipper_transport,108,129.507
1878.5.1,1878,FRA,commerce_raider,6,7.239
1878.5.1,1878,FRA,ironclad,48,59.281
1878.5.1,1878,SCA,ironclad,29,33.177
1878.5.1,1878,SCA,steam_transport,72,77.657
1878.5.1,1878,RUS,clipper_transport,72,3.969
1878.5.1,1878,GER,clipper_transport,74,87.55
1878.5.1,1878,GER,commerce_raider,20,24.853
1878.5.1,1878,GER,ironclad,29,36.25
1878.5.1,1878,NET,clipper_transport,12,14.869
1878.5.1,1878,BEL,clipper_transport,30,34.836
1878.5.1,1878,BEL,ironclad,18,22.5
1878.5.1,1878,SPA,commerce_raider,1,0.554
1878.5.1,1878,SPA,ironclad,30,16.99
1878.5.1,1878,SPA,steam_transport,33,13.45
1878.5.1,1878,KUK,clipper_transport,20,1.162
1878.5.1,1878,AST,clipper_transport,67,14.751
1878.5.1,1878,AST,commerce_raider,7,0.369
1878.5.1,1878,AST,ironclad,38,8.58
1878.5.1,1878,WAL,clipper_transport,10,0.527
1878.5.1,1878,SAR,steam_transport,13,15.37
1878.5.1,1878,SIC,clipper_transport,10,12.5
1878.5.1,1878,TUR,clipper_transport,100,54.094
1878.5.1,1878,CHL,clipper_transport,30,29.559
1878.5.1,1878,CHI,clipper_transport,2,0.1
1878.5.1,1878,CHI,frigate,3,0.15
1878.5.1,1878,GXI,clipper_transport,1,0.05
1878.5.1,1878,GXI,frigate,1,0.05
1878.5.1,1878,JAP,clipper_transport,2,0.102
1878.5.1,1878,JAP,frigate,5,0.264
1878.5.1,1878,JAP,manowar,1,0.069
1878.5.1,1878,ALD,clipper_transport,2,1.333
1878.5.1,1878,ALD,manowar,1,1.057
1878.5.1,1878,MEX,clipper_transport,24,19.299
1878.5.1,1878,MEX,commerce_raider,1,0.051
1878.5.1,1878,MEX,ironclad,69,10.781
1878.5.1,1878,BRZ,clipper_transport,11,0.569
1878.5.1,1878,GUA,steam_transport,1,0.08
1878.6.1,1878,USA,clipper_transport,61,60.227
1878.6.1,1878,USA,ironclad,43,44.408
1878.6.1,1878,ENG,clipper_transport,201,207.964
1878.6.1,1878,ENG,commerce_raider,38,39.488
1878.6.1,1878,ENG,frigate,8,8.358
1878.6.1,1878,ENG,ironclad,114,119.235
1878.6.1,1878,ENG,manowar,69,71.244
1878.6.1,1878,FRA,clipper_transport,108,129.507
1878.6.1,1878,FRA,commerce_raider,6,7.239
1878.6.1,1878,FRA,ironclad,48,59.281
1878.6.1,1878,SCA,ironclad,29,33.177
1878.6.1,1878,SCA,steam_transport,72,77.657
1878.6.1,1878,RUS,clipper_transport,72,23.598
1878.6.1,1878,GER,clipper_transport,74,87.55
1878.6.1,1878,GER,commerce_raider,20,24.853
1878.6.1,1878,GER,ironclad,29,36.25
1878.6.1,1878,NET,clipper_transport,12,14.869
1878.6.1,1878,BEL,clipper_transport,30,34.836
1878.6.1,1878,BEL,ironclad,18,22.5
1878.6.1,1878,SPA,commerce_raider,1,0.474
1878.6.1,1878,SPA,ironclad,30,14.649
1878.6.1,1878,SPA,steam_transport,33,11.45
1878.6.1,1878,KUK,clipper_transport,20,1.162
1878.6.1,1878,AST,clipper_transport,67,12.053
1878.6.1,1878,AST,commerce_raider,7,0.369
1878.6.1,1878,AST,ironclad,38,7.53
1878.6.1,1878,WAL,clipper_transport,10,0.527
1878.6.1,1878,SAR,steam_transport,16,18.668
1878.6.1,1878,SIC,clipper_transport,10,12.5
1878.6.1,1878,TUR,clipper_transport,100,37.945
1878.6.1,1878,CHL,clipper_transport,30,29.162
1878.6.1,1878,CHI,clipper_transport,2,0.1
1878.6.1,1878,CHI,frigate,3,0.15
1878.6.1,1878,GXI,clipper_transport,1,0.05
1878.6.1,1878,GXI,frigate,1,0.05
1878.6.1,1878,JAP,clipper_transport,2,0.102
1878.6.1,1878,JAP,frigate,5,0.264
1878.6.1,1878,JAP,manowar,1,0.069
1878.6.1,1878,ALD,clipper_transport,2,1.393
1878.6.1,1878,ALD,manowar,1,1.055
1878.6.1,1878,MEX,clipper_transport,24,19.242
1878.6.1,1878,MEX,commerce_raider,1,0.051
1878.6.1,1878,MEX,ironclad,69,10.585
1878.6.1,1878,BRZ,clipper_transport,11,0.595
1878.6.1,1878,GUA,steam_transport,1,0.08
1878.7.1,1878,USA,clipper_transport,61,60.227
1878.7.1,1878,USA,ironclad,43,44.408
1878.7.1,1878,ENG,clipper_transport,201,207.964
1878.7.1,1878,ENG,commerce_raider,38,39.488
1878.7.1,1878,ENG,frigate,8,8.358
1878.7.1,1878,ENG,ironclad,117,122.393
1878.7.1,1878,ENG,manowar,69,71.244
1878.7.1,1878,FRA,clipper_transport,108,129.507
1878.7.1,1878,FRA,commerce_raider,6,7.239
1878.7.1,1878,FRA,ironclad,48,59.281
1878.7.1,1878,SCA,ironclad,29,33.177
1878.7.1,1878,SCA,steam_transport,72,77.657
1878.7.1,1878,RUS,clipper_transport,72,43.002
1878.7.1,1878,GER,clipper_transport,74,87.525
1878.7.1,1878,GER,commerce_raider,20,24.853
1878.7.1,1878,GER,ironclad,29,36.25
1878.7.1,1878,NET,clipper_transport,12,14.869
1878.7.1,1878,BEL,clipper_transport,30,34.812
1878.7.1,1878,BEL,ironclad,18,22.5
1878.7.1,1878,SPA,commerce_raider,1,0.397
1878.7.1,1878,SPA,ironclad,30,12.385
1878.7.1,1878,SPA,steam_transport,33,9.661
1878.7.1,1878,KUK,clipper_transport,20,1.162
1878.7.1,1878,AST,clipper_transport,67,9.516
1878.7.1,1878,AST,commerce_raider,7,0.369
1878.7.1,1878,AST,ironclad,38,6.643
1878.7.1,1878,WAL,clipper_transport,10,0.527
1878.7.1,1878,SAR,steam_transport,16,18.418
1878.7.1,1878,SIC,clipper_transport,10,12.5
1878.7.1,1878,TUR,clipper_transport,100,23.637
1878.7.1,1878,CHL,clipper_transport,30,29.25
1878.7.1,1878,CHI,clipper_transport,2,0.1
1878.7.1,1878,CHI,frigate,3,0.15
1878.7.1,1878,GXI,clipper_transport,1,0.05
1878.7.1,1878,GXI,frigate,1,0.05
1878.7.1,1878,JAP,clipper_transport,2,0.102
1878.7.1,1878,JAP,frigate,5,0.26
1878.7.1,1878,JAP,manowar,1,0.061
1878.7.1,1878,ALD,clipper_transport,2,1.455
1878.7.1,1878,ALD,manowar,1,1.054
1878.7.1,1878,MEX,clipper_transport,24,18.847
1878.7.1,1878,MEX,commerce_raider,1,0.051
1878.7.1,1878,MEX,ironclad,71,12.512
1878.7.1,1878,BRZ,clipper_transport,11,0.595
1878.7.1,1878,GUA,steam_transport,1,0.08
1878.8.1,1878,USA,clipper_transport,61,60.227
1878.8.1,1878,USA,ironclad,43,44.408
1878.8.1,1878,ENG,clipper_transport,201,206.499
1878.8.1,1878,ENG,commerce_raider,38,39.525
1878.8.1,1878,ENG,frigate,8,8.358
1878.8.1,1878,ENG,ironclad,120,125.551
1878.8.1,1878,ENG,manowar,69,71.239
1878.8.1,1878,FRA,clipper_transport,108,129.507
1878.8.1,1878,FRA,commerce_raider,6,7.239
1878.8.1,1878,FRA,ironclad,48,59.281
1878.8.1,1878,SCA,ironclad,29,33.177
1878.8.1,1878,SCA,steam_transport,72,77.657
1878.8.1,1878,RUS,clipper_transport,72,62.16
1878.8.1,1878,GER,clipper_transport,74,87.45
1878.8.1,1878,GER,commerce_raider,20,24.853
1878.8.1,1878,GER,ironclad,29,36.25
1878.8.1,1878,NET,clipper_transport,12,14.869
1878.8.1,1878,BEL,clipper_transport,30,34.767
1878.8.1,1878,BEL,ironclad,18,22.5
1878.8.1,1878,SPA,commerce_raider,1,0.317
1878.8.1,1878,SPA,ironclad,30,10.044
1878.8.1,1878,SPA,steam_transport,33,7.813
1878.8.1,1878,KUK,clipper_transport,20,1.162
1878.8.1,1878,AST,clipper_transport,67,7.847
1878.8.1,1878,AST,commerce_raider,7,0.369
1878.8.1,1878,AST,ironclad,38,6.048
1878.8.1,1878,WAL,clipper_transport,10,0.527
1878.8.1,1878,SAR,steam_transport,16,18.418
1878.8.1,1878,SIC,clipper_transport,10,12.5
1878.8.1,1878,TUR,clipper_transport,100,14.225
1878.8.1,1878,CHL,clipper_transport,30,29.25
1878.8.1,1878,CHI,clipper_transport,2,0.1
1878.8.1,1878,CHI,frigate,3,0.15
1878.8.1,1878,GXI,clipper_transport,1,0.05
1878.8.1,1878,GXI,frigate,1,0.05
1878.8.1,1878,JAP,clipper_transport,2,0.102
1878.8.1,1878,JAP,frigate,5,0.264
1878.8.1,1878,JAP,manowar,1,0.069
1878.8.1,1878,ALD,clipper_transport,2,1.517
1878.8.1,1878,ALD,manowar,1,1.053
1878.8.1,1878,MEX,clipper_transport,24,18.847
1878.8.1,1878,MEX,commerce_raider,1,0.051
1878.8.1,1878,MEX,ironclad,71,12.291
1878.8.1,1878,BRZ,clipper_transport,11,0.595
1878.8.1,1878,GUA,steam_transport,1,0.08
1878.9.1,1878,USA,clipper_transport,61,60.227
1878.9.1,1878,USA,ironclad,43,44.408
1878.9.1,1878,ENG,clipper_transport,201,206.664
1878.9.1,1878,ENG,commerce_raider,38,39.525
1878.9.1,1878,ENG,frigate,8,8.358
1878.9.1,1878,ENG,ironclad,123,128.709
1878.9.1,1878,ENG,manowar,69,71.261
1878.9.1,1878,FRA,clipper_transport,108,129.507
1878.9.1,1878,FRA,commerce_raider,6,7.239
1878.9.1,1878,FRA,ironclad,48,59.281
1878.9.1,1878,SCA,ironclad,29,32.914
1878.9.1,1878,SCA,steam_transport,72,76.854
1878.9.1,1878,RUS,clipper_transport,72,77.305
1878.9.1,1878,GER,clipper_transport,74,87.508
1878.9.1,1878,GER,commerce_raider,20,24.853
1878.9.1,1878,GER,ironclad,29,36.25
1878.9.1,1878,NET,clipper_transport,12,14.869
1878.9.1,1878,BEL,clipper_transport,30,34.732
1878.9.1,1878,BEL,ironclad,18,22.5
1878.9.1,1878,SPA,commerce_raider,1,0.238
1878.9.1,1878,SPA,ironclad,30,7.703
1878.9.1,1878,SPA,steam_transport,33,5.964
1878.9.1,1878,KUK,clipper_transport,20,1.162
1878.9.1,1878,AST,clipper_transport,67,6.497
1878.9.1,1878,AST,commerce_raider,7,0.369
1878.9.1,1878,AST,ironclad,38,5.507
1878.9.1,1878,WAL,clipper_transport,10,0.527
1878.9.1,1878,SAR,steam_transport,16,18.394
1878.9.1,1878,SIC,clipper_transport,10,12.5
1878.9.1,1878,TUR,clipper_transport,100,5.305
1878.9.1,1878,CHL,clipper_transport,30,29.25
1878.9.1,1878,CHI,clipper_transport,2,0.1
1878.9.1,1878,CHI,frigate,3,0.15
1878.9.1,1878,GXI,clipper_transport,1,0.05
1878.9.1,1878,GXI,frigate,1,0.05
1878.9.1,1878,JAP,clipper_transport,2,0.102
1878.9.1,1878,JAP,frigate,5,0.26
1878.9.1,1878,JAP,manowar,1,0.061
1878.9.1,1878,ALD,clipper_transport,2,1.502
1878.9.1,1878,ALD,manowar,1,1.052
1878.9.1,1878,MEX,clipper_transport,24,18.847
1878.9.1,1878,MEX,commerce_raider,1,0.051
1878.9.1,1878,MEX,ironclad,72,13.215
1878.9.1,1878,BRZ,clipper_transport,11,0.595
1878.9.1,1878,GUA,steam_transport,1,0.118
1878.10.1,1878,USA,clipper_transport,61,60.227
1878.10.1,1878,USA,ironclad,44,45.519
1878.10.1,1878,ENG,clipper_transport,201,206.468
1878.10.1,1878,ENG,commerce_raider,38,39.505
1878.10.1,1878,ENG,frigate,8,8.358
1878.10.1,1878,ENG,ironclad,123,128.709
1878.10.1,1878,ENG,manowar,69,71.25
1878.10.1,1878,FRA,clipper_transport,108,129.507
1878.10.1,1878,FRA,commerce_raider,6,7.239
1878.10.1,1878,FRA,ironclad,54,67.198
1878.10.1,1878,SCA,ironclad,29,32.546
1878.10.1,1878,SCA,steam_transport,72,75.753
1878.10.1,1878,RUS,clipper_transport,72,77.305
1878.10.1,1878,GER,clipper_transport,74,87.508
1878.10.1,1878,GER,commerce_raider,20,24.853
1878.10.1,1878,GER,ironclad,29,36.25
1878.10.1,1878,NET,clipper_transport,12,14.869
1878.10.1,1878,BEL,clipper_transport,30,34.732
1878.10.1,1878,BEL,ironclad,19,23.75
1878.10.1,1878,SPA,commerce_raider,1,0.161
1878.10.1,1878,SPA,ironclad,30,5.439
1878.10.1,1878,SPA,steam_transport,33,4.175
1878.10.1,1878,KUK,clipper_transport,20,1.162
1878.10.1,1878,AST,clipper_transport,67,5.44
1878.10.1,1878,AST,commerce_raider,7,0.369
1878.10.1,1878,AST,ironclad,38,5.031
1878.10.1,1878,WAL,clipper_transport,10,0.527
1878.10.1,1878,SAR,steam_transport,16,18.289
1878.10.1,1878,SIC,clipper_transport,10,12.5
1878.10.1,1878,TUR,clipper_transport,100,5.228
1878.10.1,1878,CHL,clipper_transport,30,29.25
1878.10.1,1878,CHI,clipper_transport,2,0.1
1878.10.1,1878,CHI,frigate,3,0.15
1878.10.1,1878,GXI,clipper_transport,1,0.05
1878.10.1,1878,GXI,frigate,1,0.05
1878.10.1,1878,JAP,clipper_transport,2,0.102
1878.10.1,1878,JAP,frigate,5,0.264
1878.10.1,1878,JAP,manowar,1,0.069
1878.10.1,1878,ALD,clipper_transport,2,1.532
1878.10.1,1878,ALD,manowar,1,1.051
1878.10.1,1878,MEX,clipper_transport,24,18.847
1878.10.1,1878,MEX,commerce_raider,1,0.051
1878.10.1,1878,MEX,ironclad,73,14.115
1878.10.1,1878,BRZ,clipper_transport,11,0.595
1878.10.1,1878,GUA,steam_transport,1,0.167
1878.11.1,1878,USA,clipper_transport,61,60.227
1878.11.1,1878,USA,ironclad,44,45.519
1878.11.1,1878,ENG,clipper_transport,201,206.468
1878.11.1,1878,ENG,commerce_raider,38,39.505
1878.11.1,1878,ENG,frigate,8,8.358
1878.11.1,1878,ENG,ironclad,123,128.709
1878.11.1,1878,ENG,manowar,69,71.25
1878.11.1,1878,FRA,clipper_transport,108,129.507
1878.11.1,1878,FRA,commerce_raider,6,7.239
1878.11.1,1878,FRA,ironclad,54,67.198
1878.11.1,1878,SCA,ironclad,29,32.166
1878.11.1,1878,SCA,steam_transport,72,74.614
1878.11.1,1878,RUS,clipper_transport,72,77.305
1878.11.1,1878,GER,clipper_transport,74,87.508
1878.11.1,1878,GER,commerce_raider,20,24.853
1878.11.1,1878,GER,ironclad,29,36.25
1878.11.1,1878,NET,clipper_transport,12,14.869
1878.11.1,1878,BEL,clipper_transport,30,34.732
1878.11.1,1878,BEL,ironclad,19,23.75
1878.11.1,1878,SPA,commerce_raider,1,0.362
1878.11.1,1878,SPA,ironclad,30,11.496
1878.11.1,1878,SPA,steam_transport,33,11.46
1878.11.1,1878,KUK,clipper_transport,20,1.162
1878.11.1,1878,AST,clipper_transport,67,4.541
1878.11.1,1878,AST,commerce_raider,7,0.369
1878.11.1,1878,AST,ironclad,38,4.54
1878.11.1,1878,WAL,clipper_transport,10,0.527
1878.11.1,1878,SAR,steam_transport,16,18.944
1878.11.1,1878,SIC,clipper_transport,10,12.5
1878.11.1,1878,TUR,clipper_transport,100,5.209
1878.11.1,1878,CHL,clipper_transport,30,29.25
1878.11.1,1878,CHI,clipper_transport,2,0.1
1878.11.1,1878,CHI,frigate,3,0.15
1878.11.1,1878,GXI,clipper_transport,1,0.05
1878.11.1,1878,GXI,frigate,1,0.05
1878.11.1,1878,JAP,clipper_transport,2,0.102
1878.11.1,1878,JAP,frigate,5,0.264
1878.11.1,1878,JAP,manowar,1,0.069
1878.11.1,1878,ALD,clipper_transport,2,1.58
1878.11.1,1878,ALD,manowar,1,1.049
1878.11.1,1878,MEX,clipper_transport,24,18.847
1878.11.1,1878,MEX,commerce_raider,1,0.051
1878.11.1,1878,MEX,ironclad,74,15.005
1878.11.1,1878,BRZ,clipper_transport,11,3.067
1878.11.1,1878,GUA,steam_transport,1,0.216
1878.12.1,1878,USA,clipper_transport,61,60.227
1878.12.1,1878,USA,ironclad,44,45.519
1878.12.1,1878,ENG,clipper_transport,201,206.417
1878.12.1,1878,ENG,commerce_raider,38,39.505
1878.12.1,1878,ENG,frigate,8,8.358
1878.12.1,1878,ENG,ironclad,123,128.709
1878.12.1,1878,ENG,manowar,69,71.25
1878.12.1,1878,FRA,clipper_transport,108,129.507
1878.12.1,1878,FRA,commerce_raider,6,7.239
1878.12.1,1878,FRA,ironclad,54,67.198
1878.12.1,1878,SCA,ironclad,29,31.798
1878.12.1,1878,SCA,steam_transport,72,73.513
1878.12.1,1878,RUS,clipper_transport,72,77.305
1878.12.1,1878,GER,clipper_transport,74,87.508
1878.12.1,1878,GER,commerce_raider,20,24.853
1878.12.1,1878,GER,ironclad,29,36.25
1878.12.1,1878,NET,clipper_transport,12,14.869
1878.12.1,1878,BEL,clipper_transport,30,34.674
1878.12.1,1878,BEL,ironclad,20,25.0
1878.12.1,1878,SPA,commerce_raider,1,0.617
1878.12.1,1878,SPA,ironclad,30,19.148
1878.12.1,1878,SPA,steam_transport,33,19.951
1878.12.1,1878,KUK,clipper_transport,20,1.162
1878.12.1,1878,AST,clipper_transport,67,4.077
1878.12.1,1878,AST,commerce_raider,7,0.369
1878.12.1,1878,AST,ironclad,39,5.155
1878.12.1,1878,WAL,clipper_transport,10,0.527
1878.12.1,1878,SAR,steam_transport,16,18.944
1878.12.1,1878,SIC,clipper_transport,10,12.5
1878.12.1,1878,TUR,clipper_transport,100,5.768
1878.12.1,1878,CHL,clipper_transport,30,29.25
1878.12.1,1878,CHI,clipper_transport,2,0.1
1878.12.1,1878,CHI,frigate,3,0.15
1878.12.1,1878,GXI,clipper_transport,1,0.05
1878.12.1,1878,GXI,frigate,1,0.05
1878.12.1,1878,JAP,clipper_transport,2,0.102
1878.12.1,1878,JAP,frigate,5,0.264
1878.12.1,1878,JAP,manowar,1,0.069
1878.12.1,1878,ALD,clipper_transport,2,1.601
1878.12.1,1878,ALD,manowar,1,1.048
1878.12.1,1878,MEX,clipper_transport,24,18.847
1878.12.1,1878,MEX,commerce_raider,1,0.051
1878.12.1,1878,MEX,ironclad,74,14.887
1878.12.1,1878,BRZ,clipper_transport,11,5.553
1878.12.1,1878,GUA,steam_transport,1,0.265
1879.1.1,1879,USA,clipper_transport,61,60.227
1879.1.1,1879,USA,ironclad,46,47.741
1879.1.1,1879,ENG,clipper_transport,201,206.334
1879.1.1,1879,ENG,commerce_raider,38,39.484
1879.1.1,1879,ENG,frigate,8,8.358
1879.1.1,1879,ENG,ironclad,123,128.709
1879.1.1,1879,ENG,manowar,69,71.25
1879.1.1,1879,FRA,clipper_transport,108,129.414
1879.1.1,1879,FRA,commerce_raider,6,7.239
1879.1.1,1879,FRA,ironclad,55,68.531
1879.1.1,1879,SCA,ironclad,29,31.418
1879.1.1,1879,SCA,steam_transport,72,72.375
1879.1.1,1879,RUS,clipper_transport,72,77.305
1879.1.1,1879,GER,clipper_transport,74,87.508
1879.1.1,1879,GER,commerce_raider,20,24.853
1879.1.1,1879,GER,ironclad,29,36.25
1879.1.1,1879,NET,clipper_transport,12,14.869
1879.1.1,1879,BEL,clipper_transport,30,34.674
1879.1.1,1879,BEL,ironclad,21,26.25
1879.1.1,1879,SPA,commerce_raider,1,0.607
1879.1.1,1879,SPA,ironclad,30,19.046
1879.1.1,1879,SPA,steam_transport,33,19.786
1879.1.1,1879,KUK,clipper_transport,20,1.162
1879.1.1,1879,AST,clipper_transport,67,3.857
1879.1.1,1879,AST,commerce_raider,7,0.369
1879.1.1,1879,AST,ironclad,42,7.75
1879.1.1,1879,WAL,clipper_transport,10,0.527
1879.1.1,1879,SAR,steam_transport,16,18.944
1879.1.1,1879,SIC,clipper_transport,10,12.5
1879.1.1,1879,TUR,clipper_transport,100,5.541
1879.1.1,1879,CHL,clipper_transport,30,29.25
1879.1.1,1879,CHI,clipper_transport,2,0.1
1879.1.1,1879,CHI,frigate,3,0.15
1879.1.1,1879,GXI,clipper_transport,1,0.05
1879.1.1,1879,GXI,frigate,1,0.05
1879.1.1,1879,JAP,clipper_transport,2,0.102
1879.1.1,1879,JAP,frigate,5,0.264
1879.1.1,1879,JAP,manowar,1,0.069
1879.1.1,1879,ALD,clipper_transport,2,1.622
1879.1.1,1879,ALD,manowar,1,1.047
1879.1.1,1879,MEX,clipper_transport,24,19.141
1879.1.1,1879,MEX,commerce_raider,1,0.051
1879.1.1,1879,MEX,ironclad,75,15.811
1879.1.1,1879,BRZ,clipper_transport,11,8.03
1879.1.1,1879,GUA,steam_transport,1,0.313
1879.2.1,1879,USA,clipper_transport,62,61.338
1879.2.1,1879,USA,ironclad,46,47.741
1879.2.1,1879,ENG,clipper_transport,201,206.334
1879.2.1,1879,ENG,commerce_raider,38,39.484
1879.2.1,1879,ENG,frigate,8,8.358
1879.2.1,1879,ENG,ironclad,123,128.709
1879.2.1,1879,ENG,manowar,69,71.25
1879.2.1,1879,FRA,clipper_transport,108,129.292
1879.2.1,1879,FRA,commerce_raider,6,7.239
1879.2.1,1879,FRA,ironclad,56,69.865
1879.2.1,1879,SCA,ironclad,29,31.039
1879.2.1,1879,SCA,steam_transport,72,71.237
1879.2.1,1879,RUS,clipper_transport,72,77.305
1879.2.1,1879,GER,clipper_transport,74,87.508
1879.2.1,1879,GER,commerce_raider,20,24.853
1879.2.1,1879,GER,ironclad,29,36.25
1879.2.1,1879,NET,clipper_transport,12,14.869
1879.2.1,1879,BEL,clipper_transport,30,34.663
1879.2.1,1879,BEL,ironclad,21,26.25
1879.2.1,1879,SPA,commerce_raider,1,0.607
1879.2.1,1879,SPA,ironclad,30,18.155
1879.2.1,1879,SPA,steam_transport,33,18.824
1879.2.1,1879,KUK,clipper_transport,20,1.162
1879.2.1,1879,AST,clipper_transport,67,3.698
1879.2.1,1879,AST,commerce_raider,7,0.369
1879.2.1,1879,AST,ironclad,43,7.982
1879.2.1,1879,WAL,clipper_transport,10,0.527
1879.2.1,1879,SAR,steam_transport,16,18.944
1879.2.1,1879,SIC,clipper_transport,10,12.5
1879.2.1,1879,TUR,clipper_transport,100,5.21
1879.2.1,1879,CHL,clipper_transport,30,29.25
1879.2.1,1879,CHI,clipper_transport,2,0.1
1879.2.1,1879,CHI,frigate,3,0.15
1879.2.1,1879,GXI,clipper_transport,1,0.05
1879.2.1,1879,GXI,frigate,1,0.05
1879.2.1,1879,JAP,clipper_transport,2,0.102
1879.2.1,1879,JAP,frigate,5,0.264
1879.2.1,1879,JAP,manowar,1,0.069
1879.2.1,1879,ALD,clipper_transport,2,1.643
1879.2.1,1879,ALD,manowar,1,1.046
1879.2.1,1879,MEX,clipper_transport,24,19.09
1879.2.1,1879,MEX,commerce_raider,1,0.051
1879.2.1,1879,MEX,ironclad,75,15.618
1879.2.1,1879,BRZ,clipper_transport,11,10.497
1879.2.1,1879,GUA,steam_transport,1,0.362
1879.3.1,1879,USA,clipper_transport,62,61.338
1879.3.1,1879,USA,ironclad,47,48.852
1879.3.1,1879,ENG,clipper_transport,201,206.334
1879.3.1,1879,ENG,commerce_raider,38,39.484
1879.3.1,1879,ENG,frigate,8,8.358
1879.3.1,1879,ENG,ironclad,123,128.709
1879.3.1,1879,ENG,manowar,69,71.25
1879.3.1,1879,FRA,clipper_transport,108,129.369
1879.3.1,1879,FRA,commerce_raider,6,7.239
1879.3.1,1879,FRA,ironclad,56,69.865
1879.3.1,1879,SCA,ironclad,29,30.698
1879.3.1,1879,SCA,steam_transport,72,70.21
1879.3.1,1879,RUS,clipper_transport,72,77.305
1879.3.1,1879,GER,clipper_transport,74,87.508
1879.3.1,1879,GER,commerce_raider,20,24.853
1879.3.1,1879,GER,ironclad,29,36.25
1879.3.1,1879,NET,clipper_transport,12,14.869
1879.3.1,1879,NET,steam_transport,1,1.25
1879.3.1,1879,BEL,clipper_transport,30,34.663
1879.3.1,1879,BEL,ironclad,21,26.25
1879.3.1,1879,SPA,commerce_raider,1,0.607
1879.3.1,1879,SPA,ironclad,30,18.155
1879.3.1,1879,SPA,steam_transport,33,18.824
1879.3.1,1879,KUK,clipper_transport,20,1.162
1879.3.1,1879,AST,clipper_transport,67,3.663
1879.3.1,1879,AST,commerce_raider,7,0.369
1879.3.1,1879,AST,ironclad,44,8.217
1879.3.1,1879,WAL,clipper_transport,10,0.527
1879.3.1,1879,SAR,steam_transport,16,18.944
1879.3.1,1879,SIC,clipper_transport,10,12.5
1879.3.1,1879,TUR,clipper_transport,100,5.21
1879.3.1,1879,CHL,clipper_transport,30,29.25
1879.3.1,1879,CHI,clipper_transport,2,0.1
1879.3.1,1879,CHI,frigate,3,0.15
1879.3.1,1879,GXI,clipper_transport,1,0.05
1879.3.1,1879,GXI,frigate,1,0.05
1879.3.1,1879,JAP,clipper_transport,2,0.102
1879.3.1,1879,JAP,frigate,5,0.264
1879.3.1,1879,JAP,manowar,1,0.069
1879.3.1,1879,ALD,clipper_transport,2,1.665
1879.3.1,1879,ALD,manowar,1,1.045
1879.3.1,1879,MEX,clipper_transport,24,17.87
1879.3.1,1879,MEX,commerce_raider,1,0.051
1879.3.1,1879,MEX,ironclad,76,16.54
1879.3.1,1879,BRZ,clipper_transport,11,11.267
1879.3.1,1879,GUA,steam_transport,1,0.412
1879.4.1,1879,USA,clipper_transport,65,64.671
1879.4.1,1879,USA,ironclad,47,48.852
1879.4.1,1879,ENG,clipper_transport,201,206.334
1879.4.1,1879,ENG,commerce_raider,38,39.484
1879.4.1,1879,ENG,frigate,8,8.358
1879.4.1,1879,ENG,ironclad,123,128.709
1879.4.1,1879,ENG,manowar,69,71.25
1879.4.1,1879,FRA,clipper_transport,108,129.369
1879.4.1,1879,FRA,commerce_raider,6,7.239
1879.4.1,1879,FRA,ironclad,56,69.865
1879.4.1,1879,SCA,ironclad,29,30.319
1879.4.1,1879,SCA,steam_transport,72,69.072
1879.4.1,1879,RUS,clipper_transport,72,77.305
1879.4.1,1879,GER,clipper_transport,74,87.508
1879.4.1,1879,GER,commerce_raider,20,24.853
1879.4.1,1879,GER,ironclad,29,36.25
1879.4.1,1879,NET,clipper_transport,12,14.869
1879.4.1,1879,NET,steam_transport,1,1.25
1879.4.1,1879,BEL,clipper_transport,30,34.639
1879.4.1,1879,BEL,ironclad,21,26.25
1879.4.1,1879,SPA,commerce_raider,1,0.573
1879.4.1,1879,SPA,ironclad,30,17.031
1879.4.1,1879,SPA,steam_transport,33,17.547
1879.4.1,1879,KUK,clipper_transport,20,1.162
1879.4.1,1879,AST,clipper_transport,67,3.663
1879.4.1,1879,AST,commerce_raider,7,0.369
1879.4.1,1879,AST,ironclad,44,7.362
1879.4.1,1879,WAL,clipper_transport,10,0.527
1879.4.1,1879,SAR,steam_transport,16,18.944
1879.4.1,1879,SIC,clipper_transport,10,12.5
1879.4.1,1879,TUR,clipper_transport,100,5.21
1879.4.1,1879,CHL,clipper_transport,30,29.25
1879.4.1,1879,CHI,clipper_transport,2,0.1
1879.4.1,1879,CHI,frigate,3,0.15
1879.4.1,1879,GXI,clipper_transport,1,0.05
1879.4.1,1879,GXI,frigate,1,0.05
1879.4.1,1879,JAP,clipper_transport,2,0.102
1879.4.1,1879,JAP,frigate,5,0.264
1879.4.1,1879,JAP,manowar,1,0.069
1879.4.1,1879,ALD,clipper_transport,2,1.676
1879.4.1,1879,ALD,manowar,1,1.044
1879.4.1,1879,MEX,clipper_transport,24,17.87
1879.4.1,1879,MEX,commerce_raider,1,0.051
1879.4.1,1879,MEX,ironclad,76,16.104
1879.4.1,1879,BRZ,clipper_transport,11,11.267
1879.4.1,1879,GUA,steam_transport,1,0.46
1879.5.1,1879,USA,clipper_transport,67,66.885
1879.5.1,1879,USA,ironclad,48,49.963
1879.5.1,1879,ENG,clipper_transport,201,206.334
1879.5.1,1879,ENG,commerce_raider,38,39.484
1879.5.1,1879,ENG,frigate,8,8.358
1879.5.1,1879,ENG,ironclad,123,128.709
1879.5.1,1879,ENG,manowar,69,71.25
1879.5.1,1879,FRA,clipper_transport,108,129.369
1879.5.1,1879,FRA,commerce_raider,6,7.239
1879.5.1,1879,FRA,ironclad,56,69.865
1879.5.1,1879,SCA,ironclad,29,29.953
1879.5.1,1879,SCA,steam_transport,72,67.971
1879.5.1,1879,RUS,clipper_transport,72,77.305
1879.5.1,1879,GER,clipper_transport,74,87.508
1879.5.1,1879,GER,commerce_raider,20,24.853
1879.5.1,1879,GER,ironclad,29,36.25
1879.5.1,1879,NET,clipper_transport,12,14.869
1879.5.1,1879,NET,steam_transport,1,1.25
1879.5.1,1879,BEL,clipper_transport,30,34.651
1879.5.1,1879,BEL,ironclad,21,26.25
1879.5.1,1879,SPA,commerce_raider,1,0.435
1879.5.1,1879,SPA,ironclad,30,14.011
1879.5.1,1879,SPA,steam_transport,33,14.142
1879.5.1,1879,KUK,clipper_transport,20,1.162
1879.5.1,1879,AST,clipper_transport,67,3.663
1879.5.1,1879,AST,commerce_raider,7,0.369
1879.5.1,1879,AST,ironclad,44,6.762
1879.5.1,1879,WAL,clipper_transport,10,0.527
1879.5.1,1879,SAR,steam_transport,16,18.944
1879.5.1,1879,SIC,clipper_transport,10,12.5
1879.5.1,1879,TUR,clipper_transport,50,2.612
1879.5.1,1879,CHL,clipper_transport,30,29.25
1879.5.1,1879,CHI,clipper_transport,2,0.1
1879.5.1,1879,CHI,frigate,3,0.15
1879.5.1,1879,GXI,clipper_transport,1,0.05
1879.5.1,1879,GXI,frigate,1,0.05
1879.5.1,1879,JAP,clipper_transport,2,0.102
1879.5.1,1879,JAP,frigate,5,0.264
1879.5.1,1879,JAP,manowar,1,0.069
1879.5.1,1879,ALD,clipper_transport,2,1.689
1879.5.1,1879,ALD,manowar,1,1.043
1879.5.1,1879,MEX,clipper_transport,24,21.583
1879.5.1,1879,MEX,commerce_raider,1,0.051
1879.5.1,1879,MEX,ironclad,76,16.237
1879.5.1,1879,BRZ,clipper_transport,11,11.267
1879.5.1,1879,GUA,steam_transport,1,0.51
1879.6.1,1879,USA,clipper_transport,67,66.885
1879.6.1,1879,USA,ironclad,49,51.074
1879.6.1,1879,ENG,clipper_transport,201,206.334
1879.6.1,1879,ENG,commerce_raider,38,39.484
1879.6.1,1879,ENG,frigate,8,8.358
1879.6.1,1879,ENG,ironclad,123,128.709
1879.6.1,1879,ENG,manowar,69,71.25
1879.6.1,1879,FRA,clipper_transport,108,129.369
1879.6.1,1879,FRA,commerce_raider,6,7.239
1879.6.1,1879,FRA,ironclad,56,69.865
1879.6.1,1879,SCA,ironclad,29,29.575
1879.6.1,1879,SCA,steam_transport,72,66.833
1879.6.1,1879,RUS,clipper_transport,72,77.305
1879.6.1,1879,GER,clipper_transport,74,87.508
1879.6.1,1879,GER,commerce_raider,20,24.853
1879.6.1,1879,GER,ironclad,29,36.25
1879.6.1,1879,NET,clipper_transport,12,14.869
1879.6.1,1879,NET,steam_transport,1,1.25
1879.6.1,1879,BEL,clipper_transport,30,34.639
1879.6.1,1879,BEL,ironclad,21,26.25
1879.6.1,1879,SPA,commerce_raider,1,0.356
1879.6.1,1879,SPA,ironclad,30,11.651
1879.6.1,1879,SPA,steam_transport,33,11.49
1879.6.1,1879,KUK,clipper_transport,20,1.162
1879.6.1,1879,AST,clipper_transport,67,3.635
1879.6.1,1879,AST,commerce_raider,7,0.369
1879.6.1,1879,AST,ironclad,44,6.265
1879.6.1,1879,WAL,clipper_transport,10,0.527
1879.6.1,1879,SAR,steam_transport,16,18.944
1879.6.1,1879,SIC,clipper_transport,10,12.5
1879.6.1,1879,TUR,clipper_transport,50,2.612
1879.6.1,1879,CHL,clipper_transport,30,29.25
1879.6.1,1879,CHI,clipper_transport,2,0.1
1879.6.1,1879,CHI,frigate,3,0.15
1879.6.1,1879,GXI,clipper_transport,1,0.05
1879.6.1,1879,GXI,frigate,1,0.05
1879.6.1,1879,JAP,clipper_transport,2,0.102
1879.6.1,1879,JAP,frigate,5,0.264
1879.6.1,1879,JAP,manowar,1,0.069
1879.6.1,1879,ALD,clipper_transport,2,1.71
1879.6.1,1879,ALD,manowar,1,1.042
1879.6.1,1879,MEX,clipper_transport,30,28.654
1879.6.1,1879,MEX,commerce_raider,1,0.051
1879.6.1,1879,MEX,ironclad,76,16.237
1879.6.1,1879,BRZ,clipper_transport,11,11.267
1879.6.1,1879,GUA,steam_transport,1,0.558
1879.7.1,1879,USA,clipper_transport,70,70.213
1879.7.1,1879,USA,ironclad,49,51.074
1879.7.1,1879,ENG,clipper_transport,201,206.334
1879.7.1,1879,ENG,commerce_raider,38,39.484
1879.7.1,1879,ENG,frigate,8,8.358
1879.7.1,1879,ENG,ironclad,123,128.709
1879.7.1,1879,ENG,manowar,69,71.25
1879.7.1,1879,FRA,clipper_transport,108,129.369
1879.7.1,1879,FRA,commerce_raider,6,7.239
1879.7.1,1879,FRA,ironclad,56,69.865
1879.7.1,1879,SCA,ironclad,29,29.21
1879.7.1,1879,SCA,steam_transport,72,65.732
1879.7.1,1879,RUS,clipper_transport,72,77.305
1879.7.1,1879,GER,clipper_transport,74,87.508
1879.7.1,1879,GER,commerce_raider,20,24.853
1879.7.1,1879,GER,ironclad,29,36.25
1879.7.1,1879,NET,clipper_transport,12,14.869
1879.7.1,1879,NET,steam_transport,1,1.25
1879.7.1,1879,BEL,clipper_transport,30,34.639
1879.7.1,1879,BEL,ironclad,21,26.25
1879.7.1,1879,SPA,commerce_raider,1,0.279
1879.7.1,1879,SPA,ironclad,30,9.368
1879.7.1,1879,SPA,steam_transport,33,8.923
1879.7.1,1879,KUK,clipper_transport,20,1.162
1879.7.1,1879,AST,clipper_transport,67,3.635
1879.7.1,1879,AST,commerce_raider,7,0.369
1879.7.1,1879,AST,ironclad,44,5.791
1879.7.1,1879,WAL,clipper_transport,10,0.527
1879.7.1,1879,SAR,steam_transport,16,18.944
1879.7.1,1879,SIC,clipper_transport,10,12.5
1879.7.1,1879,TUR,clipper_transport,50,15.612
1879.7.1,1879,CHL,clipper_transport,30,29.01
1879.7.1,1879,CHI,clipper_transport,2,0.1
1879.7.1,1879,CHI,frigate,3,0.15
1879.7.1,1879,GXI,clipper_transport,1,0.05
1879.7.1,1879,GXI,frigate,1,0.05
1879.7.1,1879,JAP,clipper_transport,2,0.102
1879.7.1,1879,JAP,frigate,5,0.258
1879.7.1,1879,JAP,manowar,1,0.055
1879.7.1,1879,ALD,clipper_transport,2,1.704
1879.7.1,1879,ALD,manowar,1,1.041
1879.7.1,1879,MEX,clipper_transport,30,26.016
1879.7.1,1879,MEX,commerce_raider,1,0.051
1879.7.1,1879,MEX,ironclad,76,13.667
1879.7.1,1879,BRZ,clipper_transport,11,11.267
1879.7.1,1879,GUA,steam_transport,1,0.607
1879.8.1,1879,USA,clipper_transport,71,71.289
1879.8.1,1879,USA,ironclad,52,54.358
1879.8.1,1879,ENG,clipper_transport,201,206.334
1879.8.1,1879,ENG,commerce_raider,38,39.484
1879.8.1,1879,ENG,frigate,8,8.358
1879.8.1,1879,ENG,ironclad,123,128.709
1879.8.1,1879,ENG,manowar,69,71.25
1879.8.1,1879,FRA,clipper_transport,108,129.259
1879.8.1,1879,FRA,commerce_raider,6,7.239
1879.8.1,1879,FRA,ironclad,56,69.865
1879.8.1,1879,SCA,ironclad,29,32.675
1879.8.1,1879,SCA,steam_transport,72,77.161
1879.8.1,1879,RUS,clipper_transport,72,77.305
1879.8.1,1879,GER,clipper_transport,73,86.258
1879.8.1,1879,GER,commerce_raider,20,24.853
1879.8.1,1879,GER,ironclad,29,36.25
1879.8.1,1879,NET,clipper_transport,12,14.869
1879.8.1,1879,NET,steam_transport,1,1.25
1879.8.1,1879,BEL,clipper_transport,30,34.639
1879.8.1,1879,BEL,ironclad,22,27.5
1879.8.1,1879,SPA,commerce_raider,1,0.199
1879.8.1,1879,SPA,ironclad,30,7.008
1879.8.1,1879,SPA,steam_transport,33,6.271
1879.8.1,1879,KUK,clipper_transport,20,1.162
1879.8.1,1879,AST,clipper_transport,67,3.635
1879.8.1,1879,AST,commerce_raider,7,0.369
1879.8.1,1879,AST,ironclad,44,5.245
1879.8.1,1879,WAL,clipper_transport,10,0.527
1879.8.1,1879,SAR,steam_transport,16,18.944
1879.8.1,1879,SIC,clipper_transport,10,12.5
1879.8.1,1879,TUR,clipper_transport,50,16.166
1879.8.1,1879,CHL,clipper_transport,30,28.06
1879.8.1,1879,CHI,clipper_transport,2,0.1
1879.8.1,1879,CHI,frigate,3,0.15
1879.8.1,1879,GXI,clipper_transport,1,0.05
1879.8.1,1879,GXI,frigate,1,0.05
1879.8.1,1879,JAP,clipper_transport,2,0.102
1879.8.1,1879,JAP,frigate,5,0.26
1879.8.1,1879,JAP,manowar,1,0.061
1879.8.1,1879,ALD,clipper_transport,2,1.705
1879.8.1,1879,ALD,manowar,1,1.04
1879.8.1,1879,MEX,clipper_transport,44,42.449
1879.8.1,1879,MEX,commerce_raider,1,0.051
1879.8.1,1879,MEX,ironclad,76,12.912
1879.8.1,1879,BRZ,clipper_transport,11,11.267
1879.8.1,1879,GUA,steam_transport,1,0.656
1879.9.1,1879,USA,clipper_transport,72,73.315
1879.9.1,1879,USA,ironclad,53,55.951
1879.9.1,1879,ENG,clipper_transport,201,206.334
1879.9.1,1879,ENG,commerce_raider,38,39.484
1879.9.1,1879,ENG,frigate,8,8.358
1879.9.1,1879,ENG,ironclad,123,128.709
1879.9.1,1879,ENG,manowar,66,68.214
1879.9.1,1879,FRA,clipper_transport,108,129.259
1879.9.1,1879,FRA,commerce_raider,6,7.239
1879.9.1,1879,FRA,ironclad,56,69.865
1879.9.1,1879,SCA,ironclad,29,32.675
1879.9.1,1879,SCA,steam_transport,72,77.161
1879.9.1,1879,RUS,clipper_transport,72,77.305
1879.9.1,1879,GER,clipper_transport,73,86.258
1879.9.1,1879,GER,commerce_raider,20,24.853
1879.9.1,1879,GER,ironclad,29,36.25
1879.9.1,1879,NET,clipper_transport,12,14.869
1879.9.1,1879,NET,steam_transport,1,1.25
1879.9.1,1879,BEL,clipper_transport,30,34.612
1879.9.1,1879,BEL,ironclad,22,27.479
1879.9.1,1879,SPA,commerce_raider,1,0.12
1879.9.1,1879,SPA,ironclad,30,4.651
1879.9.1,1879,SPA,steam_transport,33,3.715
1879.9.1,1879,KUK,clipper_transport,20,1.162
1879.9.1,1879,AST,clipper_transport,67,3.635
1879.9.1,1879,AST,commerce_raider,7,0.369
1879.9.1,1879,AST,ironclad,44,4.845
1879.9.1,1879,WAL,clipper_transport,10,0.527
1879.9.1,1879,SAR,steam_transport,16,18.944
1879.9.1,1879,SIC,clipper_transport,10,12.5
1879.9.1,1879,TUR,clipper_transport,50,16.719
1879.9.1,1879,CHL,clipper_transport,30,26.291
1879.9.1,1879,CHI,clipper_transport,2,0.1
1879.9.1,1879,CHI,frigate,3,0.15
1879.9.1,1879,GXI,clipper_transport,1,0.05
1879.9.1,1879,GXI,frigate,1,0.05
1879.9.1,1879,JAP,clipper_transport,2,0.102
1879.9.1,1879,JAP,frigate,5,0.26
1879.9.1,1879,JAP,manowar,1,0.061
1879.9.1,1879,ALD,clipper_transport,2,1.726
1879.9.1,1879,ALD,manowar,1,1.039
1879.9.1,1879,MEX,clipper_transport,45,44.083
1879.9.1,1879,MEX,commerce_raider,1,0.051
1879.9.1,1879,MEX,ironclad,76,12.634
1879.9.1,1879,BRZ,clipper_transport,11,11.267
1879.9.1,1879,GUA,steam_transport,1,0.704
1879.10.1,1879,USA,clipper_transport,72,74.27
1879.10.1,1879,USA,ironclad,53,56.429
1879.10.1,1879,ENG,clipper_transport,201,206.334
1879.10.1,1879,ENG,commerce_raider,38,39.124
1879.10.1,1879,ENG,frigate,8,8.358
1879.10.1,1879,ENG,ironclad,112,110.983
1879.10.1,1879,ENG,manowar,64,65.933
1879.10.1,1879,FRA,clipper_transport,108,129.259
1879.10.1,1879,FRA,commerce_raider,6,7.239
1879.10.1,1879,FRA,ironclad,56,69.865
1879.10.1,1879,SCA,ironclad,29,32.675
1879.10.1,1879,SCA,steam_transport,72,77.161
1879.10.1,1879,RUS,clipper_transport,72,77.305
1879.10.1,1879,GER,clipper_transport,73,86.258
1879.10.1,1879,GER,commerce_raider,18,19.989
1879.10.1,1879,GER,ironclad,28,32.235
1879.10.1,1879,NET,clipper_transport,12,14.869
1879.10.1,1879,NET,steam_transport,1,1.25
1879.10.1,1879,BEL,clipper_transport,30,34.789
1879.10.1,1879,BEL,ironclad,22,22.783
1879.10.1,1879,SPA,commerce_raider,1,0.051
1879.10.1,1879,SPA,ironclad,30,2.821
1879.10.1,1879,SPA,steam_transport,33,2.049
1879.10.1,1879,KUK,clipper_transport,20,1.162
1879.10.1,1879,AST,clipper_transport,67,3.635
1879.10.1,1879,AST,commerce_raider,7,0.369
1879.10.1,1879,AST,ironclad,46,6.532
1879.10.1,1879,WAL,clipper_transport,10,0.527
1879.10.1,1879,SAR,steam_transport,16,18.944
1879.10.1,1879,SIC,clipper_transport,10,12.5
1879.10.1,1879,TUR,clipper_transport,50,15.856
1879.10.1,1879,CHL,clipper_transport,30,25.661
1879.10.1,1879,CHI,clipper_transport,2,0.1
1879.10.1,1879,CHI,frigate,3,0.15
1879.10.1,1879,GXI,clipper_transport,1,0.05
1879.10.1,1879,GXI,frigate,1,0.05
1879.10.1,1879,JAP,clipper_transport,2,0.102
1879.10.1,1879,JAP,frigate,5,0.264
1879.10.1,1879,JAP,manowar,1,0.069
1879.10.1,1879,ALD,clipper_transport,2,1.799
1879.10.1,1879,MEX,clipper_transport,50,50.512
1879.10.1,1879,MEX,commerce_raider,1,0.051
1879.10.1,1879,MEX,ironclad,76,12.339
1879.10.1,1879,BRZ,clipper_transport,11,11.267
1879.10.1,1879,GUA,steam_transport,1,0.698
1879.11.1,1879,USA,clipper_transport,73,76.325
1879.11.1,1879,USA,ironclad,54,58.011
1879.11.1,1879,ENG,clipper_transport,201,206.334
1879.11.1,1879,ENG,commerce_raider,35,35.993
1879.11.1,1879,ENG,frigate,8,8.358
1879.11.1,1879,ENG,ironclad,100,98.806
1879.11.1,1879,ENG,manowar,49,46.59
1879.11.1,1879,FRA,clipper_transport,108,129.259
1879.11.1,1879,FRA,commerce_raider,6,7.239
1879.11.1,1879,FRA,ironclad,56,69.865
1879.11.1,1879,SCA,ironclad,13,11.67
1879.11.1,1879,SCA,steam_transport,43,44.347
1879.11.1,1879,RUS,clipper_transport,72,77.305
1879.11.1,1879,GER,clipper_transport,73,86.258
1879.11.1,1879,GER,commerce_raider,12,9.924
1879.11.1,1879,GER,ironclad,23,18.684
1879.11.1,1879,NET,clipper_transport,12,14.869
1879.11.1,1879,NET,steam_transport,1,1.25
1879.11.1,1879,BEL,clipper_transport,29,33.621
1879.11.1,1879,BEL,ironclad,14,10.592
1879.11.1,1879,SPA,commerce_raider,1,0.051
1879.11.1,1879,SPA,ironclad,30,2.026
1879.11.1,1879,SPA,steam_transport,33,1.704
1879.11.1,1879,KUK,clipper_transport,20,1.162
1879.11.1,1879,AST,clipper_transport,67,3.635
1879.11.1,1879,AST,commerce_raider,7,0.369
1879.11.1,1879,AST,ironclad,48,7.95
1879.11.1,1879,AST,steam_transport,1,1.111
1879.11.1,1879,WAL,clipper_transport,10,0.527
1879.11.1,1879,SAR,steam_transport,16,18.944
1879.11.1,1879,SIC,clipper_transport,10,12.5
1879.11.1,1879,TUR,clipper_transport,50,13.666
1879.11.1,1879,CHL,clipper_transport,30,24.994
1879.11.1,1879,CHI,clipper_transport,2,0.1
1879.11.1,1879,CHI,frigate,3,0.15
1879.11.1,1879,GXI,clipper_transport,1,0.05
1879.11.1,1879,GXI,frigate,1,0.05
1879.11.1,1879,JAP,clipper_transport,2,0.102
1879.11.1,1879,JAP,frigate,5,0.264
1879.11.1,1879,JAP,manowar,1,0.069
1879.11.1,1879,ALD,clipper_transport,2,1.869
1879.11.1,1879,MEX,clipper_transport,52,53.168
1879.11.1,1879,MEX,commerce_raider,1,0.051
1879.11.1,1879,MEX,ironclad,76,12.061
1879.11.1,1879,BRZ,clipper_transport,11,11.267
1879.11.1,1879,GUA,steam_transport,1,0.664
1879.12.1,1879,USA,clipper_transport,76,80.52
1879.12.1,1879,USA,ironclad,54,58.478
1879.12.1,1879,ENG,clipper_transport,201,206.334
1879.12.1,1879,ENG,commerce_raider,35,35.993
1879.12.1,1879,ENG,frigate,8,8.358
1879.12.1,1879,ENG,ironclad,98,96.951
1879.12.1,1879,ENG,manowar,46,44.517
1879.12.1,1879,FRA,clipper_transport,108,129.259
1879.12.1,1879,FRA,commerce_raider,6,7.239
1879.12.1,1879,FRA,ironclad,56,69.865
1879.12.1,1879,SCA,ironclad,13,9.987
1879.12.1,1879,SCA,steam_transport,43,43.271
1879.12.1,1879,RUS,clipper_transport,72,77.305
1879.12.1,1879,GER,clipper_transport,73,86.258
1879.12.1,1879,GER,commerce_raider,12,11.903
1879.12.1,1879,GER,ironclad,17,14.214
1879.12.1,1879,NET,clipper_transport,12,14.869
1879.12.1,1879,NET,steam_transport,1,1.25
1879.12.1,1879,BEL,clipper_transport,29,33.154
1879.12.1,1879,BEL,ironclad,9,9.082
1879.12.1,1879,SPA,commerce_raider,1,0.051
1879.12.1,1879,SPA,ironclad,30,1.851
1879.12.1,1879,SPA,steam_transport,33,1.704
1879.12.1,1879,KUK,clipper_transport,20,1.167
1879.12.1,1879,AST,clipper_transport,67,3.635
1879.12.1,1879,AST,commerce_raider,7,0.369
1879.12.1,1879,AST,ironclad,49,8.18
1879.12.1,1879,AST,steam_transport,6,6.453
1879.12.1,1879,WAL,clipper_transport,10,0.527
1879.12.1,1879,SAR,steam_transport,16,18.944
1879.12.1,1879,SIC,clipper_transport,10,12.5
1879.12.1,1879,TUR,clipper_transport,50,9.127
1879.12.1,1879,CHL,clipper_transport,30,23.519
1879.12.1,1879,CHI,clipper_transport,2,0.1
1879.12.1,1879,CHI,frigate,3,0.15
1879.12.1,1879,GXI,clipper_transport,1,0.05
1879.12.1,1879,GXI,frigate,1,0.05
1879.12.1,1879,JAP,clipper_transport,2,0.102
1879.12.1,1879,JAP,frigate,5,0.264
1879.12.1,1879,JAP,manowar,1,0.069
1879.12.1,1879,ALD,clipper_transport,2,1.866
1879.12.1,1879,MEX,clipper_transport,52,53.494
1879.12.1,1879,MEX,commerce_raider,1,0.051
1879.12.1,1879,MEX,ironclad,76,11.748
1879.12.1,1879,BRZ,clipper_transport,11,11.267
1879.12.1,1879,GUA,steam_transport,1,0.631
1880.1.1,1880,USA,clipper_transport,76,80.799
1880.1.1,1880,USA,ironclad,54,58.618
1880.1.1,1880,ENG,clipper_transport,201,206.334
1880.1.1,1880,ENG,commerce_raider,35,35.993
1880.1.1,1880,ENG,frigate,8,8.358
1880.1.1,1880,ENG,ironclad,98,96.951
1880.1.1,1880,ENG,manowar,46,44.517
1880.1.1,1880,FRA,clipper_transport,108,129.259
1880.1.1,1880,FRA,commerce_raider,6,7.239
1880.1.1,1880,FRA,ironclad,56,69.865
1880.1.1,1880,SCA,ironclad,13,9.987
1880.1.1,1880,SCA,steam_transport,43,43.271
1880.1.1,1880,RUS,clipper_transport,72,77.305
1880.1.1,1880,GER,clipper_transport,73,86.258
1880.1.1,1880,GER,commerce_raider,12,13.317
1880.1.1,1880,GER,ironclad,17,17.782
1880.1.1,1880,NET,clipper_transport,12,14.869
1880.1.1,1880,NET,steam_transport,1,1.25
1880.1.1,1880,BEL,clipper_transport,29,33.618
1880.1.1,1880,BEL,ironclad,9,10.416
1880.1.1,1880,SPA,commerce_raider,1,0.051
1880.1.1,1880,SPA,ironclad,30,1.758
1880.1.1,1880,SPA,steam_transport,33,1.704
1880.1.1,1880,KUK,clipper_transport,20,1.167
1880.1.1,1880,AST,clipper_transport,67,3.635
1880.1.1,1880,AST,commerce_raider,7,0.369
1880.1.1,1880,AST,ironclad,50,8.322
1880.1.1,1880,AST,steam_transport,8,8.08
1880.1.1,1880,WAL,clipper_transport,10,0.527
1880.1.1,1880,SAR,steam_transport,16,18.944
1880.1.1,1880,SIC,clipper_transport,10,12.5
1880.1.1,1880,TUR,clipper_transport,50,4.436
1880.1.1,1880,CHL,clipper_transport,30,21.213
1880.1.1,1880,CHI,clipper_transport,2,0.1
1880.1.1,1880,CHI,frigate,3,0.15
1880.1.1,1880,GXI,clipper_transport,1,0.05
1880.1.1,1880,GXI,frigate,1,0.05
1880.1.1,1880,JAP,clipper_transport,2,0.102
1880.1.1,1880,JAP,frigate,5,0.264
1880.1.1,1880,JAP,manowar,1,0.069
1880.1.1,1880,ALD,clipper_transport,2,1.851
1880.1.1,1880,MEX,clipper_transport,69,73.606
1880.1.1,1880,MEX,commerce_raider,1,0.051
1880.1.1,1880,MEX,ironclad,76,11.422
1880.1.1,1880,BRZ,clipper_transport,11,11.267
1880.1.1,1880,GUA,steam_transport,1,0.597
1880.2.1,1880,USA,clipper_transport,76,80.799
1880.2.1,1880,USA,ironclad,54,58.618
1880.2.1,1880,ENG,clipper_transport,201,206.334
1880.2.1,1880,ENG,commerce_raider,35,35.993
1880.2.1,1880,ENG,frigate,8,8.358
1880.2.1,1880,ENG,ironclad,98,96.951
1880.2.1,1880,ENG,manowar,46,44.517
1880.2.1,1880,FRA,clipper_transport,108,129.259
1880.2.1,1880,FRA,commerce_raider,6,7.239
1880.2.1,1880,FRA,ironclad,56,69.865
1880.2.1,1880,SCA,ironclad,13,9.987
1880.2.1,1880,SCA,steam_transport,43,43.271
1880.2.1,1880,RUS,clipper_transport,72,77.305
1880.2.1,1880,GER,clipper_transport,73,86.258
1880.2.1,1880,GER,commerce_raider,12,14.162
1880.2.1,1880,GER,ironclad,17,19.517
1880.2.1,1880,NET,clipper_transport,12,14.869
1880.2.1,1880,NET,steam_transport,1,1.25
1880.2.1,1880,BEL,clipper_transport,29,33.631
1880.2.1,1880,BEL,ironclad,9,10.846
1880.2.1,1880,SPA,commerce_raider,1,0.051
1880.2.1,1880,SPA,ironclad,30,1.7
1880.2.1,1880,SPA,steam_transport,33,1.704
1880.2.1,1880,KUK,clipper_transport,20,1.167
1880.2.1,1880,AST,clipper_transport,67,3.635
1880.2.1,1880,AST,commerce_raider,7,0.369
1880.2.1,1880,AST,ironclad,50,7.493
1880.2.1,1880,AST,steam_transport,8,7.412
1880.2.1,1880,WAL,clipper_transport,10,0.527
1880.2.1,1880,SAR,steam_transport,16,18.944
1880.2.1,1880,SIC,clipper_transport,10,12.5
1880.2.1,1880,TUR,clipper_transport,50,16.934
1880.2.1,1880,CHL,clipper_transport,30,18.907
1880.2.1,1880,CHI,clipper_transport,2,0.1
1880.2.1,1880,CHI,frigate,3,0.15
1880.2.1,1880,GXI,clipper_transport,1,0.05
1880.2.1,1880,GXI,frigate,1,0.05
1880.2.1,1880,JAP,clipper_transport,2,0.102
1880.2.1,1880,JAP,frigate,5,0.258
1880.2.1,1880,JAP,manowar,1,0.052
1880.2.1,1880,ALD,clipper_transport,2,1.846
1880.2.1,1880,MEX,clipper_transport,69,73.976
1880.2.1,1880,MEX,commerce_raider,1,0.051
1880.2.1,1880,MEX,ironclad,76,11.11
1880.2.1,1880,BRZ,clipper_transport,11,11.114
1880.2.1,1880,GUA,steam_transport,1,0.562
1880.3.1,1880,USA,clipper_transport,77,81.867
1880.3.1,1880,USA,ironclad,54,58.552
1880.3.1,1880,ENG,clipper_transport,201,206.334
1880.3.1,1880,ENG,commerce_raider,35,35.993
1880.3.1,1880,ENG,frigate,8,8.358
1880.3.1,1880,ENG,ironclad,98,96.951
1880.3.1,1880,ENG,manowar,46,44.517
1880.3.1,1880,FRA,clipper_transport,108,129.259
1880.3.1,1880,FRA,commerce_raider,6,7.239
1880.3.1,1880,FRA,ironclad,56,69.865
1880.3.1,1880,SCA,ironclad,13,9.987
1880.3.1,1880,SCA,steam_transport,43,43.271
1880.3.1,1880,RUS,clipper_transport,72,77.305
1880.3.1,1880,GER,clipper_transport,73,86.258
1880.3.1,1880,GER,commerce_raider,12,14.509
1880.3.1,1880,GER,ironclad,17,20.286
1880.3.1,1880,NET,clipper_transport,12,14.869
1880.3.1,1880,NET,steam_transport,1,1.25
1880.3.1,1880,BEL,clipper_transport,29,33.631
1880.3.1,1880,BEL,ironclad,9,10.85
1880.3.1,1880,SPA,commerce_raider,1,0.051
1880.3.1,1880,SPA,ironclad,30,1.649
1880.3.1,1880,SPA,steam_transport,33,1.704
1880.3.1,1880,KUK,clipper_transport,20,1.167
1880.3.1,1880,AST,clipper_transport,67,3.635
1880.3.1,1880,AST,commerce_raider,7,0.369
1880.3.1,1880,AST,ironclad,50,6.884
1880.3.1,1880,AST,steam_transport,9,7.882
1880.3.1,1880,WAL,clipper_transport,10,0.527
1880.3.1,1880,SAR,steam_transport,16,18.944
1880.3.1,1880,SIC,clipper_transport,10,12.5
1880.3.1,1880,TUR,clipper_transport,50,29.815
1880.3.1,1880,CHL,clipper_transport,30,16.826
1880.3.1,1880,CHI,clipper_transport,2,0.1
1880.3.1,1880,CHI,frigate,3,0.15
1880.3.1,1880,GXI,clipper_transport,1,0.05
1880.3.1,1880,GXI,frigate,1,0.05
1880.3.1,1880,JAP,clipper_transport,2,0.102
1880.3.1,1880,JAP,frigate,5,0.264
1880.3.1,1880,JAP,manowar,1,0.069
1880.3.1,1880,ALD,clipper_transport,2,1.84
1880.3.1,1880,MEX,clipper_transport,69,76.668
1880.3.1,1880,MEX,commerce_raider,1,0.307
1880.3.1,1880,MEX,ironclad,76,30.425
1880.3.1,1880,BRZ,clipper_transport,11,10.929
1880.3.1,1880,GUA,steam_transport,1,0.534
1880.4.1,1880,USA,clipper_transport,77,82.08
1880.4.1,1880,USA,ironclad,54,58.379
1880.4.1,1880,ENG,clipper_transport,201,206.334
1880.4.1,1880,ENG,commerce_raider,35,35.993
1880.4.1,1880,ENG,frigate,8,8.358
1880.4.1,1880,ENG,ironclad,105,104.319
1880.4.1,1880,ENG,manowar,46,44.517
1880.4.1,1880,FRA,clipper_transport,108,129.259
1880.4.1,1880,FRA,commerce_raider,6,7.239
1880.4.1,1880,FRA,ironclad,56,69.865
1880.4.1,1880,SCA,ironclad,13,9.987
1880.4.1,1880,SCA,steam_transport,43,43.271
1880.4.1,1880,RUS,clipper_transport,72,77.305
1880.4.1,1880,GER,clipper_transport,73,86.258
1880.4.1,1880,GER,commerce_raider,12,14.509
1880.4.1,1880,GER,ironclad,17,20.286
1880.4.1,1880,NET,clipper_transport,12,14.869
1880.4.1,1880,NET,steam_transport,1,1.25
1880.4.1,1880,BEL,clipper_transport,29,33.631
1880.4.1,1880,BEL,ironclad,9,10.85
1880.4.1,1880,SPA,commerce_raider,1,0.051
1880.4.1,1880,SPA,ironclad,30,1.591
1880.4.1,1880,SPA,steam_transport,33,1.704
1880.4.1,1880,KUK,clipper_transport,20,1.167
1880.4.1,1880,AST,clipper_transport,67,3.635
1880.4.1,1880,AST,commerce_raider,7,0.369
1880.4.1,1880,AST,ironclad,50,6.341
1880.4.1,1880,AST,steam_transport,9,7.13
1880.4.1,1880,WAL,clipper_transport,10,0.527
1880.4.1,1880,SAR,steam_transport,16,18.944
1880.4.1,1880,SIC,clipper_transport,10,12.5
1880.4.1,1880,TUR,clipper_transport,50,42.476
1880.4.1,1880,CHL,clipper_transport,30,14.52
1880.4.1,1880,CHI,clipper_transport,2,0.1
1880.4.1,1880,CHI,frigate,3,0.15
1880.4.1,1880,GXI,clipper_transport,1,0.05
1880.4.1,1880,GXI,frigate,1,0.05
1880.4.1,1880,JAP,clipper_transport,2,0.102
1880.4.1,1880,JAP,frigate,5,0.264
1880.4.1,1880,JAP,manowar,1,0.069
1880.4.1,1880,ALD,clipper_transport,2,1.871
1880.4.1,1880,MEX,clipper_transport,73,81.735
1880.4.1,1880,MEX,commerce_raider,1,0.544
1880.4.1,1880,MEX,ironclad,76,47.615
1880.4.1,1880,BRZ,clipper_transport,11,11.256
1880.4.1,1880,GUA,steam_transport,1,0.5
1880.5.1,1880,USA,clipper_transport,77,82.373
1880.5.1,1880,USA,ironclad,54,58.217
1880.5.1,1880,ENG,clipper_transport,201,208.128
1880.5.1,1880,ENG,commerce_raider,35,36.022
1880.5.1,1880,ENG,frigate,8,8.356
1880.5.1,1880,ENG,ironclad,110,109.582
1880.5.1,1880,ENG,manowar,46,44.522
1880.5.1,1880,FRA,clipper_transport,108,129.259
1880.5.1,1880,FRA,commerce_raider,6,7.239
1880.5.1,1880,FRA,ironclad,56,69.865
1880.5.1,1880,SCA,ironclad,13,11.636
1880.5.1,1880,SCA,steam_transport,43,44.761
1880.5.1,1880,RUS,clipper_transport,72,77.305
1880.5.1,1880,GER,clipper_transport,73,86.258
1880.5.1,1880,GER,commerce_raider,12,14.509
1880.5.1,1880,GER,ironclad,17,20.286
1880.5.1,1880,NET,clipper_transport,12,14.869
1880.5.1,1880,NET,steam_transport,1,1.25
1880.5.1,1880,BEL,clipper_transport,29,33.631
1880.5.1,1880,BEL,ironclad,9,10.85
1880.5.1,1880,SPA,commerce_raider,1,0.051
1880.5.1,1880,SPA,ironclad,30,1.563
1880.5.1,1880,SPA,steam_transport,33,1.704
1880.5.1,1880,KUK,clipper_transport,20,1.167
1880.5.1,1880,AST,clipper_transport,67,3.547
1880.5.1,1880,AST,commerce_raider,7,0.369
1880.5.1,1880,AST,ironclad,50,5.817
1880.5.1,1880,AST,steam_transport,9,6.404
1880.5.1,1880,WAL,clipper_transport,10,0.527
1880.5.1,1880,SAR,steam_transport,16,18.944
1880.5.1,1880,SIC,clipper_transport,10,12.5
1880.5.1,1880,TUR,clipper_transport,50,42.476
1880.5.1,1880,CHL,clipper_transport,30,12.289
1880.5.1,1880,CHI,clipper_transport,2,0.1
1880.5.1,1880,CHI,frigate,3,0.15
1880.5.1,1880,GXI,clipper_transport,1,0.05
1880.5.1,1880,GXI,frigate,1,0.05
1880.5.1,1880,JAP,clipper_transport,2,0.102
1880.5.1,1880,JAP,frigate,5,0.264
1880.5.1,1880,JAP,manowar,1,0.069
1880.5.1,1880,ALD,clipper_transport,2,1.871
1880.5.1,1880,MEX,clipper_transport,74,82.896
1880.5.1,1880,MEX,commerce_raider,1,0.798
1880.5.1,1880,MEX,ironclad,76,64.632
1880.5.1,1880,BRZ,clipper_transport,11,11.235
1880.5.1,1880,GUA,steam_transport,1,0.467
1880.6.1,1880,USA,clipper_transport,77,80.724
1880.6.1,1880,USA,ironclad,54,56.562
1880.6.1,1880,ENG,clipper_transport,201,208.128
1880.6.1,1880,ENG,commerce_raider,35,36.022
1880.6.1,1880,ENG,frigate,8,8.356
1880.6.1,1880,ENG,ironclad,110,109.582
1880.6.1,1880,ENG,manowar,46,44.522
1880.6.1,1880,FRA,clipper_transport,108,129.259
1880.6.1,1880,FRA,commerce_raider,6,7.239
1880.6.1,1880,FRA,ironclad,56,69.865
1880.6.1,1880,SCA,ironclad,13,13.066
1880.6.1,1880,SCA,steam_transport,43,45.629
1880.6.1,1880,RUS,clipper_transport,72,77.305
1880.6.1,1880,GER,clipper_transport,73,86.258
1880.6.1,1880,GER,commerce_raider,12,14.509
1880.6.1,1880,GER,ironclad,17,20.286
1880.6.1,1880,NET,clipper_transport,12,14.869
1880.6.1,1880,NET,steam_transport,1,1.25
1880.6.1,1880,BEL,clipper_transport,29,33.631
1880.6.1,1880,BEL,ironclad,9,10.85
1880.6.1,1880,SPA,commerce_raider,1,0.051
1880.6.1,1880,SPA,ironclad,30,1.657
1880.6.1,1880,SPA,steam_transport,33,1.704
1880.6.1,1880,KUK,clipper_transport,20,1.167
1880.6.1,1880,AST,clipper_transport,67,3.547
1880.6.1,1880,AST,commerce_raider,7,0.369
1880.6.1,1880,AST,ironclad,50,5.325
1880.6.1,1880,AST,steam_transport,9,5.654
1880.6.1,1880,WAL,clipper_transport,10,0.527
1880.6.1,1880,SAR,steam_transport,16,18.944
1880.6.1,1880,SIC,clipper_transport,10,12.5
1880.6.1,1880,TUR,clipper_transport,50,42.476
1880.6.1,1880,CHL,clipper_transport,30,9.983
1880.6.1,1880,CHI,clipper_transport,2,0.1
1880.6.1,1880,CHI,frigate,3,0.15
1880.6.1,1880,GXI,clipper_transport,1,0.05
1880.6.1,1880,GXI,frigate,1,0.05
1880.6.1,1880,JAP,clipper_transport,2,0.102
1880.6.1,1880,JAP,frigate,5,0.264
1880.6.1,1880,JAP,manowar,1,0.069
1880.6.1,1880,ALD,clipper_transport,2,1.865
1880.6.1,1880,MEX,clipper_transport,74,82.896
1880.6.1,1880,MEX,commerce_raider,1,0.798
1880.6.1,1880,MEX,ironclad,76,65.181
1880.6.1,1880,BRZ,clipper_transport,11,10.848
1880.6.1,1880,GUA,steam_transport,1,0.433
1880.7.1,1880,USA,clipper_transport,77,80.146
1880.7.1,1880,USA,ironclad,55,56.689
1880.7.1,1880,ENG,clipper_transport,201,208.128
1880.7.1,1880,ENG,commerce_raider,35,36.022
1880.7.1,1880,ENG,frigate,8,8.356
1880.7.1,1880,ENG,ironclad,110,109.582
1880.7.1,1880,ENG,manowar,46,44.522
1880.7.1,1880,FRA,clipper_transport,108,129.259
1880.7.1,1880,FRA,commerce_raider,6,7.239
1880.7.1,1880,FRA,ironclad,56,69.865
1880.7.1,1880,SCA,ironclad,13,14.175
1880.7.1,1880,SCA,steam_transport,43,46.069
1880.7.1,1880,RUS,clipper_transport,72,77.305
1880.7.1,1880,GER,clipper_transport,73,86.258
1880.7.1,1880,GER,commerce_raider,12,14.509
1880.7.1,1880,GER,ironclad,17,20.286
1880.7.1,1880,NET,clipper_transport,12,14.869
1880.7.1,1880,NET,steam_transport,1,1.25
1880.7.1,1880,BEL,clipper_transport,29,33.631
1880.7.1,1880,BEL,ironclad,10,12.1
1880.7.1,1880,SPA,commerce_raider,1,0.051
1880.7.1,1880,SPA,ironclad,30,1.701
1880.7.1,1880,SPA,steam_transport,33,1.827
1880.7.1,1880,KUK,clipper_transport,20,1.167
1880.7.1,1880,AST,clipper_transport,67,3.547
1880.7.1,1880,AST,commerce_raider,7,0.369
1880.7.1,1880,AST,ironclad,50,4.829
1880.7.1,1880,AST,steam_transport,9,4.928
1880.7.1,1880,WAL,clipper_transport,10,0.527
1880.7.1,1880,SAR,steam_transport,16,18.944
1880.7.1,1880,SIC,clipper_transport,10,12.5
1880.7.1,1880,TUR,clipper_transport,50,42.476
1880.7.1,1880,CHL,clipper_transport,30,7.857
1880.7.1,1880,CHI,clipper_transport,2,0.1
1880.7.1,1880,CHI,frigate,3,0.15
1880.7.1,1880,GXI,clipper_transport,1,0.05
1880.7.1,1880,GXI,frigate,1,0.05
1880.7.1,1880,JAP,clipper_transport,2,0.102
1880.7.1,1880,JAP,frigate,5,0.264
1880.7.1,1880,JAP,manowar,1,0.069
1880.7.1,1880,ALD,clipper_transport,2,1.9
1880.7.1,1880,MEX,clipper_transport,74,82.896
1880.7.1,1880,MEX,commerce_raider,1,0.798
1880.7.1,1880,MEX,ironclad,76,65.666
1880.7.1,1880,BRZ,clipper_transport,11,8.532
1880.7.1,1880,GUA,steam_transport,1,0.4
1880.8.1,1880,USA,clipper_transport,77,78.911
1880.8.1,1880,USA,ironclad,55,55.79
1880.8.1,1880,ENG,clipper_transport,201,208.128
1880.8.1,1880,ENG,commerce_raider,35,36.022
1880.8.1,1880,ENG,frigate,8,8.356
1880.8.1,1880,ENG,ironclad,110,109.582
1880.8.1,1880,ENG,manowar,46,44.522
1880.8.1,1880,FRA,clipper_transport,108,129.259
1880.8.1,1880,FRA,commerce_raider,6,7.239
1880.8.1,1880,FRA,ironclad,56,69.865
1880.8.1,1880,SCA,ironclad,13,14.335
1880.8.1,1880,SCA,steam_transport,43,46.302
1880.8.1,1880,RUS,clipper_transport,72,77.305
1880.8.1,1880,GER,clipper_transport,73,86.258
1880.8.1,1880,GER,commerce_raider,12,14.509
1880.8.1,1880,GER,ironclad,17,20.286
1880.8.1,1880,NET,clipper_transport,12,14.869
1880.8.1,1880,NET,steam_transport,1,1.25
1880.8.1,1880,BEL,clipper_transport,29,33.631
1880.8.1,1880,BEL,ironclad,10,12.1
1880.8.1,1880,SPA,commerce_raider,1,0.051
1880.8.1,1880,SPA,ironclad,30,1.743
1880.8.1,1880,SPA,steam_transport,33,1.869
1880.8.1,1880,KUK,clipper_transport,20,1.167
1880.8.1,1880,AST,clipper_transport,67,3.547
1880.8.1,1880,AST,commerce_raider,7,0.369
1880.8.1,1880,AST,ironclad,53,7.541
1880.8.1,1880,AST,steam_transport,9,4.178
1880.8.1,1880,WAL,clipper_transport,10,0.527
1880.8.1,1880,SAR,steam_transport,16,18.944
1880.8.1,1880,SIC,clipper_transport,10,12.5
1880.8.1,1880,TUR,clipper_transport,50,42.476
1880.8.1,1880,CHL,clipper_transport,30,5.853
1880.8.1,1880,CHI,clipper_transport,2,0.1
1880.8.1,1880,CHI,frigate,3,0.15
1880.8.1,1880,GXI,clipper_transport,1,0.05
1880.8.1,1880,GXI,frigate,1,0.05
1880.8.1,1880,JAP,clipper_transport,2,0.102
1880.8.1,1880,JAP,frigate,5,0.264
1880.8.1,1880,JAP,manowar,1,0.069
1880.8.1,1880,ALD,clipper_transport,2,1.888
1880.8.1,1880,MEX,clipper_transport,74,82.896
1880.8.1,1880,MEX,commerce_raider,1,1.019
1880.8.1,1880,MEX,ironclad,76,78.9
1880.8.1,1880,BRZ,clipper_transport,11,7.028
1880.8.1,1880,GUA,steam_transport,1,0.366
1880.9.1,1880,USA,clipper_transport,77,79.555
1880.9.1,1880,USA,ironclad,55,55.932
1880.9.1,1880,ENG,clipper_transport,201,208.128
1880.9.1,1880,ENG,commerce_raider,35,36.022
1880.9.1,1880,ENG,frigate,8,8.356
1880.9.1,1880,ENG,ironclad,110,109.582
1880.9.1,1880,ENG,manowar,46,44.522
1880.9.1,1880,FRA,clipper_transport,108,129.259
1880.9.1,1880,FRA,commerce_raider,6,7.239
1880.9.1,1880,FRA,ironclad,56,69.865
1880.9.1,1880,SCA,ironclad,13,14.335
1880.9.1,1880,SCA,steam_transport,43,46.302
1880.9.1,1880,RUS,clipper_transport,72,77.305
1880.9.1,1880,GER,clipper_transport,73,86.258
1880.9.1,1880,GER,commerce_raider,12,14.509
1880.9.1,1880,GER,ironclad,17,20.286
1880.9.1,1880,NET,clipper_transport,12,14.869
1880.9.1,1880,NET,steam_transport,1,1.25
1880.9.1,1880,BEL,clipper_transport,29,33.631
1880.9.1,1880,BEL,ironclad,11,13.35
1880.9.1,1880,SPA,commerce_raider,1,0.051
1880.9.1,1880,SPA,ironclad,30,1.785
1880.9.1,1880,SPA,steam_transport,33,1.79
1880.9.1,1880,KUK,clipper_transport,20,1.167
1880.9.1,1880,AST,clipper_transport,67,3.547
1880.9.1,1880,AST,commerce_raider,7,0.369
1880.9.1,1880,AST,ironclad,55,8.914
1880.9.1,1880,AST,steam_transport,9,3.428
1880.9.1,1880,WAL,clipper_transport,10,0.527
1880.9.1,1880,SAR,steam_transport,16,18.944
1880.9.1,1880,SIC,clipper_transport,10,12.5
1880.9.1,1880,TUR,clipper_transport,50,42.476
1880.9.1,1880,CHL,clipper_transport,30,4.106
1880.9.1,1880,CHI,clipper_transport,2,0.1
1880.9.1,1880,CHI,frigate,3,0.15
1880.9.1,1880,GXI,clipper_transport,1,0.05
1880.9.1,1880,GXI,frigate,1,0.05
1880.9.1,1880,JAP,clipper_transport,2,0.102
1880.9.1,1880,JAP,frigate,5,0.258
1880.9.1,1880,JAP,manowar,1,0.051
1880.9.1,1880,ALD,clipper_transport,2,1.879
1880.9.1,1880,MEX,clipper_transport,75,83.855
1880.9.1,1880,MEX,commerce_raider,1,1.014
1880.9.1,1880,MEX,ironclad,76,78.134
1880.9.1,1880,BRZ,clipper_transport,11,6.025
1880.9.1,1880,GUA,steam_transport,1,0.332
1880.10.1,1880,USA,clipper_transport,77,79.369
1880.10.1,1880,USA,ironclad,55,55.791
1880.10.1,1880,ENG,clipper_transport,201,208.128
1880.10.1,1880,ENG,commerce_raider,35,36.022
1880.10.1,1880,ENG,frigate,8,8.356
1880.10.1,1880,ENG,ironclad,110,109.582
1880.10.1,1880,ENG,manowar,46,44.522
1880.10.1,1880,FRA,clipper_transport,108,129.259
1880.10.1,1880,FRA,commerce_raider,6,7.239
1880.10.1,1880,FRA,ironclad,56,69.865
1880.10.1,1880,SCA,ironclad,13,14.335
1880.10.1,1880,SCA,steam_transport,43,46.302
1880.10.1,1880,RUS,clipper_transport,72,77.305
1880.10.1,1880,GER,clipper_transport,73,86.258
1880.10.1,1880,GER,commerce_raider,12,14.509
1880.10.1,1880,GER,ironclad,17,20.286
1880.10.1,1880,NET,clipper_transport,12,14.844
1880.10.1,1880,NET,steam_transport,1,1.25
1880.10.1,1880,BEL,clipper_transport,29,33.631
1880.10.1,1880,BEL,ironclad,11,13.35
1880.10.1,1880,SPA,commerce_raider,1,0.051
1880.10.1,1880,SPA,ironclad,30,1.829
1880.10.1,1880,SPA,steam_transport,33,1.753
1880.10.1,1880,KUK,clipper_transport,20,1.167
1880.10.1,1880,AST,clipper_transport,67,3.547
1880.10.1,1880,AST,commerce_raider,7,0.369
1880.10.1,1880,AST,ironclad,56,9.094
1880.10.1,1880,AST,steam_transport,9,2.703
1880.10.1,1880,WAL,clipper_transport,10,0.527
1880.10.1,1880,SAR,steam_transport,16,18.921
1880.10.1,1880,SIC,clipper_transport,10,12.5
1880.10.1,1880,TUR,clipper_transport,50,42.476
1880.10.1,1880,CHL,clipper_transport,30,2.575
1880.10.1,1880,CHI,clipper_transport,2,0.1
1880.10.1,1880,CHI,frigate,3,0.15
1880.10.1,1880,GXI,clipper_transport,1,0.05
1880.10.1,1880,GXI,frigate,1,0.05
1880.10.1,1880,JAP,clipper_transport,2,0.102
1880.10.1,1880,JAP,frigate,5,0.258
1880.10.1,1880,JAP,manowar,1,0.051
1880.10.1,1880,ALD,clipper_transport,2,1.89
1880.10.1,1880,MEX,clipper_transport,75,83.768
1880.10.1,1880,MEX,commerce_raider,1,0.979
1880.10.1,1880,MEX,ironclad,76,74.46
1880.10.1,1880,BRZ,clipper_transport,11,5.055
1880.10.1,1880,GUA,steam_transport,1,0.299
1880.11.1,1880,USA,clipper_transport,78,80.355
1880.11.1,1880,USA,ironclad,55,55.602
1880.11.1,1880,ENG,clipper_transport,201,208.128
1880.11.1,1880,ENG,commerce_raider,35,36.001
1880.11.1,1880,ENG,frigate,8,8.356
1880.11.1,1880,ENG,ironclad,109,110.042
1880.11.1,1880,ENG,manowar,46,44.772
1880.11.1,1880,FRA,clipper_transport,108,129.259
1880.11.1,1880,FRA,commerce_raider,6,7.239
1880.11.1,1880,FRA,ironclad,56,69.865
1880.11.1,1880,SCA,ironclad,13,14.335
1880.11.1,1880,SCA,steam_transport,43,46.302
1880.11.1,1880,RUS,clipper_transport,72,77.305
1880.11.1,1880,GER,clipper_transport,73,86.258
1880.11.1,1880,GER,commerce_raider,12,14.509
1880.11.1,1880,GER,ironclad,17,20.286
1880.11.1,1880,NET,clipper_transport,12,14.844
1880.11.1,1880,NET,steam_transport,1,1.25
1880.11.1,1880,BEL,clipper_transport,29,33.631
1880.11.1,1880,BEL,ironclad,11,13.35
1880.11.1,1880,SPA,commerce_raider,1,0.306
1880.11.1,1880,SPA,ironclad,30,9.438
1880.11.1,1880,SPA,steam_transport,33,1.741
1880.11.1,1880,KUK,clipper_transport,20,1.167
1880.11.1,1880,AST,clipper_transport,67,16.177
1880.11.1,1880,AST,commerce_raider,7,1.986
1880.11.1,1880,AST,ironclad,56,20.312
1880.11.1,1880,AST,steam_transport,9,4.509
1880.11.1,1880,WAL,clipper_transport,10,0.527
1880.11.1,1880,SAR,steam_transport,16,18.818
1880.11.1,1880,SIC,clipper_transport,10,12.5
1880.11.1,1880,TUR,clipper_transport,50,42.476
1880.11.1,1880,CHL,clipper_transport,30,1.895
1880.11.1,1880,CHI,clipper_transport,2,0.1
1880.11.1,1880,CHI,frigate,3,0.15
1880.11.1,1880,GXI,clipper_transport,1,0.05
1880.11.1,1880,GXI,frigate,1,0.05
1880.11.1,1880,JAP,clipper_transport,2,0.102
1880.11.1,1880,JAP,frigate,5,0.258
1880.11.1,1880,JAP,manowar,1,0.051
1880.11.1,1880,ALD,clipper_transport,2,1.899
1880.11.1,1880,MEX,clipper_transport,75,83.859
1880.11.1,1880,MEX,commerce_raider,1,0.979
1880.11.1,1880,MEX,ironclad,76,74.46
1880.11.1,1880,BRZ,clipper_transport,11,4.053
1880.11.1,1880,GUA,steam_transport,1,0.265
1880.12.1,1880,USA,clipper_transport,78,83.97
1880.12.1,1880,USA,ironclad,55,58.651
1880.12.1,1880,ENG,clipper_transport,201,208.128
1880.12.1,1880,ENG,commerce_raider,35,35.958
1880.12.1,1880,ENG,frigate,8,8.356
1880.12.1,1880,ENG,ironclad,115,114.519
1880.12.1,1880,ENG,manowar,45,43.719
1880.12.1,1880,FRA,clipper_transport,108,129.259
1880.12.1,1880,FRA,commerce_raider,6,7.239
1880.12.1,1880,FRA,ironclad,56,69.865
1880.12.1,1880,SCA,ironclad,13,14.335
1880.12.1,1880,SCA,steam_transport,43,46.302
1880.12.1,1880,RUS,clipper_transport,72,77.305
1880.12.1,1880,GER,clipper_transport,73,86.258
1880.12.1,1880,GER,commerce_raider,12,14.361
1880.12.1,1880,GER,ironclad,17,19.44
1880.12.1,1880,NET,clipper_transport,12,14.844
1880.12.1,1880,NET,steam_transport,1,1.25
1880.12.1,1880,BEL,clipper_transport,29,33.631
1880.12.1,1880,BEL,ironclad,10,12.1
1880.12.1,1880,SPA,commerce_raider,1,0.56
1880.12.1,1880,SPA,ironclad,30,17.069
1880.12.1,1880,SPA,steam_transport,33,10.236
1880.12.1,1880,KUK,clipper_transport,20,1.167
1880.12.1,1880,AST,clipper_transport,67,26.16
1880.12.1,1880,AST,commerce_raider,7,3.592
1880.12.1,1880,AST,ironclad,56,29.022
1880.12.1,1880,AST,steam_transport,9,6.644
1880.12.1,1880,WAL,clipper_transport,10,0.527
1880.12.1,1880,SAR,steam_transport,16,18.769
1880.12.1,1880,SIC,clipper_transport,10,12.5
1880.12.1,1880,TUR,clipper_transport,50,42.476
1880.12.1,1880,CHL,clipper_transport,30,1.772
1880.12.1,1880,CHI,clipper_transport,2,0.1
1880.12.1,1880,CHI,frigate,3,0.15
1880.12.1,1880,GXI,clipper_transport,1,0.05
1880.12.1,1880,GXI,frigate,1,0.05
1880.12.1,1880,JAP,clipper_transport,2,0.102
1880.12.1,1880,JAP,frigate,5,0.258
1880.12.1,1880,JAP,manowar,1,0.051
1880.12.1,1880,ALD,clipper_transport,2,1.894
1880.12.1,1880,MEX,clipper_transport,79,88.368
1880.12.1,1880,MEX,commerce_raider,1,0.979
1880.12.1,1880,MEX,ironclad,76,74.304
1880.12.1,1880,BRZ,clipper_transport,11,3.083
1880.12.1,1880,GUA,steam_transport,1,0.232
1881.1.1,1881,USA,clipper_transport,78,82.292
1881.1.1,1881,USA,ironclad,55,57.538
1881.1.1,1881,ENG,clipper_transport,201,208.128
1881.1.1,1881,ENG,commerce_raider,35,35.958
1881.1.1,1881,ENG,frigate,8,8.356
1881.1.1,1881,ENG,ironclad,117,115.832
1881.1.1,1881,ENG,manowar,44,42.667
1881.1.1,1881,FRA,clipper_transport,88,104.573
1881.1.1,1881,FRA,commerce_raider,6,7.239
1881.1.1,1881,FRA,ironclad,56,69.865
1881.1.1,1881,SCA,ironclad,13,14.335
1881.1.1,1881,SCA,steam_transport,43,46.302
1881.1.1,1881,RUS,clipper_transport,72,77.305
1881.1.1,1881,GER,clipper_transport,73,86.258
1881.1.1,1881,GER,commerce_raider,12,14.361
1881.1.1,1881,GER,ironclad,17,19.22
1881.1.1,1881,BEL,clipper_transport,29,33.631
1881.1.1,1881,BEL,ironclad,10,12.1
1881.1.1,1881,SPA,commerce_raider,1,0.56
1881.1.1,1881,SPA,ironclad,41,28.648
1881.1.1,1881,SPA,steam_transport,33,18.693
1881.1.1,1881,KUK,clipper_transport,20,1.167
1881.1.1,1881,AST,clipper_transport,67,36.039
1881.1.1,1881,AST,commerce_raider,7,5.188
1881.1.1,1881,AST,ironclad,56,37.633
1881.1.1,1881,AST,steam_transport,9,8.686
1881.1.1,1881,WAL,clipper_transport,10,0.527
1881.1.1,1881,SAR,steam_transport,16,18.771
1881.1.1,1881,SIC,clipper_transport,10,12.5
1881.1.1,1881,CHL,clipper_transport,30,1.707
1881.1.1,1881,CHI,clipper_transport,2,0.1
1881.1.1,1881,CHI,frigate,3,0.15
1881.1.1,1881,GXI,clipper_transport,1,0.05
1881.1.1,1881,GXI,frigate,1,0.05
1881.1.1,1881,JAP,clipper_transport,2,0.102
1881.1.1,1881,JAP,frigate,5,0.258
1881.1.1,1881,JAP,manowar,1,0.051
1881.1.1,1881,ALD,clipper_transport,2,1.883
1881.1.1,1881,MEX,clipper_transport,79,88.477
1881.1.1,1881,MEX,commerce_raider,1,0.979
1881.1.1,1881,MEX,ironclad,76,74.304
1881.1.1,1881,BRZ,clipper_transport,11,2.081
1881.1.1,1881,GUA,steam_transport,1,0.198
1881.2.1,1881,USA,clipper_transport,78,75.71
1881.2.1,1881,USA,ironclad,55,52.947
1881.2.1,1881,ENG,clipper_transport,201,208.128
1881.2.1,1881,ENG,commerce_raider,35,35.958
1881.2.1,1881,ENG,frigate,8,8.356
1881.2.1,1881,ENG,ironclad,112,110.877
1881.2.1,1881,ENG,manowar,44,42.667
1881.2.1,1881,FRA,clipper_transport,88,104.573
1881.2.1,1881,FRA,commerce_raider,6,7.239
1881.2.1,1881,FRA,ironclad,56,69.803
1881.2.1,1881,SCA,ironclad,12,12.918
1881.2.1,1881,SCA,steam_transport,26,25.715
1881.2.1,1881,RUS,clipper_transport,72,77.305
1881.2.1,1881,GER,clipper_transport,73,86.258
1881.2.1,1881,GER,commerce_raider,12,14.233
1881.2.1,1881,GER,ironclad,17,19.682
1881.2.1,1881,BEL,clipper_transport,29,33.631
1881.2.1,1881,BEL,ironclad,10,12.1
1881.2.1,1881,SPA,commerce_raider,1,0.56
1881.2.1,1881,SPA,ironclad,45,32.858
1881.2.1,1881,SPA,steam_transport,33,27.114
1881.2.1,1881,KUK,clipper_transport,20,1.167
1881.2.1,1881,AST,clipper_transport,67,46.536
1881.2.1,1881,AST,commerce_raider,7,6.776
1881.2.1,1881,AST,ironclad,56,46.758
1881.2.1,1881,AST,steam_transport,9,8.686
1881.2.1,1881,WAL,clipper_transport,10,0.527
1881.2.1,1881,SAR,steam_transport,16,18.771
1881.2.1,1881,SIC,clipper_transport,10,12.5
1881.2.1,1881,CHL,clipper_transport,30,1.65
1881.2.1,1881,CHI,clipper_transport,2,0.1
1881.2.1,1881,CHI,frigate,3,0.15
1881.2.1,1881,GXI,clipper_transport,1,0.05
1881.2.1,1881,GXI,frigate,1,0.05
1881.2.1,1881,JAP,clipper_transport,2,0.102
1881.2.1,1881,JAP,frigate,5,0.258
1881.2.1,1881,JAP,manowar,1,0.051
1881.2.1,1881,ALD,clipper_transport,2,1.877
1881.2.1,1881,MEX,clipper_transport,79,88.477
1881.2.1,1881,MEX,commerce_raider,1,0.979
1881.2.1,1881,MEX,ironclad,76,74.69
1881.2.1,1881,BRZ,clipper_transport,11,1.264
1881.2.1,1881,GUA,steam_transport,1,0.163
1881.3.1,1881,USA,clipper_transport,78,75.314
1881.3.1,1881,USA,ironclad,55,54.261
1881.3.1,1881,ENG,clipper_transport,201,208.128
1881.3.1,1881,ENG,commerce_raider,35,35.958
1881.3.1,1881,ENG,frigate,8,8.356
1881.3.1,1881,ENG,ironclad,115,114.035
1881.3.1,1881,ENG,manowar,44,42.667
1881.3.1,1881,FRA,clipper_transport,88,104.573
1881.3.1,1881,FRA,commerce_raider,6,7.239
1881.3.1,1881,FRA,ironclad,56,69.803
1881.3.1,1881,SCA,ironclad,12,13.137
1881.3.1,1881,SCA,steam_transport,26,26.853
1881.3.1,1881,RUS,clipper_transport,72,77.305
1881.3.1,1881,GER,clipper_transport,73,86.258
1881.3.1,1881,GER,commerce_raider,12,14.441
1881.3.1,1881,GER,ironclad,17,20.035
1881.3.1,1881,BEL,clipper_transport,29,33.631
1881.3.1,1881,BEL,ironclad,10,12.1
1881.3.1,1881,SPA,commerce_raider,1,0.56
1881.3.1,1881,SPA,ironclad,45,32.858
1881.3.1,1881,SPA,steam_transport,33,33.78
1881.3.1,1881,KUK,clipper_transport,20,1.167
1881.3.1,1881,AST,clipper_transport,67,54.644
1881.3.1,1881,AST,commerce_raider,7,7.266
1881.3.1,1881,AST,ironclad,56,52.088
1881.3.1,1881,AST,steam_transport,9,9.74
1881.3.1,1881,WAL,clipper_transport,10,0.527
1881.3.1,1881,SAR,steam_transport,16,18.771
1881.3.1,1881,SIC,clipper_transport,10,12.5
1881.3.1,1881,CHL,clipper_transport,30,1.601
1881.3.1,1881,CHI,clipper_transport,2,0.1
1881.3.1,1881,CHI,frigate,3,0.15
1881.3.1,1881,GXI,clipper_transport,1,0.05
1881.3.1,1881,GXI,frigate,1,0.05
1881.3.1,1881,JAP,clipper_transport,2,0.102
1881.3.1,1881,JAP,frigate,5,0.258
1881.3.1,1881,JAP,manowar,1,0.051
1881.3.1,1881,ALD,clipper_transport,2,1.873
1881.3.1,1881,MEX,clipper_transport,79,88.477
1881.3.1,1881,MEX,commerce_raider,1,0.979
1881.3.1,1881,MEX,ironclad,76,74.94
1881.3.1,1881,BRZ,clipper_transport,11,0.829
1881.3.1,1881,GUA,steam_transport,1,0.135
1881.4.1,1881,USA,clipper_transport,84,82.176
1881.4.1,1881,USA,ironclad,55,55.281
1881.4.1,1881,ENG,clipper_transport,201,208.128
1881.4.1,1881,ENG,commerce_raider,30,31.103
1881.4.1,1881,ENG,frigate,6,6.29
1881.4.1,1881,ENG,ironclad,115,116.618
1881.4.1,1881,ENG,manowar,37,36.621
1881.4.1,1881,FRA,clipper_transport,88,104.573
1881.4.1,1881,FRA,commerce_raider,6,7.239
1881.4.1,1881,FRA,ironclad,56,69.803
1881.4.1,1881,SCA,ironclad,12,13.137
1881.4.1,1881,SCA,steam_transport,26,27.571
1881.4.1,1881,RUS,clipper_transport,72,77.305
1881.4.1,1881,GER,clipper_transport,73,86.258
1881.4.1,1881,GER,commerce_raider,12,14.441
1881.4.1,1881,GER,ironclad,17,20.035
1881.4.1,1881,BEL,clipper_transport,29,33.631
1881.4.1,1881,BEL,ironclad,10,12.1
1881.4.1,1881,SPA,commerce_raider,1,0.813
1881.4.1,1881,SPA,ironclad,45,40.467
1881.4.1,1881,SPA,steam_transport,33,33.78
1881.4.1,1881,KUK,clipper_transport,20,1.167
1881.4.1,1881,AST,clipper_transport,67,58.953
1881.4.1,1881,AST,commerce_raider,7,7.266
1881.4.1,1881,AST,ironclad,56,54.557
1881.4.1,1881,AST,steam_transport,9,9.74
1881.4.1,1881,WAL,clipper_transport,10,0.527
1881.4.1,1881,SAR,steam_transport,16,18.771
1881.4.1,1881,SIC,clipper_transport,10,12.5
1881.4.1,1881,CHL,clipper_transport,30,1.544
1881.4.1,1881,CHI,clipper_transport,2,0.1
1881.4.1,1881,CHI,frigate,3,0.15
1881.4.1,1881,GXI,clipper_transport,1,0.05
1881.4.1,1881,GXI,frigate,1,0.05
1881.4.1,1881,JAP,clipper_transport,2,0.102
1881.4.1,1881,JAP,frigate,5,0.258
1881.4.1,1881,JAP,manowar,1,0.051
1881.4.1,1881,ALD,clipper_transport,2,1.867
1881.4.1,1881,MEX,clipper_transport,80,89.653
1881.4.1,1881,MEX,commerce_raider,1,0.979
1881.4.1,1881,MEX,ironclad,76,74.867
1881.4.1,1881,BRZ,clipper_transport,11,0.636
1881.4.1,1881,GUA,steam_transport,1,0.101
1881.5.1,1881,USA,clipper_transport,89,88.227
1881.5.1,1881,USA,ironclad,55,55.792
1881.5.1,1881,ENG,clipper_transport,201,208.128
1881.5.1,1881,ENG,commerce_raider,30,31.103
1881.5.1,1881,ENG,frigate,6,6.29
1881.5.1,1881,ENG,ironclad,111,111.925
1881.5.1,1881,ENG,manowar,36,35.813
1881.5.1,1881,FRA,clipper_transport,88,104.573
1881.5.1,1881,FRA,commerce_raider,6,7.239
1881.5.1,1881,FRA,ironclad,56,69.803
1881.5.1,1881,SCA,ironclad,12,13.137
1881.5.1,1881,SCA,steam_transport,26,27.571
1881.5.1,1881,RUS,clipper_transport,72,77.305
1881.5.1,1881,GER,clipper_transport,73,86.258
1881.5.1,1881,GER,commerce_raider,12,14.441
1881.5.1,1881,GER,ironclad,17,20.035
1881.5.1,1881,BEL,clipper_transport,29,33.631
1881.5.1,1881,BEL,ironclad,11,13.35
1881.5.1,1881,SPA,commerce_raider,1,0.813
1881.5.1,1881,SPA,ironclad,45,39.691
1881.5.1,1881,SPA,steam_transport,33,33.78
1881.5.1,1881,KUK,clipper_transport,20,1.167
1881.5.1,1881,AST,clipper_transport,67,62.47
1881.5.1,1881,AST,commerce_raider,8,8.377
1881.5.1,1881,AST,ironclad,57,56.844
1881.5.1,1881,AST,steam_transport,9,9.74
1881.5.1,1881,WAL,clipper_transport,10,0.527
1881.5.1,1881,SAR,steam_transport,16,18.771
1881.5.1,1881,SIC,clipper_transport,10,12.5
1881.5.1,1881,CHL,clipper_transport,30,1.528
1881.5.1,1881,CHI,clipper_transport,2,0.1
1881.5.1,1881,CHI,frigate,3,0.15
1881.5.1,1881,GXI,clipper_transport,1,0.05
1881.5.1,1881,GXI,frigate,1,0.05
1881.5.1,1881,JAP,clipper_transport,2,0.102
1881.5.1,1881,JAP,frigate,5,0.258
1881.5.1,1881,JAP,manowar,1,0.051
1881.5.1,1881,ALD,clipper_transport,2,1.858
1881.5.1,1881,MEX,clipper_transport,80,89.644
1881.5.1,1881,MEX,commerce_raider,1,0.335
1881.5.1,1881,MEX,ironclad,63,48.65
1881.5.1,1881,BRZ,clipper_transport,11,0.579
1881.5.1,1881,GUA,steam_transport,1,0.08
1881.6.1,1881,USA,clipper_transport,96,96.949
1881.6.1,1881,USA,ironclad,55,55.987
1881.6.1,1881,ENG,clipper_transport,201,208.128
1881.6.1,1881,ENG,commerce_raider,30,31.103
1881.6.1,1881,ENG,frigate,6,6.29
1881.6.1,1881,ENG,ironclad,111,111.925
1881.6.1,1881,ENG,manowar,36,35.813
1881.6.1,1881,FRA,clipper_transport,88,104.573
1881.6.1,1881,FRA,commerce_raider,6,7.239
1881.6.1,1881,FRA,ironclad,56,69.803
1881.6.1,1881,SCA,ironclad,12,12.873
1881.6.1,1881,SCA,steam_transport,26,26.933
1881.6.1,1881,RUS,clipper_transport,72,77.305
1881.6.1,1881,GER,clipper_transport,73,86.258
1881.6.1,1881,GER,commerce_raider,12,14.441
1881.6.1,1881,GER,ironclad,19,22.535
1881.6.1,1881,BEL,clipper_transport,29,33.631
1881.6.1,1881,BEL,ironclad,11,13.35
1881.6.1,1881,SPA,commerce_raider,1,0.813
1881.6.1,1881,SPA,ironclad,45,39.691
1881.6.1,1881,SPA,steam_transport,33,33.78
1881.6.1,1881,KUK,clipper_transport,20,1.166
1881.6.1,1881,AST,clipper_transport,67,62.713
1881.6.1,1881,AST,commerce_raider,14,15.043
1881.6.1,1881,AST,ironclad,60,60.177
1881.6.1,1881,AST,steam_transport,9,9.74
1881.6.1,1881,WAL,clipper_transport,10,0.527
1881.6.1,1881,SAR,steam_transport,16,18.771
1881.6.1,1881,SIC,clipper_transport,10,12.5
1881.6.1,1881,CHL,clipper_transport,30,1.528
1881.6.1,1881,CHI,clipper_transport,2,0.1
1881.6.1,1881,CHI,frigate,3,0.15
1881.6.1,1881,GXI,clipper_transport,1,0.05
1881.6.1,1881,GXI,frigate,1,0.05
1881.6.1,1881,JAP,clipper_transport,2,0.102
1881.6.1,1881,JAP,frigate,5,0.258
1881.6.1,1881,JAP,manowar,1,0.051
1881.6.1,1881,ALD,clipper_transport,2,1.83
1881.6.1,1881,MEX,clipper_transport,80,89.644
1881.6.1,1881,MEX,commerce_raider,1,0.335
1881.6.1,1881,MEX,ironclad,63,48.492
1881.6.1,1881,BRZ,clipper_transport,11,0.579
1881.6.1,1881,GUA,steam_transport,1,0.08
1881.7.1,1881,USA,clipper_transport,103,106.129
1881.7.1,1881,USA,ironclad,55,55.987
1881.7.1,1881,ENG,clipper_transport,201,208.128
1881.7.1,1881,ENG,commerce_raider,30,31.103
1881.7.1,1881,ENG,frigate,6,6.29
1881.7.1,1881,ENG,ironclad,111,111.925
1881.7.1,1881,ENG,manowar,36,35.813
1881.7.1,1881,FRA,clipper_transport,88,104.573
1881.7.1,1881,FRA,commerce_raider,6,7.239
1881.7.1,1881,FRA,ironclad,56,69.803
1881.7.1,1881,SCA,ironclad,12,12.873
1881.7.1,1881,SCA,steam_transport,26,26.933
1881.7.1,1881,RUS,clipper_transport,72,77.305
1881.7.1,1881,GER,clipper_transport,73,86.258
1881.7.1,1881,GER,commerce_raider,12,14.441
1881.7.1,1881,GER,ironclad,22,26.285
1881.7.1,1881,BEL,clipper_transport,29,33.631
1881.7.1,1881,BEL,ironclad,12,14.6
1881.7.1,1881,SPA,commerce_raider,1,0.813
1881.7.1,1881,SPA,ironclad,45,39.691
1881.7.1,1881,SPA,steam_transport,33,33.78
1881.7.1,1881,KUK,clipper_transport,20,1.166
1881.7.1,1881,AST,clipper_transport,67,64.65
1881.7.1,1881,AST,commerce_raider,17,18.377
1881.7.1,1881,AST,ironclad,61,62.254
1881.7.1,1881,AST,steam_transport,9,9.74
1881.7.1,1881,WAL,clipper_transport,10,0.527
1881.7.1,1881,SAR,steam_transport,16,18.587
1881.7.1,1881,SIC,clipper_transport,10,12.5
1881.7.1,1881,CHL,clipper_transport,30,1.528
1881.7.1,1881,CHI,clipper_transport,2,0.1
1881.7.1,1881,CHI,frigate,3,0.15
1881.7.1,1881,GXI,clipper_transport,1,0.05
1881.7.1,1881,GXI,frigate,1,0.05
1881.7.1,1881,JAP,clipper_transport,2,0.102
1881.7.1,1881,JAP,frigate,5,0.258
1881.7.1,1881,JAP,manowar,1,0.051
1881.7.1,1881,ALD,clipper_transport,2,1.804
1881.7.1,1881,MEX,clipper_transport,80,89.644
1881.7.1,1881,MEX,commerce_raider,1,0.335
1881.7.1,1881,MEX,ironclad,63,48.993
1881.7.1,1881,BRZ,clipper_transport,11,0.579
1881.7.1,1881,GUA,steam_transport,1,0.08
1881.8.1,1881,USA,clipper_transport,107,110.474
1881.8.1,1881,USA,ironclad,55,55.987
1881.8.1,1881,ENG,clipper_transport,201,208.128
1881.8.1,1881,ENG,commerce_raider,30,31.103
1881.8.1,1881,ENG,frigate,6,6.29
1881.8.1,1881,ENG,ironclad,115,116.135
1881.8.1,1881,ENG,manowar,35,34.803
1881.8.1,1881,FRA,clipper_transport,88,104.573
1881.8.1,1881,FRA,commerce_raider,6,7.239
1881.8.1,1881,FRA,ironclad,56,69.803
1881.8.1,1881,SCA,ironclad,12,12.873
1881.8.1,1881,SCA,steam_transport,26,26.933
1881.8.1,1881,RUS,clipper_transport,72,77.305
1881.8.1,1881,GER,clipper_transport,73,86.258
1881.8.1,1881,GER,commerce_raider,12,14.441
1881.8.1,1881,GER,ironclad,24,28.785
1881.8.1,1881,BEL,clipper_transport,29,33.631
1881.8.1,1881,BEL,ironclad,12,14.6
1881.8.1,1881,SPA,commerce_raider,1,0.813
1881.8.1,1881,SPA,ironclad,45,39.691
1881.8.1,1881,SPA,steam_transport,33,33.78
1881.8.1,1881,KUK,clipper_transport,20,1.166
1881.8.1,1881,AST,clipper_transport,67,66.56
1881.8.1,1881,AST,commerce_raider,17,18.377
1881.8.1,1881,AST,ironclad,62,64.318
1881.8.1,1881,AST,steam_transport,9,9.74
1881.8.1,1881,WAL,clipper_transport,10,0.527
1881.8.1,1881,SAR,steam_transport,16,17.396
1881.8.1,1881,SIC,clipper_transport,10,12.5
1881.8.1,1881,CHL,clipper_transport,30,1.528
1881.8.1,1881,CHI,clipper_transport,2,0.1
1881.8.1,1881,CHI,frigate,3,0.15
1881.8.1,1881,GXI,clipper_transport,1,0.05
1881.8.1,1881,GXI,frigate,1,0.05
1881.8.1,1881,JAP,clipper_transport,2,0.102
1881.8.1,1881,JAP,frigate,5,0.258
1881.8.1,1881,JAP,manowar,1,0.051
1881.8.1,1881,ALD,clipper_transport,2,1.775
1881.8.1,1881,MEX,clipper_transport,80,89.644
1881.8.1,1881,MEX,commerce_raider,1,0.335
1881.8.1,1881,MEX,ironclad,63,49.523
1881.8.1,1881,BRZ,clipper_transport,11,0.588
1881.8.1,1881,GUA,steam_transport,1,0.08
1881.9.1,1881,USA,clipper_transport,113,117.679
1881.9.1,1881,USA,ironclad,55,55.987
1881.9.1,1881,ENG,clipper_transport,201,208.128
1881.9.1,1881,ENG,commerce_raider,30,31.103
1881.9.1,1881,ENG,frigate,6,6.29
1881.9.1,1881,ENG,ironclad,120,121.398
1881.9.1,1881,ENG,manowar,33,32.789
1881.9.1,1881,FRA,clipper_transport,88,104.573
1881.9.1,1881,FRA,commerce_raider,6,7.239
1881.9.1,1881,FRA,ironclad,56,69.803
1881.9.1,1881,SCA,ironclad,12,12.873
1881.9.1,1881,SCA,steam_transport,26,26.933
1881.9.1,1881,RUS,clipper_transport,72,77.305
1881.9.1,1881,GER,clipper_transport,73,86.258
1881.9.1,1881,GER,commerce_raider,12,14.441
1881.9.1,1881,GER,ironclad,24,28.785
1881.9.1,1881,NET,frigate,1,1.25
1881.9.1,1881,BEL,clipper_transport,29,33.631
1881.9.1,1881,BEL,ironclad,12,14.6
1881.9.1,1881,SPA,commerce_raider,1,0.813
1881.9.1,1881,SPA,ironclad,45,39.691
1881.9.1,1881,SPA,steam_transport,33,33.78
1881.9.1,1881,KUK,clipper_transport,20,1.166
1881.9.1,1881,AST,clipper_transport,67,68.448
1881.9.1,1881,AST,commerce_raider,19,20.577
1881.9.1,1881,AST,ironclad,62,65.259
1881.9.1,1881,AST,steam_transport,9,9.74
1881.9.1,1881,WAL,clipper_transport,10,0.527
1881.9.1,1881,SAR,steam_transport,16,17.304
1881.9.1,1881,SIC,clipper_transport,10,12.5
1881.9.1,1881,CHL,clipper_transport,30,1.528
1881.9.1,1881,CHI,clipper_transport,2,0.1
1881.9.1,1881,CHI,frigate,3,0.15
1881.9.1,1881,GXI,clipper_transport,1,0.05
1881.9.1,1881,GXI,frigate,1,0.05
1881.9.1,1881,JAP,clipper_transport,2,0.102
1881.9.1,1881,JAP,frigate,5,0.258
1881.9.1,1881,JAP,manowar,1,0.051
1881.9.1,1881,ALD,clipper_transport,2,1.841
1881.9.1,1881,MEX,clipper_transport,80,89.644
1881.9.1,1881,MEX,commerce_raider,1,0.335
1881.9.1,1881,MEX,ironclad,63,49.996
1881.9.1,1881,BRZ,clipper_transport,11,0.588
1881.9.1,1881,GUA,steam_transport,1,0.08
1881.10.1,1881,USA,clipper_transport,119,124.228
1881.10.1,1881,USA,ironclad,55,55.987
1881.10.1,1881,ENG,clipper_transport,201,208.098
1881.10.1,1881,ENG,commerce_raider,30,31.103
1881.10.1,1881,ENG,frigate,6,6.29
1881.10.1,1881,ENG,ironclad,120,121.398
1881.10.1,1881,ENG,manowar,33,32.789
1881.10.1,1881,FRA,clipper_transport,88,104.573
1881.10.1,1881,FRA,commerce_raider,6,7.239
1881.10.1,1881,FRA,ironclad,57,71.137
1881.10.1,1881,SCA,ironclad,12,12.873
1881.10.1,1881,SCA,steam_transport,26,26.933
1881.10.1,1881,RUS,clipper_transport,72,77.305
1881.10.1,1881,GER,clipper_transport,73,86.258
1881.10.1,1881,GER,commerce_raider,12,14.441
1881.10.1,1881,GER,ironclad,24,28.785
1881.10.1,1881,NET,frigate,1,1.25
1881.10.1,1881,BEL,clipper_transport,29,33.631
1881.10.1,1881,BEL,ironclad,12,14.6
1881.10.1,1881,SPA,commerce_raider,1,0.813
1881.10.1,1881,SPA,ironclad,45,39.691
1881.10.1,1881,SPA,steam_transport,33,33.78
1881.10.1,1881,KUK,clipper_transport,20,1.166
1881.10.1,1881,AST,clipper_transport,67,70.314
1881.10.1,1881,AST,commerce_raider,19,20.59
1881.10.1,1881,AST,ironclad,62,66.191
1881.10.1,1881,AST,steam_transport,9,9.74
1881.10.1,1881,WAL,clipper_transport,10,0.527
1881.10.1,1881,SAR,steam_transport,16,17.195
1881.10.1,1881,SIC,clipper_transport,10,12.5
1881.10.1,1881,CHL,clipper_transport,30,1.528
1881.10.1,1881,CHI,clipper_transport,2,0.1
1881.10.1,1881,CHI,frigate,3,0.15
1881.10.1,1881,GXI,clipper_transport,1,0.05
1881.10.1,1881,GXI,frigate,1,0.05
1881.10.1,1881,JAP,clipper_transport,2,0.102
1881.10.1,1881,JAP,frigate,5,0.258
1881.10.1,1881,JAP,manowar,1,0.051
1881.10.1,1881,ALD,clipper_transport,2,1.841
1881.10.1,1881,MEX,clipper_transport,80,89.644
1881.10.1,1881,MEX,commerce_raider,1,0.315
1881.10.1,1881,MEX,ironclad,63,48.76
1881.10.1,1881,BRZ,clipper_transport,11,0.588
1881.10.1,1881,GUA,steam_transport,1,0.08
1881.11.1,1881,USA,clipper_transport,123,127.397
1881.11.1,1881,USA,ironclad,55,55.987
1881.11.1,1881,ENG,clipper_transport,201,208.123
1881.11.1,1881,ENG,commerce_raider,30,31.103
1881.11.1,1881,ENG,frigate,6,6.29
1881.11.1,1881,ENG,ironclad,122,123.504
1881.11.1,1881,ENG,manowar,33,32.789
1881.11.1,1881,FRA,clipper_transport,88,104.573
1881.11.1,1881,FRA,commerce_raider,6,7.239
1881.11.1,1881,FRA,ironclad,59,73.803
1881.11.1,1881,SCA,ironclad,12,12.873
1881.11.1,1881,SCA,steam_transport,26,26.933
1881.11.1,1881,RUS,clipper_transport,72,77.305
1881.11.1,1881,GER,clipper_transport,73,86.258
1881.11.1,1881,GER,commerce_raider,12,14.441
1881.11.1,1881,GER,ironclad,24,28.785
1881.11.1,1881,NET,frigate,1,1.25
1881.11.1,1881,BEL,clipper_transport,29,33.631
1881.11.1,1881,BEL,ironclad,12,14.6
1881.11.1,1881,SPA,commerce_raider,1,0.813
1881.11.1,1881,SPA,ironclad,45,39.691
1881.11.1,1881,SPA,steam_transport,33,33.78
1881.11.1,1881,KUK,clipper_transport,20,1.166
1881.11.1,1881,AST,clipper_transport,67,70.915
1881.11.1,1881,AST,commerce_raider,19,20.59
1881.11.1,1881,AST,ironclad,62,66.48
1881.11.1,1881,AST,steam_transport,9,9.74
1881.11.1,1881,WAL,clipper_transport,10,0.527
1881.11.1,1881,SAR,steam_transport,16,17.065
1881.11.1,1881,SIC,clipper_transport,10,12.5
1881.11.1,1881,CHL,clipper_transport,30,1.619
1881.11.1,1881,CHI,clipper_transport,2,0.1
1881.11.1,1881,CHI,frigate,3,0.15
1881.11.1,1881,GXI,clipper_transport,1,0.05
1881.11.1,1881,GXI,frigate,1,0.05
1881.11.1,1881,JAP,clipper_transport,2,0.102
1881.11.1,1881,JAP,frigate,5,0.258
1881.11.1,1881,JAP,manowar,1,0.051
1881.11.1,1881,ALD,clipper_transport,2,1.851
1881.11.1,1881,MEX,clipper_transport,80,89.644
1881.11.1,1881,MEX,commerce_raider,1,0.289
1881.11.1,1881,MEX,ironclad,63,47.157
1881.11.1,1881,BRZ,clipper_transport,11,0.588
1881.11.1,1881,GUA,steam_transport,1,0.08
1881.12.1,1881,USA,clipper_transport,128,131.042
1881.12.1,1881,USA,ironclad,55,55.987
1881.12.1,1881,ENG,clipper_transport,201,208.123
1881.12.1,1881,ENG,commerce_raider,30,31.103
1881.12.1,1881,ENG,frigate,6,6.29
1881.12.1,1881,ENG,ironclad,123,124.556
1881.12.1,1881,ENG,manowar,33,32.789
1881.12.1,1881,FRA,clipper_transport,88,104.573
1881.12.1,1881,FRA,commerce_raider,6,7.239
1881.12.1,1881,FRA,ironclad,60,75.137
1881.12.1,1881,SCA,ironclad,12,12.873
1881.12.1,1881,SCA,steam_transport,26,26.933
1881.12.1,1881,RUS,clipper_transport,72,77.305
1881.12.1,1881,GER,clipper_transport,73,86.258
1881.12.1,1881,GER,commerce_raider,12,14.441
1881.12.1,1881,GER,ironclad,24,28.785
1881.12.1,1881,NET,frigate,1,1.25
1881.12.1,1881,BEL,clipper_transport,29,33.631
1881.12.1,1881,BEL,ironclad,12,14.6
1881.12.1,1881,SPA,commerce_raider,1,0.813
1881.12.1,1881,SPA,ironclad,45,39.691
1881.12.1,1881,SPA,steam_transport,33,33.78
1881.12.1,1881,KUK,clipper_transport,20,1.166
1881.12.1,1881,AST,clipper_transport,67,70.915
1881.12.1,1881,AST,commerce_raider,19,20.59
1881.12.1,1881,AST,ironclad,62,66.48
1881.12.1,1881,AST,steam_transport,9,9.74
1881.12.1,1881,WAL,clipper_transport,10,0.527
1881.12.1,1881,SAR,steam_transport,16,17.096
1881.12.1,1881,SIC,clipper_transport,10,12.5
1881.12.1,1881,CHI,clipper_transport,2,0.1
1881.12.1,1881,CHI,frigate,3,0.15
1881.12.1,1881,GXI,clipper_transport,1,0.05
1881.12.1,1881,GXI,frigate,1,0.05
1881.12.1,1881,JAP,clipper_transport,2,0.102
1881.12.1,1881,JAP,frigate,5,0.258
1881.12.1,1881,JAP,manowar,1,0.051
1881.12.1,1881,ALD,clipper_transport,2,1.839
1881.12.1,1881,MEX,clipper_transport,80,89.644
1881.12.1,1881,MEX,commerce_raider,1,0.263
1881.12.1,1881,MEX,ironclad,63,45.62
1881.12.1,1881,BRZ,clipper_transport,11,0.588
1881.12.1,1881,GUA,steam_transport,1,0.08
1882.1.1,1882,USA,clipper_transport,130,130.791
1882.1.1,1882,USA,ironclad,55,55.987
1882.1.1,1882,ENG,clipper_transport,201,208.123
1882.1.1,1882,ENG,commerce_raider,30,31.103
1882.1.1,1882,ENG,frigate,6,6.29
1882.1.1,1882,ENG,ironclad,123,124.556
1882.1.1,1882,ENG,manowar,33,32.789
1882.1.1,1882,FRA,clipper_transport,88,104.573
1882.1.1,1882,FRA,commerce_raider,6,7.239
1882.1.1,1882,FRA,ironclad,62,77.803
1882.1.1,1882,SCA,ironclad,12,12.873
1882.1.1,1882,SCA,steam_transport,26,26.933
1882.1.1,1882,RUS,clipper_transport,72,77.305
1882.1.1,1882,GER,clipper_transport,74,87.508
1882.1.1,1882,GER,commerce_raider,12,14.441
1882.1.1,1882,GER,ironclad,24,28.785
1882.1.1,1882,NET,frigate,1,1.25
1882.1.1,1882,BEL,clipper_transport,29,33.631
1882.1.1,1882,BEL,ironclad,12,14.6
1882.1.1,1882,SPA,commerce_raider,1,0.813
1882.1.1,1882,SPA,ironclad,45,39.691
1882.1.1,1882,SPA,steam_transport,33,33.78
1882.1.1,1882,KUK,clipper_transport,20,1.166
1882.1.1,1882,AST,clipper_transport,67,70.84
1882.1.1,1882,AST,commerce_raider,19,20.59
1882.1.1,1882,AST,ironclad,62,66.361
1882.1.1,1882,AST,steam_transport,9,9.729
1882.1.1,1882,WAL,clipper_transport,10,0.527
1882.1.1,1882,SAR,steam_transport,16,17.257
1882.1.1,1882,SIC,clipper_transport,10,12.5
1882.1.1,1882,CHI,clipper_transport,2,0.1
1882.1.1,1882,CHI,frigate,3,0.15
1882.1.1,1882,GXI,clipper_transport,1,0.05
1882.1.1,1882,GXI,frigate,1,0.05
1882.1.1,1882,JAP,clipper_transport,2,0.102
1882.1.1,1882,JAP,frigate,5,0.258
1882.1.1,1882,JAP,manowar,1,0.051
1882.1.1,1882,ALD,clipper_transport,2,1.831
1882.1.1,1882,MEX,clipper_transport,80,89.644
1882.1.1,1882,MEX,commerce_raider,1,0.515
1882.1.1,1882,MEX,ironclad,63,57.52
1882.1.1,1882,BRZ,clipper_transport,11,0.588
1882.1.1,1882,GUA,steam_transport,1,0.08
1882.2.1,1882,USA,clipper_transport,132,130.055
1882.2.1,1882,USA,ironclad,55,55.987
1882.2.1,1882,ENG,clipper_transport,201,207.824
1882.2.1,1882,ENG,commerce_raider,30,31.092
1882.2.1,1882,ENG,frigate,6,6.29
1882.2.1,1882,ENG,ironclad,123,124.556
1882.2.1,1882,ENG,manowar,33,32.789
1882.2.1,1882,FRA,clipper_transport,88,104.573
1882.2.1,1882,FRA,commerce_raider,6,7.239
1882.2.1,1882,FRA,ironclad,63,79.137
1882.2.1,1882,SCA,ironclad,12,12.873
1882.2.1,1882,SCA,steam_transport,26,26.933
1882.2.1,1882,RUS,clipper_transport,72,77.305
1882.2.1,1882,GER,clipper_transport,74,87.508
1882.2.1,1882,GER,commerce_raider,12,14.441
1882.2.1,1882,GER,ironclad,24,28.785
1882.2.1,1882,NET,frigate,1,1.25
1882.2.1,1882,BEL,clipper_transport,29,33.631
1882.2.1,1882,BEL,ironclad,12,14.6
1882.2.1,1882,SPA,commerce_raider,1,0.813
1882.2.1,1882,SPA,ironclad,45,39.691
1882.2.1,1882,SPA,steam_transport,33,33.78
1882.2.1,1882,KUK,clipper_transport,20,1.166
1882.2.1,1882,AST,clipper_transport,67,70.259
1882.2.1,1882,AST,commerce_raider,19,20.491
1882.2.1,1882,AST,ironclad,62,64.997
1882.2.1,1882,AST,steam_transport,9,9.502
1882.2.1,1882,WAL,clipper_transport,10,0.527
1882.2.1,1882,SAR,steam_transport,16,17.331
1882.2.1,1882,SIC,clipper_transport,10,12.5
1882.2.1,1882,CHI,clipper_transport,2,0.1
1882.2.1,1882,CHI,frigate,3,0.15
1882.2.1,1882,GXI,clipper_transport,1,0.05
1882.2.1,1882,GXI,frigate,1,0.05
1882.2.1,1882,JAP,clipper_transport,2,0.102
1882.2.1,1882,JAP,frigate,5,0.258
1882.2.1,1882,JAP,manowar,1,0.051
1882.2.1,1882,ALD,clipper_transport,2,1.843
1882.2.1,1882,MEX,clipper_transport,80,89.644
1882.2.1,1882,MEX,commerce_raider,1,0.515
1882.2.1,1882,MEX,ironclad,63,57.616
1882.2.1,1882,BRZ,clipper_transport,11,0.588
1882.2.1,1882,GUA,steam_transport,1,0.08
1882.3.1,1882,USA,clipper_transport,133,127.723
1882.3.1,1882,USA,ironclad,55,55.987
1882.3.1,1882,ENG,clipper_transport,201,207.824
1882.3.1,1882,ENG,commerce_raider,30,31.092
1882.3.1,1882,ENG,frigate,6,6.29
1882.3.1,1882,ENG,ironclad,123,124.556
1882.3.1,1882,ENG,manowar,33,32.789
1882.3.1,1882,FRA,clipper_transport,88,104.573
1882.3.1,1882,FRA,commerce_raider,6,7.239
1882.3.1,1882,FRA,ironclad,64,80.47
1882.3.1,1882,SCA,ironclad,12,12.873
1882.3.1,1882,SCA,steam_transport,26,26.933
1882.3.1,1882,RUS,clipper_transport,72,77.305
1882.3.1,1882,GER,clipper_transport,75,88.758
1882.3.1,1882,GER,commerce_raider,12,14.441
1882.3.1,1882,GER,ironclad,24,28.785
1882.3.1,1882,NET,frigate,1,1.25
1882.3.1,1882,BEL,clipper_transport,23,26.463
1882.3.1,1882,BEL,ironclad,12,14.6
1882.3.1,1882,SPA,commerce_raider,1,0.813
1882.3.1,1882,SPA,ironclad,45,39.691
1882.3.1,1882,SPA,steam_transport,33,33.78
1882.3.1,1882,KUK,clipper_transport,20,1.166
1882.3.1,1882,AST,clipper_transport,67,70.259
1882.3.1,1882,AST,commerce_raider,19,20.491
1882.3.1,1882,AST,ironclad,63,66.108
1882.3.1,1882,AST,steam_transport,9,9.502
1882.3.1,1882,WAL,clipper_transport,10,0.527
1882.3.1,1882,SAR,steam_transport,16,17.331
1882.3.1,1882,SIC,clipper_transport,10,12.5
1882.3.1,1882,CHI,clipper_transport,2,0.1
1882.3.1,1882,CHI,frigate,3,0.15
1882.3.1,1882,GXI,clipper_transport,1,0.05
1882.3.1,1882,GXI,frigate,1,0.05
1882.3.1,1882,JAP,clipper_transport,2,0.102
1882.3.1,1882,JAP,frigate,5,0.258
1882.3.1,1882,JAP,manowar,1,0.051
1882.3.1,1882,ALD,clipper_transport,2,1.841
1882.3.1,1882,MEX,clipper_transport,80,89.108
1882.3.1,1882,MEX,commerce_raider,1,0.501
1882.3.1,1882,MEX,ironclad,63,56.802
1882.3.1,1882,BRZ,clipper_transport,11,0.588
1882.3.1,1882,GUA,steam_transport,1,0.08
1882.4.1,1882,USA,clipper_transport,129,125.039
1882.4.1,1882,USA,ironclad,55,55.987
1882.4.1,1882,ENG,clipper_transport,201,207.824
1882.4.1,1882,ENG,commerce_raider,30,31.092
1882.4.1,1882,ENG,frigate,6,6.29
1882.4.1,1882,ENG,ironclad,123,124.556
1882.4.1,1882,ENG,manowar,33,32.789
1882.4.1,1882,FRA,clipper_transport,88,104.55
1882.4.1,1882,FRA,commerce_raider,6,7.239
1882.4.1,1882,FRA,ironclad,64,80.47
1882.4.1,1882,SCA,ironclad,12,12.873
1882.4.1,1882,SCA,steam_transport,26,26.933
1882.4.1,1882,RUS,clipper_transport,72,77.305
1882.4.1,1882,GER,clipper_transport,76,90.008
1882.4.1,1882,GER,commerce_raider,12,14.441
1882.4.1,1882,GER,ironclad,27,32.535
1882.4.1,1882,NET,frigate,1,1.25
1882.4.1,1882,BEL,clipper_transport,23,26.463
1882.4.1,1882,BEL,ironclad,12,14.6
1882.4.1,1882,SPA,commerce_raider,1,0.813
1882.4.1,1882,SPA,ironclad,45,39.691
1882.4.1,1882,SPA,steam_transport,33,33.78
1882.4.1,1882,KUK,clipper_transport,20,1.166
1882.4.1,1882,AST,clipper_transport,67,70.002
1882.4.1,1882,AST,commerce_raider,19,20.491
1882.4.1,1882,AST,ironclad,66,69.427
1882.4.1,1882,AST,steam_transport,9,9.502
1882.4.1,1882,WAL,clipper_transport,10,0.527
1882.4.1,1882,SAR,steam_transport,16,17.331
1882.4.1,1882,SIC,clipper_transport,10,12.5
1882.4.1,1882,CHI,clipper_transport,2,0.1
1882.4.1,1882,CHI,frigate,3,0.15
1882.4.1,1882,GXI,clipper_transport,1,0.05
1882.4.1,1882,GXI,frigate,1,0.05
1882.4.1,1882,JAP,clipper_transport,2,0.102
1882.4.1,1882,JAP,frigate,5,0.258
1882.4.1,1882,JAP,manowar,1,0.051
1882.4.1,1882,ALD,clipper_transport,2,1.835
1882.4.1,1882,MEX,clipper_transport,80,89.327
1882.4.1,1882,MEX,commerce_raider,1,0.475
1882.4.1,1882,MEX,ironclad,63,55.203
1882.4.1,1882,BRZ,clipper_transport,11,0.588
1882.4.1,1882,GUA,steam_transport,1,0.08
1882.5.1,1882,USA,clipper_transport,111,116.729
1882.5.1,1882,USA,ironclad,55,55.987
1882.5.1,1882,ENG,clipper_transport,201,207.824
1882.5.1,1882,ENG,commerce_raider,30,31.092
1882.5.1,1882,ENG,frigate,6,6.29
1882.5.1,1882,ENG,ironclad,123,124.556
1882.5.1,1882,ENG,manowar,33,32.789
1882.5.1,1882,FRA,clipper_transport,88,104.55
1882.5.1,1882,FRA,commerce_raider,6,7.239
1882.5.1,1882,FRA,ironclad,64,80.47
1882.5.1,1882,SCA,ironclad,12,12.873
1882.5.1,1882,SCA,steam_transport,26,26.933
1882.5.1,1882,RUS,clipper_transport,72,77.305
1882.5.1,1882,GER,clipper_transport,76,90.008
1882.5.1,1882,GER,commerce_raider,12,14.441
1882.5.1,1882,GER,ironclad,30,36.285
1882.5.1,1882,NET,frigate,1,1.25
1882.5.1,1882,BEL,clipper_transport,23,26.463
1882.5.1,1882,BEL,ironclad,12,14.6
1882.5.1,1882,SPA,commerce_raider,1,0.813
1882.5.1,1882,SPA,ironclad,45,39.691
1882.5.1,1882,SPA,steam_transport,33,33.78
1882.5.1,1882,KUK,clipper_transport,20,1.166
1882.5.1,1882,AST,clipper_transport,67,69.023
1882.5.1,1882,AST,commerce_raider,19,20.491
1882.5.1,1882,AST,ironclad,67,70.519
1882.5.1,1882,AST,steam_transport,9,9.502
1882.5.1,1882,WAL,clipper_transport,10,0.527
1882.5.1,1882,SAR,steam_transport,16,17.331
1882.5.1,1882,SIC,clipper_transport,10,12.5
1882.5.1,1882,CHI,clipper_transport,2,0.1
1882.5.1,1882,CHI,frigate,3,0.15
1882.5.1,1882,GXI,clipper_transport,1,0.05
1882.5.1,1882,GXI,frigate,1,0.05
1882.5.1,1882,JAP,clipper_transport,2,0.102
1882.5.1,1882,JAP,frigate,5,0.258
1882.5.1,1882,JAP,manowar,1,0.051
1882.5.1,1882,ALD,clipper_transport,2,1.841
1882.5.1,1882,ALD,manowar,1,1.053
1882.5.1,1882,MEX,clipper_transport,80,89.386
1882.5.1,1882,MEX,commerce_raider,1,0.45
1882.5.1,1882,MEX,ironclad,63,53.657
1882.5.1,1882,BRZ,clipper_transport,11,0.588
1882.5.1,1882,GUA,steam_transport,1,0.08
1882.6.1,1882,USA,clipper_transport,111,116.729
1882.6.1,1882,USA,ironclad,55,55.987
1882.6.1,1882,ENG,clipper_transport,201,207.691
1882.6.1,1882,ENG,commerce_raider,30,31.082
1882.6.1,1882,ENG,frigate,6,6.29
1882.6.1,1882,ENG,ironclad,121,122.785
1882.6.1,1882,ENG,manowar,33,32.789
1882.6.1,1882,FRA,clipper_transport,87,103.399
1882.6.1,1882,FRA,commerce_raider,6,7.239
1882.6.1,1882,FRA,ironclad,64,80.47
1882.6.1,1882,SCA,ironclad,12,12.873
1882.6.1,1882,SCA,steam_transport,26,26.933
1882.6.1,1882,RUS,clipper_transport,72,77.305
1882.6.1,1882,GER,clipper_transport,76,90.008
1882.6.1,1882,GER,commerce_raider,12,14.441
1882.6.1,1882,GER,ironclad,31,37.535
1882.6.1,1882,NET,frigate,1,1.25
1882.6.1,1882,BEL,clipper_transport,23,26.463
1882.6.1,1882,BEL,ironclad,12,14.579
1882.6.1,1882,SPA,commerce_raider,1,0.813
1882.6.1,1882,SPA,ironclad,45,39.691
1882.6.1,1882,SPA,steam_transport,33,33.78
1882.6.1,1882,KUK,clipper_transport,20,1.166
1882.6.1,1882,AST,clipper_transport,67,69.023
1882.6.1,1882,AST,commerce_raider,19,20.491
1882.6.1,1882,AST,ironclad,68,71.63
1882.6.1,1882,AST,steam_transport,9,9.502
1882.6.1,1882,WAL,clipper_transport,10,0.527
1882.6.1,1882,SAR,steam_transport,16,17.331
1882.6.1,1882,SIC,clipper_transport,10,12.5
1882.6.1,1882,CHI,clipper_transport,2,0.1
1882.6.1,1882,CHI,frigate,3,0.15
1882.6.1,1882,GXI,clipper_transport,1,0.05
1882.6.1,1882,GXI,frigate,1,0.05
1882.6.1,1882,JAP,clipper_transport,2,0.102
1882.6.1,1882,JAP,frigate,5,0.258
1882.6.1,1882,JAP,manowar,1,0.051
1882.6.1,1882,ALD,clipper_transport,2,1.852
1882.6.1,1882,ALD,manowar,1,1.051
1882.6.1,1882,MEX,clipper_transport,80,89.386
1882.6.1,1882,MEX,commerce_raider,1,0.424
1882.6.1,1882,MEX,ironclad,63,52.059
1882.6.1,1882,BRZ,clipper_transport,11,0.588
1882.6.1,1882,GUA,steam_transport,1,0.08
1882.7.1,1882,USA,clipper_transport,111,116.729
1882.7.1,1882,USA,ironclad,55,55.987
1882.7.1,1882,ENG,clipper_transport,201,208.041
1882.7.1,1882,ENG,commerce_raider,30,31.098
1882.7.1,1882,ENG,frigate,6,6.29
1882.7.1,1882,ENG,ironclad,120,122.462
1882.7.1,1882,ENG,manowar,33,32.789
1882.7.1,1882,FRA,clipper_transport,87,103.399
1882.7.1,1882,FRA,commerce_raider,6,7.239
1882.7.1,1882,FRA,ironclad,64,80.431
1882.7.1,1882,SCA,ironclad,12,12.84
1882.7.1,1882,SCA,steam_transport,26,26.922
1882.7.1,1882,RUS,clipper_transport,72,77.305
1882.7.1,1882,GER,clipper_transport,77,91.258
1882.7.1,1882,GER,commerce_raider,6,6.948
1882.7.1,1882,GER,ironclad,21,23.868
1882.7.1,1882,NET,frigate,1,1.25
1882.7.1,1882,BEL,clipper_transport,23,26.463
1882.7.1,1882,BEL,ironclad,12,14.579
1882.7.1,1882,SPA,commerce_raider,1,0.813
1882.7.1,1882,SPA,ironclad,45,39.691
1882.7.1,1882,SPA,steam_transport,33,33.78
1882.7.1,1882,KUK,clipper_transport,20,1.166
1882.7.1,1882,AST,clipper_transport,67,69.023
1882.7.1,1882,AST,commerce_raider,19,20.491
1882.7.1,1882,AST,ironclad,68,71.63
1882.7.1,1882,AST,steam_transport,9,9.502
1882.7.1,1882,WAL,clipper_transport,10,0.527
1882.7.1,1882,SAR,steam_transport,16,17.331
1882.7.1,1882,SIC,clipper_transport,10,12.5
1882.7.1,1882,CHI,clipper_transport,2,0.1
1882.7.1,1882,CHI,frigate,3,0.15
1882.7.1,1882,GXI,clipper_transport,1,0.05
1882.7.1,1882,GXI,frigate,1,0.05
1882.7.1,1882,JAP,clipper_transport,2,0.102
1882.7.1,1882,JAP,frigate,5,0.258
1882.7.1,1882,JAP,manowar,1,0.051
1882.7.1,1882,ALD,clipper_transport,2,1.873
1882.7.1,1882,ALD,manowar,1,1.05
1882.7.1,1882,MEX,clipper_transport,80,89.386
1882.7.1,1882,MEX,commerce_raider,1,0.398
1882.7.1,1882,MEX,ironclad,63,50.513
1882.7.1,1882,BRZ,clipper_transport,11,0.588
1882.7.1,1882,GUA,steam_transport,1,0.08
1882.8.1,1882,USA,clipper_transport,111,116.729
1882.8.1,1882,USA,ironclad,55,55.987
1882.8.1,1882,ENG,clipper_transport,201,208.041
1882.8.1,1882,ENG,commerce_raider,30,31.098
1882.8.1,1882,ENG,frigate,6,6.29
1882.8.1,1882,ENG,ironclad,120,123.983
1882.8.1,1882,ENG,manowar,33,32.789
1882.8.1,1882,FRA,clipper_transport,87,103.399
1882.8.1,1882,FRA,commerce_raider,6,7.239
1882.8.1,1882,FRA,ironclad,64,80.431
1882.8.1,1882,SCA,ironclad,12,12.84
1882.8.1,1882,SCA,steam_transport,26,26.922
1882.8.1,1882,RUS,clipper_transport,72,77.305
1882.8.1,1882,GER,clipper_transport,77,91.258
1882.8.1,1882,GER,commerce_raider,6,7.212
1882.8.1,1882,GER,ironclad,21,24.699
1882.8.1,1882,NET,frigate,1,1.25
1882.8.1,1882,BEL,clipper_transport,23,26.463
1882.8.1,1882,BEL,ironclad,12,14.579
1882.8.1,1882,SPA,commerce_raider,1,0.813
1882.8.1,1882,SPA,ironclad,45,39.661
1882.8.1,1882,SPA,steam_transport,33,33.78
1882.8.1,1882,KUK,clipper_transport,20,1.166
1882.8.1,1882,CHL,steam_transport,1,0.992
1882.8.1,1882,AST,clipper_transport,67,69.023
1882.8.1,1882,AST,commerce_raider,19,20.491
1882.8.1,1882,AST,ironclad,68,71.63
1882.8.1,1882,AST,steam_transport,9,9.502
1882.8.1,1882,WAL,clipper_transport,10,0.527
1882.8.1,1882,SAR,steam_transport,16,17.331
1882.8.1,1882,SIC,clipper_transport,10,12.5
1882.8.1,1882,CHI,clipper_transport,2,0.1
1882.8.1,1882,CHI,frigate,3,0.15
1882.8.1,1882,GXI,clipper_transport,1,0.05
1882.8.1,1882,GXI,frigate,1,0.05
1882.8.1,1882,JAP,clipper_transport,2,0.102
1882.8.1,1882,JAP,frigate,5,0.258
1882.8.1,1882,JAP,manowar,1,0.051
1882.8.1,1882,ALD,clipper_transport,2,1.921
1882.8.1,1882,ALD,manowar,1,1.048
1882.8.1,1882,MEX,clipper_transport,80,89.386
1882.8.1,1882,MEX,commerce_raider,1,0.372
1882.8.1,1882,MEX,ironclad,63,48.915
1882.8.1,1882,BRZ,clipper_transport,11,0.588
1882.8.1,1882,GUA,steam_transport,1,0.08
1882.9.1,1882,USA,clipper_transport,111,116.729
1882.9.1,1882,USA,ironclad,55,55.987
1882.9.1,1882,ENG,clipper_transport,201,208.041
1882.9.1,1882,ENG,commerce_raider,30,31.098
1882.9.1,1882,ENG,frigate,6,6.29
1882.9.1,1882,ENG,ironclad,120,124.272
1882.9.1,1882,ENG,manowar,33,32.789
1882.9.1,1882,FRA,clipper_transport,87,103.399
1882.9.1,1882,FRA,commerce_raider,6,7.239
1882.9.1,1882,FRA,ironclad,66,83.098
1882.9.1,1882,SCA,ironclad,12,12.84
1882.9.1,1882,SCA,steam_transport,26,26.922
1882.9.1,1882,RUS,clipper_transport,72,77.305
1882.9.1,1882,GER,clipper_transport,78,92.508
1882.9.1,1882,GER,commerce_raider,6,7.212
1882.9.1,1882,GER,ironclad,21,25.365
1882.9.1,1882,NET,frigate,1,1.25
1882.9.1,1882,BEL,clipper_transport,23,26.451
1882.9.1,1882,BEL,ironclad,12,14.579
1882.9.1,1882,SPA,commerce_raider,1,0.813
1882.9.1,1882,SPA,ironclad,45,39.661
1882.9.1,1882,SPA,steam_transport,33,33.78
1882.9.1,1882,KUK,clipper_transport,20,1.166
1882.9.1,1882,CHL,steam_transport,3,2.89
1882.9.1,1882,AST,clipper_transport,67,69.023
1882.9.1,1882,AST,commerce_raider,19,20.491
1882.9.1,1882,AST,ironclad,68,71.63
1882.9.1,1882,AST,steam_transport,9,9.502
1882.9.1,1882,WAL,clipper_transport,10,0.527
1882.9.1,1882,SAR,steam_transport,16,17.331
1882.9.1,1882,SIC,clipper_transport,10,12.5
1882.9.1,1882,CHI,clipper_transport,2,0.1
1882.9.1,1882,CHI,frigate,3,0.15
1882.9.1,1882,GXI,clipper_transport,1,0.05
1882.9.1,1882,GXI,frigate,1,0.05
1882.9.1,1882,JAP,clipper_transport,2,0.102
1882.9.1,1882,JAP,frigate,5,0.264
1882.9.1,1882,JAP,manowar,1,0.069
1882.9.1,1882,ALD,clipper_transport,2,1.906
1882.9.1,1882,ALD,manowar,1,1.048
1882.9.1,1882,MEX,clipper_transport,80,89.386
1882.9.1,1882,MEX,commerce_raider,1,0.346
1882.9.1,1882,MEX,ironclad,63,47.316
1882.9.1,1882,BRZ,clipper_transport,11,0.588
1882.9.1,1882,GUA,steam_transport,1,0.08
1882.10.1,1882,USA,clipper_transport,111,116.729
1882.10.1,1882,USA,ironclad,55,55.987
1882.10.1,1882,ENG,clipper_transport,201,207.999
1882.10.1,1882,ENG,commerce_raider,30,31.098
1882.10.1,1882,ENG,frigate,6,6.29
1882.10.1,1882,ENG,ironclad,120,124.272
1882.10.1,1882,ENG,manowar,33,32.789
1882.10.1,1882,FRA,clipper_transport,87,103.399
1882.10.1,1882,FRA,commerce_raider,6,7.239
1882.10.1,1882,FRA,ironclad,67,84.431
1882.10.1,1882,SCA,ironclad,12,12.84
1882.10.1,1882,SCA,steam_transport,26,26.922
1882.10.1,1882,RUS,clipper_transport,72,77.305
1882.10.1,1882,GER,clipper_transport,79,93.758
1882.10.1,1882,GER,commerce_raider,6,7.212
1882.10.1,1882,GER,ironclad,21,25.542
1882.10.1,1882,NET,frigate,1,1.25
1882.10.1,1882,BEL,clipper_transport,20,23.032
1882.10.1,1882,BEL,ironclad,12,14.579
1882.10.1,1882,SPA,commerce_raider,1,0.813
1882.10.1,1882,SPA,ironclad,45,39.661
1882.10.1,1882,SPA,steam_transport,33,33.78
1882.10.1,1882,KUK,clipper_transport,20,1.166
1882.10.1,1882,CHL,steam_transport,4,3.998
1882.10.1,1882,AST,clipper_transport,67,69.023
1882.10.1,1882,AST,commerce_raider,19,20.491
1882.10.1,1882,AST,ironclad,68,71.63
1882.10.1,1882,AST,steam_transport,9,9.502
1882.10.1,1882,WAL,clipper_transport,10,0.527
1882.10.1,1882,SAR,steam_transport,16,17.331
1882.10.1,1882,SIC,clipper_transport,10,12.184
1882.10.1,1882,CHI,clipper_transport,2,0.1
1882.10.1,1882,CHI,frigate,3,0.15
1882.10.1,1882,GXI,clipper_transport,1,0.05
1882.10.1,1882,GXI,frigate,1,0.05
1882.10.1,1882,JAP,clipper_transport,2,0.102
1882.10.1,1882,JAP,frigate,5,0.264
1882.10.1,1882,JAP,manowar,1,0.069
1882.10.1,1882,ALD,clipper_transport,2,1.909
1882.10.1,1882,ALD,manowar,1,1.047
1882.10.1,1882,MEX,battleship,1,1.176
1882.10.1,1882,MEX,clipper_transport,80,89.386
1882.10.1,1882,MEX,commerce_raider,1,0.321
1882.10.1,1882,MEX,ironclad,63,45.77
1882.10.1,1882,BRZ,clipper_transport,11,0.588
1882.10.1,1882,GUA,steam_transport,1,0.08
1882.11.1,1882,USA,clipper_transport,111,116.729
1882.11.1,1882,USA,ironclad,55,55.987
1882.11.1,1882,ENG,clipper_transport,201,207.999
1882.11.1,1882,ENG,commerce_raider,30,31.098
1882.11.1,1882,ENG,frigate,6,6.29
1882.11.1,1882,ENG,ironclad,120,124.272
1882.11.1,1882,ENG,manowar,33,32.789
1882.11.1,1882,FRA,clipper_transport,87,103.399
1882.11.1,1882,FRA,commerce_raider,6,7.239
1882.11.1,1882,FRA,ironclad,69,87.098
1882.11.1,1882,SCA,ironclad,12,12.84
1882.11.1,1882,SCA,steam_transport,26,26.922
1882.11.1,1882,RUS,clipper_transport,72,77.305
1882.11.1,1882,GER,clipper_transport,79,93.758
1882.11.1,1882,GER,commerce_raider,6,7.212
1882.11.1,1882,GER,ironclad,21,25.542
1882.11.1,1882,NET,frigate,1,1.25
1882.11.1,1882,BEL,clipper_transport,20,23.032
1882.11.1,1882,BEL,ironclad,12,14.579
1882.11.1,1882,SPA,commerce_raider,1,0.813
1882.11.1,1882,SPA,ironclad,45,39.661
1882.11.1,1882,SPA,steam_transport,33,33.78
1882.11.1,1882,KUK,clipper_transport,20,1.166
1882.11.1,1882,CHL,steam_transport,6,6.0
1882.11.1,1882,AST,clipper_transport,67,69.023
1882.11.1,1882,AST,commerce_raider,19,20.491
1882.11.1,1882,AST,ironclad,68,71.63
1882.11.1,1882,AST,steam_transport,9,9.502
1882.11.1,1882,WAL,clipper_transport,10,0.527
1882.11.1,1882,SAR,steam_transport,16,17.331
1882.11.1,1882,SIC,clipper_transport,10,11.241
1882.11.1,1882,CHI,clipper_transport,2,0.1
1882.11.1,1882,CHI,frigate,3,0.15
1882.11.1,1882,GXI,clipper_transport,1,0.05
1882.11.1,1882,GXI,frigate,1,0.05
1882.11.1,1882,JAP,clipper_transport,2,0.102
1882.11.1,1882,JAP,frigate,5,0.264
1882.11.1,1882,JAP,manowar,1,0.069
1882.11.1,1882,ALD,clipper_transport,2,1.828
1882.11.1,1882,ALD,manowar,1,1.046
1882.11.1,1882,MEX,battleship,3,3.494
1882.11.1,1882,MEX,clipper_transport,80,89.386
1882.11.1,1882,MEX,commerce_raider,1,0.294
1882.11.1,1882,MEX,ironclad,63,44.172
1882.11.1,1882,BRZ,clipper_transport,11,0.588
1882.11.1,1882,GUA,steam_transport,1,0.08
1882.12.1,1882,USA,clipper_transport,111,116.729
1882.12.1,1882,USA,ironclad,55,55.987
1882.12.1,1882,ENG,clipper_transport,201,207.999
1882.12.1,1882,ENG,commerce_raider,30,31.098
1882.12.1,1882,ENG,frigate,6,6.29
1882.12.1,1882,ENG,ironclad,119,121.937
1882.12.1,1882,ENG,manowar,32,31.743
1882.12.1,1882,FRA,clipper_transport,76,90.68
1882.12.1,1882,FRA,commerce_raider,6,5.872
1882.12.1,1882,FRA,ironclad,70,88.431
1882.12.1,1882,SCA,ironclad,12,12.84
1882.12.1,1882,SCA,steam_transport,26,26.922
1882.12.1,1882,RUS,clipper_transport,72,77.305
1882.12.1,1882,GER,clipper_transport,79,93.758
1882.12.1,1882,GER,commerce_raider,6,7.161
1882.12.1,1882,GER,ironclad,21,25.142
1882.12.1,1882,NET,clipper_transport,1,1.25
1882.12.1,1882,NET,frigate,1,1.25
1882.12.1,1882,BEL,clipper_transport,20,23.032
1882.12.1,1882,BEL,ironclad,10,10.026
1882.12.1,1882,SPA,commerce_raider,1,0.813
1882.12.1,1882,SPA,ironclad,45,39.661
1882.12.1,1882,SPA,steam_transport,33,33.78
1882.12.1,1882,KUK,clipper_transport,20,1.166
1882.12.1,1882,CHL,steam_transport,7,7.0
1882.12.1,1882,AST,clipper_transport,67,69.023
1882.12.1,1882,AST,commerce_raider,19,20.491
1882.12.1,1882,AST,ironclad,68,71.63
1882.12.1,1882,AST,steam_transport,9,9.502
1882.12.1,1882,WAL,clipper_transport,10,0.527
1882.12.1,1882,SAR,steam_transport,16,17.331
1882.12.1,1882,SIC,clipper_transport,10,10.329
1882.12.1,1882,CHI,clipper_transport,2,0.1
1882.12.1,1882,CHI,frigate,3,0.15
1882.12.1,1882,GXI,clipper_transport,1,0.05
1882.12.1,1882,GXI,frigate,1,0.05
1882.12.1,1882,JAP,clipper_transport,2,0.102
1882.12.1,1882,JAP,frigate,5,0.264
1882.12.1,1882,JAP,manowar,1,0.069
1882.12.1,1882,ALD,clipper_transport,2,1.799
1882.12.1,1882,ALD,manowar,1,1.037
1882.12.1,1882,MEX,battleship,5,5.832
1882.12.1,1882,MEX,clipper_transport,80,89.379
1882.12.1,1882,MEX,commerce_raider,1,0.269
1882.12.1,1882,MEX,ironclad,63,42.626
1882.12.1,1882,BRZ,clipper_transport,11,0.588
1882.12.1,1882,GUA,steam_transport,1,0.08
1883.1.1,1883,USA,clipper_transport,111,116.729
1883.1.1,1883,USA,ironclad,55,55.987
1883.1.1,1883,ENG,clipper_transport,201,208.025
1883.1.1,1883,ENG,commerce_raider,30,31.098
1883.1.1,1883,ENG,frigate,6,6.29
1883.1.1,1883,ENG,ironclad,118,121.361
1883.1.1,1883,ENG,manowar,31,30.699
1883.1.1,1883,FRA,clipper_transport,65,77.899
1883.1.1,1883,FRA,commerce_raider,5,5.516
1883.1.1,1883,FRA,ironclad,72,91.098
1883.1.1,1883,SCA,ironclad,12,12.84
1883.1.1,1883,SCA,steam_transport,26,26.922
1883.1.1,1883,RUS,clipper_transport,72,77.305
1883.1.1,1883,GER,clipper_transport,80,95.008
1883.1.1,1883,GER,commerce_raider,6,7.115
1883.1.1,1883,GER,ironclad,22,26.286
1883.1.1,1883,NET,clipper_transport,1,1.25
1883.1.1,1883,NET,frigate,1,1.25
1883.1.1,1883,BEL,clipper_transport,20,23.032
1883.1.1,1883,BEL,ironclad,9,9.005
1883.1.1,1883,SPA,commerce_raider,1,0.76
1883.1.1,1883,SPA,ironclad,45,37.245
1883.1.1,1883,SPA,steam_transport,33,32.025
1883.1.1,1883,KUK,clipper_transport,20,1.161
1883.1.1,1883,CHL,steam_transport,9,9.0
1883.1.1,1883,AST,clipper_transport,67,67.777
1883.1.1,1883,AST,commerce_raider,19,20.127
1883.1.1,1883,AST,ironclad,68,70.359
1883.1.1,1883,AST,steam_transport,9,9.331
1883.1.1,1883,WAL,clipper_transport,10,0.527
1883.1.1,1883,SAR,steam_transport,16,17.556
1883.1.1,1883,SIC,clipper_transport,10,9.386
1883.1.1,1883,CHI,clipper_transport,2,0.1
1883.1.1,1883,CHI,frigate,3,0.15
1883.1.1,1883,GXI,clipper_transport,1,0.05
1883.1.1,1883,GXI,frigate,1,0.05
1883.1.1,1883,JAP,clipper_transport,2,0.102
1883.1.1,1883,JAP,frigate,5,0.264
1883.1.1,1883,JAP,manowar,1,0.069
1883.1.1,1883,ALD,clipper_transport,2,1.572
1883.1.1,1883,ALD,manowar,1,0.928
1883.1.1,1883,MEX,battleship,5,5.81
1883.1.1,1883,MEX,clipper_transport,80,89.364
1883.1.1,1883,MEX,commerce_raider,1,0.243
1883.1.1,1883,MEX,ironclad,63,41.046
1883.1.1,1883,BRZ,clipper_transport,11,0.588
1883.1.1,1883,GUA,steam_transport,1,0.08
1883.2.1,1883,USA,clipper_transport,111,116.729
1883.2.1,1883,USA,ironclad,55,55.987
1883.2.1,1883,ENG,clipper_transport,201,208.025
1883.2.1,1883,ENG,commerce_raider,30,31.226
1883.2.1,1883,ENG,frigate,6,6.29
1883.2.1,1883,ENG,ironclad,118,122.081
1883.2.1,1883,ENG,manowar,31,31.861
1883.2.1,1883,FRA,clipper_transport,65,77.899
1883.2.1,1883,FRA,commerce_raider,5,5.516
1883.2.1,1883,FRA,ironclad,72,91.098
1883.2.1,1883,SCA,ironclad,12,12.507
1883.2.1,1883,SCA,steam_transport,26,26.157
1883.2.1,1883,RUS,clipper_transport,72,77.305
1883.2.1,1883,GER,clipper_transport,80,95.008
1883.2.1,1883,GER,commerce_raider,6,7.115
1883.2.1,1883,GER,ironclad,25,30.036
1883.2.1,1883,NET,clipper_transport,1,1.25
1883.2.1,1883,NET,frigate,1,1.25
1883.2.1,1883,BEL,clipper_transport,20,23.032
1883.2.1,1883,BEL,ironclad,9,9.005
1883.2.1,1883,SPA,commerce_raider,1,0.681
1883.2.1,1883,SPA,ironclad,45,33.666
1883.2.1,1883,SPA,steam_transport,33,29.422
1883.2.1,1883,KUK,clipper_transport,20,1.161
1883.2.1,1883,CHL,steam_transport,9,9.0
1883.2.1,1883,AST,clipper_transport,67,61.324
1883.2.1,1883,AST,commerce_raider,19,18.238
1883.2.1,1883,AST,ironclad,68,63.74
1883.2.1,1883,AST,steam_transport,9,8.45
1883.2.1,1883,WAL,clipper_transport,10,0.527
1883.2.1,1883,SAR,steam_transport,16,17.758
1883.2.1,1883,SIC,clipper_transport,10,8.444
1883.2.1,1883,CHI,clipper_transport,2,0.1
1883.2.1,1883,CHI,frigate,3,0.15
1883.2.1,1883,GXI,clipper_transport,1,0.05
1883.2.1,1883,GXI,frigate,1,0.05
1883.2.1,1883,JAP,clipper_transport,2,0.102
1883.2.1,1883,JAP,frigate,5,0.264
1883.2.1,1883,JAP,manowar,1,0.069
1883.2.1,1883,ALD,clipper_transport,2,1.52
1883.2.1,1883,ALD,manowar,1,0.945
1883.2.1,1883,MEX,battleship,5,5.791
1883.2.1,1883,MEX,clipper_transport,80,89.349
1883.2.1,1883,MEX,commerce_raider,1,0.217
1883.2.1,1883,MEX,ironclad,63,39.474
1883.2.1,1883,BRZ,clipper_transport,11,0.588
1883.2.1,1883,GUA,steam_transport,1,0.08
1883.3.1,1883,USA,clipper_transport,111,116.729
1883.3.1,1883,USA,ironclad,55,55.987
1883.3.1,1883,ENG,clipper_transport,201,208.025
1883.3.1,1883,ENG,commerce_raider,30,31.226
1883.3.1,1883,ENG,frigate,6,6.29
1883.3.1,1883,ENG,ironclad,118,122.142
1883.3.1,1883,ENG,manowar,31,32.15
1883.3.1,1883,FRA,clipper_transport,65,77.899
1883.3.1,1883,FRA,commerce_raider,5,5.516
1883.3.1,1883,FRA,ironclad,72,91.098
1883.3.1,1883,SCA,ironclad,12,11.614
1883.3.1,1883,SCA,steam_transport,26,24.21
1883.3.1,1883,RUS,clipper_transport,72,76.982
1883.3.1,1883,GER,clipper_transport,81,96.258
1883.3.1,1883,GER,commerce_raider,6,7.115
1883.3.1,1883,GER,ironclad,28,33.786
1883.3.1,1883,NET,clipper_transport,1,1.25
1883.3.1,1883,NET,frigate,1,1.25
1883.3.1,1883,BEL,clipper_transport,20,23.032
1883.3.1,1883,BEL,ironclad,9,9.005
1883.3.1,1883,SPA,commerce_raider,1,0.609
1883.3.1,1883,SPA,ironclad,45,30.436
1883.3.1,1883,SPA,steam_transport,33,27.073
1883.3.1,1883,KUK,clipper_transport,20,1.161
1883.3.1,1883,CHL,steam_transport,11,11.0
1883.3.1,1883,AST,clipper_transport,67,55.521
1883.3.1,1883,AST,commerce_raider,19,16.548
1883.3.1,1883,AST,ironclad,68,57.765
1883.3.1,1883,AST,steam_transport,9,7.653
1883.3.1,1883,WAL,clipper_transport,10,0.527
1883.3.1,1883,SAR,steam_transport,16,17.903
1883.3.1,1883,SIC,clipper_transport,10,7.596
1883.3.1,1883,CHI,clipper_transport,2,0.1
1883.3.1,1883,CHI,frigate,3,0.15
1883.3.1,1883,GXI,clipper_transport,1,0.05
1883.3.1,1883,GXI,frigate,1,0.05
1883.3.1,1883,JAP,clipper_transport,2,0.102
1883.3.1,1883,JAP,frigate,5,0.264
1883.3.1,1883,JAP,manowar,1,0.069
1883.3.1,1883,ALD,clipper_transport,2,1.612
1883.3.1,1883,ALD,manowar,1,1.036
1883.3.1,1883,MEX,battleship,5,5.77
1883.3.1,1883,MEX,clipper_transport,80,89.334
1883.3.1,1883,MEX,commerce_raider,1,0.193
1883.3.1,1883,MEX,ironclad,63,38.069
1883.3.1,1883,BRZ,clipper_transport,11,0.588
1883.3.1,1883,GUA,steam_transport,1,0.08
1883.4.1,1883,USA,clipper_transport,111,116.729
1883.4.1,1883,USA,ironclad,55,55.987
1883.4.1,1883,ENG,clipper_transport,201,208.025
1883.4.1,1883,ENG,commerce_raider,30,31.226
1883.4.1,1883,ENG,frigate,6,6.29
1883.4.1,1883,ENG,ironclad,118,122.142
1883.4.1,1883,ENG,manowar,31,32.15
1883.4.1,1883,FRA,clipper_transport,65,77.899
1883.4.1,1883,FRA,commerce_raider,5,5.516
1883.4.1,1883,FRA,ironclad,72,91.098
1883.4.1,1883,SCA,ironclad,12,10.621
1883.4.1,1883,SCA,steam_transport,26,22.054
1883.4.1,1883,RUS,clipper_transport,72,76.982
1883.4.1,1883,GER,clipper_transport,81,96.258
1883.4.1,1883,GER,commerce_raider,6,7.115
1883.4.1,1883,GER,ironclad,28,33.786
1883.4.1,1883,NET,clipper_transport,1,1.25
1883.4.1,1883,NET,frigate,1,1.25
1883.4.1,1883,BEL,clipper_transport,20,23.032
1883.4.1,1883,BEL,ironclad,9,9.005
1883.4.1,1883,SPA,commerce_raider,1,0.53
1883.4.1,1883,SPA,ironclad,45,26.857
1883.4.1,1883,SPA,steam_transport,33,24.47
1883.4.1,1883,KUK,clipper_transport,20,1.161
1883.4.1,1883,CHL,steam_transport,11,10.9
1883.4.1,1883,AST,clipper_transport,67,49.096
1883.4.1,1883,AST,commerce_raider,19,14.678
1883.4.1,1883,AST,ironclad,68,51.15
1883.4.1,1883,AST,steam_transport,9,6.772
1883.4.1,1883,WAL,clipper_transport,10,0.527
1883.4.1,1883,SAR,steam_transport,16,18.066
1883.4.1,1883,SIC,clipper_transport,10,6.654
1883.4.1,1883,CHI,clipper_transport,2,0.1
1883.4.1,1883,CHI,frigate,3,0.15
1883.4.1,1883,GXI,clipper_transport,1,0.05
1883.4.1,1883,GXI,frigate,1,0.05
1883.4.1,1883,JAP,clipper_transport,2,0.102
1883.4.1,1883,JAP,frigate,5,0.264
1883.4.1,1883,JAP,manowar,1,0.069
1883.4.1,1883,ALD,clipper_transport,2,1.708
1883.4.1,1883,ALD,manowar,1,1.041
1883.4.1,1883,MEX,battleship,5,5.744
1883.4.1,1883,MEX,clipper_transport,80,89.004
1883.4.1,1883,MEX,commerce_raider,1,0.167
1883.4.1,1883,MEX,ironclad,63,36.559
1883.4.1,1883,BRZ,clipper_transport,11,0.588
1883.4.1,1883,GUA,steam_transport,1,0.08
1883.5.1,1883,USA,clipper_transport,111,116.729
1883.5.1,1883,USA,ironclad,55,55.987
1883.5.1,1883,ENG,clipper_transport,201,208.025
1883.5.1,1883,ENG,commerce_raider,30,31.226
1883.5.1,1883,ENG,frigate,6,6.29
1883.5.1,1883,ENG,ironclad,118,122.142
1883.5.1,1883,ENG,manowar,31,32.15
1883.5.1,1883,FRA,clipper_transport,65,77.899
1883.5.1,1883,FRA,commerce_raider,5,5.516
1883.5.1,1883,FRA,ironclad,72,91.098
1883.5.1,1883,SCA,ironclad,12,9.662
1883.5.1,1883,SCA,steam_transport,26,19.968
1883.5.1,1883,RUS,clipper_transport,72,76.982
1883.5.1,1883,GER,clipper_transport,82,97.508
1883.5.1,1883,GER,commerce_raider,6,7.115
1883.5.1,1883,GER,ironclad,28,33.786
1883.5.1,1883,NET,clipper_transport,1,1.25
1883.5.1,1883,NET,frigate,1,1.25
1883.5.1,1883,BEL,clipper_transport,20,23.032
1883.5.1,1883,BEL,ironclad,9,9.005
1883.5.1,1883,SPA,commerce_raider,1,0.453
1883.5.1,1883,SPA,ironclad,45,23.395
1883.5.1,1883,SPA,steam_transport,33,21.952
1883.5.1,1883,KUK,clipper_transport,20,1.161
1883.5.1,1883,CHL,steam_transport,11,10.9
1883.5.1,1883,AST,clipper_transport,67,42.88
1883.5.1,1883,AST,commerce_raider,19,12.869
1883.5.1,1883,AST,ironclad,68,44.751
1883.5.1,1883,AST,steam_transport,9,5.918
1883.5.1,1883,WAL,clipper_transport,10,0.527
1883.5.1,1883,SAR,steam_transport,16,18.253
1883.5.1,1883,SIC,clipper_transport,10,7.387
1883.5.1,1883,CHI,clipper_transport,2,0.1
1883.5.1,1883,CHI,frigate,3,0.15
1883.5.1,1883,GXI,clipper_transport,1,0.05
1883.5.1,1883,GXI,frigate,1,0.05
1883.5.1,1883,JAP,clipper_transport,2,0.102
1883.5.1,1883,JAP,frigate,5,0.264
1883.5.1,1883,JAP,manowar,1,0.069
1883.5.1,1883,ALD,clipper_transport,2,1.684
1883.5.1,1883,ALD,manowar,1,1.041
1883.5.1,1883,MEX,battleship,5,5.72
1883.5.1,1883,MEX,clipper_transport,80,88.242
1883.5.1,1883,MEX,commerce_raider,1,0.142
1883.5.1,1883,MEX,ironclad,63,35.116
1883.5.1,1883,BRZ,clipper_transport,11,0.588
1883.5.1,1883,GUA,steam_transport,1,0.08
1883.6.1,1883,USA,clipper_transport,111,116.729
1883.6.1,1883,USA,ironclad,55,55.987
1883.6.1,1883,ENG,clipper_transport,201,208.025
1883.6.1,1883,ENG,commerce_raider,30,31.226
1883.6.1,1883,ENG,frigate,6,6.29
1883.6.1,1883,ENG,ironclad,118,122.142
1883.6.1,1883,ENG,manowar,31,32.15
1883.6.1,1883,FRA,clipper_transport,65,77.899
1883.6.1,1883,FRA,commerce_raider,5,5.516
1883.6.1,1883,FRA,ironclad,72,91.098
1883.6.1,1883,SCA,ironclad,12,8.67
1883.6.1,1883,SCA,steam_transport,26,17.812
1883.6.1,1883,RUS,clipper_transport,72,76.982
1883.6.1,1883,GER,clipper_transport,82,97.508
1883.6.1,1883,GER,commerce_raider,6,7.115
1883.6.1,1883,GER,ironclad,28,33.786
1883.6.1,1883,NET,clipper_transport,1,1.25
1883.6.1,1883,NET,frigate,1,1.25
1883.6.1,1883,BEL,clipper_transport,20,23.032
1883.6.1,1883,BEL,ironclad,9,9.005
1883.6.1,1883,SPA,commerce_raider,1,0.374
1883.6.1,1883,SPA,ironclad,45,19.816
1883.6.1,1883,SPA,steam_transport,33,19.349
1883.6.1,1883,KUK,clipper_transport,20,1.161
1883.6.1,1883,CHL,steam_transport,12,11.9
1883.6.1,1883,AST,clipper_transport,67,36.456
1883.6.1,1883,AST,commerce_raider,19,10.999
1883.6.1,1883,AST,ironclad,68,38.136
1883.6.1,1883,AST,steam_transport,9,5.037
1883.6.1,1883,WAL,clipper_transport,10,0.527
1883.6.1,1883,SAR,steam_transport,16,18.41
1883.6.1,1883,SIC,clipper_transport,10,8.596
1883.6.1,1883,CHI,clipper_transport,2,0.1
1883.6.1,1883,CHI,frigate,3,0.15
1883.6.1,1883,GXI,clipper_transport,1,0.05
1883.6.1,1883,GXI,frigate,1,0.05
1883.6.1,1883,JAP,clipper_transport,2,0.102
1883.6.1,1883,JAP,frigate,5,0.264
1883.6.1,1883,JAP,manowar,1,0.069
1883.6.1,1883,ALD,clipper_transport,2,1.758
1883.6.1,1883,ALD,manowar,1,1.04
1883.6.1,1883,MEX,battleship,5,5.771
1883.6.1,1883,MEX,clipper_transport,80,89.111
1883.6.1,1883,MEX,commerce_raider,1,0.126
1883.6.1,1883,MEX,ironclad,63,34.481
1883.6.1,1883,BRZ,clipper_transport,11,0.588
1883.6.1,1883,GUA,steam_transport,1,0.08
1883.7.1,1883,USA,clipper_transport,111,116.729
1883.7.1,1883,USA,ironclad,55,55.987
1883.7.1,1883,ENG,clipper_transport,201,208.025
1883.7.1,1883,ENG,commerce_raider,30,31.226
1883.7.1,1883,ENG,frigate,6,6.29
1883.7.1,1883,ENG,ironclad,118,122.142
1883.7.1,1883,ENG,manowar,31,32.15
1883.7.1,1883,FRA,clipper_transport,65,77.899
1883.7.1,1883,FRA,commerce_raider,5,5.803
1883.7.1,1883,FRA,ironclad,72,91.03
1883.7.1,1883,SCA,ironclad,12,7.711
1883.7.1,1883,SCA,steam_transport,26,15.726
1883.7.1,1883,RUS,clipper_transport,72,76.982
1883.7.1,1883,GER,clipper_transport,83,98.758
1883.7.1,1883,GER,commerce_raider,6,7.115
1883.7.1,1883,GER,ironclad,28,33.786
1883.7.1,1883,NET,clipper_transport,1,1.25
1883.7.1,1883,NET,frigate,1,1.25
1883.7.1,1883,BEL,clipper_transport,20,23.032
1883.7.1,1883,BEL,ironclad,9,9.005
1883.7.1,1883,SPA,commerce_raider,1,0.298
1883.7.1,1883,SPA,ironclad,45,16.354
1883.7.1,1883,SPA,steam_transport,33,16.805
1883.7.1,1883,KUK,clipper_transport,20,1.161
1883.7.1,1883,CHL,steam_transport,14,13.9
1883.7.1,1883,AST,clipper_transport,67,30.24
1883.7.1,1883,AST,commerce_raider,19,9.192
1883.7.1,1883,AST,ironclad,68,31.74
1883.7.1,1883,AST,steam_transport,9,4.183
1883.7.1,1883,WAL,clipper_transport,10,0.527
1883.7.1,1883,SAR,steam_transport,16,18.529
1883.7.1,1883,SIC,clipper_transport,10,10.214
1883.7.1,1883,CHI,clipper_transport,2,0.1
1883.7.1,1883,CHI,frigate,3,0.15
1883.7.1,1883,GXI,clipper_transport,1,0.05
1883.7.1,1883,GXI,frigate,1,0.05
1883.7.1,1883,JAP,clipper_transport,2,0.102
1883.7.1,1883,JAP,frigate,5,0.264
1883.7.1,1883,JAP,manowar,1,0.069
1883.7.1,1883,ALD,clipper_transport,2,1.73
1883.7.1,1883,ALD,manowar,1,1.039
1883.7.1,1883,MEX,battleship,5,5.782
1883.7.1,1883,MEX,clipper_transport,80,89.143
1883.7.1,1883,MEX,commerce_raider,1,0.126
1883.7.1,1883,MEX,ironclad,63,34.967
1883.7.1,1883,BRZ,clipper_transport,11,0.588
1883.7.1,1883,GUA,steam_transport,1,0.08
1883.8.1,1883,USA,clipper_transport,111,116.729
1883.8.1,1883,USA,ironclad,55,55.987
1883.8.1,1883,ENG,clipper_transport,201,208.025
1883.8.1,1883,ENG,commerce_raider,30,31.226
1883.8.1,1883,ENG,frigate,6,6.29
1883.8.1,1883,ENG,ironclad,118,122.142
1883.8.1,1883,ENG,manowar,31,32.15
1883.8.1,1883,FRA,clipper_transport,65,77.898
1883.8.1,1883,FRA,commerce_raider,5,5.995
1883.8.1,1883,FRA,ironclad,72,91.03
1883.8.1,1883,SCA,ironclad,12,6.719
1883.8.1,1883,SCA,steam_transport,26,13.57
1883.8.1,1883,RUS,clipper_transport,72,76.982
1883.8.1,1883,GER,clipper_transport,83,98.758
1883.8.1,1883,GER,commerce_raider,6,7.115
1883.8.1,1883,GER,ironclad,28,33.786
1883.8.1,1883,NET,clipper_transport,1,1.25
1883.8.1,1883,NET,frigate,1,1.25
1883.8.1,1883,BEL,clipper_transport,20,23.032
1883.8.1,1883,BEL,ironclad,9,9.005
1883.8.1,1883,SPA,commerce_raider,1,0.219
1883.8.1,1883,SPA,ironclad,45,12.868
1883.8.1,1883,SPA,steam_transport,33,14.202
1883.8.1,1883,KUK,clipper_transport,20,1.161
1883.8.1,1883,CHL,steam_transport,15,14.9
1883.8.1,1883,AST,clipper_transport,67,23.821
1883.8.1,1883,AST,commerce_raider,19,7.328
1883.8.1,1883,AST,ironclad,68,25.136
1883.8.1,1883,AST,steam_transport,9,3.302
1883.8.1,1883,WAL,clipper_transport,10,0.527
1883.8.1,1883,SAR,steam_transport,16,18.62
1883.8.1,1883,SIC,clipper_transport,10,11.48
1883.8.1,1883,CHI,clipper_transport,2,0.1
1883.8.1,1883,CHI,frigate,3,0.15
1883.8.1,1883,GXI,clipper_transport,1,0.05
1883.8.1,1883,GXI,frigate,1,0.05
1883.8.1,1883,JAP,clipper_transport,2,0.102
1883.8.1,1883,JAP,frigate,5,0.261
1883.8.1,1883,JAP,manowar,1,0.066
1883.8.1,1883,ALD,clipper_transport,2,1.699
1883.8.1,1883,ALD,manowar,1,1.039
1883.8.1,1883,MEX,battleship,5,5.782
1883.8.1,1883,MEX,clipper_transport,80,89.143
1883.8.1,1883,MEX,commerce_raider,1,0.126
1883.8.1,1883,MEX,ironclad,63,35.487
1883.8.1,1883,BRZ,clipper_transport,11,0.588
1883.8.1,1883,GUA,steam_transport,1,0.08
1883.9.1,1883,USA,clipper_transport,111,116.729
1883.9.1,1883,USA,ironclad,55,55.987
1883.9.1,1883,ENG,clipper_transport,201,208.025
1883.9.1,1883,ENG,commerce_raider,30,31.226
1883.9.1,1883,ENG,frigate,6,6.29
1883.9.1,1883,ENG,ironclad,118,122.142
1883.9.1,1883,ENG,manowar,31,32.15
1883.9.1,1883,ENG,monitor,1,1.053
1883.9.1,1883,FRA,clipper_transport,65,77.898
1883.9.1,1883,FRA,commerce_raider,5,5.995
1883.9.1,1883,FRA,ironclad,72,91.03
1883.9.1,1883,SCA,ironclad,12,5.727
1883.9.1,1883,SCA,steam_transport,26,11.414
1883.9.1,1883,RUS,clipper_transport,72,76.982
1883.9.1,1883,GER,clipper_transport,84,100.008
1883.9.1,1883,GER,commerce_raider,6,7.171
1883.9.1,1883,GER,ironclad,28,34.21
1883.9.1,1883,NET,clipper_transport,1,1.25
1883.9.1,1883,NET,frigate,1,1.25
1883.9.1,1883,BEL,clipper_transport,20,23.032
1883.9.1,1883,BEL,ironclad,9,9.005
1883.9.1,1883,SPA,commerce_raider,1,0.14
1883.9.1,1883,SPA,ironclad,45,9.447
1883.9.1,1883,SPA,steam_transport,33,11.6
1883.9.1,1883,KUK,clipper_transport,20,1.161
1883.9.1,1883,CHL,steam_transport,16,15.9
1883.9.1,1883,AST,clipper_transport,67,17.555
1883.9.1,1883,AST,commerce_raider,19,5.464
1883.9.1,1883,AST,ironclad,68,18.533
1883.9.1,1883,AST,steam_transport,9,2.42
1883.9.1,1883,SAR,steam_transport,16,18.704
1883.9.1,1883,SIC,clipper_transport,10,11.937
1883.9.1,1883,CHI,clipper_transport,2,0.1
1883.9.1,1883,CHI,frigate,3,0.15
1883.9.1,1883,GXI,clipper_transport,1,0.05
1883.9.1,1883,GXI,frigate,1,0.05
1883.9.1,1883,JAP,clipper_transport,2,0.102
1883.9.1,1883,JAP,frigate,5,0.264
1883.9.1,1883,JAP,manowar,1,0.069
1883.9.1,1883,ALD,clipper_transport,2,1.685
1883.9.1,1883,ALD,manowar,1,1.039
1883.9.1,1883,MEX,battleship,5,5.782
1883.9.1,1883,MEX,clipper_transport,80,89.143
1883.9.1,1883,MEX,commerce_raider,1,0.379
1883.9.1,1883,MEX,ironclad,63,50.434
1883.9.1,1883,BRZ,clipper_transport,11,0.588
1883.9.1,1883,GUA,steam_transport,1,0.08
1883.10.1,1883,USA,clipper_transport,111,116.729
1883.10.1,1883,USA,ironclad,55,55.987
1883.10.1,1883,ENG,clipper_transport,201,208.025
1883.10.1,1883,ENG,commerce_raider,30,31.226
1883.10.1,1883,ENG,frigate,6,6.29
1883.10.1,1883,ENG,ironclad,118,122.142
1883.10.1,1883,ENG,manowar,31,32.15
1883.10.1,1883,ENG,monitor,1,1.053
1883.10.1,1883,FRA,clipper_transport,65,77.898
1883.10.1,1883,FRA,commerce_raider,5,5.995
1883.10.1,1883,FRA,ironclad,72,91.03
1883.10.1,1883,SCA,ironclad,12,4.768
1883.10.1,1883,SCA,steam_transport,26,9.328
1883.10.1,1883,RUS,clipper_transport,73,78.093
1883.10.1,1883,GER,clipper_transport,84,100.008
1883.10.1,1883,GER,commerce_raider,6,7.171
1883.10.1,1883,GER,ironclad,28,34.21
1883.10.1,1883,NET,clipper_transport,1,1.25
1883.10.1,1883,NET,frigate,1,1.25
1883.10.1,1883,BEL,clipper_transport,20,23.032
1883.10.1,1883,BEL,ironclad,9,9.005
1883.10.1,1883,SPA,commerce_raider,1,0.063
1883.10.1,1883,SPA,ironclad,45,6.275
1883.10.1,1883,SPA,steam_transport,33,9.081
1883.10.1,1883,KUK,clipper_transport,20,1.161
1883.10.1,1883,CHL,steam_transport,17,16.9
1883.10.1,1883,AST,clipper_transport,67,11.686
1883.10.1,1883,AST,commerce_raider,19,3.66
1883.10.1,1883,AST,ironclad,68,12.143
1883.10.1,1883,AST,steam_transport,9,1.567
1883.10.1,1883,SAR,steam_transport,16,18.704
1883.10.1,1883,SIC,clipper_transport,10,11.937
1883.10.1,1883,CHI,clipper_transport,2,0.1
1883.10.1,1883,CHI,frigate,3,0.15
1883.10.1,1883,GXI,clipper_transport,1,0.05
1883.10.1,1883,GXI,frigate,1,0.05
1883.10.1,1883,JAP,clipper_transport,2,0.102
1883.10.1,1883,JAP,frigate,5,0.264
1883.10.1,1883,JAP,manowar,1,0.069
1883.10.1,1883,ALD,clipper_transport,2,1.515
1883.10.1,1883,MEX,battleship,5,5.782
1883.10.1,1883,MEX,clipper_transport,80,89.143
1883.10.1,1883,MEX,commerce_raider,1,0.633
1883.10.1,1883,MEX,ironclad,63,60.648
1883.10.1,1883,BRZ,clipper_transport,11,0.588
1883.10.1,1883,GUA,steam_transport,1,0.08
1883.11.1,1883,USA,clipper_transport,111,116.729
1883.11.1,1883,USA,ironclad,55,55.987
1883.11.1,1883,ENG,clipper_transport,201,208.025
1883.11.1,1883,ENG,commerce_raider,30,31.226
1883.11.1,1883,ENG,frigate,6,6.29
1883.11.1,1883,ENG,ironclad,118,122.142
1883.11.1,1883,ENG,manowar,31,32.15
1883.11.1,1883,ENG,monitor,2,2.105
1883.11.1,1883,FRA,clipper_transport,65,77.898
1883.11.1,1883,FRA,commerce_raider,5,5.995
1883.11.1,1883,FRA,ironclad,72,91.03
1883.11.1,1883,SCA,ironclad,12,3.777
1883.11.1,1883,SCA,steam_transport,26,7.172
1883.11.1,1883,RUS,clipper_transport,73,78.093
1883.11.1,1883,GER,clipper_transport,84,100.008
1883.11.1,1883,GER,commerce_raider,6,7.171
1883.11.1,1883,GER,ironclad,28,34.21
1883.11.1,1883,NET,clipper_transport,1,1.25
1883.11.1,1883,NET,frigate,1,1.25
1883.11.1,1883,BEL,clipper_transport,20,23.032
1883.11.1,1883,BEL,ironclad,9,9.005
1883.11.1,1883,SPA,commerce_raider,1,0.051
1883.11.1,1883,SPA,ironclad,45,4.676
1883.11.1,1883,SPA,steam_transport,33,6.453
1883.11.1,1883,KUK,clipper_transport,20,1.141
1883.11.1,1883,CHL,steam_transport,18,17.9
1883.11.1,1883,AST,clipper_transport,67,5.895
1883.11.1,1883,AST,commerce_raider,19,1.813
1883.11.1,1883,AST,ironclad,68,5.916
1883.11.1,1883,AST,steam_transport,9,0.712
1883.11.1,1883,SAR,steam_transport,16,18.704
1883.11.1,1883,SIC,clipper_transport,10,11.937
1883.11.1,1883,CHI,clipper_transport,2,0.1
1883.11.1,1883,CHI,frigate,3,0.15
1883.11.1,1883,GXI,clipper_transport,1,0.05
1883.11.1,1883,GXI,frigate,1,0.05
1883.11.1,1883,JAP,clipper_transport,2,0.102
1883.11.1,1883,JAP,frigate,5,0.264
1883.11.1,1883,JAP,manowar,1,0.069
1883.11.1,1883,ALD,clipper_transport,2,1.193
1883.11.1,1883,MEX,battleship,5,5.782
1883.11.1,1883,MEX,clipper_transport,80,89.143
1883.11.1,1883,MEX,commerce_raider,1,0.885
1883.11.1,1883,MEX,ironclad,63,63.653
1883.11.1,1883,BRZ,clipper_transport,11,0.588
1883.11.1,1883,GUA,steam_transport,1,0.08
1883.12.1,1883,USA,clipper_transport,111,116.729
1883.12.1,1883,USA,ironclad,55,55.987
1883.12.1,1883,ENG,clipper_transport,201,208.025
1883.12.1,1883,ENG,commerce_raider,30,31.226
1883.12.1,1883,ENG,frigate,6,6.29
1883.12.1,1883,ENG,ironclad,118,122.142
1883.12.1,1883,ENG,manowar,31,32.15
1883.12.1,1883,ENG,monitor,3,3.158
1883.12.1,1883,FRA,clipper_transport,65,77.898
1883.12.1,1883,FRA,commerce_raider,5,5.995
1883.12.1,1883,FRA,ironclad,72,91.03
1883.12.1,1883,SCA,ironclad,12,2.818
1883.12.1,1883,SCA,steam_transport,26,5.086
1883.12.1,1883,RUS,clipper_transport,77,82.538
1883.12.1,1883,GER,clipper_transport,84,100.008
1883.12.1,1883,GER,commerce_raider,6,7.171
1883.12.1,1883,GER,ironclad,28,34.21
1883.12.1,1883,NET,clipper_transport,1,1.25
1883.12.1,1883,NET,frigate,1,1.25
1883.12.1,1883,BEL,clipper_transport,20,23.032
1883.12.1,1883,BEL,ironclad,9,9.005
1883.12.1,1883,SPA,commerce_raider,1,0.051
1883.12.1,1883,SPA,ironclad,45,3.437
1883.12.1,1883,SPA,steam_transport,33,3.91
1883.12.1,1883,KUK,clipper_transport,20,1.141
1883.12.1,1883,CHL,steam_transport,19,18.9
1883.12.1,1883,AST,clipper_transport,67,3.546
1883.12.1,1883,AST,commerce_raider,19,1.03
1883.12.1,1883,AST,ironclad,68,3.785
1883.12.1,1883,AST,steam_transport,9,0.487
1883.12.1,1883,SAR,steam_transport,16,18.704
1883.12.1,1883,SIC,clipper_transport,10,11.937
1883.12.1,1883,CHI,clipper_transport,2,0.1
1883.12.1,1883,CHI,frigate,3,0.15
1883.12.1,1883,GXI,clipper_transport,1,0.05
1883.12.1,1883,GXI,frigate,1,0.05
1883.12.1,1883,JAP,clipper_transport,2,0.102
1883.12.1,1883,JAP,frigate,5,0.264
1883.12.1,1883,JAP,manowar,1,0.069
1883.12.1,1883,ALD,clipper_transport,2,0.883
1883.12.1,1883,MEX,battleship,5,5.782
1883.12.1,1883,MEX,clipper_transport,80,89.143
1883.12.1,1883,MEX,commerce_raider,1,1.013
1883.12.1,1883,MEX,ironclad,63,64.777
1883.12.1,1883,BRZ,clipper_transport,11,0.588
1883.12.1,1883,GUA,steam_transport,1,0.08
1884.1.1,1884,USA,clipper_transport,111,116.729
1884.1.1,1884,USA,ironclad,55,55.987
1884.1.1,1884,ENG,clipper_transport,201,208.025
1884.1.1,1884,ENG,commerce_raider,30,31.226
1884.1.1,1884,ENG,frigate,6,6.29
1884.1.1,1884,ENG,ironclad,118,122.142
1884.1.1,1884,ENG,manowar,31,32.15
1884.1.1,1884,ENG,monitor,3,3.158
1884.1.1,1884,FRA,clipper_transport,65,77.898
1884.1.1,1884,FRA,commerce_raider,5,5.995
1884.1.1,1884,FRA,ironclad,72,91.03
1884.1.1,1884,SCA,ironclad,12,1.851
1884.1.1,1884,SCA,steam_transport,26,3.161
1884.1.1,1884,RUS,clipper_transport,79,84.76
1884.1.1,1884,GER,clipper_transport,85,101.258
1884.1.1,1884,GER,commerce_raider,6,7.171
1884.1.1,1884,GER,ironclad,28,34.21
1884.1.1,1884,NET,clipper_transport,1,1.25
1884.1.1,1884,NET,frigate,1,1.25
1884.1.1,1884,BEL,clipper_transport,20,23.032
1884.1.1,1884,BEL,ironclad,9,9.005
1884.1.1,1884,SPA,commerce_raider,1,0.051
1884.1.1,1884,SPA,ironclad,45,2.562
1884.1.1,1884,SPA,steam_transport,33,1.871
1884.1.1,1884,KUK,clipper_transport,20,1.141
1884.1.1,1884,CHL,steam_transport,19,19.0
1884.1.1,1884,AST,clipper_transport,67,3.546
1884.1.1,1884,AST,commerce_raider,19,1.03
1884.1.1,1884,AST,ironclad,68,3.7
1884.1.1,1884,AST,steam_transport,9,0.487
1884.1.1,1884,SAR,steam_transport,16,18.704
1884.1.1,1884,SIC,clipper_transport,10,11.937
1884.1.1,1884,CHI,clipper_transport,2,0.1
1884.1.1,1884,CHI,frigate,3,0.15
1884.1.1,1884,GXI,clipper_transport,1,0.05
1884.1.1,1884,GXI,frigate,1,0.05
1884.1.1,1884,JAP,clipper_transport,2,0.102
1884.1.1,1884,JAP,frigate,5,0.264
1884.1.1,1884,JAP,manowar,1,0.069
1884.1.1,1884,ALD,clipper_transport,2,0.561
1884.1.1,1884,MEX,battleship,5,5.782
1884.1.1,1884,MEX,clipper_transport,80,89.143
1884.1.1,1884,MEX,commerce_raider,1,1.013
1884.1.1,1884,MEX,ironclad,63,64.777
1884.1.1,1884,BRZ,clipper_transport,11,0.588
1884.1.1,1884,GUA,steam_transport,1,0.08
1884.2.1,1884,USA,clipper_transport,111,116.729
1884.2.1,1884,USA,ironclad,55,55.987
1884.2.1,1884,ENG,clipper_transport,201,208.025
1884.2.1,1884,ENG,commerce_raider,30,31.226
1884.2.1,1884,ENG,frigate,6,6.29
1884.2.1,1884,ENG,ironclad,118,122.142
1884.2.1,1884,ENG,manowar,31,32.15
1884.2.1,1884,ENG,monitor,3,3.158
1884.2.1,1884,FRA,clipper_transport,65,77.898
1884.2.1,1884,FRA,commerce_raider,5,5.995
1884.2.1,1884,FRA,ironclad,72,91.03
1884.2.1,1884,SCA,ironclad,12,1.002
1884.2.1,1884,SCA,steam_transport,26,1.511
1884.2.1,1884,RUS,clipper_transport,83,89.205
1884.2.1,1884,GER,clipper_transport,85,101.258
1884.2.1,1884,GER,commerce_raider,6,7.171
1884.2.1,1884,GER,ironclad,28,34.21
1884.2.1,1884,NET,clipper_transport,1,1.25
1884.2.1,1884,NET,frigate,1,1.25
1884.2.1,1884,BEL,clipper_transport,20,23.032
1884.2.1,1884,BEL,ironclad,9,9.005
1884.2.1,1884,SPA,commerce_raider,1,0.051
1884.2.1,1884,SPA,ironclad,45,2.5
1884.2.1,1884,SPA,steam_transport,33,1.765
1884.2.1,1884,KUK,clipper_transport,20,1.141
1884.2.1,1884,CHL,steam_transport,19,19.0
1884.2.1,1884,AST,clipper_transport,67,3.546
1884.2.1,1884,AST,commerce_raider,19,1.03
1884.2.1,1884,AST,ironclad,68,3.675
1884.2.1,1884,AST,steam_transport,9,0.487
1884.2.1,1884,SAR,steam_transport,16,18.704
1884.2.1,1884,SIC,clipper_transport,10,11.937
1884.2.1,1884,CHI,clipper_transport,2,0.1
1884.2.1,1884,CHI,frigate,3,0.15
1884.2.1,1884,GXI,clipper_transport,1,0.05
1884.2.1,1884,GXI,frigate,1,0.05
1884.2.1,1884,JAP,clipper_transport,2,0.102
1884.2.1,1884,JAP,frigate,5,0.264
1884.2.1,1884,JAP,manowar,1,0.069
1884.2.1,1884,ALD,clipper_transport,2,0.322
1884.2.1,1884,MEX,battleship,5,5.774
1884.2.1,1884,MEX,clipper_transport,80,89.142
1884.2.1,1884,MEX,commerce_raider,1,1.008
1884.2.1,1884,MEX,ironclad,63,64.478
1884.2.1,1884,BRZ,clipper_transport,11,0.588
1884.2.1,1884,GUA,steam_transport,1,0.08
1884.3.1,1884,USA,clipper_transport,111,116.729
1884.3.1,1884,USA,ironclad,55,55.987
1884.3.1,1884,ENG,clipper_transport,201,208.025
1884.3.1,1884,ENG,commerce_raider,30,31.226
1884.3.1,1884,ENG,frigate,6,6.29
1884.3.1,1884,ENG,ironclad,118,122.142
1884.3.1,1884,ENG,manowar,31,32.15
1884.3.1,1884,ENG,monitor,3,3.158
1884.3.1,1884,FRA,clipper_transport,65,77.898
1884.3.1,1884,FRA,commerce_raider,5,5.995
1884.3.1,1884,FRA,ironclad,72,91.03
1884.3.1,1884,SCA,ironclad,12,0.863
1884.3.1,1884,SCA,steam_transport,26,1.385
1884.3.1,1884,RUS,clipper_transport,86,92.538
1884.3.1,1884,GER,clipper_transport,86,102.508
1884.3.1,1884,GER,commerce_raider,6,7.171
1884.3.1,1884,GER,ironclad,28,34.21
1884.3.1,1884,NET,clipper_transport,1,1.25
1884.3.1,1884,NET,frigate,1,1.25
1884.3.1,1884,BEL,clipper_transport,20,23.032
1884.3.1,1884,BEL,ironclad,9,9.005
1884.3.1,1884,SPA,commerce_raider,1,0.274
1884.3.1,1884,SPA,ironclad,45,12.599
1884.3.1,1884,SPA,steam_transport,33,1.706
1884.3.1,1884,KUK,clipper_transport,20,1.141
1884.3.1,1884,CHL,steam_transport,19,19.0
1884.3.1,1884,AST,clipper_transport,67,3.546
1884.3.1,1884,AST,commerce_raider,19,1.03
1884.3.1,1884,AST,ironclad,68,3.675
1884.3.1,1884,AST,steam_transport,9,0.487
1884.3.1,1884,SAR,steam_transport,16,18.704
1884.3.1,1884,SIC,clipper_transport,10,11.937
1884.3.1,1884,CHI,clipper_transport,2,0.1
1884.3.1,1884,CHI,frigate,3,0.15
1884.3.1,1884,GXI,clipper_transport,1,0.05
1884.3.1,1884,GXI,frigate,1,0.05
1884.3.1,1884,JAP,clipper_transport,2,0.102
1884.3.1,1884,JAP,frigate,5,0.264
1884.3.1,1884,JAP,manowar,1,0.069
1884.3.1,1884,ALD,clipper_transport,2,0.178
1884.3.1,1884,MEX,battleship,5,5.752
1884.3.1,1884,MEX,clipper_transport,80,89.128
1884.3.1,1884,MEX,commerce_raider,1,0.984
1884.3.1,1884,MEX,ironclad,63,63.046
1884.3.1,1884,BRZ,clipper_transport,11,0.588
1884.3.1,1884,GUA,steam_transport,1,0.08
1884.4.1,1884,USA,clipper_transport,111,116.729
1884.4.1,1884,USA,ironclad,55,55.987
1884.4.1,1884,USA,monitor,1,1.111
1884.4.1,1884,ENG,clipper_transport,201,208.025
1884.4.1,1884,ENG,commerce_raider,30,31.226
1884.4.1,1884,ENG,frigate,6,6.29
1884.4.1,1884,ENG,ironclad,118,122.142
1884.4.1,1884,ENG,manowar,31,32.15
1884.4.1,1884,ENG,monitor,4,4.211
1884.4.1,1884,FRA,clipper_transport,65,77.898
1884.4.1,1884,FRA,commerce_raider,5,5.995
1884.4.1,1884,FRA,ironclad,73,92.363
1884.4.1,1884,SCA,ironclad,12,0.802
1884.4.1,1884,SCA,steam_transport,26,1.385
1884.4.1,1884,RUS,clipper_transport,89,95.871
1884.4.1,1884,GER,clipper_transport,86,102.508
1884.4.1,1884,GER,commerce_raider,6,7.171
1884.4.1,1884,GER,ironclad,28,34.21
1884.4.1,1884,NET,clipper_transport,1,1.25
1884.4.1,1884,NET,frigate,1,1.25
1884.4.1,1884,BEL,clipper_transport,20,23.032
1884.4.1,1884,BEL,ironclad,9,9.005
1884.4.1,1884,SPA,commerce_raider,1,0.497
1884.4.1,1884,SPA,ironclad,45,22.726
1884.4.1,1884,SPA,steam_transport,33,9.122
1884.4.1,1884,KUK,clipper_transport,20,1.141
1884.4.1,1884,CHL,steam_transport,19,19.0
1884.4.1,1884,AST,clipper_transport,67,3.546
1884.4.1,1884,AST,commerce_raider,19,1.03
1884.4.1,1884,AST,ironclad,68,3.675
1884.4.1,1884,AST,steam_transport,9,0.487
1884.4.1,1884,SAR,steam_transport,16,18.704
1884.4.1,1884,SIC,clipper_transport,10,11.937
1884.4.1,1884,CHI,clipper_transport,2,0.1
1884.4.1,1884,CHI,frigate,3,0.15
1884.4.1,1884,GXI,clipper_transport,1,0.05
1884.4.1,1884,GXI,frigate,1,0.05
1884.4.1,1884,JAP,clipper_transport,2,0.102
1884.4.1,1884,JAP,frigate,5,0.264
1884.4.1,1884,JAP,manowar,1,0.069
1884.4.1,1884,ALD,clipper_transport,2,0.104
1884.4.1,1884,MEX,battleship,5,5.728
1884.4.1,1884,MEX,clipper_transport,80,89.113
1884.4.1,1884,MEX,commerce_raider,1,0.958
1884.4.1,1884,MEX,ironclad,63,61.458
1884.4.1,1884,BRZ,clipper_transport,11,0.588
1884.4.1,1884,GUA,steam_transport,1,0.08
1884.5.1,1884,USA,clipper_transport,111,116.729
1884.5.1,1884,USA,ironclad,55,55.987
1884.5.1,1884,USA,monitor,2,2.222
1884.5.1,1884,ENG,clipper_transport,201,208.025
1884.5.1,1884,ENG,commerce_raider,30,31.226
1884.5.1,1884,ENG,frigate,6,6.29
1884.5.1,1884,ENG,ironclad,118,122.142
1884.5.1,1884,ENG,manowar,31,32.15
1884.5.1,1884,ENG,monitor,4,4.211
1884.5.1,1884,FRA,clipper_transport,65,77.898
1884.5.1,1884,FRA,commerce_raider,5,5.995
1884.5.1,1884,FRA,ironclad,74,93.696
1884.5.1,1884,SCA,ironclad,12,0.744
1884.5.1,1884,SCA,steam_transport,26,1.385
1884.5.1,1884,RUS,clipper_transport,92,99.205
1884.5.1,1884,GER,clipper_transport,86,102.508
1884.5.1,1884,GER,commerce_raider,6,7.171
1884.5.1,1884,GER,ironclad,28,34.21
1884.5.1,1884,NET,clipper_transport,1,1.25
1884.5.1,1884,NET,frigate,1,1.25
1884.5.1,1884,BEL,clipper_transport,20,23.032
1884.5.1,1884,BEL,ironclad,9,9.005
1884.5.1,1884,SPA,commerce_raider,1,0.719
1884.5.1,1884,SPA,ironclad,45,32.82
1884.5.1,1884,SPA,steam_transport,33,16.517
1884.5.1,1884,KUK,clipper_transport,20,1.141
1884.5.1,1884,CHL,steam_transport,19,19.0
1884.5.1,1884,AST,clipper_transport,67,3.546
1884.5.1,1884,AST,commerce_raider,19,1.03
1884.5.1,1884,AST,ironclad,68,3.675
1884.5.1,1884,AST,steam_transport,9,0.487
1884.5.1,1884,SAR,steam_transport,16,18.704
1884.5.1,1884,SIC,clipper_transport,10,11.937
1884.5.1,1884,CHI,clipper_transport,2,0.1
1884.5.1,1884,CHI,frigate,3,0.15
1884.5.1,1884,GXI,clipper_transport,1,0.05
1884.5.1,1884,GXI,frigate,1,0.05
1884.5.1,1884,JAP,clipper_transport,2,0.102
1884.5.1,1884,JAP,frigate,5,0.264
1884.5.1,1884,JAP,manowar,1,0.069
1884.5.1,1884,ALD,clipper_transport,2,0.104
1884.5.1,1884,MEX,battleship,5,5.705
1884.5.1,1884,MEX,clipper_transport,80,89.099
1884.5.1,1884,MEX,commerce_raider,1,0.933
1884.5.1,1884,MEX,ironclad,63,59.921
1884.5.1,1884,BRZ,clipper_transport,11,0.588
1884.5.1,1884,GUA,steam_transport,1,0.08
1884.6.1,1884,USA,clipper_transport,111,116.729
1884.6.1,1884,USA,ironclad,55,55.987
1884.6.1,1884,USA,monitor,3,3.333
1884.6.1,1884,ENG,clipper_transport,201,207.857
1884.6.1,1884,ENG,commerce_raider,30,31.226
1884.6.1,1884,ENG,frigate,6,6.29
1884.6.1,1884,ENG,ironclad,118,122.142
1884.6.1,1884,ENG,manowar,31,32.15
1884.6.1,1884,ENG,monitor,4,4.211
1884.6.1,1884,FRA,clipper_transport,66,79.231
1884.6.1,1884,FRA,commerce_raider,5,5.995
1884.6.1,1884,FRA,ironclad,76,96.363
1884.6.1,1884,SCA,ironclad,12,0.656
1884.6.1,1884,SCA,steam_transport,26,1.385
1884.6.1,1884,RUS,clipper_transport,94,101.427
1884.6.1,1884,GER,clipper_transport,86,102.508
1884.6.1,1884,GER,commerce_raider,6,7.171
1884.6.1,1884,GER,ironclad,28,34.21
1884.6.1,1884,NET,clipper_transport,1,1.25
1884.6.1,1884,NET,frigate,1,1.25
1884.6.1,1884,BEL,clipper_transport,20,23.032
1884.6.1,1884,BEL,ironclad,9,9.005
1884.6.1,1884,SPA,commerce_raider,1,0.942
1884.6.1,1884,SPA,ironclad,45,42.841
1884.6.1,1884,SPA,steam_transport,33,23.892
1884.6.1,1884,KUK,clipper_transport,20,1.141
1884.6.1,1884,CHL,steam_transport,20,20.0
1884.6.1,1884,AST,clipper_transport,67,3.546
1884.6.1,1884,AST,commerce_raider,19,1.03
1884.6.1,1884,AST,ironclad,68,3.674
1884.6.1,1884,AST,steam_transport,9,0.487
1884.6.1,1884,SAR,steam_transport,16,18.704
1884.6.1,1884,SIC,clipper_transport,10,11.937
1884.6.1,1884,CHI,clipper_transport,2,0.1
1884.6.1,1884,CHI,frigate,3,0.15
1884.6.1,1884,GXI,clipper_transport,1,0.05
1884.6.1,1884,GXI,frigate,1,0.05
1884.6.1,1884,JAP,clipper_transport,2,0.102
1884.6.1,1884,JAP,frigate,5,0.264
1884.6.1,1884,JAP,manowar,1,0.069
1884.6.1,1884,ALD,clipper_transport,2,0.104
1884.6.1,1884,MEX,battleship,5,5.681
1884.6.1,1884,MEX,clipper_transport,80,89.084
1884.6.1,1884,MEX,commerce_raider,1,0.907
1884.6.1,1884,MEX,ironclad,63,58.333
1884.6.1,1884,BRZ,clipper_transport,11,0.588
1884.6.1,1884,GUA,steam_transport,1,0.08
1884.7.1,1884,USA,clipper_transport,111,116.729
1884.7.1,1884,USA,ironclad,55,55.987
1884.7.1,1884,USA,monitor,4,4.422
1884.7.1,1884,ENG,clipper_transport,201,207.98
1884.7.1,1884,ENG,commerce_raider,30,31.226
1884.7.1,1884,ENG,frigate,6,6.29
1884.7.1,1884,ENG,ironclad,118,122.142
1884.7.1,1884,ENG,manowar,31,32.15
1884.7.1,1884,ENG,monitor,5,5.263
1884.7.1,1884,FRA,clipper_transport,67,80.564
1884.7.1,1884,FRA,commerce_raider,5,5.995
1884.7.1,1884,FRA,ironclad,77,97.696
1884.7.1,1884,SCA,ironclad,12,0.686
1884.7.1,1884,SCA,steam_transport,26,1.385
1884.7.1,1884,RUS,clipper_transport,99,106.982
1884.7.1,1884,GER,clipper_transport,86,102.508
1884.7.1,1884,GER,commerce_raider,6,7.171
1884.7.1,1884,GER,ironclad,28,34.21
1884.7.1,1884,NET,clipper_transport,1,1.25
1884.7.1,1884,NET,frigate,1,1.25
1884.7.1,1884,BEL,clipper_transport,20,23.032
1884.7.1,1884,BEL,ironclad,9,9.005
1884.7.1,1884,SPA,commerce_raider,1,1.012
1884.7.1,1884,SPA,ironclad,45,45.921
1884.7.1,1884,SPA,steam_transport,33,31.249
1884.7.1,1884,KUK,clipper_transport,20,1.141
1884.7.1,1884,CHL,steam_transport,20,20.0
1884.7.1,1884,AST,clipper_transport,67,3.546
1884.7.1,1884,AST,commerce_raider,19,1.03
1884.7.1,1884,AST,ironclad,68,3.674
1884.7.1,1884,AST,steam_transport,9,0.487
1884.7.1,1884,SAR,steam_transport,16,18.704
1884.7.1,1884,SIC,clipper_transport,10,11.937
1884.7.1,1884,CHI,clipper_transport,2,0.1
1884.7.1,1884,CHI,frigate,3,0.15
1884.7.1,1884,GXI,clipper_transport,1,0.05
1884.7.1,1884,GXI,frigate,1,0.05
1884.7.1,1884,JAP,clipper_transport,2,0.102
1884.7.1,1884,JAP,frigate,5,0.264
1884.7.1,1884,JAP,manowar,1,0.069
1884.7.1,1884,ALD,clipper_transport,2,0.104
1884.7.1,1884,MEX,battleship,5,5.658
1884.7.1,1884,MEX,clipper_transport,80,89.069
1884.7.1,1884,MEX,commerce_raider,1,0.882
1884.7.1,1884,MEX,ironclad,63,56.797
1884.7.1,1884,BRZ,clipper_transport,11,0.588
1884.7.1,1884,GUA,steam_transport,1,0.08
1884.8.1,1884,USA,clipper_transport,111,116.729
1884.8.1,1884,USA,ironclad,55,55.987
1884.8.1,1884,USA,monitor,5,5.549
1884.8.1,1884,ENG,clipper_transport,201,207.98
1884.8.1,1884,ENG,commerce_raider,30,31.226
1884.8.1,1884,ENG,cruiser,1,1.053
1884.8.1,1884,ENG,frigate,6,6.29
1884.8.1,1884,ENG,ironclad,118,122.142
1884.8.1,1884,ENG,manowar,31,32.15
1884.8.1,1884,ENG,monitor,6,6.316
1884.8.1,1884,FRA,clipper_transport,70,84.564
1884.8.1,1884,FRA,commerce_raider,5,5.995
1884.8.1,1884,FRA,ironclad,79,100.363
1884.8.1,1884,SCA,ironclad,12,0.686
1884.8.1,1884,SCA,steam_transport,26,1.385
1884.8.1,1884,RUS,clipper_transport,100,108.093
1884.8.1,1884,GER,clipper_transport,87,103.758
1884.8.1,1884,GER,commerce_raider,6,7.171
1884.8.1,1884,GER,ironclad,28,34.21
1884.8.1,1884,NET,clipper_transport,1,1.25
1884.8.1,1884,NET,frigate,1,1.25
1884.8.1,1884,BEL,clipper_transport,20,23.032
1884.8.1,1884,BEL,ironclad,9,9.005
1884.8.1,1884,SPA,commerce_raider,1,1.012
1884.8.1,1884,SPA,ironclad,45,45.921
1884.8.1,1884,SPA,steam_transport,33,31.249
1884.8.1,1884,KUK,clipper_transport,20,1.161
1884.8.1,1884,CHL,steam_transport,20,20.0
1884.8.1,1884,AST,clipper_transport,67,3.546
1884.8.1,1884,AST,commerce_raider,19,1.03
1884.8.1,1884,AST,ironclad,68,3.674
1884.8.1,1884,AST,steam_transport,9,0.487
1884.8.1,1884,SAR,steam_transport,16,18.704
1884.8.1,1884,SIC,clipper_transport,10,11.937
1884.8.1,1884,CHI,clipper_transport,2,0.1
1884.8.1,1884,CHI,frigate,3,0.15
1884.8.1,1884,GXI,clipper_transport,1,0.05
1884.8.1,1884,GXI,frigate,1,0.05
1884.8.1,1884,JAP,clipper_transport,2,0.102
1884.8.1,1884,JAP,frigate,5,0.264
1884.8.1,1884,JAP,manowar,1,0.069
1884.8.1,1884,ALD,clipper_transport,2,0.104
1884.8.1,1884,MEX,battleship,5,5.634
1884.8.1,1884,MEX,clipper_transport,80,89.054
1884.8.1,1884,MEX,commerce_raider,1,0.856
1884.8.1,1884,MEX,ironclad,63,55.208
1884.8.1,1884,BRZ,clipper_transport,11,0.588
1884.8.1,1884,GUA,steam_transport,1,0.08
1884.9.1,1884,USA,clipper_transport,111,116.729
1884.9.1,1884,USA,ironclad,55,55.987
1884.9.1,1884,USA,monitor,6,6.66
1884.9.1,1884,ENG,clipper_transport,201,207.98
1884.9.1,1884,ENG,commerce_raider,30,31.226
1884.9.1,1884,ENG,cruiser,2,2.105
1884.9.1,1884,ENG,frigate,6,6.29
1884.9.1,1884,ENG,ironclad,118,122.142
1884.9.1,1884,ENG,manowar,31,32.15
1884.9.1,1884,ENG,monitor,9,9.474
1884.9.1,1884,FRA,clipper_transport,71,85.898
1884.9.1,1884,FRA,commerce_raider,5,5.995
1884.9.1,1884,FRA,ironclad,80,101.696
1884.9.1,1884,SCA,ironclad,12,0.686
1884.9.1,1884,SCA,steam_transport,26,1.385
1884.9.1,1884,RUS,clipper_transport,103,111.427
1884.9.1,1884,GER,clipper_transport,87,103.758
1884.9.1,1884,GER,commerce_raider,6,7.171
1884.9.1,1884,GER,ironclad,28,34.21
1884.9.1,1884,NET,clipper_transport,1,1.25
1884.9.1,1884,NET,frigate,1,1.25
1884.9.1,1884,BEL,clipper_transport,20,23.032
1884.9.1,1884,BEL,ironclad,9,9.005
1884.9.1,1884,SPA,commerce_raider,1,1.012
1884.9.1,1884,SPA,ironclad,45,45.921
1884.9.1,1884,SPA,steam_transport,33,31.198
1884.9.1,1884,KUK,clipper_transport,20,1.161
1884.9.1,1884,CHL,steam_transport,20,20.0
1884.9.1,1884,AST,clipper_transport,67,3.546
1884.9.1,1884,AST,commerce_raider,19,1.03
1884.9.1,1884,AST,ironclad,68,3.674
1884.9.1,1884,AST,steam_transport,9,0.487
1884.9.1,1884,SAR,steam_transport,16,18.704
1884.9.1,1884,SIC,clipper_transport,10,11.937
1884.9.1,1884,CHI,clipper_transport,2,0.1
1884.9.1,1884,CHI,frigate,3,0.15
1884.9.1,1884,GXI,clipper_transport,1,0.05
1884.9.1,1884,GXI,frigate,1,0.05
1884.9.1,1884,JAP,clipper_transport,2,0.102
1884.9.1,1884,JAP,frigate,5,0.264
1884.9.1,1884,JAP,manowar,1,0.069
1884.9.1,1884,ALD,clipper_transport,2,0.104
1884.9.1,1884,MEX,battleship,5,5.61
1884.9.1,1884,MEX,clipper_transport,80,89.039
1884.9.1,1884,MEX,commerce_raider,1,0.83
1884.9.1,1884,MEX,ironclad,63,53.62
1884.9.1,1884,BRZ,clipper_transport,11,0.588
1884.9.1,1884,GUA,steam_transport,1,0.08
1884.10.1,1884,USA,clipper_transport,111,116.729
1884.10.1,1884,USA,ironclad,55,55.987
1884.10.1,1884,USA,monitor,7,7.771
1884.10.1,1884,ENG,clipper_transport,201,207.98
1884.10.1,1884,ENG,commerce_raider,30,31.226
1884.10.1,1884,ENG,cruiser,2,2.105
1884.10.1,1884,ENG,frigate,6,6.29
1884.10.1,1884,ENG,ironclad,118,122.142
1884.10.1,1884,ENG,manowar,31,32.15
1884.10.1,1884,ENG,monitor,14,14.737
1884.10.1,1884,FRA,clipper_transport,73,88.564
1884.10.1,1884,FRA,commerce_raider,5,5.995
1884.10.1,1884,FRA,ironclad,80,101.696
1884.10.1,1884,SCA,ironclad,12,0.686
1884.10.1,1884,SCA,steam_transport,26,1.385
1884.10.1,1884,RUS,clipper_transport,108,116.982
1884.10.1,1884,GER,clipper_transport,87,103.758
1884.10.1,1884,GER,commerce_raider,6,7.171
1884.10.1,1884,GER,ironclad,28,34.21
1884.10.1,1884,NET,clipper_transport,1,1.25
1884.10.1,1884,NET,frigate,1,1.25
1884.10.1,1884,BEL,clipper_transport,20,23.032
1884.10.1,1884,BEL,ironclad,9,9.986
1884.10.1,1884,SPA,commerce_raider,1,1.012
1884.10.1,1884,SPA,ironclad,45,45.921
1884.10.1,1884,SPA,steam_transport,33,31.117
1884.10.1,1884,KUK,clipper_transport,20,1.161
1884.10.1,1884,CHL,steam_transport,20,20.0
1884.10.1,1884,AST,clipper_transport,67,3.546
1884.10.1,1884,AST,commerce_raider,19,1.03
1884.10.1,1884,AST,ironclad,68,3.674
1884.10.1,1884,AST,steam_transport,9,0.487
1884.10.1,1884,SAR,steam_transport,16,18.704
1884.10.1,1884,SIC,clipper_transport,10,11.937
1884.10.1,1884,CHI,clipper_transport,2,0.1
1884.10.1,1884,CHI,frigate,3,0.15
1884.10.1,1884,GXI,clipper_transport,1,0.05
1884.10.1,1884,GXI,frigate,1,0.05
1884.10.1,1884,JAP,clipper_transport,2,0.102
1884.10.1,1884,JAP,frigate,5,0.264
1884.10.1,1884,JAP,manowar,1,0.069
1884.10.1,1884,ALD,clipper_transport,2,0.104
1884.10.1,1884,MEX,battleship,5,5.588
1884.10.1,1884,MEX,clipper_transport,80,89.024
1884.10.1,1884,MEX,commerce_raider,1,0.804
1884.10.1,1884,MEX,ironclad,63,52.084
1884.10.1,1884,BRZ,clipper_transport,11,0.588
1884.10.1,1884,GUA,steam_transport,1,0.08
1884.11.1,1884,USA,clipper_transport,111,116.729
1884.11.1,1884,USA,ironclad,55,55.987
1884.11.1,1884,USA,monitor,7,7.771
1884.11.1,1884,ENG,clipper_transport,201,207.98
1884.11.1,1884,ENG,commerce_raider,30,31.226
1884.11.1,1884,ENG,cruiser,4,4.211
1884.11.1,1884,ENG,frigate,6,6.29
1884.11.1,1884,ENG,ironclad,118,122.142
1884.11.1,1884,ENG,manowar,31,32.15
1884.11.1,1884,ENG,monitor,19,20.0
1884.11.1,1884,FRA,clipper_transport,75,91.231
1884.11.1,1884,FRA,commerce_raider,5,5.995
1884.11.1,1884,FRA,ironclad,80,101.696
1884.11.1,1884,SCA,ironclad,12,0.686
1884.11.1,1884,SCA,steam_transport,26,1.385
1884.11.1,1884,RUS,clipper_transport,109,118.093
1884.11.1,1884,GER,clipper_transport,87,103.758
1884.11.1,1884,GER,commerce_raider,6,7.171
1884.11.1,1884,GER,ironclad,28,34.21
1884.11.1,1884,NET,clipper_transport,1,1.25
1884.11.1,1884,NET,frigate,1,1.25
1884.11.1,1884,BEL,clipper_transport,20,23.032
1884.11.1,1884,BEL,ironclad,9,10.474
1884.11.1,1884,SPA,commerce_raider,1,1.012
1884.11.1,1884,SPA,ironclad,45,45.921
1884.11.1,1884,SPA,steam_transport,33,31.117
1884.11.1,1884,KUK,clipper_transport,20,1.161
1884.11.1,1884,CHL,steam_transport,20,20.0
1884.11.1,1884,AST,clipper_transport,67,3.546
1884.11.1,1884,AST,commerce_raider,19,1.03
1884.11.1,1884,AST,ironclad,68,3.674
1884.11.1,1884,AST,steam_transport,9,0.487
1884.11.1,1884,SAR,steam_transport,16,18.704
1884.11.1,1884,SIC,clipper_transport,10,11.937
1884.11.1,1884,CHI,clipper_transport,2,0.1
1884.11.1,1884,CHI,frigate,3,0.15
1884.11.1,1884,GXI,clipper_transport,1,0.05
1884.11.1,1884,GXI,frigate,1,0.05
1884.11.1,1884,JAP,clipper_transport,2,0.102
1884.11.1,1884,JAP,frigate,5,0.264
1884.11.1,1884,JAP,manowar,1,0.069
1884.11.1,1884,ALD,clipper_transport,2,0.104
1884.11.1,1884,MEX,battleship,5,5.565
1884.11.1,1884,MEX,clipper_transport,80,89.009
1884.11.1,1884,MEX,commerce_raider,1,0.778
1884.11.1,1884,MEX,ironclad,63,50.496
1884.11.1,1884,BRZ,clipper_transport,11,0.588
1884.11.1,1884,GUA,steam_transport,1,0.08
1884.12.1,1884,USA,clipper_transport,111,116.729
1884.12.1,1884,USA,ironclad,55,55.987
1884.12.1,1884,USA,monitor,7,7.771
1884.12.1,1884,ENG,clipper_transport,201,207.98
1884.12.1,1884,ENG,commerce_raider,30,31.226
1884.12.1,1884,ENG,cruiser,5,5.263
1884.12.1,1884,ENG,frigate,6,6.29
1884.12.1,1884,ENG,ironclad,118,122.142
1884.12.1,1884,ENG,manowar,31,32.15
1884.12.1,1884,ENG,monitor,21,22.08
1884.12.1,1884,FRA,clipper_transport,77,93.898
1884.12.1,1884,FRA,commerce_raider,5,5.995
1884.12.1,1884,FRA,ironclad,80,101.696
1884.12.1,1884,SCA,ironclad,12,0.686
1884.12.1,1884,SCA,steam_transport,26,1.385
1884.12.1,1884,RUS,clipper_transport,112,121.427
1884.12.1,1884,GER,clipper_transport,87,103.758
1884.12.1,1884,GER,commerce_raider,6,7.171
1884.12.1,1884,GER,ironclad,28,34.21
1884.12.1,1884,NET,clipper_transport,1,1.25
1884.12.1,1884,NET,frigate,1,1.25
1884.12.1,1884,BEL,clipper_transport,20,23.032
1884.12.1,1884,BEL,ironclad,9,10.783
1884.12.1,1884,SPA,commerce_raider,1,1.012
1884.12.1,1884,SPA,ironclad,45,45.921
1884.12.1,1884,SPA,steam_transport,33,31.117
1884.12.1,1884,KUK,clipper_transport,20,1.161
1884.12.1,1884,CHL,steam_transport,20,20.0
1884.12.1,1884,AST,clipper_transport,67,3.546
1884.12.1,1884,AST,commerce_raider,19,1.03
1884.12.1,1884,AST,ironclad,68,3.674
1884.12.1,1884,AST,steam_transport,9,0.487
1884.12.1,1884,SAR,steam_transport,16,18.496
1884.12.1,1884,SIC,clipper_transport,10,11.937
1884.12.1,1884,CHI,clipper_transport,2,0.1
1884.12.1,1884,CHI,frigate,3,0.15
1884.12.1,1884,GXI,clipper_transport,1,0.05
1884.12.1,1884,GXI,frigate,1,0.05
1884.12.1,1884,JAP,clipper_transport,2,0.102
1884.12.1,1884,JAP,frigate,5,0.264
1884.12.1,1884,JAP,manowar,1,0.069
1884.12.1,1884,ALD,clipper_transport,2,0.104
1884.12.1,1884,MEX,battleship,5,5.542
1884.12.1,1884,MEX,clipper_transport,80,88.994
1884.12.1,1884,MEX,commerce_raider,1,0.753
1884.12.1,1884,MEX,ironclad,63,48.96
1884.12.1,1884,BRZ,clipper_transport,11,0.588
1884.12.1,1884,GUA,steam_transport,1,0.08
1885.1.1,1885,USA,clipper_transport,111,116.729
1885.1.1,1885,USA,ironclad,55,55.987
1885.1.1,1885,USA,monitor,7,7.771
1885.1.1,1885,ENG,clipper_transport,201,207.98
1885.1.1,1885,ENG,commerce_raider,30,31.226
1885.1.1,1885,ENG,cruiser,6,6.316
1885.1.1,1885,ENG,frigate,6,6.29
1885.1.1,1885,ENG,ironclad,118,122.142
1885.1.1,1885,ENG,manowar,31,32.15
1885.1.1,1885,ENG,monitor,22,23.139
1885.1.1,1885,FRA,clipper_transport,78,95.375
1885.1.1,1885,FRA,commerce_raider,5,5.995
1885.1.1,1885,FRA,ironclad,80,101.696
1885.1.1,1885,SCA,ironclad,12,0.686
1885.1.1,1885,SCA,steam_transport,26,1.385
1885.1.1,1885,RUS,clipper_transport,116,125.871
1885.1.1,1885,GER,clipper_transport,87,103.758
1885.1.1,1885,GER,commerce_raider,6,7.171
1885.1.1,1885,GER,ironclad,28,34.21
1885.1.1,1885,NET,clipper_transport,1,1.25
1885.1.1,1885,NET,frigate,1,1.25
1885.1.1,1885,BEL,clipper_transport,20,23.032
1885.1.1,1885,BEL,ironclad,9,10.812
1885.1.1,1885,SPA,commerce_raider,1,1.012
1885.1.1,1885,SPA,ironclad,45,45.921
1885.1.1,1885,SPA,steam_transport,33,31.117
1885.1.1,1885,KUK,clipper_transport,20,1.161
1885.1.1,1885,CHL,steam_transport,20,20.0
1885.1.1,1885,AST,clipper_transport,67,3.546
1885.1.1,1885,AST,commerce_raider,19,1.03
1885.1.1,1885,AST,ironclad,68,3.674
1885.1.1,1885,AST,steam_transport,9,0.487
1885.1.1,1885,SAR,steam_transport,16,18.228
1885.1.1,1885,SIC,clipper_transport,10,11.937
1885.1.1,1885,CHI,clipper_transport,2,0.1
1885.1.1,1885,CHI,frigate,3,0.15
1885.1.1,1885,GXI,clipper_transport,1,0.05
1885.1.1,1885,GXI,frigate,1,0.05
1885.1.1,1885,JAP,clipper_transport,2,0.102
1885.1.1,1885,JAP,frigate,5,0.264
1885.1.1,1885,JAP,manowar,1,0.069
1885.1.1,1885,ALD,clipper_transport,2,0.104
1885.1.1,1885,MEX,battleship,5,5.512
1885.1.1,1885,MEX,clipper_transport,80,88.976
1885.1.1,1885,MEX,commerce_raider,1,0.727
1885.1.1,1885,MEX,ironclad,63,47.371
1885.1.1,1885,BRZ,clipper_transport,11,0.588
1885.1.1,1885,GUA,steam_transport,1,0.08
1885.2.1,1885,USA,clipper_transport,111,116.729
1885.2.1,1885,USA,ironclad,55,55.987
1885.2.1,1885,USA,monitor,9,9.993
1885.2.1,1885,ENG,clipper_transport,201,207.98
1885.2.1,1885,ENG,commerce_raider,30,31.226
1885.2.1,1885,ENG,cruiser,8,8.421
1885.2.1,1885,ENG,frigate,6,6.29
1885.2.1,1885,ENG,ironclad,118,122.142
1885.2.1,1885,ENG,manowar,31,32.15
1885.2.1,1885,ENG,monitor,22,23.139
1885.2.1,1885,FRA,clipper_transport,78,95.375
1885.2.1,1885,FRA,commerce_raider,5,5.995
1885.2.1,1885,FRA,ironclad,80,101.696
1885.2.1,1885,SCA,ironclad,12,0.686
1885.2.1,1885,SCA,steam_transport,26,1.385
1885.2.1,1885,RUS,clipper_transport,119,129.116
1885.2.1,1885,GER,clipper_transport,87,103.72
1885.2.1,1885,GER,commerce_raider,6,7.171
1885.2.1,1885,GER,ironclad,28,34.21
1885.2.1,1885,NET,clipper_transport,1,1.25
1885.2.1,1885,NET,frigate,1,1.25
1885.2.1,1885,BEL,clipper_transport,20,23.032
1885.2.1,1885,BEL,ironclad,9,10.812
1885.2.1,1885,SPA,commerce_raider,1,1.012
1885.2.1,1885,SPA,ironclad,45,45.921
1885.2.1,1885,SPA,steam_transport,33,31.117
1885.2.1,1885,KUK,clipper_transport,20,1.161
1885.2.1,1885,CHL,steam_transport,20,20.0
1885.2.1,1885,AST,clipper_transport,67,3.546
1885.2.1,1885,AST,commerce_raider,19,1.03
1885.2.1,1885,AST,ironclad,68,3.674
1885.2.1,1885,AST,steam_transport,9,0.487
1885.2.1,1885,SAR,steam_transport,16,17.961
1885.2.1,1885,SIC,clipper_transport,10,11.937
1885.2.1,1885,CHI,clipper_transport,2,0.1
1885.2.1,1885,CHI,frigate,3,0.15
1885.2.1,1885,GXI,clipper_transport,1,0.05
1885.2.1,1885,GXI,frigate,1,0.05
1885.2.1,1885,JAP,clipper_transport,2,0.102
1885.2.1,1885,JAP,frigate,5,0.264
1885.2.1,1885,JAP,manowar,1,0.069
1885.2.1,1885,ALD,clipper_transport,2,0.104
1885.2.1,1885,MEX,battleship,5,5.489
1885.2.1,1885,MEX,clipper_transport,80,88.96
1885.2.1,1885,MEX,commerce_raider,1,0.701
1885.2.1,1885,MEX,ironclad,63,45.783
1885.2.1,1885,BRZ,clipper_transport,11,0.588
1885.2.1,1885,GUA,steam_transport,1,0.08
1885.3.1,1885,USA,clipper_transport,111,116.729
1885.3.1,1885,USA,ironclad,55,55.987
1885.3.1,1885,USA,monitor,11,12.215
1885.3.1,1885,ENG,clipper_transport,201,207.98
1885.3.1,1885,ENG,commerce_raider,30,31.226
1885.3.1,1885,ENG,cruiser,9,9.474
1885.3.1,1885,ENG,frigate,6,6.29
1885.3.1,1885,ENG,ironclad,118,122.142
1885.3.1,1885,ENG,manowar,31,32.15
1885.3.1,1885,ENG,monitor,22,23.139
1885.3.1,1885,FRA,clipper_transport,78,95.375
1885.3.1,1885,FRA,commerce_raider,5,5.995
1885.3.1,1885,FRA,ironclad,81,103.03
1885.3.1,1885,SCA,ironclad,12,0.686
1885.3.1,1885,SCA,steam_transport,26,1.385
1885.3.1,1885,RUS,clipper_transport,119,129.116
1885.3.1,1885,GER,clipper_transport,87,103.72
1885.3.1,1885,GER,commerce_raider,6,7.171
1885.3.1,1885,GER,ironclad,28,34.21
1885.3.1,1885,NET,clipper_transport,1,1.25
1885.3.1,1885,NET,frigate,1,1.25
1885.3.1,1885,BEL,clipper_transport,20,23.032
1885.3.1,1885,BEL,ironclad,9,10.812
1885.3.1,1885,SPA,commerce_raider,1,1.012
1885.3.1,1885,SPA,ironclad,45,45.921
1885.3.1,1885,SPA,steam_transport,33,31.117
1885.3.1,1885,KUK,clipper_transport,20,1.161
1885.3.1,1885,CHL,steam_transport,20,20.0
1885.3.1,1885,AST,clipper_transport,67,3.546
1885.3.1,1885,AST,commerce_raider,19,1.03
1885.3.1,1885,AST,ironclad,68,3.674
1885.3.1,1885,AST,steam_transport,9,0.487
1885.3.1,1885,SAR,steam_transport,16,17.724
1885.3.1,1885,SIC,clipper_transport,10,11.937
1885.3.1,1885,CHI,clipper_transport,2,0.1
1885.3.1,1885,CHI,frigate,3,0.15
1885.3.1,1885,GXI,clipper_transport,1,0.05
1885.3.1,1885,GXI,frigate,1,0.05
1885.3.1,1885,JAP,clipper_transport,2,0.102
1885.3.1,1885,JAP,frigate,5,0.264
1885.3.1,1885,JAP,manowar,1,0.069
1885.3.1,1885,ALD,clipper_transport,2,0.104
1885.3.1,1885,MEX,battleship,5,5.469
1885.3.1,1885,MEX,clipper_transport,80,88.947
1885.3.1,1885,MEX,commerce_raider,1,0.677
1885.3.1,1885,MEX,ironclad,63,44.351
1885.3.1,1885,BRZ,clipper_transport,11,0.588
1885.3.1,1885,GUA,steam_transport,1,0.08
1885.4.1,1885,USA,clipper_transport,111,116.729
1885.4.1,1885,USA,ironclad,55,55.987
1885.4.1,1885,USA,monitor,13,14.426
1885.4.1,1885,ENG,clipper_transport,201,207.98
1885.4.1,1885,ENG,commerce_raider,30,31.226
1885.4.1,1885,ENG,cruiser,9,9.474
1885.4.1,1885,ENG,frigate,6,6.29
1885.4.1,1885,ENG,ironclad,118,122.142
1885.4.1,1885,ENG,manowar,31,32.15
1885.4.1,1885,ENG,monitor,22,23.139
1885.4.1,1885,FRA,clipper_transport,78,95.375
1885.4.1,1885,FRA,commerce_raider,5,5.995
1885.4.1,1885,FRA,ironclad,83,105.696
1885.4.1,1885,SCA,ironclad,12,0.686
1885.4.1,1885,SCA,steam_transport,26,1.385
1885.4.1,1885,RUS,clipper_transport,119,129.038
1885.4.1,1885,GER,clipper_transport,87,103.72
1885.4.1,1885,GER,commerce_raider,6,7.171
1885.4.1,1885,GER,ironclad,28,34.21
1885.4.1,1885,NET,clipper_transport,1,1.25
1885.4.1,1885,NET,frigate,1,1.25
1885.4.1,1885,BEL,clipper_transport,20,23.032
1885.4.1,1885,BEL,ironclad,9,10.812
1885.4.1,1885,SPA,commerce_raider,1,0.991
1885.4.1,1885,SPA,ironclad,45,45.025
1885.4.1,1885,SPA,steam_transport,33,30.468
1885.4.1,1885,KUK,clipper_transport,20,1.161
1885.4.1,1885,CHL,steam_transport,20,20.0
1885.4.1,1885,AST,clipper_transport,67,3.546
1885.4.1,1885,AST,commerce_raider,19,1.03
1885.4.1,1885,AST,ironclad,68,3.674
1885.4.1,1885,AST,steam_transport,9,0.487
1885.4.1,1885,SAR,steam_transport,16,17.457
1885.4.1,1885,SIC,clipper_transport,10,11.937
1885.4.1,1885,CHI,clipper_transport,2,0.1
1885.4.1,1885,CHI,frigate,3,0.15
1885.4.1,1885,GXI,clipper_transport,1,0.05
1885.4.1,1885,GXI,frigate,1,0.05
1885.4.1,1885,JAP,clipper_transport,2,0.102
1885.4.1,1885,JAP,frigate,5,0.264
1885.4.1,1885,JAP,manowar,1,0.069
1885.4.1,1885,ALD,clipper_transport,2,0.104
1885.4.1,1885,MEX,battleship,5,5.447
1885.4.1,1885,MEX,clipper_transport,80,88.932
1885.4.1,1885,BRZ,clipper_transport,11,0.588
1885.4.1,1885,GUA,steam_transport,1,0.08
1885.5.1,1885,USA,clipper_transport,111,116.729
1885.5.1,1885,USA,ironclad,55,55.987
1885.5.1,1885,USA,monitor,15,16.651
1885.5.1,1885,ENG,clipper_transport,201,207.98
1885.5.1,1885,ENG,commerce_raider,30,31.226
1885.5.1,1885,ENG,cruiser,11,11.579
1885.5.1,1885,ENG,frigate,6,6.29
1885.5.1,1885,ENG,ironclad,118,122.142
1885.5.1,1885,ENG,manowar,31,32.15
1885.5.1,1885,ENG,monitor,25,26.297
1885.5.1,1885,FRA,clipper_transport,78,95.388
1885.5.1,1885,FRA,commerce_raider,5,5.995
1885.5.1,1885,FRA,ironclad,84,107.03
1885.5.1,1885,SCA,ironclad,12,0.686
1885.5.1,1885,SCA,steam_transport,26,1.385
1885.5.1,1885,RUS,clipper_transport,119,128.982
1885.5.1,1885,GER,clipper_transport,87,103.72
1885.5.1,1885,GER,commerce_raider,6,7.171
1885.5.1,1885,GER,ironclad,28,34.21
1885.5.1,1885,NET,clipper_transport,1,1.25
1885.5.1,1885,NET,frigate,1,1.25
1885.5.1,1885,BEL,clipper_transport,20,23.032
1885.5.1,1885,BEL,ironclad,9,10.812
1885.5.1,1885,SPA,commerce_raider,1,0.954
1885.5.1,1885,SPA,ironclad,45,43.435
1885.5.1,1885,SPA,steam_transport,33,29.349
1885.5.1,1885,KUK,clipper_transport,20,1.184
1885.5.1,1885,CHL,steam_transport,20,19.878
1885.5.1,1885,AST,clipper_transport,67,3.546
1885.5.1,1885,AST,commerce_raider,19,1.03
1885.5.1,1885,AST,ironclad,68,3.674
1885.5.1,1885,AST,steam_transport,9,0.487
1885.5.1,1885,SAR,steam_transport,16,17.2
1885.5.1,1885,SIC,clipper_transport,10,11.937
1885.5.1,1885,CHI,clipper_transport,2,0.1
1885.5.1,1885,CHI,frigate,3,0.15
1885.5.1,1885,GXI,clipper_transport,1,0.05
1885.5.1,1885,GXI,frigate,1,0.05
1885.5.1,1885,JAP,clipper_transport,2,0.102
1885.5.1,1885,JAP,frigate,5,0.264
1885.5.1,1885,JAP,manowar,1,0.069
1885.5.1,1885,ALD,clipper_transport,2,0.104
1885.5.1,1885,MEX,battleship,5,5.425
1885.5.1,1885,MEX,clipper_transport,80,88.917
1885.5.1,1885,BRZ,clipper_transport,11,0.588
1885.5.1,1885,GUA,steam_transport,1,0.08
1885.6.1,1885,USA,clipper_transport,111,116.729
1885.6.1,1885,USA,ironclad,55,55.987
1885.6.1,1885,USA,monitor,16,17.762
1885.6.1,1885,ENG,clipper_transport,201,207.964
1885.6.1,1885,ENG,commerce_raider,30,31.226
1885.6.1,1885,ENG,cruiser,12,12.632
1885.6.1,1885,ENG,frigate,6,6.29
1885.6.1,1885,ENG,ironclad,118,122.142
1885.6.1,1885,ENG,manowar,31,32.15
1885.6.1,1885,ENG,monitor,26,27.349
1885.6.1,1885,FRA,clipper_transport,78,95.388
1885.6.1,1885,FRA,commerce_raider,5,5.995
1885.6.1,1885,FRA,ironclad,86,109.696
1885.6.1,1885,SCA,ironclad,12,0.686
1885.6.1,1885,SCA,steam_transport,26,1.385
1885.6.1,1885,RUS,clipper_transport,119,128.738
1885.6.1,1885,GER,clipper_transport,88,104.97
1885.6.1,1885,GER,commerce_raider,6,7.171
1885.6.1,1885,GER,ironclad,28,34.21
1885.6.1,1885,NET,clipper_transport,1,1.25
1885.6.1,1885,NET,frigate,1,1.25
1885.6.1,1885,BEL,clipper_transport,20,22.876
1885.6.1,1885,BEL,ironclad,9,10.769
1885.6.1,1885,SPA,commerce_raider,1,0.931
1885.6.1,1885,SPA,ironclad,45,42.446
1885.6.1,1885,SPA,steam_transport,33,28.68
1885.6.1,1885,KUK,clipper_transport,20,1.161
1885.6.1,1885,CHL,steam_transport,20,18.378
1885.6.1,1885,AST,clipper_transport,67,3.546
1885.6.1,1885,AST,commerce_raider,19,1.03
1885.6.1,1885,AST,ironclad,68,3.674
1885.6.1,1885,AST,steam_transport,9,0.487
1885.6.1,1885,SAR,steam_transport,16,17.168
1885.6.1,1885,SIC,clipper_transport,10,11.937
1885.6.1,1885,CHI,clipper_transport,2,0.1
1885.6.1,1885,CHI,frigate,3,0.15
1885.6.1,1885,GXI,clipper_transport,1,0.05
1885.6.1,1885,GXI,frigate,1,0.05
1885.6.1,1885,JAP,clipper_transport,2,0.102
1885.6.1,1885,JAP,frigate,5,0.264
1885.6.1,1885,JAP,manowar,1,0.069
1885.6.1,1885,ALD,clipper_transport,2,0.104
1885.6.1,1885,MEX,battleship,5,5.403
1885.6.1,1885,MEX,clipper_transport,80,88.902
1885.6.1,1885,BRZ,clipper_transport,11,0.588
1885.6.1,1885,GUA,steam_transport,1,0.08
1885.7.1,1885,USA,clipper_transport,111,116.729
1885.7.1,1885,USA,ironclad,55,55.987
1885.7.1,1885,USA,monitor,18,19.985
1885.7.1,1885,ENG,clipper_transport,201,207.964
1885.7.1,1885,ENG,commerce_raider,30,31.226
1885.7.1,1885,ENG,cruiser,13,13.684
1885.7.1,1885,ENG,frigate,6,6.29
1885.7.1,1885,ENG,ironclad,118,122.142
1885.7.1,1885,ENG,manowar,31,32.15
1885.7.1,1885,ENG,monitor,28,29.455
1885.7.1,1885,FRA,clipper_transport,78,95.388
1885.7.1,1885,FRA,commerce_raider,5,5.995
1885.7.1,1885,FRA,ironclad,88,112.363
1885.7.1,1885,SCA,ironclad,12,0.683
1885.7.1,1885,SCA,steam_transport,26,1.385
1885.7.1,1885,RUS,clipper_transport,119,128.487
1885.7.1,1885,GER,clipper_transport,88,104.97
1885.7.1,1885,GER,commerce_raider,6,7.171
1885.7.1,1885,GER,ironclad,28,34.21
1885.7.1,1885,NET,clipper_transport,1,1.25
1885.7.1,1885,NET,frigate,1,1.25
1885.7.1,1885,BEL,clipper_transport,20,22.796
1885.7.1,1885,BEL,ironclad,9,10.748
1885.7.1,1885,SPA,commerce_raider,1,0.908
1885.7.1,1885,SPA,ironclad,45,41.491
1885.7.1,1885,SPA,steam_transport,33,28.002
1885.7.1,1885,KUK,clipper_transport,20,1.178
1885.7.1,1885,CHL,steam_transport,20,16.928
1885.7.1,1885,AST,clipper_transport,67,3.546
1885.7.1,1885,AST,commerce_raider,19,1.03
1885.7.1,1885,AST,ironclad,68,3.674
1885.7.1,1885,AST,steam_transport,9,0.487
1885.7.1,1885,SAR,steam_transport,16,17.291
1885.7.1,1885,SIC,clipper_transport,10,11.937
1885.7.1,1885,CHI,clipper_transport,2,0.1
1885.7.1,1885,CHI,frigate,3,0.15
1885.7.1,1885,GXI,clipper_transport,1,0.05
1885.7.1,1885,GXI,frigate,1,0.05
1885.7.1,1885,JAP,clipper_transport,2,0.102
1885.7.1,1885,JAP,frigate,5,0.264
1885.7.1,1885,JAP,manowar,1,0.069
1885.7.1,1885,ALD,clipper_transport,2,0.104
1885.7.1,1885,MEX,battleship,5,5.381
1885.7.1,1885,MEX,clipper_transport,80,88.887
1885.7.1,1885,BRZ,clipper_transport,11,0.591
1885.7.1,1885,GUA,steam_transport,1,0.08
1885.8.1,1885,USA,clipper_transport,111,116.729
1885.8.1,1885,USA,ironclad,55,55.987
1885.8.1,1885,USA,monitor,20,22.207
1885.8.1,1885,ENG,clipper_transport,201,207.96
1885.8.1,1885,ENG,commerce_raider,30,31.226
1885.8.1,1885,ENG,cruiser,13,13.684
1885.8.1,1885,ENG,frigate,6,6.29
1885.8.1,1885,ENG,ironclad,118,122.142
1885.8.1,1885,ENG,manowar,31,32.15
1885.8.1,1885,ENG,monitor,30,31.56
1885.8.1,1885,FRA,clipper_transport,79,96.721
1885.8.1,1885,FRA,commerce_raider,5,5.995
1885.8.1,1885,FRA,ironclad,88,112.363
1885.8.1,1885,SCA,ironclad,12,3.519
1885.8.1,1885,SCA,steam_transport,26,7.446
1885.8.1,1885,RUS,clipper_transport,119,127.914
1885.8.1,1885,GER,clipper_transport,88,104.97
1885.8.1,1885,GER,commerce_raider,6,7.171
1885.8.1,1885,GER,ironclad,28,34.21
1885.8.1,1885,NET,clipper_transport,1,1.25
1885.8.1,1885,NET,frigate,1,1.25
1885.8.1,1885,BEL,clipper_transport,20,22.662
1885.8.1,1885,BEL,ironclad,9,10.711
1885.8.1,1885,SPA,commerce_raider,1,0.884
1885.8.1,1885,SPA,ironclad,45,40.502
1885.8.1,1885,SPA,steam_transport,33,27.299
1885.8.1,1885,KUK,clipper_transport,20,1.178
1885.8.1,1885,CHL,steam_transport,20,15.427
1885.8.1,1885,AST,clipper_transport,67,3.546
1885.8.1,1885,AST,commerce_raider,19,1.03
1885.8.1,1885,AST,ironclad,68,3.674
1885.8.1,1885,AST,steam_transport,9,0.487
1885.8.1,1885,SAR,steam_transport,16,17.482
1885.8.1,1885,SIC,clipper_transport,10,11.937
1885.8.1,1885,CHI,clipper_transport,2,0.1
1885.8.1,1885,CHI,frigate,3,0.15
1885.8.1,1885,GXI,clipper_transport,1,0.05
1885.8.1,1885,GXI,frigate,1,0.05
1885.8.1,1885,JAP,clipper_transport,2,0.102
1885.8.1,1885,JAP,frigate,5,0.264
1885.8.1,1885,JAP,manowar,1,0.069
1885.8.1,1885,ALD,clipper_transport,2,0.104
1885.8.1,1885,MEX,battleship,5,5.359
1885.8.1,1885,MEX,clipper_transport,80,88.872
1885.8.1,1885,BRZ,clipper_transport,11,0.591
1885.8.1,1885,GUA,steam_transport,1,0.08
1885.9.1,1885,USA,clipper_transport,111,116.729
1885.9.1,1885,USA,ironclad,55,55.987
1885.9.1,1885,USA,monitor,20,22.207
1885.9.1,1885,ENG,clipper_transport,201,207.96
1885.9.1,1885,ENG,commerce_raider,30,31.226
1885.9.1,1885,ENG,cruiser,13,13.684
1885.9.1,1885,ENG,frigate,6,6.29
1885.9.1,1885,ENG,ironclad,118,122.142
1885.9.1,1885,ENG,manowar,31,32.15
1885.9.1,1885,ENG,monitor,30,31.56
1885.9.1,1885,FRA,clipper_transport,81,99.388
1885.9.1,1885,FRA,commerce_raider,5,5.995
1885.9.1,1885,FRA,ironclad,88,112.363
1885.9.1,1885,SCA,ironclad,12,6.348
1885.9.1,1885,SCA,steam_transport,26,13.457
1885.9.1,1885,RUS,clipper_transport,119,127.68
1885.9.1,1885,GER,clipper_transport,89,106.22
1885.9.1,1885,GER,commerce_raider,6,7.171
1885.9.1,1885,GER,ironclad,28,34.21
1885.9.1,1885,NET,clipper_transport,1,1.25
1885.9.1,1885,NET,frigate,1,1.25
1885.9.1,1885,BEL,clipper_transport,20,22.528
1885.9.1,1885,BEL,ironclad,9,10.674
1885.9.1,1885,SPA,commerce_raider,1,0.861
1885.9.1,1885,SPA,ironclad,45,39.512
1885.9.1,1885,SPA,steam_transport,33,26.596
1885.9.1,1885,KUK,clipper_transport,20,1.178
1885.9.1,1885,CHL,steam_transport,20,13.927
1885.9.1,1885,AST,clipper_transport,67,3.546
1885.9.1,1885,AST,commerce_raider,19,1.03
1885.9.1,1885,AST,ironclad,68,3.674
1885.9.1,1885,AST,steam_transport,9,0.487
1885.9.1,1885,SAR,steam_transport,16,17.707
1885.9.1,1885,SIC,clipper_transport,10,11.937
1885.9.1,1885,CHI,clipper_transport,2,0.1
1885.9.1,1885,CHI,frigate,3,0.15
1885.9.1,1885,GXI,clipper_transport,1,0.05
1885.9.1,1885,GXI,frigate,1,0.05
1885.9.1,1885,JAP,clipper_transport,2,0.102
1885.9.1,1885,JAP,frigate,5,0.264
1885.9.1,1885,JAP,manowar,1,0.069
1885.9.1,1885,ALD,clipper_transport,2,0.104
1885.9.1,1885,MEX,battleship,5,5.337
1885.9.1,1885,MEX,clipper_transport,80,88.857
1885.9.1,1885,BRZ,clipper_transport,11,0.591
1885.9.1,1885,GUA,steam_transport,1,0.08
1885.10.1,1885,USA,clipper_transport,111,116.729
1885.10.1,1885,USA,ironclad,55,55.987
1885.10.1,1885,USA,monitor,21,23.383
1885.10.1,1885,ENG,clipper_transport,201,207.96
1885.10.1,1885,ENG,commerce_raider,30,31.226
1885.10.1,1885,ENG,cruiser,13,13.684
1885.10.1,1885,ENG,frigate,6,6.29
1885.10.1,1885,ENG,ironclad,118,122.142
1885.10.1,1885,ENG,manowar,31,32.15
1885.10.1,1885,ENG,monitor,30,31.56
1885.10.1,1885,FRA,clipper_transport,82,100.721
1885.10.1,1885,FRA,commerce_raider,5,5.995
1885.10.1,1885,FRA,ironclad,88,112.363
1885.10.1,1885,SCA,ironclad,12,9.148
1885.10.1,1885,SCA,steam_transport,26,19.423
1885.10.1,1885,RUS,clipper_transport,119,127.946
1885.10.1,1885,GER,clipper_transport,91,108.72
1885.10.1,1885,GER,commerce_raider,6,7.171
1885.10.1,1885,GER,ironclad,28,34.21
1885.10.1,1885,NET,clipper_transport,1,1.25
1885.10.1,1885,NET,frigate,1,1.25
1885.10.1,1885,BEL,clipper_transport,20,22.413
1885.10.1,1885,BEL,ironclad,9,10.642
1885.10.1,1885,SPA,commerce_raider,1,0.838
1885.10.1,1885,SPA,ironclad,45,38.55
1885.10.1,1885,SPA,steam_transport,33,25.918
1885.10.1,1885,KUK,clipper_transport,20,1.188
1885.10.1,1885,CHL,steam_transport,20,12.477
1885.10.1,1885,AST,clipper_transport,67,3.546
1885.10.1,1885,AST,commerce_raider,19,1.03
1885.10.1,1885,AST,ironclad,68,3.674
1885.10.1,1885,AST,steam_transport,9,0.487
1885.10.1,1885,SAR,steam_transport,16,17.881
1885.10.1,1885,SIC,clipper_transport,10,11.937
1885.10.1,1885,CHI,clipper_transport,2,0.1
1885.10.1,1885,CHI,frigate,3,0.15
1885.10.1,1885,GXI,clipper_transport,1,0.05
1885.10.1,1885,GXI,frigate,1,0.05
1885.10.1,1885,JAP,clipper_transport,2,0.102
1885.10.1,1885,JAP,frigate,5,0.264
1885.10.1,1885,JAP,manowar,1,0.069
1885.10.1,1885,ALD,clipper_transport,2,0.104
1885.10.1,1885,MEX,battleship,5,5.316
1885.10.1,1885,MEX,clipper_transport,80,88.843
1885.10.1,1885,BRZ,clipper_transport,11,0.591
1885.10.1,1885,GUA,steam_transport,1,0.08
1885.11.1,1885,USA,clipper_transport,111,116.729
1885.11.1,1885,USA,ironclad,55,55.987
1885.11.1,1885,USA,monitor,22,24.56
1885.11.1,1885,ENG,clipper_transport,201,207.94
1885.11.1,1885,ENG,commerce_raider,30,31.226
1885.11.1,1885,ENG,cruiser,13,13.684
1885.11.1,1885,ENG,frigate,6,6.29
1885.11.1,1885,ENG,ironclad,118,122.142
1885.11.1,1885,ENG,manowar,31,32.15
1885.11.1,1885,ENG,monitor,30,31.56
1885.11.1,1885,FRA,clipper_transport,84,103.388
1885.11.1,1885,FRA,ironclad,88,112.363
1885.11.1,1885,SCA,ironclad,12,11.923
1885.11.1,1885,SCA,steam_transport,26,25.349
1885.11.1,1885,RUS,clipper_transport,119,128.199
1885.11.1,1885,GER,clipper_transport,91,108.72
1885.11.1,1885,GER,commerce_raider,6,7.171
1885.11.1,1885,GER,ironclad,28,34.21
1885.11.1,1885,NET,clipper_transport,1,1.25
1885.11.1,1885,NET,frigate,1,1.25
1885.11.1,1885,BEL,clipper_transport,20,22.299
1885.11.1,1885,BEL,ironclad,9,10.61
1885.11.1,1885,SPA,commerce_raider,1,1.011
1885.11.1,1885,SPA,ironclad,45,45.849
1885.11.1,1885,SPA,steam_transport,33,32.398
1885.11.1,1885,KUK,clipper_transport,20,1.166
1885.11.1,1885,CHL,steam_transport,20,10.976
1885.11.1,1885,AST,clipper_transport,67,3.546
1885.11.1,1885,AST,commerce_raider,19,1.03
1885.11.1,1885,AST,ironclad,68,3.674
1885.11.1,1885,AST,steam_transport,9,0.487
1885.11.1,1885,SAR,steam_transport,16,18.029
1885.11.1,1885,SIC,clipper_transport,10,11.937
1885.11.1,1885,CHI,clipper_transport,2,0.1
1885.11.1,1885,CHI,frigate,3,0.15
1885.11.1,1885,GXI,clipper_transport,1,0.05
1885.11.1,1885,GXI,frigate,1,0.05
1885.11.1,1885,JAP,clipper_transport,2,0.102
1885.11.1,1885,JAP,frigate,5,0.264
1885.11.1,1885,JAP,manowar,1,0.069
1885.11.1,1885,ALD,clipper_transport,2,0.104
1885.11.1,1885,MEX,battleship,5,5.294
1885.11.1,1885,MEX,clipper_transport,80,88.827
1885.11.1,1885,BRZ,clipper_transport,11,0.591
1885.11.1,1885,GUA,steam_transport,1,0.08
1885.12.1,1885,USA,clipper_transport,111,116.729
1885.12.1,1885,USA,ironclad,55,55.987
1885.12.1,1885,USA,monitor,24,26.913
1885.12.1,1885,ENG,clipper_transport,201,207.94
1885.12.1,1885,ENG,commerce_raider,30,31.226
1885.12.1,1885,ENG,cruiser,13,13.684
1885.12.1,1885,ENG,frigate,6,6.29
1885.12.1,1885,ENG,ironclad,118,122.142
1885.12.1,1885,ENG,manowar,31,32.15
1885.12.1,1885,ENG,monitor,30,31.56
1885.12.1,1885,FRA,clipper_transport,86,106.055
1885.12.1,1885,FRA,ironclad,88,112.363
1885.12.1,1885,SCA,ironclad,12,12.761
1885.12.1,1885,SCA,steam_transport,26,27.166
1885.12.1,1885,RUS,clipper_transport,119,128.631
1885.12.1,1885,GER,clipper_transport,91,108.72
1885.12.1,1885,GER,commerce_raider,6,7.171
1885.12.1,1885,GER,ironclad,28,34.21
1885.12.1,1885,NET,clipper_transport,1,1.25
1885.12.1,1885,NET,frigate,1,1.25
1885.12.1,1885,BEL,clipper_transport,20,22.184
1885.12.1,1885,BEL,ironclad,9,10.577
1885.12.1,1885,SPA,commerce_raider,1,1.011
1885.12.1,1885,SPA,ironclad,45,45.849
1885.12.1,1885,SPA,steam_transport,33,32.398
1885.12.1,1885,KUK,clipper_transport,20,1.166
1885.12.1,1885,CHL,steam_transport,20,9.526
1885.12.1,1885,AST,clipper_transport,67,3.546
1885.12.1,1885,AST,commerce_raider,19,1.03
1885.12.1,1885,AST,ironclad,68,3.674
1885.12.1,1885,AST,steam_transport,9,0.487
1885.12.1,1885,SAR,steam_transport,16,18.17
1885.12.1,1885,SIC,clipper_transport,10,11.937
1885.12.1,1885,CHI,clipper_transport,2,0.1
1885.12.1,1885,CHI,frigate,3,0.15
1885.12.1,1885,GXI,clipper_transport,1,0.05
1885.12.1,1885,GXI,frigate,1,0.05
1885.12.1,1885,JAP,clipper_transport,2,0.102
1885.12.1,1885,JAP,frigate,5,0.264
1885.12.1,1885,JAP,manowar,1,0.069
1885.12.1,1885,ALD,clipper_transport,2,0.104
1885.12.1,1885,MEX,battleship,5,5.273
1885.12.1,1885,MEX,clipper_transport,80,88.813
1885.12.1,1885,BRZ,clipper_transport,11,0.591
1885.12.1,1885,GUA,steam_transport,1,0.08
1886.1.1,1886,USA,clipper_transport,111,116.729
1886.1.1,1886,USA,ironclad,55,55.987
1886.1.1,1886,USA,monitor,26,29.266
1886.1.1,1886,ENG,clipper_transport,201,207.94
1886.1.1,1886,ENG,commerce_raider,30,31.226
1886.1.1,1886,ENG,cruiser,13,13.684
1886.1.1,1886,ENG,frigate,6,6.29
1886.1.1,1886,ENG,ironclad,118,122.142
1886.1.1,1886,ENG,manowar,31,32.15
1886.1.1,1886,ENG,monitor,30,31.56
1886.1.1,1886,FRA,clipper_transport,86,106.055
1886.1.1,1886,FRA,ironclad,88,112.363
1886.1.1,1886,SCA,ironclad,23,27.427
1886.1.1,1886,SCA,steam_transport,26,27.166
1886.1.1,1886,RUS,clipper_transport,119,129.03
1886.1.1,1886,GER,clipper_transport,91,108.72
1886.1.1,1886,GER,commerce_raider,6,7.171
1886.1.1,1886,GER,cruiser,1,1.25
1886.1.1,1886,GER,ironclad,28,34.21
1886.1.1,1886,NET,clipper_transport,1,1.25
1886.1.1,1886,NET,frigate,1,1.25
1886.1.1,1886,BEL,clipper_transport,20,21.979
1886.1.1,1886,BEL,ironclad,9,10.519
1886.1.1,1886,SPA,commerce_raider,1,1.011
1886.1.1,1886,SPA,ironclad,45,45.849
1886.1.1,1886,SPA,steam_transport,33,32.398
1886.1.1,1886,KUK,clipper_transport,20,1.195
1886.1.1,1886,CHL,steam_transport,20,8.026
1886.1.1,1886,AST,clipper_transport,67,3.546
1886.1.1,1886,AST,commerce_raider,19,1.03
1886.1.1,1886,AST,ironclad,68,5.105
1886.1.1,1886,AST,steam_transport,9,0.487
1886.1.1,1886,SAR,steam_transport,16,18.297
1886.1.1,1886,SIC,clipper_transport,10,11.937
1886.1.1,1886,CHI,clipper_transport,2,0.1
1886.1.1,1886,CHI,frigate,3,0.15
1886.1.1,1886,GXI,clipper_transport,1,0.05
1886.1.1,1886,GXI,frigate,1,0.05
1886.1.1,1886,JAP,clipper_transport,2,0.102
1886.1.1,1886,JAP,frigate,5,0.264
1886.1.1,1886,JAP,manowar,1,0.069
1886.1.1,1886,ALD,clipper_transport,2,0.104
1886.1.1,1886,MEX,battleship,5,5.251
1886.1.1,1886,MEX,clipper_transport,80,88.798
1886.1.1,1886,BRZ,clipper_transport,11,0.591
1886.1.1,1886,GUA,steam_transport,1,0.08
1886.2.1,1886,USA,clipper_transport,111,116.729
1886.2.1,1886,USA,ironclad,55,55.987
1886.2.1,1886,USA,monitor,28,31.619
1886.2.1,1886,ENG,clipper_transport,201,207.94
1886.2.1,1886,ENG,commerce_raider,30,31.226
1886.2.1,1886,ENG,cruiser,13,13.684
1886.2.1,1886,ENG,frigate,6,6.29
1886.2.1,1886,ENG,ironclad,118,122.142
1886.2.1,1886,ENG,manowar,31,32.15
1886.2.1,1886,ENG,monitor,30,31.56
1886.2.1,1886,FRA,clipper_transport,86,106.035
1886.2.1,1886,FRA,ironclad,88,112.363
1886.2.1,1886,SCA,ironclad,23,27.427
1886.2.1,1886,SCA,steam_transport,26,27.166
1886.2.1,1886,RUS,clipper_transport,119,129.115
1886.2.1,1886,GER,clipper_transport,92,109.97
1886.2.1,1886,GER,commerce_raider,6,7.171
1886.2.1,1886,GER,cruiser,1,1.25
1886.2.1,1886,GER,ironclad,28,34.21
1886.2.1,1886,NET,clipper_transport,1,1.25
1886.2.1,1886,NET,frigate,1,1.25
1886.2.1,1886,BEL,clipper_transport,20,22.74
1886.2.1,1886,BEL,ironclad,9,10.622
1886.2.1,1886,SPA,commerce_raider,1,1.011
1886.2.1,1886,SPA,ironclad,45,45.849
1886.2.1,1886,SPA,steam_transport,33,32.307
1886.2.1,1886,KUK,clipper_transport,20,1.184
1886.2.1,1886,CHL,steam_transport,20,6.526
1886.2.1,1886,AST,clipper_transport,67,3.546
1886.2.1,1886,AST,commerce_raider,19,1.03
1886.2.1,1886,AST,ironclad,68,6.535
1886.2.1,1886,AST,steam_transport,9,0.487
1886.2.1,1886,SAR,steam_transport,16,18.403
1886.2.1,1886,SIC,clipper_transport,10,11.937
1886.2.1,1886,CHI,clipper_transport,2,0.1
1886.2.1,1886,CHI,frigate,3,0.15
1886.2.1,1886,GXI,clipper_transport,1,0.05
1886.2.1,1886,GXI,frigate,1,0.05
1886.2.1,1886,JAP,clipper_transport,2,0.102
1886.2.1,1886,JAP,frigate,5,0.264
1886.2.1,1886,JAP,manowar,1,0.069
1886.2.1,1886,ALD,clipper_transport,2,0.104
1886.2.1,1886,MEX,battleship,5,5.23
1886.2.1,1886,MEX,clipper_transport,80,88.783
1886.2.1,1886,BRZ,clipper_transport,11,0.591
1886.2.1,1886,GUA,steam_transport,1,0.08
1886.3.1,1886,USA,clipper_transport,111,116.729
1886.3.1,1886,USA,ironclad,55,55.987
1886.3.1,1886,USA,monitor,30,33.972
1886.3.1,1886,ENG,clipper_transport,201,207.94
1886.3.1,1886,ENG,commerce_raider,30,31.226
1886.3.1,1886,ENG,cruiser,13,13.684
1886.3.1,1886,ENG,frigate,6,6.29
1886.3.1,1886,ENG,ironclad,118,122.142
1886.3.1,1886,ENG,manowar,31,32.15
1886.3.1,1886,ENG,monitor,30,31.56
1886.3.1,1886,FRA,clipper_transport,86,106.035
1886.3.1,1886,FRA,ironclad,88,112.363
1886.3.1,1886,SCA,ironclad,23,27.427
1886.3.1,1886,SCA,steam_transport,26,27.166
1886.3.1,1886,RUS,clipper_transport,119,129.115
1886.3.1,1886,GER,clipper_transport,93,111.22
1886.3.1,1886,GER,commerce_raider,6,7.171
1886.3.1,1886,GER,cruiser,1,1.25
1886.3.1,1886,GER,ironclad,28,34.21
1886.3.1,1886,NET,clipper_transport,1,1.25
1886.3.1,1886,NET,frigate,1,1.25
1886.3.1,1886,BEL,clipper_transport,20,22.608
1886.3.1,1886,BEL,ironclad,9,10.587
1886.3.1,1886,SPA,commerce_raider,1,1.011
1886.3.1,1886,SPA,ironclad,45,45.849
1886.3.1,1886,SPA,steam_transport,33,31.27
1886.3.1,1886,KUK,clipper_transport,20,1.184
1886.3.1,1886,CHL,steam_transport,20,5.176
1886.3.1,1886,AST,clipper_transport,67,3.546
1886.3.1,1886,AST,commerce_raider,19,1.03
1886.3.1,1886,AST,ironclad,68,7.948
1886.3.1,1886,AST,steam_transport,9,0.487
1886.3.1,1886,SAR,steam_transport,16,18.475
1886.3.1,1886,SIC,clipper_transport,10,11.937
1886.3.1,1886,CHI,clipper_transport,2,0.1
1886.3.1,1886,CHI,frigate,3,0.15
1886.3.1,1886,GXI,clipper_transport,1,0.05
1886.3.1,1886,GXI,frigate,1,0.05
1886.3.1,1886,JAP,clipper_transport,2,0.102
1886.3.1,1886,JAP,frigate,5,0.264
1886.3.1,1886,JAP,manowar,1,0.069
1886.3.1,1886,ALD,clipper_transport,2,0.104
1886.3.1,1886,MEX,battleship,5,5.357
1886.3.1,1886,MEX,clipper_transport,80,88.83
1886.3.1,1886,BRZ,clipper_transport,11,0.591
1886.3.1,1886,GUA,steam_transport,1,0.08
1886.4.1,1886,USA,clipper_transport,111,116.729
1886.4.1,1886,USA,ironclad,55,55.987
1886.4.1,1886,USA,monitor,31,35.148
1886.4.1,1886,ENG,clipper_transport,201,207.94
1886.4.1,1886,ENG,commerce_raider,30,31.226
1886.4.1,1886,ENG,cruiser,13,13.684
1886.4.1,1886,ENG,frigate,6,6.29
1886.4.1,1886,ENG,ironclad,118,122.142
1886.4.1,1886,ENG,manowar,31,32.15
1886.4.1,1886,ENG,monitor,30,31.56
1886.4.1,1886,FRA,clipper_transport,86,106.035
1886.4.1,1886,FRA,ironclad,88,112.363
1886.4.1,1886,SCA,ironclad,23,27.427
1886.4.1,1886,SCA,steam_transport,26,27.166
1886.4.1,1886,RUS,clipper_transport,119,129.115
1886.4.1,1886,GER,clipper_transport,94,112.47
1886.4.1,1886,GER,commerce_raider,6,7.171
1886.4.1,1886,GER,cruiser,1,1.25
1886.4.1,1886,GER,ironclad,28,34.21
1886.4.1,1886,NET,clipper_transport,1,1.25
1886.4.1,1886,NET,frigate,1,1.25
1886.4.1,1886,BEL,clipper_transport,20,22.435
1886.4.1,1886,BEL,ironclad,9,10.476
1886.4.1,1886,SPA,commerce_raider,1,1.011
1886.4.1,1886,SPA,ironclad,45,45.849
1886.4.1,1886,SPA,steam_transport,33,31.27
1886.4.1,1886,KUK,clipper_transport,20,1.16
1886.4.1,1886,CHL,steam_transport,20,3.676
1886.4.1,1886,AST,clipper_transport,67,3.546
1886.4.1,1886,AST,commerce_raider,19,1.03
1886.4.1,1886,AST,ironclad,68,9.345
1886.4.1,1886,AST,steam_transport,9,0.487
1886.4.1,1886,SAR,steam_transport,16,18.491
1886.4.1,1886,SIC,clipper_transport,10,11.937
1886.4.1,1886,CHI,clipper_transport,2,0.1
1886.4.1,1886,CHI,frigate,3,0.15
1886.4.1,1886,GXI,clipper_transport,1,0.05
1886.4.1,1886,GXI,frigate,1,0.05
1886.4.1,1886,JAP,clipper_transport,2,0.102
1886.4.1,1886,JAP,frigate,5,0.264
1886.4.1,1886,JAP,manowar,1,0.069
1886.4.1,1886,ALD,clipper_transport,2,0.104
1886.4.1,1886,MEX,battleship,5,5.512
1886.4.1,1886,MEX,clipper_transport,80,88.935
1886.4.1,1886,BRZ,clipper_transport,11,0.591
1886.4.1,1886,GUA,steam_transport,1,0.08
1886.5.1,1886,USA,clipper_transport,111,116.729
1886.5.1,1886,USA,ironclad,55,55.987
1886.5.1,1886,USA,monitor,33,37.501
1886.5.1,1886,ENG,clipper_transport,201,207.94
1886.5.1,1886,ENG,commerce_raider,30,31.226
1886.5.1,1886,ENG,cruiser,13,13.684
1886.5.1,1886,ENG,frigate,6,6.29
1886.5.1,1886,ENG,ironclad,118,122.142
1886.5.1,1886,ENG,manowar,31,32.15
1886.5.1,1886,ENG,monitor,31,32.613
1886.5.1,1886,FRA,clipper_transport,86,106.035
1886.5.1,1886,FRA,ironclad,88,112.363
1886.5.1,1886,SCA,ironclad,23,27.427
1886.5.1,1886,SCA,steam_transport,26,27.166
1886.5.1,1886,RUS,clipper_transport,119,129.115
1886.5.1,1886,GER,clipper_transport,94,112.47
1886.5.1,1886,GER,commerce_raider,6,7.171
1886.5.1,1886,GER,cruiser,1,1.25
1886.5.1,1886,GER,ironclad,28,34.21
1886.5.1,1886,NET,clipper_transport,1,1.25
1886.5.1,1886,NET,frigate,1,1.25
1886.5.1,1886,BEL,clipper_transport,20,22.258
1886.5.1,1886,BEL,ironclad,9,10.322
1886.5.1,1886,SPA,commerce_raider,1,1.011
1886.5.1,1886,SPA,ironclad,45,45.849
1886.5.1,1886,SPA,steam_transport,33,31.27
1886.5.1,1886,KUK,clipper_transport,20,1.16
1886.5.1,1886,CHL,steam_transport,20,2.226
1886.5.1,1886,AST,clipper_transport,67,3.546
1886.5.1,1886,AST,commerce_raider,19,1.03
1886.5.1,1886,AST,ironclad,68,9.764
1886.5.1,1886,AST,steam_transport,9,0.487
1886.5.1,1886,SAR,steam_transport,16,18.491
1886.5.1,1886,SIC,clipper_transport,10,11.937
1886.5.1,1886,CHI,clipper_transport,2,0.1
1886.5.1,1886,CHI,frigate,3,0.15
1886.5.1,1886,GXI,clipper_transport,1,0.05
1886.5.1,1886,GXI,frigate,1,0.05
1886.5.1,1886,JAP,clipper_transport,2,0.102
1886.5.1,1886,JAP,frigate,5,0.264
1886.5.1,1886,JAP,manowar,1,0.069
1886.5.1,1886,ALD,clipper_transport,2,0.104
1886.5.1,1886,MEX,battleship,5,5.576
1886.5.1,1886,MEX,clipper_transport,80,89.069
1886.5.1,1886,BRZ,clipper_transport,11,0.591
1886.5.1,1886,GUA,steam_transport,1,0.08
1886.6.1,1886,USA,clipper_transport,111,116.729
1886.6.1,1886,USA,ironclad,55,55.987
1886.6.1,1886,USA,monitor,35,39.854
1886.6.1,1886,ENG,clipper_transport,201,207.94
1886.6.1,1886,ENG,commerce_raider,30,31.226
1886.6.1,1886,ENG,cruiser,13,13.684
1886.6.1,1886,ENG,frigate,6,6.29
1886.6.1,1886,ENG,ironclad,118,122.142
1886.6.1,1886,ENG,manowar,31,32.15
1886.6.1,1886,ENG,monitor,31,32.613
1886.6.1,1886,FRA,clipper_transport,86,106.035
1886.6.1,1886,FRA,ironclad,88,112.363
1886.6.1,1886,SCA,ironclad,23,27.427
1886.6.1,1886,SCA,steam_transport,26,27.166
1886.6.1,1886,RUS,clipper_transport,119,129.115
1886.6.1,1886,GER,clipper_transport,95,113.72
1886.6.1,1886,GER,commerce_raider,6,7.171
1886.6.1,1886,GER,cruiser,1,1.25
1886.6.1,1886,GER,ironclad,28,34.21
1886.6.1,1886,NET,clipper_transport,1,1.25
1886.6.1,1886,NET,frigate,1,1.25
1886.6.1,1886,BEL,clipper_transport,20,21.982
1886.6.1,1886,BEL,ironclad,9,10.091
1886.6.1,1886,SPA,commerce_raider,1,1.011
1886.6.1,1886,SPA,ironclad,45,45.849
1886.6.1,1886,SPA,steam_transport,33,31.27
1886.6.1,1886,KUK,clipper_transport,20,1.16
1886.6.1,1886,CHL,steam_transport,20,1.525
1886.6.1,1886,AST,clipper_transport,67,3.546
1886.6.1,1886,AST,commerce_raider,19,1.03
1886.6.1,1886,AST,ironclad,68,9.764
1886.6.1,1886,AST,steam_transport,9,0.487
1886.6.1,1886,SAR,steam_transport,16,18.491
1886.6.1,1886,SIC,clipper_transport,10,11.937
1886.6.1,1886,CHI,clipper_transport,2,0.1
1886.6.1,1886,CHI,frigate,3,0.15
1886.6.1,1886,GXI,clipper_transport,1,0.05
1886.6.1,1886,GXI,frigate,1,0.05
1886.6.1,1886,JAP,clipper_transport,2,0.102
1886.6.1,1886,JAP,frigate,5,0.264
1886.6.1,1886,JAP,manowar,1,0.069
1886.6.1,1886,ALD,clipper_transport,2,0.104
1886.6.1,1886,MEX,battleship,5,5.576
1886.6.1,1886,MEX,clipper_transport,80,88.947
1886.6.1,1886,BRZ,clipper_transport,11,0.591
1886.6.1,1886,GUA,steam_transport,1,0.08
1886.7.1,1886,USA,clipper_transport,111,116.729
1886.7.1,1886,USA,ironclad,55,55.987
1886.7.1,1886,USA,monitor,35,39.854
1886.7.1,1886,ENG,clipper_transport,201,207.94
1886.7.1,1886,ENG,commerce_raider,30,31.226
1886.7.1,1886,ENG,cruiser,15,15.789
1886.7.1,1886,ENG,frigate,6,6.29
1886.7.1,1886,ENG,ironclad,118,122.142
1886.7.1,1886,ENG,manowar,31,32.15
1886.7.1,1886,ENG,monitor,31,32.613
1886.7.1,1886,FRA,clipper_transport,86,106.035
1886.7.1,1886,FRA,ironclad,88,112.363
1886.7.1,1886,SCA,ironclad,23,27.427
1886.7.1,1886,SCA,steam_transport,26,27.166
1886.7.1,1886,RUS,clipper_transport,119,129.115
1886.7.1,1886,GER,clipper_transport,95,113.72
1886.7.1,1886,GER,commerce_raider,6,7.171
1886.7.1,1886,GER,cruiser,2,2.5
1886.7.1,1886,GER,ironclad,28,34.21
1886.7.1,1886,NET,clipper_transport,1,1.25
1886.7.1,1886,NET,frigate,1,1.25
1886.7.1,1886,BEL,clipper_transport,20,21.687
1886.7.1,1886,BEL,ironclad,9,9.839
1886.7.1,1886,SPA,commerce_raider,1,1.011
1886.7.1,1886,SPA,ironclad,45,45.849
1886.7.1,1886,SPA,steam_transport,33,31.27
1886.7.1,1886,KUK,clipper_transport,20,1.16
1886.7.1,1886,CHL,steam_transport,20,1.363
1886.7.1,1886,AST,clipper_transport,67,3.546
1886.7.1,1886,AST,commerce_raider,19,1.03
1886.7.1,1886,AST,ironclad,68,9.764
1886.7.1,1886,AST,steam_transport,9,0.487
1886.7.1,1886,SAR,steam_transport,16,18.491
1886.7.1,1886,SIC,clipper_transport,10,11.937
1886.7.1,1886,CHI,clipper_transport,2,0.1
1886.7.1,1886,CHI,frigate,3,0.15
1886.7.1,1886,GXI,clipper_transport,1,0.05
1886.7.1,1886,GXI,frigate,1,0.05
1886.7.1,1886,JAP,clipper_transport,2,0.102
1886.7.1,1886,JAP,frigate,5,0.264
1886.7.1,1886,JAP,manowar,1,0.069
1886.7.1,1886,ALD,clipper_transport,2,0.104
1886.7.1,1886,MEX,battleship,5,5.576
1886.7.1,1886,MEX,clipper_transport,80,88.965
1886.7.1,1886,BRZ,clipper_transport,11,0.591
1886.7.1,1886,GUA,steam_transport,1,0.08
1886.8.1,1886,USA,clipper_transport,111,116.729
1886.8.1,1886,USA,ironclad,55,55.987
1886.8.1,1886,USA,monitor,36,41.03
1886.8.1,1886,ENG,clipper_transport,201,207.94
1886.8.1,1886,ENG,commerce_raider,30,31.226
1886.8.1,1886,ENG,cruiser,21,22.105
1886.8.1,1886,ENG,frigate,6,6.29
1886.8.1,1886,ENG,ironclad,118,122.142
1886.8.1,1886,ENG,manowar,31,32.15
1886.8.1,1886,ENG,monitor,31,32.613
1886.8.1,1886,FRA,clipper_transport,86,106.035
1886.8.1,1886,FRA,ironclad,88,112.363
1886.8.1,1886,SCA,ironclad,23,27.427
1886.8.1,1886,SCA,steam_transport,26,27.166
1886.8.1,1886,RUS,clipper_transport,119,129.115
1886.8.1,1886,GER,clipper_transport,95,113.72
1886.8.1,1886,GER,commerce_raider,6,7.171
1886.8.1,1886,GER,cruiser,2,2.5
1886.8.1,1886,GER,ironclad,28,34.21
1886.8.1,1886,NET,clipper_transport,1,1.25
1886.8.1,1886,NET,frigate,1,1.25
1886.8.1,1886,BEL,clipper_transport,20,21.322
1886.8.1,1886,BEL,ironclad,9,9.595
1886.8.1,1886,SPA,commerce_raider,1,1.011
1886.8.1,1886,SPA,ironclad,45,45.849
1886.8.1,1886,SPA,steam_transport,33,31.27
1886.8.1,1886,KUK,clipper_transport,20,1.16
1886.8.1,1886,CHL,steam_transport,20,1.25
1886.8.1,1886,AST,clipper_transport,67,3.546
1886.8.1,1886,AST,commerce_raider,19,1.03
1886.8.1,1886,AST,ironclad,68,9.764
1886.8.1,1886,AST,steam_transport,9,0.487
1886.8.1,1886,SAR,steam_transport,16,18.491
1886.8.1,1886,SIC,clipper_transport,10,11.937
1886.8.1,1886,CHI,clipper_transport,2,0.1
1886.8.1,1886,CHI,frigate,3,0.15
1886.8.1,1886,GXI,clipper_transport,1,0.05
1886.8.1,1886,GXI,frigate,1,0.05
1886.8.1,1886,JAP,clipper_transport,2,0.102
1886.8.1,1886,JAP,frigate,5,0.264
1886.8.1,1886,JAP,manowar,1,0.069
1886.8.1,1886,ALD,clipper_transport,2,0.104
1886.8.1,1886,MEX,battleship,5,5.576
1886.8.1,1886,MEX,clipper_transport,80,88.965
1886.8.1,1886,BRZ,clipper_transport,11,0.591
1886.8.1,1886,GUA,steam_transport,1,0.08
1886.9.1,1886,USA,clipper_transport,111,111.883
1886.9.1,1886,USA,ironclad,55,53.608
1886.9.1,1886,USA,monitor,38,41.745
1886.9.1,1886,ENG,clipper_transport,201,207.94
1886.9.1,1886,ENG,commerce_raider,30,31.226
1886.9.1,1886,ENG,cruiser,23,24.211
1886.9.1,1886,ENG,frigate,6,6.29
1886.9.1,1886,ENG,ironclad,118,122.142
1886.9.1,1886,ENG,manowar,31,32.15
1886.9.1,1886,ENG,monitor,31,32.613
1886.9.1,1886,FRA,clipper_transport,86,106.035
1886.9.1,1886,FRA,ironclad,88,112.363
1886.9.1,1886,SCA,ironclad,23,27.427
1886.9.1,1886,SCA,steam_transport,26,27.166
1886.9.1,1886,RUS,clipper_transport,119,129.115
1886.9.1,1886,GER,clipper_transport,96,114.97
1886.9.1,1886,GER,commerce_raider,6,7.171
1886.9.1,1886,GER,cruiser,2,2.5
1886.9.1,1886,GER,ironclad,28,34.21
1886.9.1,1886,NET,clipper_transport,1,1.25
1886.9.1,1886,NET,frigate,1,1.25
1886.9.1,1886,BEL,clipper_transport,20,21.074
1886.9.1,1886,BEL,ironclad,9,9.365
1886.9.1,1886,SPA,commerce_raider,1,1.011
1886.9.1,1886,SPA,ironclad,45,45.849
1886.9.1,1886,SPA,steam_transport,33,31.27
1886.9.1,1886,KUK,clipper_transport,20,1.16
1886.9.1,1886,CHL,steam_transport,20,1.144
1886.9.1,1886,AST,clipper_transport,67,3.546
1886.9.1,1886,AST,commerce_raider,19,1.03
1886.9.1,1886,AST,ironclad,68,9.764
1886.9.1,1886,AST,steam_transport,9,0.487
1886.9.1,1886,SAR,steam_transport,16,18.491
1886.9.1,1886,SIC,clipper_transport,10,11.937
1886.9.1,1886,CHI,clipper_transport,2,0.1
1886.9.1,1886,CHI,frigate,3,0.15
1886.9.1,1886,GXI,clipper_transport,1,0.05
1886.9.1,1886,GXI,frigate,1,0.05
1886.9.1,1886,JAP,clipper_transport,2,0.102
1886.9.1,1886,JAP,frigate,5,0.264
1886.9.1,1886,JAP,manowar,1,0.069
1886.9.1,1886,ALD,clipper_transport,2,0.104
1886.9.1,1886,MEX,battleship,5,5.576
1886.9.1,1886,MEX,clipper_transport,80,88.965
1886.9.1,1886,BRZ,clipper_transport,11,0.591
1886.9.1,1886,GUA,steam_transport,1,0.08
1886.10.1,1886,USA,clipper_transport,111,102.779
1886.10.1,1886,USA,ironclad,55,49.149
1886.10.1,1886,USA,monitor,44,45.373
1886.10.1,1886,ENG,clipper_transport,201,207.94
1886.10.1,1886,ENG,commerce_raider,30,31.226
1886.10.1,1886,ENG,cruiser,25,26.316
1886.10.1,1886,ENG,frigate,6,6.29
1886.10.1,1886,ENG,ironclad,118,122.142
1886.10.1,1886,ENG,manowar,31,32.15
1886.10.1,1886,ENG,monitor,32,33.665
1886.10.1,1886,FRA,clipper_transport,86,106.035
1886.10.1,1886,FRA,ironclad,88,112.363
1886.10.1,1886,SCA,ironclad,23,27.427
1886.10.1,1886,SCA,steam_transport,26,27.166
1886.10.1,1886,RUS,clipper_transport,119,129.115
1886.10.1,1886,GER,clipper_transport,97,116.22
1886.10.1,1886,GER,commerce_raider,6,7.171
1886.10.1,1886,GER,cruiser,2,2.5
1886.10.1,1886,GER,ironclad,28,34.21
1886.10.1,1886,NET,clipper_transport,1,1.25
1886.10.1,1886,NET,frigate,1,1.25
1886.10.1,1886,BEL,clipper_transport,20,20.825
1886.10.1,1886,BEL,ironclad,9,9.134
1886.10.1,1886,SPA,commerce_raider,1,1.011
1886.10.1,1886,SPA,ironclad,45,45.849
1886.10.1,1886,SPA,steam_transport,33,31.27
1886.10.1,1886,KUK,clipper_transport,20,1.16
1886.10.1,1886,CHL,steam_transport,20,1.028
1886.10.1,1886,AST,clipper_transport,67,3.546
1886.10.1,1886,AST,commerce_raider,19,1.03
1886.10.1,1886,AST,ironclad,68,9.764
1886.10.1,1886,AST,steam_transport,9,0.487
1886.10.1,1886,SAR,steam_transport,16,18.491
1886.10.1,1886,SIC,clipper_transport,10,11.937
1886.10.1,1886,CHI,clipper_transport,2,0.1
1886.10.1,1886,CHI,frigate,3,0.15
1886.10.1,1886,GXI,clipper_transport,1,0.05
1886.10.1,1886,GXI,frigate,1,0.05
1886.10.1,1886,JAP,clipper_transport,2,0.102
1886.10.1,1886,JAP,frigate,5,0.264
1886.10.1,1886,JAP,manowar,1,0.069
1886.10.1,1886,ALD,clipper_transport,2,0.104
1886.10.1,1886,MEX,battleship,5,5.576
1886.10.1,1886,MEX,clipper_transport,80,88.965
1886.10.1,1886,BRZ,clipper_transport,11,0.591
1886.10.1,1886,GUA,steam_transport,1,0.08
1886.11.1,1886,USA,clipper_transport,111,93.371
1886.11.1,1886,USA,ironclad,55,44.54
1886.11.1,1886,USA,monitor,46,43.784
1886.11.1,1886,ENG,clipper_transport,201,207.94
1886.11.1,1886,ENG,commerce_raider,30,31.226
1886.11.1,1886,ENG,cruiser,30,31.579
1886.11.1,1886,ENG,frigate,6,6.29
1886.11.1,1886,ENG,ironclad,118,122.142
1886.11.1,1886,ENG,manowar,31,32.15
1886.11.1,1886,ENG,monitor,34,35.77
1886.11.1,1886,FRA,clipper_transport,86,106.035
1886.11.1,1886,FRA,ironclad,88,112.363
1886.11.1,1886,SCA,ironclad,34,42.094
1886.11.1,1886,SCA,steam_transport,26,27.166
1886.11.1,1886,RUS,clipper_transport,119,129.115
1886.11.1,1886,GER,clipper_transport,97,116.22
1886.11.1,1886,GER,commerce_raider,6,7.171
1886.11.1,1886,GER,cruiser,2,2.5
1886.11.1,1886,GER,ironclad,28,34.21
1886.11.1,1886,NET,clipper_transport,1,1.25
1886.11.1,1886,NET,frigate,1,1.25
1886.11.1,1886,BEL,clipper_transport,20,20.569
1886.11.1,1886,BEL,ironclad,9,8.942
1886.11.1,1886,SPA,commerce_raider,1,1.011
1886.11.1,1886,SPA,ironclad,45,45.849
1886.11.1,1886,SPA,steam_transport,33,31.27
1886.11.1,1886,KUK,clipper_transport,20,1.16
1886.11.1,1886,CHL,steam_transport,20,1.056
1886.11.1,1886,AST,clipper_transport,67,3.546
1886.11.1,1886,AST,commerce_raider,19,1.03
1886.11.1,1886,AST,ironclad,68,9.764
1886.11.1,1886,AST,monitor,1,1.111
1886.11.1,1886,AST,steam_transport,9,0.487
1886.11.1,1886,SAR,steam_transport,16,18.491
1886.11.1,1886,SIC,clipper_transport,10,11.937
1886.11.1,1886,CHI,clipper_transport,2,0.1
1886.11.1,1886,CHI,frigate,3,0.15
1886.11.1,1886,GXI,clipper_transport,1,0.05
1886.11.1,1886,GXI,frigate,1,0.05
1886.11.1,1886,JAP,clipper_transport,2,0.102
1886.11.1,1886,JAP,frigate,5,0.264
1886.11.1,1886,JAP,manowar,1,0.069
1886.11.1,1886,ALD,clipper_transport,2,0.104
1886.11.1,1886,MEX,battleship,5,5.576
1886.11.1,1886,MEX,clipper_transport,80,88.783
1886.11.1,1886,BRZ,clipper_transport,11,0.591
1886.11.1,1886,GUA,steam_transport,1,0.08
1886.12.1,1886,USA,clipper_transport,111,84.268
1886.12.1,1886,USA,ironclad,55,40.08
1886.12.1,1886,USA,monitor,47,40.969
1886.12.1,1886,ENG,clipper_transport,201,207.94
1886.12.1,1886,ENG,commerce_raider,30,31.226
1886.12.1,1886,ENG,cruiser,33,34.851
1886.12.1,1886,ENG,frigate,6,6.29
1886.12.1,1886,ENG,ironclad,118,122.142
1886.12.1,1886,ENG,manowar,31,32.15
1886.12.1,1886,ENG,monitor,37,39.093
1886.12.1,1886,FRA,clipper_transport,86,106.035
1886.12.1,1886,FRA,ironclad,88,112.363
1886.12.1,1886,SCA,ironclad,34,42.094
1886.12.1,1886,SCA,steam_transport,26,27.166
1886.12.1,1886,RUS,clipper_transport,119,129.115
1886.12.1,1886,GER,clipper_transport,97,116.22
1886.12.1,1886,GER,commerce_raider,6,7.171
1886.12.1,1886,GER,cruiser,2,2.5
1886.12.1,1886,GER,ironclad,28,34.21
1886.12.1,1886,NET,clipper_transport,1,1.25
1886.12.1,1886,NET,frigate,1,1.25
1886.12.1,1886,BEL,clipper_transport,20,20.243
1886.12.1,1886,BEL,ironclad,9,8.716
1886.12.1,1886,SPA,commerce_raider,1,1.011
1886.12.1,1886,SPA,ironclad,45,45.849
1886.12.1,1886,SPA,steam_transport,33,31.27
1886.12.1,1886,KUK,clipper_transport,20,1.16
1886.12.1,1886,CHL,steam_transport,20,1.077
1886.12.1,1886,AST,clipper_transport,67,3.546
1886.12.1,1886,AST,commerce_raider,19,1.03
1886.12.1,1886,AST,ironclad,68,9.764
1886.12.1,1886,AST,monitor,3,3.322
1886.12.1,1886,AST,steam_transport,9,0.487
1886.12.1,1886,SAR,steam_transport,16,18.491
1886.12.1,1886,SIC,clipper_transport,10,11.937
1886.12.1,1886,CHI,clipper_transport,2,0.1
1886.12.1,1886,CHI,frigate,4,1.128
1886.12.1,1886,GXI,clipper_transport,1,0.05
1886.12.1,1886,GXI,frigate,1,0.05
1886.12.1,1886,JAP,clipper_transport,2,0.102
1886.12.1,1886,JAP,frigate,5,0.264
1886.12.1,1886,JAP,manowar,1,0.069
1886.12.1,1886,ALD,clipper_transport,2,0.104
1886.12.1,1886,MEX,battleship,5,5.576
1886.12.1,1886,MEX,clipper_transport,80,88.073
1886.12.1,1886,BRZ,clipper_transport,11,0.591
1886.12.1,1886,GUA,steam_transport,1,0.08
1887.1.1,1887,USA,clipper_transport,111,74.86
1887.1.1,1887,USA,ironclad,55,35.472
1887.1.1,1887,USA,monitor,49,39.041
1887.1.1,1887,ENG,clipper_transport,201,207.94
1887.1.1,1887,ENG,commerce_raider,30,31.226
1887.1.1,1887,ENG,cruiser,34,35.959
1887.1.1,1887,ENG,frigate,6,6.29
1887.1.1,1887,ENG,ironclad,118,122.142
1887.1.1,1887,ENG,manowar,31,32.15
1887.1.1,1887,ENG,monitor,39,41.32
1887.1.1,1887,FRA,clipper_transport,86,106.035
1887.1.1,1887,FRA,ironclad,88,112.363
1887.1.1,1887,SCA,ironclad,34,42.094
1887.1.1,1887,SCA,steam_transport,26,27.166
1887.1.1,1887,RUS,clipper_transport,119,129.115
1887.1.1,1887,GER,clipper_transport,97,116.22
1887.1.1,1887,GER,commerce_raider,6,7.171
1887.1.1,1887,GER,cruiser,3,3.75
1887.1.1,1887,GER,ironclad,28,34.21
1887.1.1,1887,NET,clipper_transport,1,1.25
1887.1.1,1887,NET,frigate,1,1.25
1887.1.1,1887,SPA,commerce_raider,1,1.011
1887.1.1,1887,SPA,ironclad,45,45.849
1887.1.1,1887,SPA,steam_transport,33,31.27
1887.1.1,1887,KUK,clipper_transport,20,1.16
1887.1.1,1887,CHL,steam_transport,20,1.077
1887.1.1,1887,AST,clipper_transport,67,11.555
1887.1.1,1887,AST,commerce_raider,19,1.03
1887.1.1,1887,AST,ironclad,68,9.764
1887.1.1,1887,AST,monitor,5,5.547
1887.1.1,1887,AST,steam_transport,9,0.487
1887.1.1,1887,SAR,steam_transport,16,18.491
1887.1.1,1887,SIC,clipper_transport,10,11.937
1887.1.1,1887,CHI,clipper_transport,2,0.1
1887.1.1,1887,CHI,frigate,4,0.956
1887.1.1,1887,GXI,clipper_transport,1,0.05
1887.1.1,1887,GXI,frigate,1,0.05
1887.1.1,1887,JAP,clipper_transport,2,0.102
1887.1.1,1887,JAP,frigate,5,0.264
1887.1.1,1887,JAP,manowar,1,0.069
1887.1.1,1887,ALD,clipper_transport,2,0.104
1887.1.1,1887,MEX,battleship,5,5.576
1887.1.1,1887,MEX,clipper_transport,80,88.723
1887.1.1,1887,BRZ,clipper_transport,11,0.591
1887.1.1,1887,GUA,steam_transport,1,0.08
1887.2.1,1887,USA,clipper_transport,111,65.453
1887.2.1,1887,USA,ironclad,55,30.864
1887.2.1,1887,USA,monitor,51,36.975
1887.2.1,1887,ENG,clipper_transport,201,207.94
1887.2.1,1887,ENG,commerce_raider,30,31.226
1887.2.1,1887,ENG,cruiser,38,40.399
1887.2.1,1887,ENG,frigate,6,6.29
1887.2.1,1887,ENG,ironclad,118,122.142
1887.2.1,1887,ENG,manowar,31,32.15
1887.2.1,1887,ENG,monitor,40,42.431
1887.2.1,1887,FRA,clipper_transport,86,106.035
1887.2.1,1887,FRA,ironclad,88,112.363
1887.2.1,1887,SCA,ironclad,34,42.094
1887.2.1,1887,SCA,steam_transport,26,27.166
1887.2.1,1887,RUS,clipper_transport,119,129.115
1887.2.1,1887,GER,clipper_transport,97,116.22
1887.2.1,1887,GER,commerce_raider,6,7.171
1887.2.1,1887,GER,cruiser,3,3.75
1887.2.1,1887,GER,ironclad,28,34.21
1887.2.1,1887,NET,clipper_transport,1,1.25
1887.2.1,1887,NET,frigate,1,1.25
1887.2.1,1887,SPA,commerce_raider,1,1.011
1887.2.1,1887,SPA,ironclad,45,45.849
1887.2.1,1887,SPA,steam_transport,33,31.27
1887.2.1,1887,KUK,clipper_transport,20,1.178
1887.2.1,1887,CHL,steam_transport,20,1.028
1887.2.1,1887,AST,clipper_transport,67,19.52
1887.2.1,1887,AST,commerce_raider,19,1.03
1887.2.1,1887,AST,ironclad,68,9.764
1887.2.1,1887,AST,monitor,9,9.992
1887.2.1,1887,AST,steam_transport,9,0.487
1887.2.1,1887,SAR,steam_transport,16,18.491
1887.2.1,1887,SIC,clipper_transport,10,11.937
1887.2.1,1887,CHI,clipper_transport,2,0.1
1887.2.1,1887,CHI,frigate,5,1.744
1887.2.1,1887,GXI,clipper_transport,1,0.05
1887.2.1,1887,GXI,frigate,1,0.05
1887.2.1,1887,JAP,clipper_transport,2,0.102
1887.2.1,1887,JAP,frigate,5,0.264
1887.2.1,1887,JAP,manowar,1,0.069
1887.2.1,1887,ALD,clipper_transport,2,0.104
1887.2.1,1887,MEX,battleship,5,5.576
1887.2.1,1887,MEX,clipper_transport,80,88.723
1887.2.1,1887,MEX,cruiser,2,2.353
1887.2.1,1887,BRZ,clipper_transport,11,0.588
1887.2.1,1887,GUA,steam_transport,1,0.08
1887.3.1,1887,USA,clipper_transport,111,56.958
1887.3.1,1887,USA,ironclad,55,26.701
1887.3.1,1887,USA,monitor,52,34.011
1887.3.1,1887,ENG,clipper_transport,201,207.94
1887.3.1,1887,ENG,commerce_raider,30,31.226
1887.3.1,1887,ENG,cruiser,43,45.947
1887.3.1,1887,ENG,frigate,6,6.29
1887.3.1,1887,ENG,ironclad,118,122.142
1887.3.1,1887,ENG,manowar,31,32.15
1887.3.1,1887,ENG,monitor,40,42.431
1887.3.1,1887,FRA,clipper_transport,86,106.035
1887.3.1,1887,FRA,ironclad,88,112.363
1887.3.1,1887,SCA,ironclad,34,42.094
1887.3.1,1887,SCA,steam_transport,26,27.166
1887.3.1,1887,RUS,clipper_transport,119,129.115
1887.3.1,1887,GER,clipper_transport,98,117.47
1887.3.1,1887,GER,commerce_raider,6,7.171
1887.3.1,1887,GER,cruiser,3,3.75
1887.3.1,1887,GER,ironclad,28,34.21
1887.3.1,1887,NET,clipper_transport,1,1.25
1887.3.1,1887,NET,frigate,1,1.25
1887.3.1,1887,SPA,commerce_raider,1,1.011
1887.3.1,1887,SPA,ironclad,45,45.849
1887.3.1,1887,SPA,steam_transport,33,31.27
1887.3.1,1887,KUK,clipper_transport,20,1.178
1887.3.1,1887,CHL,steam_transport,20,1.028
1887.3.1,1887,AST,clipper_transport,67,19.52
1887.3.1,1887,AST,commerce_raider,19,1.03
1887.3.1,1887,AST,ironclad,68,9.764
1887.3.1,1887,AST,monitor,11,12.214
1887.3.1,1887,AST,steam_transport,9,0.487
1887.3.1,1887,SAR,steam_transport,16,18.491
1887.3.1,1887,SIC,clipper_transport,10,11.937
1887.3.1,1887,CHI,clipper_transport,2,0.1
1887.3.1,1887,CHI,frigate,6,2.544
1887.3.1,1887,GXI,clipper_transport,1,0.05
1887.3.1,1887,GXI,frigate,1,0.05
1887.3.1,1887,JAP,clipper_transport,2,0.102
1887.3.1,1887,JAP,frigate,5,0.264
1887.3.1,1887,JAP,manowar,1,0.069
1887.3.1,1887,ALD,clipper_transport,2,0.104
1887.3.1,1887,MEX,battleship,5,5.576
1887.3.1,1887,MEX,clipper_transport,80,88.466
1887.3.1,1887,MEX,cruiser,5,5.882
1887.3.1,1887,BRZ,clipper_transport,11,0.588
1887.3.1,1887,GUA,steam_transport,1,0.08
1887.4.1,1887,USA,clipper_transport,111,47.551
1887.4.1,1887,USA,ironclad,55,22.093
1887.4.1,1887,USA,monitor,54,31.627
1887.4.1,1887,ENG,clipper_transport,201,207.94
1887.4.1,1887,ENG,commerce_raider,30,31.226
1887.4.1,1887,ENG,cruiser,45,47.886
1887.4.1,1887,ENG,frigate,6,6.29
1887.4.1,1887,ENG,ironclad,118,122.142
1887.4.1,1887,ENG,manowar,31,32.15
1887.4.1,1887,ENG,monitor,40,42.431
1887.4.1,1887,FRA,clipper_transport,86,106.035
1887.4.1,1887,FRA,ironclad,88,112.363
1887.4.1,1887,SCA,ironclad,34,42.094
1887.4.1,1887,SCA,steam_transport,26,27.166
1887.4.1,1887,RUS,clipper_transport,119,129.115
1887.4.1,1887,GER,clipper_transport,98,117.47
1887.4.1,1887,GER,commerce_raider,6,7.171
1887.4.1,1887,GER,cruiser,3,3.75
1887.4.1,1887,GER,ironclad,28,34.21
1887.4.1,1887,NET,clipper_transport,1,1.25
1887.4.1,1887,NET,frigate,1,1.25
1887.4.1,1887,SPA,commerce_raider,1,1.011
1887.4.1,1887,SPA,ironclad,45,45.849
1887.4.1,1887,SPA,steam_transport,33,31.495
1887.4.1,1887,KUK,clipper_transport,20,1.178
1887.4.1,1887,CHL,steam_transport,20,2.374
1887.4.1,1887,AST,clipper_transport,67,19.52
1887.4.1,1887,AST,commerce_raider,19,1.03
1887.4.1,1887,AST,ironclad,68,9.764
1887.4.1,1887,AST,monitor,12,13.325
1887.4.1,1887,AST,steam_transport,9,0.487
1887.4.1,1887,SAR,steam_transport,16,18.491
1887.4.1,1887,SIC,clipper_transport,10,11.937
1887.4.1,1887,CHI,clipper_transport,2,0.1
1887.4.1,1887,CHI,frigate,6,2.028
1887.4.1,1887,GXI,clipper_transport,1,0.05
1887.4.1,1887,GXI,frigate,1,0.05
1887.4.1,1887,JAP,clipper_transport,2,0.102
1887.4.1,1887,JAP,frigate,5,0.264
1887.4.1,1887,JAP,manowar,1,0.069
1887.4.1,1887,ALD,clipper_transport,2,0.104
1887.4.1,1887,MEX,battleship,5,5.576
1887.4.1,1887,MEX,clipper_transport,80,88.471
1887.4.1,1887,MEX,cruiser,7,8.235
1887.4.1,1887,BRZ,clipper_transport,11,0.588
1887.4.1,1887,GUA,steam_transport,1,0.08
1887.5.1,1887,USA,clipper_transport,111,38.448
1887.5.1,1887,USA,ironclad,55,17.633
1887.5.1,1887,USA,monitor,54,26.998
1887.5.1,1887,ENG,clipper_transport,201,205.582
1887.5.1,1887,ENG,commerce_raider,22,22.724
1887.5.1,1887,ENG,cruiser,51,53.554
1887.5.1,1887,ENG,frigate,6,6.217
1887.5.1,1887,ENG,ironclad,118,120.832
1887.5.1,1887,ENG,manowar,15,15.487
1887.5.1,1887,ENG,monitor,40,41.994
1887.5.1,1887,FRA,clipper_transport,86,106.035
1887.5.1,1887,FRA,ironclad,88,112.363
1887.5.1,1887,SCA,ironclad,34,42.094
1887.5.1,1887,SCA,steam_transport,26,27.166
1887.5.1,1887,RUS,clipper_transport,119,129.115
1887.5.1,1887,GER,clipper_transport,98,117.47
1887.5.1,1887,GER,commerce_raider,6,7.171
1887.5.1,1887,GER,cruiser,3,3.75
1887.5.1,1887,GER,ironclad,28,34.21
1887.5.1,1887,NET,clipper_transport,1,1.25
1887.5.1,1887,NET,frigate,1,1.25
1887.5.1,1887,SPA,commerce_raider,1,1.011
1887.5.1,1887,SPA,ironclad,45,45.849
1887.5.1,1887,SPA,steam_transport,33,31.745
1887.5.1,1887,KUK,clipper_transport,20,1.178
1887.5.1,1887,CHL,steam_transport,20,3.748
1887.5.1,1887,AST,clipper_transport,67,23.282
1887.5.1,1887,AST,commerce_raider,19,1.512
1887.5.1,1887,AST,ironclad,68,17.589
1887.5.1,1887,AST,monitor,12,13.325
1887.5.1,1887,AST,steam_transport,9,2.615
1887.5.1,1887,SAR,steam_transport,16,18.491
1887.5.1,1887,SIC,clipper_transport,10,11.937
1887.5.1,1887,CHI,clipper_transport,2,0.1
1887.5.1,1887,CHI,frigate,7,2.622
1887.5.1,1887,GXI,clipper_transport,1,0.05
1887.5.1,1887,GXI,frigate,1,0.05
1887.5.1,1887,JAP,clipper_transport,2,0.102
1887.5.1,1887,JAP,frigate,5,0.264
1887.5.1,1887,JAP,manowar,1,0.069
1887.5.1,1887,ALD,clipper_transport,2,0.104
1887.5.1,1887,MEX,battleship,5,5.576
1887.5.1,1887,MEX,clipper_transport,80,88.471
1887.5.1,1887,MEX,cruiser,10,11.73
1887.5.1,1887,BRZ,clipper_transport,11,0.588
1887.5.1,1887,GUA,steam_transport,1,0.08
1887.6.1,1887,USA,clipper_transport,111,29.04
1887.6.1,1887,USA,ironclad,55,13.025
1887.6.1,1887,USA,monitor,55,23.34
1887.6.1,1887,ENG,clipper_transport,201,203.087
1887.6.1,1887,ENG,commerce_raider,22,22.447
1887.6.1,1887,ENG,cruiser,53,54.529
1887.6.1,1887,ENG,frigate,6,6.134
1887.6.1,1887,ENG,ironclad,77,77.621
1887.6.1,1887,ENG,manowar,15,15.28
1887.6.1,1887,ENG,monitor,40,41.505
1887.6.1,1887,FRA,clipper_transport,86,106.035
1887.6.1,1887,FRA,ironclad,88,112.363
1887.6.1,1887,SCA,ironclad,34,42.094
1887.6.1,1887,SCA,steam_transport,40,45.833
1887.6.1,1887,RUS,clipper_transport,119,129.115
1887.6.1,1887,GER,clipper_transport,98,117.47
1887.6.1,1887,GER,commerce_raider,6,7.171
1887.6.1,1887,GER,cruiser,3,3.75
1887.6.1,1887,GER,ironclad,28,34.21
1887.6.1,1887,NET,clipper_transport,1,1.25
1887.6.1,1887,NET,frigate,1,1.25
1887.6.1,1887,SPA,commerce_raider,1,1.011
1887.6.1,1887,SPA,ironclad,45,45.849
1887.6.1,1887,SPA,steam_transport,33,31.991
1887.6.1,1887,KUK,clipper_transport,20,1.178
1887.6.1,1887,CHL,cruiser,2,2.0
1887.6.1,1887,CHL,steam_transport,20,5.122
1887.6.1,1887,AST,clipper_transport,67,27.009
1887.6.1,1887,AST,commerce_raider,19,1.989
1887.6.1,1887,AST,ironclad,68,25.331
1887.6.1,1887,AST,monitor,13,14.436
1887.6.1,1887,AST,steam_transport,9,4.722
1887.6.1,1887,SAR,steam_transport,16,18.491
1887.6.1,1887,SIC,clipper_transport,10,11.937
1887.6.1,1887,CHI,clipper_transport,2,0.1
1887.6.1,1887,CHI,frigate,7,2.022
1887.6.1,1887,GXI,clipper_transport,1,0.05
1887.6.1,1887,GXI,frigate,1,0.05
1887.6.1,1887,JAP,clipper_transport,2,0.102
1887.6.1,1887,JAP,frigate,5,0.264
1887.6.1,1887,JAP,manowar,1,0.069
1887.6.1,1887,ALD,clipper_transport,2,0.24
1887.6.1,1887,MEX,battleship,5,5.576
1887.6.1,1887,MEX,clipper_transport,80,88.321
1887.6.1,1887,MEX,cruiser,12,14.065
1887.6.1,1887,BRZ,clipper_transport,11,0.588
1887.6.1,1887,GUA,steam_transport,1,0.08
1887.7.1,1887,USA,clipper_transport,111,19.938
1887.7.1,1887,USA,ironclad,55,8.565
1887.7.1,1887,USA,monitor,58,22.064
1887.7.1,1887,ENG,clipper_transport,201,199.848
1887.7.1,1887,ENG,commerce_raider,22,22.092
1887.7.1,1887,ENG,cruiser,54,54.323
1887.7.1,1887,ENG,frigate,6,6.028
1887.7.1,1887,ENG,ironclad,77,76.451
1887.7.1,1887,ENG,manowar,15,15.015
1887.7.1,1887,ENG,monitor,40,40.859
1887.7.1,1887,FRA,clipper_transport,86,106.035
1887.7.1,1887,FRA,ironclad,88,112.363
1887.7.1,1887,SCA,ironclad,34,42.084
1887.7.1,1887,SCA,steam_transport,47,55.104
1887.7.1,1887,RUS,clipper_transport,119,129.115
1887.7.1,1887,GER,clipper_transport,98,117.47
1887.7.1,1887,GER,commerce_raider,6,7.171
1887.7.1,1887,GER,cruiser,4,5.0
1887.7.1,1887,GER,ironclad,28,34.21
1887.7.1,1887,NET,clipper_transport,1,1.25
1887.7.1,1887,NET,frigate,1,1.25
1887.7.1,1887,SPA,commerce_raider,1,1.011
1887.7.1,1887,SPA,ironclad,45,45.849
1887.7.1,1887,SPA,steam_transport,33,32.254
1887.7.1,1887,KUK,clipper_transport,20,1.178
1887.7.1,1887,CHL,cruiser,2,2.0
1887.7.1,1887,CHL,steam_transport,20,6.496
1887.7.1,1887,AST,clipper_transport,67,30.704
1887.7.1,1887,AST,commerce_raider,19,2.459
1887.7.1,1887,AST,ironclad,68,32.999
1887.7.1,1887,AST,monitor,16,17.769
1887.7.1,1887,AST,steam_transport,9,6.809
1887.7.1,1887,SAR,steam_transport,16,18.491
1887.7.1,1887,SIC,clipper_transport,10,11.937
1887.7.1,1887,CHI,clipper_transport,2,0.1
1887.7.1,1887,CHI,frigate,7,1.522
1887.7.1,1887,GXI,clipper_transport,1,0.05
1887.7.1,1887,GXI,frigate,1,0.05
1887.7.1,1887,JAP,clipper_transport,2,0.102
1887.7.1,1887,JAP,frigate,5,0.264
1887.7.1,1887,JAP,manowar,1,0.069
1887.7.1,1887,ALD,clipper_transport,2,0.376
1887.7.1,1887,MEX,battleship,5,5.576
1887.7.1,1887,MEX,clipper_transport,80,87.52
1887.7.1,1887,MEX,cruiser,14,16.409
1887.7.1,1887,BRZ,clipper_transport,11,0.588
1887.7.1,1887,GUA,steam_transport,1,0.08
1887.8.1,1887,USA,clipper_transport,111,12.187
1887.8.1,1887,USA,ironclad,55,5.194
1887.8.1,1887,USA,monitor,62,21.404
1887.8.1,1887,ENG,clipper_transport,201,196.094
1887.8.1,1887,ENG,commerce_raider,22,21.684
1887.8.1,1887,ENG,cruiser,55,53.925
1887.8.1,1887,ENG,frigate,6,5.906
1887.8.1,1887,ENG,ironclad,77,75.085
1887.8.1,1887,ENG,manowar,15,14.71
1887.8.1,1887,ENG,monitor,40,40.099
1887.8.1,1887,FRA,clipper_transport,86,106.035
1887.8.1,1887,FRA,ironclad,88,112.363
1887.8.1,1887,SCA,ironclad,34,42.084
1887.8.1,1887,SCA,steam_transport,51,60.424
1887.8.1,1887,RUS,clipper_transport,119,129.115
1887.8.1,1887,GER,clipper_transport,98,117.47
1887.8.1,1887,GER,commerce_raider,6,7.171
1887.8.1,1887,GER,cruiser,5,6.25
1887.8.1,1887,GER,ironclad,28,34.21
1887.8.1,1887,NET,clipper_transport,1,1.25
1887.8.1,1887,NET,frigate,1,1.25
1887.8.1,1887,SPA,commerce_raider,1,1.011
1887.8.1,1887,SPA,ironclad,45,45.849
1887.8.1,1887,SPA,steam_transport,33,32.481
1887.8.1,1887,KUK,clipper_transport,20,1.2
1887.8.1,1887,CHL,cruiser,2,2.0
1887.8.1,1887,CHL,steam_transport,20,11.496
1887.8.1,1887,AST,clipper_transport,67,34.371
1887.8.1,1887,AST,commerce_raider,19,2.925
1887.8.1,1887,AST,ironclad,68,40.602
1887.8.1,1887,AST,monitor,17,18.881
1887.8.1,1887,AST,steam_transport,9,8.879
1887.8.1,1887,SAR,steam_transport,16,18.491
1887.8.1,1887,SIC,clipper_transport,10,11.937
1887.8.1,1887,CHI,clipper_transport,2,0.1
1887.8.1,1887,CHI,frigate,7,1.106
1887.8.1,1887,GXI,clipper_transport,1,0.05
1887.8.1,1887,GXI,frigate,1,0.05
1887.8.1,1887,JAP,clipper_transport,2,0.102
1887.8.1,1887,JAP,frigate,5,0.264
1887.8.1,1887,JAP,manowar,1,0.069
1887.8.1,1887,ALD,clipper_transport,2,0.221
1887.8.1,1887,MEX,battleship,5,5.576
1887.8.1,1887,MEX,clipper_transport,80,87.813
1887.8.1,1887,MEX,cruiser,16,18.722
1887.8.1,1887,BRZ,clipper_transport,11,0.588
1887.8.1,1887,GUA,steam_transport,1,0.08
1887.9.1,1887,USA,clipper_transport,111,6.323
1887.9.1,1887,USA,ironclad,55,2.961
1887.9.1,1887,USA,monitor,63,17.257
1887.9.1,1887,ENG,clipper_transport,201,191.067
1887.9.1,1887,ENG,commerce_raider,22,21.141
1887.9.1,1887,ENG,cruiser,57,54.185
1887.9.1,1887,ENG,frigate,6,5.743
1887.9.1,1887,ENG,ironclad,37,34.723
1887.9.1,1887,ENG,manowar,15,14.304
1887.9.1,1887,ENG,monitor,40,39.077
1887.9.1,1887,FRA,clipper_transport,86,106.035
1887.9.1,1887,FRA,ironclad,88,112.363
1887.9.1,1887,SCA,ironclad,34,42.09
1887.9.1,1887,SCA,steam_transport,51,60.416
1887.9.1,1887,RUS,clipper_transport,119,129.115
1887.9.1,1887,GER,clipper_transport,98,117.47
1887.9.1,1887,GER,commerce_raider,6,7.171
1887.9.1,1887,GER,cruiser,8,10.0
1887.9.1,1887,GER,ironclad,28,34.21
1887.9.1,1887,NET,clipper_transport,1,1.25
1887.9.1,1887,NET,frigate,1,1.25
1887.9.1,1887,SPA,commerce_raider,1,1.011
1887.9.1,1887,SPA,ironclad,45,45.849
1887.9.1,1887,SPA,steam_transport,33,32.759
1887.9.1,1887,KUK,clipper_transport,20,1.177
1887.9.1,1887,CHL,cruiser,2,2.0
1887.9.1,1887,CHL,steam_transport,20,16.024
1887.9.1,1887,AST,clipper_transport,67,35.49
1887.9.1,1887,AST,commerce_raider,19,3.065
1887.9.1,1887,AST,ironclad,68,42.907
1887.9.1,1887,AST,monitor,17,18.881
1887.9.1,1887,AST,steam_transport,9,9.508
1887.9.1,1887,SAR,steam_transport,16,18.443
1887.9.1,1887,SIC,clipper_transport,10,11.937
1887.9.1,1887,CHI,clipper_transport,2,0.1
1887.9.1,1887,CHI,frigate,7,0.761
1887.9.1,1887,GXI,clipper_transport,1,0.05
1887.9.1,1887,GXI,frigate,1,0.05
1887.9.1,1887,JAP,clipper_transport,2,0.102
1887.9.1,1887,JAP,frigate,5,0.264
1887.9.1,1887,JAP,manowar,1,0.069
1887.9.1,1887,ALD,clipper_transport,2,0.103
1887.9.1,1887,MEX,battleship,5,5.576
1887.9.1,1887,MEX,clipper_transport,80,87.292
1887.9.1,1887,MEX,cruiser,19,22.234
1887.9.1,1887,BRZ,clipper_transport,11,0.588
1887.9.1,1887,GUA,steam_transport,1,0.08
1887.10.1,1887,USA,clipper_transport,111,16.693
1887.10.1,1887,USA,ironclad,55,2.961
1887.10.1,1887,USA,monitor,64,32.28
1887.10.1,1887,ENG,clipper_transport,201,187.296
1887.10.1,1887,ENG,commerce_raider,22,20.731
1887.10.1,1887,ENG,cruiser,58,53.393
1887.10.1,1887,ENG,frigate,6,5.62
1887.10.1,1887,ENG,ironclad,35,32.489
1887.10.1,1887,ENG,manowar,15,13.998
1887.10.1,1887,ENG,monitor,40,38.207
1887.10.1,1887,FRA,clipper_transport,86,106.035
1887.10.1,1887,FRA,ironclad,88,112.363
1887.10.1,1887,SCA,ironclad,34,42.09
1887.10.1,1887,SCA,steam_transport,51,60.44
1887.10.1,1887,RUS,clipper_transport,119,129.115
1887.10.1,1887,GER,clipper_transport,98,117.47
1887.10.1,1887,GER,commerce_raider,6,7.171
1887.10.1,1887,GER,cruiser,8,10.0
1887.10.1,1887,GER,ironclad,28,34.21
1887.10.1,1887,NET,clipper_transport,1,1.25
1887.10.1,1887,NET,frigate,1,1.25
1887.10.1,1887,SPA,commerce_raider,1,1.011
1887.10.1,1887,SPA,ironclad,45,45.849
1887.10.1,1887,SPA,steam_transport,33,32.992
1887.10.1,1887,KUK,clipper_transport,20,1.177
1887.10.1,1887,CHL,cruiser,2,2.0
1887.10.1,1887,CHL,steam_transport,20,19.288
1887.10.1,1887,AST,clipper_transport,67,35.49
1887.10.1,1887,AST,commerce_raider,19,3.065
1887.10.1,1887,AST,ironclad,68,42.907
1887.10.1,1887,AST,monitor,17,18.881
1887.10.1,1887,AST,steam_transport,9,9.508
1887.10.1,1887,SAR,steam_transport,16,18.37
1887.10.1,1887,SIC,clipper_transport,10,11.937
1887.10.1,1887,CHI,clipper_transport,2,0.1
1887.10.1,1887,CHI,frigate,7,0.561
1887.10.1,1887,GXI,clipper_transport,1,0.05
1887.10.1,1887,GXI,frigate,1,0.05
1887.10.1,1887,JAP,clipper_transport,2,0.102
1887.10.1,1887,JAP,frigate,5,0.264
1887.10.1,1887,JAP,manowar,1,0.069
1887.10.1,1887,ALD,clipper_transport,2,0.103
1887.10.1,1887,MEX,battleship,5,5.576
1887.10.1,1887,MEX,clipper_transport,80,87.853
1887.10.1,1887,MEX,cruiser,21,24.613
1887.10.1,1887,BRZ,clipper_transport,11,0.588
1887.10.1,1887,GUA,steam_transport,1,0.08
1887.11.1,1887,USA,battleship,1,1.176
1887.11.1,1887,USA,clipper_transport,111,26.96
1887.11.1,1887,USA,ironclad,55,2.961
1887.11.1,1887,USA,monitor,64,45.582
1887.11.1,1887,ENG,clipper_transport,201,184.059
1887.11.1,1887,ENG,commerce_raider,16,14.959
1887.11.1,1887,ENG,cruiser,58,51.587
1887.11.1,1887,ENG,frigate,6,5.51
1887.11.1,1887,ENG,ironclad,21,19.136
1887.11.1,1887,ENG,manowar,15,13.724
1887.11.1,1887,ENG,monitor,40,37.415
1887.11.1,1887,FRA,clipper_transport,86,106.035
1887.11.1,1887,FRA,ironclad,88,112.363
1887.11.1,1887,SCA,ironclad,34,42.09
1887.11.1,1887,SCA,steam_transport,51,60.427
1887.11.1,1887,RUS,clipper_transport,119,129.115
1887.11.1,1887,GER,clipper_transport,98,117.47
1887.11.1,1887,GER,commerce_raider,6,7.171
1887.11.1,1887,GER,cruiser,8,10.0
1887.11.1,1887,GER,ironclad,28,34.21
1887.11.1,1887,NET,clipper_transport,1,1.25
1887.11.1,1887,NET,frigate,1,1.25
1887.11.1,1887,SPA,commerce_raider,1,1.011
1887.11.1,1887,SPA,ironclad,45,45.849
1887.11.1,1887,SPA,steam_transport,33,33.159
1887.11.1,1887,KUK,clipper_transport,20,1.16
1887.11.1,1887,CHL,cruiser,2,2.0
1887.11.1,1887,CHL,steam_transport,20,19.512
1887.11.1,1887,AST,clipper_transport,67,35.49
1887.11.1,1887,AST,commerce_raider,19,3.065
1887.11.1,1887,AST,ironclad,68,42.907
1887.11.1,1887,AST,monitor,17,18.881
1887.11.1,1887,AST,steam_transport,9,9.508
1887.11.1,1887,SAR,steam_transport,16,18.283
1887.11.1,1887,SIC,clipper_transport,10,11.937
1887.11.1,1887,CHI,clipper_transport,2,0.1
1887.11.1,1887,CHI,frigate,7,0.389
1887.11.1,1887,GXI,clipper_transport,1,0.05
1887.11.1,1887,GXI,frigate,1,0.05
1887.11.1,1887,JAP,clipper_transport,2,0.102
1887.11.1,1887,JAP,frigate,5,0.264
1887.11.1,1887,JAP,manowar,1,0.069
1887.11.1,1887,ALD,clipper_transport,2,0.103
1887.11.1,1887,MEX,battleship,5,5.576
1887.11.1,1887,MEX,clipper_transport,80,87.829
1887.11.1,1887,MEX,cruiser,24,28.139
1887.11.1,1887,BRZ,clipper_transport,11,0.588
1887.11.1,1887,GUA,steam_transport,1,0.08
1887.12.1,1887,USA,battleship,2,2.353
1887.12.1,1887,USA,clipper_transport,111,37.102
1887.12.1,1887,USA,ironclad,55,2.961
1887.12.1,1887,USA,monitor,65,59.11
1887.12.1,1887,ENG,clipper_transport,201,182.059
1887.12.1,1887,ENG,commerce_raider,16,14.792
1887.12.1,1887,ENG,cruiser,58,50.229
1887.12.1,1887,ENG,frigate,6,5.439
1887.12.1,1887,ENG,ironclad,18,15.852
1887.12.1,1887,ENG,manowar,15,13.547
1887.12.1,1887,ENG,monitor,40,36.98
1887.12.1,1887,FRA,clipper_transport,86,106.035
1887.12.1,1887,FRA,ironclad,88,112.363
1887.12.1,1887,SCA,ironclad,34,42.09
1887.12.1,1887,SCA,steam_transport,51,60.397
1887.12.1,1887,RUS,clipper_transport,119,129.115
1887.12.1,1887,GER,clipper_transport,98,117.47
1887.12.1,1887,GER,commerce_raider,6,7.171
1887.12.1,1887,GER,cruiser,8,10.0
1887.12.1,1887,GER,ironclad,28,34.21
1887.12.1,1887,NET,clipper_transport,1,1.25
1887.12.1,1887,NET,frigate,1,1.25
1887.12.1,1887,SPA,commerce_raider,1,1.011
1887.12.1,1887,SPA,ironclad,45,45.849
1887.12.1,1887,SPA,steam_transport,33,33.351
1887.12.1,1887,KUK,clipper_transport,20,1.16
1887.12.1,1887,CHL,cruiser,2,2.0
1887.12.1,1887,CHL,steam_transport,20,19.512
1887.12.1,1887,AST,clipper_transport,67,35.49
1887.12.1,1887,AST,commerce_raider,19,3.065
1887.12.1,1887,AST,ironclad,68,42.907
1887.12.1,1887,AST,monitor,17,18.881
1887.12.1,1887,AST,steam_transport,9,9.508
1887.12.1,1887,SAR,steam_transport,16,18.199
1887.12.1,1887,SIC,clipper_transport,10,11.937
1887.12.1,1887,CHI,clipper_transport,2,0.1
1887.12.1,1887,CHI,frigate,7,0.372
1887.12.1,1887,GXI,clipper_transport,1,0.05
1887.12.1,1887,GXI,frigate,1,0.05
1887.12.1,1887,JAP,clipper_transport,2,0.102
1887.12.1,1887,JAP,frigate,5,0.264
1887.12.1,1887,JAP,manowar,1,0.069
1887.12.1,1887,ALD,clipper_transport,2,0.103
1887.12.1,1887,MEX,battleship,5,5.568
1887.12.1,1887,MEX,clipper_transport,79,87.255
1887.12.1,1887,MEX,cruiser,22,25.713
1887.12.1,1887,BRZ,clipper_transport,11,0.588
1887.12.1,1887,GUA,steam_transport,1,0.08
1888.1.1,1888,USA,battleship,2,2.353
1888.1.1,1888,USA,clipper_transport,111,46.991
1888.1.1,1888,USA,ironclad,55,2.961
1888.1.1,1888,USA,monitor,66,71.013
1888.1.1,1888,ENG,clipper_transport,201,180.234
1888.1.1,1888,ENG,commerce_raider,16,14.64
1888.1.1,1888,ENG,cruiser,58,49.196
1888.1.1,1888,ENG,frigate,6,5.375
1888.1.1,1888,ENG,ironclad,8,6.234
1888.1.1,1888,ENG,manowar,13,11.602
1888.1.1,1888,ENG,monitor,40,36.569
1888.1.1,1888,FRA,clipper_transport,86,106.035
1888.1.1,1888,FRA,ironclad,88,112.363
1888.1.1,1888,SCA,ironclad,34,42.09
1888.1.1,1888,SCA,steam_transport,51,60.397
1888.1.1,1888,RUS,clipper_transport,119,129.115
1888.1.1,1888,GER,clipper_transport,98,117.47
1888.1.1,1888,GER,commerce_raider,6,7.171
1888.1.1,1888,GER,cruiser,8,10.0
1888.1.1,1888,GER,ironclad,28,34.21
1888.1.1,1888,NET,clipper_transport,1,1.25
1888.1.1,1888,NET,frigate,1,1.25
1888.1.1,1888,SPA,commerce_raider,1,1.011
1888.1.1,1888,SPA,ironclad,45,45.849
1888.1.1,1888,SPA,steam_transport,33,33.52
1888.1.1,1888,KUK,clipper_transport,20,1.183
1888.1.1,1888,CHL,cruiser,2,2.0
1888.1.1,1888,CHL,steam_transport,20,19.372
1888.1.1,1888,AST,clipper_transport,67,35.49
1888.1.1,1888,AST,commerce_raider,19,3.065
1888.1.1,1888,AST,ironclad,68,42.907
1888.1.1,1888,AST,monitor,20,22.214
1888.1.1,1888,AST,steam_transport,9,9.508
1888.1.1,1888,SAR,steam_transport,16,18.112
1888.1.1,1888,SIC,clipper_transport,10,11.937
1888.1.1,1888,CHI,clipper_transport,2,0.1
1888.1.1,1888,CHI,frigate,7,0.372
1888.1.1,1888,GXI,clipper_transport,1,0.05
1888.1.1,1888,GXI,frigate,1,0.05
1888.1.1,1888,JAP,clipper_transport,2,0.102
1888.1.1,1888,JAP,frigate,5,0.264
1888.1.1,1888,JAP,manowar,1,0.069
1888.1.1,1888,ALD,clipper_transport,2,0.103
1888.1.1,1888,MEX,battleship,5,5.568
1888.1.1,1888,MEX,clipper_transport,79,87.457
1888.1.1,1888,MEX,cruiser,22,25.716
1888.1.1,1888,BRZ,clipper_transport,11,0.588
1888.1.1,1888,GUA,steam_transport,1,0.08
1888.2.1,1888,USA,battleship,2,2.353
1888.2.1,1888,USA,clipper_transport,111,49.919
1888.2.1,1888,USA,ironclad,55,2.961
1888.2.1,1888,USA,monitor,66,73.61
1888.2.1,1888,ENG,clipper_transport,201,179.115
1888.2.1,1888,ENG,commerce_raider,16,14.542
1888.2.1,1888,ENG,cruiser,58,48.291
1888.2.1,1888,ENG,frigate,6,5.334
1888.2.1,1888,ENG,ironclad,8,6.179
1888.2.1,1888,ENG,manowar,13,11.514
1888.2.1,1888,ENG,monitor,40,36.327
1888.2.1,1888,FRA,clipper_transport,86,106.035
1888.2.1,1888,FRA,ironclad,88,112.363
1888.2.1,1888,SCA,ironclad,34,42.09
1888.2.1,1888,SCA,steam_transport,51,60.397
1888.2.1,1888,RUS,clipper_transport,119,129.115
1888.2.1,1888,GER,clipper_transport,98,117.47
1888.2.1,1888,GER,commerce_raider,6,7.171
1888.2.1,1888,GER,cruiser,8,10.0
1888.2.1,1888,GER,ironclad,28,34.21
1888.2.1,1888,NET,clipper_transport,1,1.25
1888.2.1,1888,NET,frigate,1,1.25
1888.2.1,1888,SPA,commerce_raider,1,1.011
1888.2.1,1888,SPA,ironclad,45,45.849
1888.2.1,1888,SPA,steam_transport,33,33.52
1888.2.1,1888,KUK,clipper_transport,20,1.16
1888.2.1,1888,CHL,cruiser,2,1.98
1888.2.1,1888,CHL,steam_transport,20,19.282
1888.2.1,1888,AST,clipper_transport,67,35.49
1888.2.1,1888,AST,commerce_raider,19,3.065
1888.2.1,1888,AST,ironclad,68,42.907
1888.2.1,1888,AST,monitor,23,25.547
1888.2.1,1888,AST,steam_transport,9,9.508
1888.2.1,1888,SAR,steam_transport,16,18.024
1888.2.1,1888,SIC,clipper_transport,10,11.937
1888.2.1,1888,CHI,clipper_transport,2,0.1
1888.2.1,1888,CHI,frigate,7,0.372
1888.2.1,1888,GXI,clipper_transport,1,0.05
1888.2.1,1888,GXI,frigate,1,0.05
1888.2.1,1888,JAP,clipper_transport,2,0.102
1888.2.1,1888,JAP,frigate,5,0.264
1888.2.1,1888,JAP,manowar,1,0.068
1888.2.1,1888,ALD,clipper_transport,2,0.24
1888.2.1,1888,MEX,battleship,5,5.568
1888.2.1,1888,MEX,clipper_transport,79,87.501
1888.2.1,1888,MEX,cruiser,22,25.718
1888.2.1,1888,BRZ,clipper_transport,11,0.588
1888.2.1,1888,GUA,steam_transport,1,0.08
1888.3.1,1888,USA,battleship,3,3.529
1888.3.1,1888,USA,clipper_transport,111,49.919
1888.3.1,1888,USA,ironclad,55,2.961
1888.3.1,1888,USA,monitor,66,73.61
1888.3.1,1888,ENG,clipper_transport,201,178.104
1888.3.1,1888,ENG,commerce_raider,16,14.454
1888.3.1,1888,ENG,cruiser,58,47.404
1888.3.1,1888,ENG,frigate,6,5.297
1888.3.1,1888,ENG,ironclad,8,6.129
1888.3.1,1888,ENG,manowar,13,11.434
1888.3.1,1888,ENG,monitor,40,36.118
1888.3.1,1888,FRA,clipper_transport,86,106.035
1888.3.1,1888,FRA,ironclad,88,112.363
1888.3.1,1888,SCA,ironclad,34,42.09
1888.3.1,1888,SCA,steam_transport,51,60.394
1888.3.1,1888,RUS,clipper_transport,119,129.115
1888.3.1,1888,GER,clipper_transport,98,117.47
1888.3.1,1888,GER,commerce_raider,6,7.171
1888.3.1,1888,GER,cruiser,8,10.0
1888.3.1,1888,GER,ironclad,28,34.21
1888.3.1,1888,NET,clipper_transport,1,1.25
1888.3.1,1888,NET,frigate,1,1.25
1888.3.1,1888,SPA,commerce_raider,1,1.011
1888.3.1,1888,SPA,ironclad,45,45.849
1888.3.1,1888,SPA,steam_transport,33,33.52
1888.3.1,1888,KUK,clipper_transport,20,1.16
1888.3.1,1888,CHL,cruiser,2,1.92
1888.3.1,1888,CHL,steam_transport,20,18.802
1888.3.1,1888,AST,clipper_transport,67,35.49
1888.3.1,1888,AST,commerce_raider,19,3.065
1888.3.1,1888,AST,ironclad,68,42.907
1888.3.1,1888,AST,monitor,24,26.658
1888.3.1,1888,AST,steam_transport,9,9.508
1888.3.1,1888,SAR,steam_transport,16,17.946
1888.3.1,1888,SIC,clipper_transport,10,11.937
1888.3.1,1888,CHI,clipper_transport,2,0.1
1888.3.1,1888,CHI,frigate,7,0.372
1888.3.1,1888,GXI,clipper_transport,1,0.05
1888.3.1,1888,GXI,frigate,1,0.05
1888.3.1,1888,JAP,clipper_transport,2,0.102
1888.3.1,1888,JAP,frigate,5,0.264
1888.3.1,1888,JAP,manowar,1,0.068
1888.3.1,1888,ALD,clipper_transport,2,0.375
1888.3.1,1888,MEX,battleship,5,5.568
1888.3.1,1888,MEX,clipper_transport,79,87.501
1888.3.1,1888,MEX,cruiser,22,25.751
1888.3.1,1888,BRZ,clipper_transport,11,0.587
1888.3.1,1888,GUA,steam_transport,1,0.08
1888.4.1,1888,USA,battleship,4,4.706
1888.4.1,1888,USA,clipper_transport,111,49.919
1888.4.1,1888,USA,ironclad,55,2.961
1888.4.1,1888,USA,monitor,66,73.61
1888.4.1,1888,ENG,clipper_transport,201,176.969
1888.4.1,1888,ENG,commerce_raider,16,14.356
1888.4.1,1888,ENG,cruiser,58,46.381
1888.4.1,1888,ENG,frigate,6,5.256
1888.4.1,1888,ENG,ironclad,8,6.074
1888.4.1,1888,ENG,manowar,13,11.346
1888.4.1,1888,ENG,monitor,40,35.854
1888.4.1,1888,FRA,clipper_transport,86,106.035
1888.4.1,1888,FRA,cruiser,6,8.0
1888.4.1,1888,FRA,ironclad,88,112.363
1888.4.1,1888,SCA,ironclad,34,42.09
1888.4.1,1888,SCA,steam_transport,51,60.394
1888.4.1,1888,RUS,clipper_transport,119,129.115
1888.4.1,1888,GER,clipper_transport,98,117.458
1888.4.1,1888,GER,commerce_raider,6,7.171
1888.4.1,1888,GER,cruiser,8,10.0
1888.4.1,1888,GER,ironclad,28,34.21
1888.4.1,1888,NET,clipper_transport,1,1.25
1888.4.1,1888,NET,frigate,1,1.25
1888.4.1,1888,SPA,commerce_raider,1,1.011
1888.4.1,1888,SPA,ironclad,45,45.849
1888.4.1,1888,SPA,steam_transport,33,33.52
1888.4.1,1888,KUK,clipper_transport,20,1.16
1888.4.1,1888,CHL,cruiser,2,1.92
1888.4.1,1888,CHL,steam_transport,20,18.802
1888.4.1,1888,AST,clipper_transport,67,35.49
1888.4.1,1888,AST,commerce_raider,19,3.065
1888.4.1,1888,AST,ironclad,68,42.907
1888.4.1,1888,AST,monitor,29,32.214
1888.4.1,1888,AST,steam_transport,9,9.508
1888.4.1,1888,SAR,steam_transport,16,17.859
1888.4.1,1888,SIC,clipper_transport,10,11.937
1888.4.1,1888,CHI,clipper_transport,2,0.1
1888.4.1,1888,CHI,frigate,7,0.372
1888.4.1,1888,GXI,clipper_transport,1,0.05
1888.4.1,1888,GXI,frigate,1,0.05
1888.4.1,1888,JAP,clipper_transport,2,0.102
1888.4.1,1888,JAP,frigate,5,0.264
1888.4.1,1888,JAP,manowar,1,0.068
1888.4.1,1888,ALD,clipper_transport,2,0.511
1888.4.1,1888,MEX,battleship,5,5.568
1888.4.1,1888,MEX,clipper_transport,79,87.478
1888.4.1,1888,MEX,cruiser,22,25.751
1888.4.1,1888,BRZ,clipper_transport,11,0.587
1888.4.1,1888,GUA,steam_transport,1,0.08
1888.5.1,1888,USA,battleship,4,4.706
1888.5.1,1888,USA,clipper_transport,111,49.919
1888.5.1,1888,USA,cruiser,1,1.176
1888.5.1,1888,USA,ironclad,55,2.961
1888.5.1,1888,USA,monitor,67,74.786
1888.5.1,1888,ENG,clipper_transport,201,176.286
1888.5.1,1888,ENG,commerce_raider,16,14.293
1888.5.1,1888,ENG,cruiser,58,45.596
1888.5.1,1888,ENG,frigate,6,5.229
1888.5.1,1888,ENG,manowar,13,11.288
1888.5.1,1888,ENG,monitor,40,35.696
1888.5.1,1888,FRA,clipper_transport,86,106.035
1888.5.1,1888,FRA,cruiser,6,8.0
1888.5.1,1888,FRA,ironclad,88,112.363
1888.5.1,1888,SCA,cruiser,1,1.0
1888.5.1,1888,SCA,ironclad,34,42.09
1888.5.1,1888,SCA,steam_transport,51,60.394
1888.5.1,1888,RUS,clipper_transport,119,129.115
1888.5.1,1888,GER,clipper_transport,98,117.416
1888.5.1,1888,GER,commerce_raider,6,7.171
1888.5.1,1888,GER,cruiser,8,10.0
1888.5.1,1888,GER,ironclad,28,34.21
1888.5.1,1888,NET,clipper_transport,1,1.25
1888.5.1,1888,NET,frigate,1,1.25
1888.5.1,1888,SPA,commerce_raider,1,1.011
1888.5.1,1888,SPA,ironclad,45,45.849
1888.5.1,1888,SPA,steam_transport,33,33.52
1888.5.1,1888,KUK,clipper_transport,20,1.182
1888.5.1,1888,CHL,cruiser,2,2.0
1888.5.1,1888,CHL,steam_transport,20,20.0
1888.5.1,1888,AST,clipper_transport,67,43.416
1888.5.1,1888,AST,commerce_raider,19,4.658
1888.5.1,1888,AST,ironclad,68,47.508
1888.5.1,1888,AST,monitor,31,34.436
1888.5.1,1888,AST,steam_transport,9,9.508
1888.5.1,1888,SAR,steam_transport,16,17.775
1888.5.1,1888,SIC,clipper_transport,10,11.937
1888.5.1,1888,CHI,clipper_transport,2,0.1
1888.5.1,1888,CHI,frigate,7,0.372
1888.5.1,1888,GXI,clipper_transport,1,0.05
1888.5.1,1888,GXI,frigate,1,0.05
1888.5.1,1888,JAP,clipper_transport,2,0.102
1888.5.1,1888,JAP,frigate,5,0.264
1888.5.1,1888,JAP,manowar,1,0.068
1888.5.1,1888,ALD,clipper_transport,2,0.647
1888.5.1,1888,MEX,battleship,5,5.568
1888.5.1,1888,MEX,clipper_transport,79,87.478
1888.5.1,1888,MEX,cruiser,22,25.751
1888.5.1,1888,BRZ,clipper_transport,11,0.587
1888.5.1,1888,GUA,steam_transport,1,0.08
1888.6.1,1888,USA,battleship,5,5.882
1888.6.1,1888,USA,clipper_transport,111,49.919
1888.6.1,1888,USA,cruiser,2,2.353
1888.6.1,1888,USA,ironclad,55,2.961
1888.6.1,1888,USA,monitor,67,74.786
1888.6.1,1888,ENG,clipper_transport,201,177.111
1888.6.1,1888,ENG,commerce_raider,16,14.288
1888.6.1,1888,ENG,cruiser,49,37.882
1888.6.1,1888,ENG,frigate,6,5.229
1888.6.1,1888,ENG,manowar,13,11.287
1888.6.1,1888,ENG,monitor,35,31.952
1888.6.1,1888,FRA,clipper_transport,86,106.035
1888.6.1,1888,FRA,cruiser,6,8.0
1888.6.1,1888,FRA,ironclad,88,112.363
1888.6.1,1888,SCA,cruiser,1,1.0
1888.6.1,1888,SCA,ironclad,34,42.09
1888.6.1,1888,SCA,steam_transport,51,60.394
1888.6.1,1888,RUS,clipper_transport,119,129.115
1888.6.1,1888,GER,clipper_transport,98,117.416
1888.6.1,1888,GER,commerce_raider,6,7.171
1888.6.1,1888,GER,cruiser,8,10.0
1888.6.1,1888,GER,ironclad,28,34.21
1888.6.1,1888,NET,clipper_transport,1,1.25
1888.6.1,1888,NET,frigate,1,1.25
1888.6.1,1888,SPA,commerce_raider,1,1.011
1888.6.1,1888,SPA,ironclad,45,45.849
1888.6.1,1888,SPA,steam_transport,33,33.52
1888.6.1,1888,KUK,clipper_transport,20,1.182
1888.6.1,1888,CHL,cruiser,2,2.0
1888.6.1,1888,CHL,steam_transport,20,20.0
1888.6.1,1888,AST,clipper_transport,67,43.122
1888.6.1,1888,AST,commerce_raider,19,4.603
1888.6.1,1888,AST,ironclad,68,47.179
1888.6.1,1888,AST,monitor,31,34.244
1888.6.1,1888,AST,steam_transport,9,9.452
1888.6.1,1888,SAR,steam_transport,16,17.689
1888.6.1,1888,SIC,clipper_transport,10,11.937
1888.6.1,1888,CHI,clipper_transport,2,0.1
1888.6.1,1888,CHI,frigate,7,0.372
1888.6.1,1888,GXI,clipper_transport,1,0.05
1888.6.1,1888,GXI,frigate,1,0.05
1888.6.1,1888,JAP,clipper_transport,2,0.102
1888.6.1,1888,JAP,frigate,5,0.264
1888.6.1,1888,JAP,manowar,1,0.068
1888.6.1,1888,ALD,clipper_transport,2,0.782
1888.6.1,1888,MEX,battleship,5,5.568
1888.6.1,1888,MEX,clipper_transport,79,86.786
1888.6.1,1888,MEX,cruiser,22,25.751
1888.6.1,1888,BRZ,clipper_transport,11,0.587
1888.6.1,1888,GUA,steam_transport,1,0.08
1888.7.1,1888,USA,battleship,6,7.059
1888.7.1,1888,USA,clipper_transport,111,49.919
1888.7.1,1888,USA,cruiser,2,2.353
1888.7.1,1888,USA,ironclad,55,2.961
1888.7.1,1888,USA,monitor,67,74.786
1888.7.1,1888,ENG,clipper_transport,201,178.932
1888.7.1,1888,ENG,commerce_raider,16,14.288
1888.7.1,1888,ENG,cruiser,49,38.238
1888.7.1,1888,ENG,frigate,6,5.229
1888.7.1,1888,ENG,manowar,13,11.287
1888.7.1,1888,ENG,monitor,35,32.326
1888.7.1,1888,FRA,clipper_transport,86,106.035
1888.7.1,1888,FRA,cruiser,6,8.0
1888.7.1,1888,FRA,ironclad,88,112.363
1888.7.1,1888,SCA,cruiser,1,1.0
1888.7.1,1888,SCA,ironclad,34,42.09
1888.7.1,1888,SCA,steam_transport,51,60.394
1888.7.1,1888,RUS,clipper_transport,119,129.115
1888.7.1,1888,GER,clipper_transport,98,117.416
1888.7.1,1888,GER,commerce_raider,6,7.171
1888.7.1,1888,GER,cruiser,8,10.0
1888.7.1,1888,GER,ironclad,28,34.21
1888.7.1,1888,NET,clipper_transport,1,1.25
1888.7.1,1888,NET,frigate,1,1.25
1888.7.1,1888,SPA,commerce_raider,1,1.011
1888.7.1,1888,SPA,ironclad,45,45.849
1888.7.1,1888,SPA,steam_transport,33,33.52
1888.7.1,1888,KUK,clipper_transport,20,1.182
1888.7.1,1888,CHL,battleship,2,2.0
1888.7.1,1888,CHL,cruiser,2,2.0
1888.7.1,1888,CHL,steam_transport,20,20.0
1888.7.1,1888,AST,clipper_transport,67,38.49
1888.7.1,1888,AST,commerce_raider,19,3.78
1888.7.1,1888,AST,ironclad,68,41.771
1888.7.1,1888,AST,monitor,33,33.324
1888.7.1,1888,AST,steam_transport,9,8.619
1888.7.1,1888,SAR,steam_transport,16,17.606
1888.7.1,1888,SIC,clipper_transport,10,11.937
1888.7.1,1888,CHI,clipper_transport,2,0.54
1888.7.1,1888,CHI,frigate,7,2.001
1888.7.1,1888,GXI,clipper_transport,1,0.05
1888.7.1,1888,GXI,frigate,1,0.05
1888.7.1,1888,JAP,clipper_transport,2,0.102
1888.7.1,1888,JAP,frigate,5,0.264
1888.7.1,1888,JAP,manowar,1,0.068
1888.7.1,1888,ALD,clipper_transport,2,0.917
1888.7.1,1888,MEX,battleship,5,5.568
1888.7.1,1888,MEX,clipper_transport,79,87.154
1888.7.1,1888,MEX,cruiser,22,25.751
1888.7.1,1888,BRZ,clipper_transport,11,0.587
1888.7.1,1888,GUA,steam_transport,1,0.08
1888.8.1,1888,USA,battleship,7,8.235
1888.8.1,1888,USA,clipper_transport,111,49.919
1888.8.1,1888,USA,cruiser,2,2.353
1888.8.1,1888,USA,ironclad,55,2.961
1888.8.1,1888,USA,monitor,67,74.786
1888.8.1,1888,ENG,clipper_transport,201,180.717
1888.8.1,1888,ENG,commerce_raider,16,14.288
1888.8.1,1888,ENG,cruiser,49,38.662
1888.8.1,1888,ENG,frigate,6,5.229
1888.8.1,1888,ENG,manowar,13,11.287
1888.8.1,1888,ENG,monitor,35,32.587
1888.8.1,1888,FRA,clipper_transport,86,106.035
1888.8.1,1888,FRA,cruiser,6,8.0
1888.8.1,1888,FRA,ironclad,88,112.363
1888.8.1,1888,SCA,cruiser,1,1.0
1888.8.1,1888,SCA,ironclad,34,41.959
1888.8.1,1888,SCA,steam_transport,51,60.18
1888.8.1,1888,RUS,clipper_transport,119,129.115
1888.8.1,1888,GER,clipper_transport,98,117.416
1888.8.1,1888,GER,commerce_raider,6,7.171
1888.8.1,1888,GER,cruiser,8,10.0
1888.8.1,1888,GER,ironclad,28,34.21
1888.8.1,1888,NET,clipper_transport,1,1.25
1888.8.1,1888,NET,frigate,1,1.25
1888.8.1,1888,SPA,battleship,1,1.176
1888.8.1,1888,SPA,commerce_raider,1,1.011
1888.8.1,1888,SPA,ironclad,45,45.849
1888.8.1,1888,SPA,steam_transport,33,33.52
1888.8.1,1888,KUK,clipper_transport,20,1.182
1888.8.1,1888,CHL,battleship,2,2.0
1888.8.1,1888,CHL,cruiser,2,2.0
1888.8.1,1888,CHL,steam_transport,20,20.0
1888.8.1,1888,AST,clipper_transport,67,33.703
1888.8.1,1888,AST,commerce_raider,19,2.93
1888.8.1,1888,AST,ironclad,68,36.182
1888.8.1,1888,AST,monitor,34,31.066
1888.8.1,1888,AST,steam_transport,9,7.759
1888.8.1,1888,SAR,steam_transport,16,17.52
1888.8.1,1888,SIC,clipper_transport,10,11.937
1888.8.1,1888,CHI,clipper_transport,2,0.292
1888.8.1,1888,CHI,frigate,7,1.084
1888.8.1,1888,GXI,clipper_transport,1,0.05
1888.8.1,1888,GXI,frigate,1,0.05
1888.8.1,1888,JAP,frigate,5,0.264
1888.8.1,1888,JAP,manowar,1,0.068
1888.8.1,1888,ALD,clipper_transport,2,1.052
1888.8.1,1888,MEX,battleship,5,5.568
1888.8.1,1888,MEX,clipper_transport,79,87.039
1888.8.1,1888,MEX,cruiser,22,25.751
1888.8.1,1888,BRZ,clipper_transport,11,0.587
1888.8.1,1888,GUA,steam_transport,1,0.08
1888.9.1,1888,USA,battleship,7,8.224
1888.9.1,1888,USA,clipper_transport,111,49.833
1888.9.1,1888,USA,cruiser,3,3.529
1888.9.1,1888,USA,ironclad,55,2.961
1888.9.1,1888,USA,monitor,67,74.664
1888.9.1,1888,ENG,clipper_transport,201,182.668
1888.9.1,1888,ENG,commerce_raider,16,14.288
1888.9.1,1888,ENG,cruiser,49,39.227
1888.9.1,1888,ENG,frigate,6,5.229
1888.9.1,1888,ENG,manowar,13,11.287
1888.9.1,1888,ENG,monitor,35,32.838
1888.9.1,1888,FRA,clipper_transport,86,106.035
1888.9.1,1888,FRA,cruiser,6,8.0
1888.9.1,1888,FRA,ironclad,88,112.363
1888.9.1,1888,SCA,cruiser,1,1.0
1888.9.1,1888,SCA,ironclad,34,41.959
1888.9.1,1888,SCA,steam_transport,51,60.18
1888.9.1,1888,RUS,clipper_transport,119,129.115
1888.9.1,1888,GER,clipper_transport,98,117.416
1888.9.1,1888,GER,commerce_raider,6,7.171
1888.9.1,1888,GER,cruiser,8,10.0
1888.9.1,1888,GER,ironclad,28,34.21
1888.9.1,1888,NET,clipper_transport,1,1.25
1888.9.1,1888,NET,frigate,1,1.25
1888.9.1,1888,SPA,battleship,1,1.176
1888.9.1,1888,SPA,commerce_raider,1,1.011
1888.9.1,1888,SPA,ironclad,45,45.849
1888.9.1,1888,SPA,steam_transport,33,33.52
1888.9.1,1888,KUK,clipper_transport,20,1.182
1888.9.1,1888,CHL,battleship,2,2.0
1888.9.1,1888,CHL,cruiser,2,2.0
1888.9.1,1888,CHL,steam_transport,20,20.0
1888.9.1,1888,AST,clipper_transport,67,28.916
1888.9.1,1888,AST,commerce_raider,19,2.475
1888.9.1,1888,AST,ironclad,68,31.682
1888.9.1,1888,AST,monitor,34,27.665
1888.9.1,1888,AST,steam_transport,9,6.898
1888.9.1,1888,SAR,steam_transport,16,17.434
1888.9.1,1888,SIC,clipper_transport,10,11.937
1888.9.1,1888,CHI,clipper_transport,2,0.17
1888.9.1,1888,CHI,frigate,7,0.63
1888.9.1,1888,GXI,clipper_transport,1,0.05
1888.9.1,1888,GXI,frigate,1,0.05
1888.9.1,1888,JAP,frigate,5,0.35
1888.9.1,1888,JAP,manowar,1,0.135
1888.9.1,1888,ALD,clipper_transport,2,1.187
1888.9.1,1888,MEX,battleship,5,5.568
1888.9.1,1888,MEX,clipper_transport,79,86.212
1888.9.1,1888,MEX,cruiser,22,25.751
1888.9.1,1888,BRZ,clipper_transport,11,0.587
1888.9.1,1888,GUA,steam_transport,1,0.08
1888.10.1,1888,USA,battleship,8,9.4
1888.10.1,1888,USA,clipper_transport,111,49.833
1888.10.1,1888,USA,cruiser,4,4.706
1888.10.1,1888,USA,ironclad,55,2.961
1888.10.1,1888,USA,monitor,67,74.664
1888.10.1,1888,ENG,clipper_transport,201,184.53
1888.10.1,1888,ENG,commerce_raider,16,14.288
1888.10.1,1888,ENG,cruiser,49,39.801
1888.10.1,1888,ENG,frigate,6,5.229
1888.10.1,1888,ENG,manowar,13,11.287
1888.10.1,1888,ENG,monitor,35,32.896
1888.10.1,1888,FRA,clipper_transport,86,106.035
1888.10.1,1888,FRA,cruiser,10,13.333
1888.10.1,1888,FRA,ironclad,88,112.363
1888.10.1,1888,SCA,cruiser,1,1.0
1888.10.1,1888,SCA,ironclad,34,41.896
1888.10.1,1888,SCA,steam_transport,51,60.071
1888.10.1,1888,RUS,clipper_transport,119,129.115
1888.10.1,1888,GER,clipper_transport,98,117.416
1888.10.1,1888,GER,commerce_raider,6,7.171
1888.10.1,1888,GER,cruiser,8,10.0
1888.10.1,1888,GER,ironclad,28,34.21
1888.10.1,1888,NET,battleship,2,2.667
1888.10.1,1888,NET,clipper_transport,1,1.25
1888.10.1,1888,NET,frigate,1,1.25
1888.10.1,1888,SPA,battleship,1,1.176
1888.10.1,1888,SPA,commerce_raider,1,1.011
1888.10.1,1888,SPA,ironclad,45,45.849
1888.10.1,1888,SPA,steam_transport,33,33.52
1888.10.1,1888,KUK,clipper_transport,20,1.181
1888.10.1,1888,CHL,battleship,2,2.0
1888.10.1,1888,CHL,cruiser,2,2.0
1888.10.1,1888,CHL,steam_transport,20,20.0
1888.10.1,1888,AST,clipper_transport,67,24.285
1888.10.1,1888,AST,commerce_raider,19,2.287
1888.10.1,1888,AST,ironclad,68,28.091
1888.10.1,1888,AST,monitor,34,24.374
1888.10.1,1888,AST,steam_transport,9,6.065
1888.10.1,1888,SAR,steam_transport,16,17.352
1888.10.1,1888,SIC,clipper_transport,10,11.937
1888.10.1,1888,CHI,clipper_transport,2,0.153
1888.10.1,1888,CHI,frigate,7,0.56
1888.10.1,1888,GXI,clipper_transport,1,0.05
1888.10.1,1888,GXI,frigate,1,0.05
1888.10.1,1888,JAP,frigate,5,0.401
1888.10.1,1888,JAP,manowar,1,0.203
1888.10.1,1888,ALD,clipper_transport,2,1.322
1888.10.1,1888,MEX,battleship,5,5.568
1888.10.1,1888,MEX,clipper_transport,79,86.212
1888.10.1,1888,MEX,cruiser,22,25.751
1888.10.1,1888,BRZ,clipper_transport,11,0.587
1888.10.1,1888,GUA,steam_transport,1,0.08
1888.11.1,1888,USA,battleship,8,9.4
1888.11.1,1888,USA,clipper_transport,111,49.833
1888.11.1,1888,USA,cruiser,4,4.706
1888.11.1,1888,USA,ironclad,55,2.961
1888.11.1,1888,USA,monitor,67,74.664
1888.11.1,1888,ENG,clipper_transport,201,186.137
1888.11.1,1888,ENG,commerce_raider,16,14.288
1888.11.1,1888,ENG,cruiser,49,40.37
1888.11.1,1888,ENG,frigate,6,5.229
1888.11.1,1888,ENG,manowar,13,11.287
1888.11.1,1888,ENG,monitor,35,32.896
1888.11.1,1888,FRA,clipper_transport,86,106.035
1888.11.1,1888,FRA,cruiser,12,16.0
1888.11.1,1888,FRA,ironclad,88,112.363
1888.11.1,1888,SCA,cruiser,1,1.0
1888.11.1,1888,SCA,ironclad,34,41.829
1888.11.1,1888,SCA,steam_transport,51,59.932
1888.11.1,1888,RUS,clipper_transport,119,129.115
1888.11.1,1888,GER,clipper_transport,98,117.416
1888.11.1,1888,GER,commerce_raider,6,7.171
1888.11.1,1888,GER,cruiser,8,10.0
1888.11.1,1888,GER,ironclad,28,34.21
1888.11.1,1888,NET,battleship,2,2.667
1888.11.1,1888,NET,clipper_transport,1,1.25
1888.11.1,1888,NET,frigate,1,1.25
1888.11.1,1888,SPA,battleship,1,1.176
1888.11.1,1888,SPA,commerce_raider,1,1.011
1888.11.1,1888,SPA,ironclad,45,45.849
1888.11.1,1888,SPA,steam_transport,33,33.52
1888.11.1,1888,KUK,clipper_transport,20,1.205
1888.11.1,1888,CHL,battleship,2,2.0
1888.11.1,1888,CHL,cruiser,2,2.0
1888.11.1,1888,CHL,steam_transport,20,20.0
1888.11.1,1888,AST,clipper_transport,67,19.498
1888.11.1,1888,AST,commerce_raider,19,2.092
1888.11.1,1888,AST,ironclad,68,24.38
1888.11.1,1888,AST,monitor,34,20.955
1888.11.1,1888,AST,steam_transport,9,5.204
1888.11.1,1888,SAR,steam_transport,16,17.266
1888.11.1,1888,SIC,clipper_transport,10,11.937
1888.11.1,1888,TUR,clipper_transport,1,1.053
1888.11.1,1888,CHI,clipper_transport,2,0.153
1888.11.1,1888,CHI,frigate,7,0.553
1888.11.1,1888,GXI,clipper_transport,1,0.05
1888.11.1,1888,GXI,frigate,1,0.05
1888.11.1,1888,JAP,frigate,5,0.45
1888.11.1,1888,JAP,manowar,1,0.269
1888.11.1,1888,ALD,clipper_transport,2,1.457
1888.11.1,1888,MEX,battleship,5,5.568
1888.11.1,1888,MEX,clipper_transport,79,86.212
1888.11.1,1888,MEX,cruiser,22,25.751
1888.11.1,1888,BRZ,clipper_transport,11,0.587
1888.11.1,1888,GUA,steam_transport,1,0.08
1888.12.1,1888,USA,battleship,8,9.4
1888.12.1,1888,USA,clipper_transport,111,49.833
1888.12.1,1888,USA,cruiser,5,5.882
1888.12.1,1888,USA,ironclad,55,2.961
1888.12.1,1888,USA,monitor,67,74.664
1888.12.1,1888,ENG,clipper_transport,201,187.581
1888.12.1,1888,ENG,commerce_raider,16,14.288
1888.12.1,1888,ENG,cruiser,49,40.925
1888.12.1,1888,ENG,frigate,6,5.229
1888.12.1,1888,ENG,manowar,13,11.287
1888.12.1,1888,ENG,monitor,35,32.896
1888.12.1,1888,FRA,clipper_transport,86,106.035
1888.12.1,1888,FRA,cruiser,12,16.0
1888.12.1,1888,FRA,ironclad,88,112.363
1888.12.1,1888,SCA,cruiser,1,1.0
1888.12.1,1888,SCA,ironclad,34,41.829
1888.12.1,1888,SCA,steam_transport,51,59.932
1888.12.1,1888,RUS,clipper_transport,119,129.115
1888.12.1,1888,GER,clipper_transport,98,117.416
1888.12.1,1888,GER,commerce_raider,6,7.171
1888.12.1,1888,GER,cruiser,8,10.0
1888.12.1,1888,GER,ironclad,28,34.21
1888.12.1,1888,NET,battleship,2,2.667
1888.12.1,1888,NET,clipper_transport,1,1.25
1888.12.1,1888,NET,frigate,1,1.25
1888.12.1,1888,SPA,battleship,1,1.176
1888.12.1,1888,SPA,commerce_raider,1,1.011
1888.12.1,1888,SPA,ironclad,45,45.849
1888.12.1,1888,SPA,steam_transport,33,33.52
1888.12.1,1888,KUK,clipper_transport,20,1.162
1888.12.1,1888,CHL,battleship,2,2.0
1888.12.1,1888,CHL,cruiser,2,2.0
1888.12.1,1888,CHL,steam_transport,20,20.0
1888.12.1,1888,AST,clipper_transport,67,14.866
1888.12.1,1888,AST,commerce_raider,19,1.904
1888.12.1,1888,AST,ironclad,68,20.789
1888.12.1,1888,AST,monitor,35,18.769
1888.12.1,1888,AST,steam_transport,9,4.372
1888.12.1,1888,SAR,steam_transport,16,17.184
1888.12.1,1888,SIC,clipper_transport,10,11.937
1888.12.1,1888,TUR,clipper_transport,1,1.053
1888.12.1,1888,CHI,clipper_transport,2,0.153
1888.12.1,1888,CHI,frigate,7,0.547
1888.12.1,1888,GXI,clipper_transport,1,0.05
1888.12.1,1888,GXI,frigate,1,0.05
1888.12.1,1888,JAP,frigate,5,0.5
1888.12.1,1888,JAP,manowar,1,0.337
1888.12.1,1888,ALD,clipper_transport,2,1.591
1888.12.1,1888,MEX,battleship,5,5.568
1888.12.1,1888,MEX,clipper_transport,79,86.212
1888.12.1,1888,MEX,cruiser,22,25.751
1888.12.1,1888,BRZ,clipper_transport,11,0.587
1888.12.1,1888,GUA,steam_transport,1,0.08
1889.1.1,1889,USA,battleship,9,10.576
1889.1.1,1889,USA,clipper_transport,111,49.833
1889.1.1,1889,USA,cruiser,6,7.059
1889.1.1,1889,USA,ironclad,55,2.961
1889.1.1,1889,USA,monitor,67,74.664
1889.1.1,1889,ENG,clipper_transport,201,188.946
1889.1.1,1889,ENG,commerce_raider,16,14.288
1889.1.1,1889,ENG,cruiser,49,41.46
1889.1.1,1889,ENG,frigate,6,5.229
1889.1.1,1889,ENG,manowar,13,11.287
1889.1.1,1889,ENG,monitor,35,32.896
1889.1.1,1889,FRA,clipper_transport,86,106.035
1889.1.1,1889,FRA,cruiser,12,16.0
1889.1.1,1889,FRA,ironclad,88,112.363
1889.1.1,1889,SCA,cruiser,1,1.0
1889.1.1,1889,SCA,ironclad,34,41.697
1889.1.1,1889,SCA,steam_transport,51,59.929
1889.1.1,1889,RUS,clipper_transport,119,129.115
1889.1.1,1889,GER,clipper_transport,98,117.416
1889.1.1,1889,GER,commerce_raider,6,7.171
1889.1.1,1889,GER,cruiser,8,10.0
1889.1.1,1889,GER,ironclad,28,34.21
1889.1.1,1889,NET,battleship,2,2.667
1889.1.1,1889,NET,clipper_transport,1,1.25
1889.1.1,1889,NET,frigate,1,1.25
1889.1.1,1889,SPA,battleship,1,1.176
1889.1.1,1889,SPA,commerce_raider,1,1.011
1889.1.1,1889,SPA,ironclad,45,45.849
1889.1.1,1889,SPA,steam_transport,33,33.52
1889.1.1,1889,KUK,clipper_transport,20,1.162
1889.1.1,1889,CHL,battleship,2,2.0
1889.1.1,1889,CHL,cruiser,2,2.0
1889.1.1,1889,CHL,steam_transport,20,20.0
1889.1.1,1889,AST,clipper_transport,67,10.079
1889.1.1,1889,AST,commerce_raider,19,1.71
1889.1.1,1889,AST,ironclad,68,17.078
1889.1.1,1889,AST,monitor,38,18.488
1889.1.1,1889,AST,steam_transport,9,3.511
1889.1.1,1889,SAR,steam_transport,16,17.1
1889.1.1,1889,SIC,clipper_transport,10,11.937
1889.1.1,1889,TUR,clipper_transport,2,2.105
1889.1.1,1889,CHI,clipper_transport,2,0.127
1889.1.1,1889,CHI,frigate,7,0.447
1889.1.1,1889,GXI,clipper_transport,1,0.05
1889.1.1,1889,GXI,frigate,1,0.05
1889.1.1,1889,JAP,frigate,5,0.55
1889.1.1,1889,JAP,manowar,1,0.403
1889.1.1,1889,ALD,clipper_transport,2,1.691
1889.1.1,1889,MEX,battleship,5,5.568
1889.1.1,1889,MEX,clipper_transport,79,86.212
1889.1.1,1889,MEX,cruiser,22,25.751
1889.1.1,1889,BRZ,clipper_transport,11,0.587
1889.1.1,1889,GUA,steam_transport,1,0.08
1889.2.1,1889,USA,battleship,10,11.753
1889.2.1,1889,USA,clipper_transport,111,49.833
1889.2.1,1889,USA,cruiser,7,8.235
1889.2.1,1889,USA,ironclad,55,2.961
1889.2.1,1889,USA,monitor,67,74.664
1889.2.1,1889,ENG,clipper_transport,201,190.158
1889.2.1,1889,ENG,commerce_raider,16,14.288
1889.2.1,1889,ENG,cruiser,49,41.964
1889.2.1,1889,ENG,frigate,6,5.229
1889.2.1,1889,ENG,manowar,13,11.287
1889.2.1,1889,ENG,monitor,35,32.896
1889.2.1,1889,FRA,clipper_transport,86,106.035
1889.2.1,1889,FRA,cruiser,12,16.0
1889.2.1,1889,FRA,ironclad,88,112.363
1889.2.1,1889,SCA,cruiser,1,1.0
1889.2.1,1889,SCA,ironclad,34,41.697
1889.2.1,1889,SCA,steam_transport,51,59.929
1889.2.1,1889,RUS,clipper_transport,119,129.115
1889.2.1,1889,GER,clipper_transport,98,117.416
1889.2.1,1889,GER,commerce_raider,6,7.171
1889.2.1,1889,GER,cruiser,8,10.0
1889.2.1,1889,GER,ironclad,28,34.21
1889.2.1,1889,NET,battleship,2,2.667
1889.2.1,1889,NET,clipper_transport,1,1.25
1889.2.1,1889,NET,frigate,1,1.25
1889.2.1,1889,SPA,battleship,1,1.176
1889.2.1,1889,SPA,commerce_raider,1,1.011
1889.2.1,1889,SPA,ironclad,45,45.849
1889.2.1,1889,SPA,steam_transport,33,33.52
1889.2.1,1889,KUK,clipper_transport,20,1.162
1889.2.1,1889,CHL,battleship,2,2.0
1889.2.1,1889,CHL,cruiser,2,2.0
1889.2.1,1889,CHL,steam_transport,20,20.0
1889.2.1,1889,AST,clipper_transport,67,7.423
1889.2.1,1889,AST,commerce_raider,19,1.516
1889.2.1,1889,AST,ironclad,68,13.367
1889.2.1,1889,AST,monitor,41,17.899
1889.2.1,1889,AST,steam_transport,9,2.65
1889.2.1,1889,SAR,steam_transport,16,17.015
1889.2.1,1889,SIC,clipper_transport,10,11.937
1889.2.1,1889,TUR,clipper_transport,6,6.316
1889.2.1,1889,CHI,clipper_transport,2,0.102
1889.2.1,1889,CHI,frigate,7,0.372
1889.2.1,1889,GXI,clipper_transport,1,0.05
1889.2.1,1889,GXI,frigate,1,0.05
1889.2.1,1889,JAP,frigate,5,0.599
1889.2.1,1889,JAP,manowar,1,0.47
1889.2.1,1889,ALD,clipper_transport,2,1.776
1889.2.1,1889,MEX,battleship,5,5.568
1889.2.1,1889,MEX,clipper_transport,79,86.212
1889.2.1,1889,MEX,cruiser,22,25.751
1889.2.1,1889,BRZ,clipper_transport,11,0.587
1889.2.1,1889,GUA,steam_transport,1,0.08
1889.3.1,1889,USA,battleship,10,11.753
1889.3.1,1889,USA,clipper_transport,111,49.833
1889.3.1,1889,USA,cruiser,7,8.235
1889.3.1,1889,USA,ironclad,55,2.961
1889.3.1,1889,USA,monitor,67,74.664
1889.3.1,1889,ENG,clipper_transport,201,191.008
1889.3.1,1889,ENG,commerce_raider,16,14.288
1889.3.1,1889,ENG,cruiser,49,42.558
1889.3.1,1889,ENG,frigate,6,5.229
1889.3.1,1889,ENG,manowar,13,11.287
1889.3.1,1889,ENG,monitor,35,32.896
1889.3.1,1889,FRA,clipper_transport,86,106.035
1889.3.1,1889,FRA,cruiser,12,16.0
1889.3.1,1889,FRA,ironclad,88,112.363
1889.3.1,1889,SCA,cruiser,1,1.0
1889.3.1,1889,SCA,ironclad,34,41.697
1889.3.1,1889,SCA,steam_transport,51,59.929
1889.3.1,1889,RUS,clipper_transport,119,129.115
1889.3.1,1889,GER,clipper_transport,98,117.416
1889.3.1,1889,GER,commerce_raider,6,7.171
1889.3.1,1889,GER,cruiser,8,10.0
1889.3.1,1889,GER,ironclad,28,34.21
1889.3.1,1889,NET,battleship,2,2.667
1889.3.1,1889,NET,frigate,1,1.25
1889.3.1,1889,SPA,battleship,1,1.176
1889.3.1,1889,SPA,commerce_raider,1,1.011
1889.3.1,1889,SPA,ironclad,45,45.849
1889.3.1,1889,SPA,steam_transport,33,33.52
1889.3.1,1889,KUK,clipper_transport,20,1.162
1889.3.1,1889,CHL,battleship,2,2.0
1889.3.1,1889,CHL,cruiser,2,2.0
1889.3.1,1889,CHL,steam_transport,20,20.0
1889.3.1,1889,AST,clipper_transport,67,6.002
1889.3.1,1889,AST,commerce_raider,19,1.341
1889.3.1,1889,AST,ironclad,68,10.018
1889.3.1,1889,AST,monitor,43,16.313
1889.3.1,1889,AST,steam_transport,9,1.873
1889.3.1,1889,SAR,steam_transport,16,16.94
1889.3.1,1889,SIC,clipper_transport,10,11.937
1889.3.1,1889,TUR,clipper_transport,9,9.474
1889.3.1,1889,CHI,clipper_transport,2,0.1
1889.3.1,1889,CHI,frigate,7,0.371
1889.3.1,1889,GXI,clipper_transport,1,0.05
1889.3.1,1889,GXI,frigate,1,0.05
1889.3.1,1889,JAP,frigate,5,0.651
1889.3.1,1889,JAP,manowar,1,0.538
1889.3.1,1889,ALD,clipper_transport,2,1.774
1889.3.1,1889,MEX,battleship,5,5.568
1889.3.1,1889,MEX,clipper_transport,79,86.212
1889.3.1,1889,MEX,cruiser,22,25.751
1889.3.1,1889,BRZ,clipper_transport,11,0.587
1889.3.1,1889,GUA,steam_transport,1,0.08
1889.4.1,1889,USA,battleship,10,11.753
1889.4.1,1889,USA,clipper_transport,111,49.833
1889.4.1,1889,USA,cruiser,8,9.412
1889.4.1,1889,USA,ironclad,55,2.961
1889.4.1,1889,USA,monitor,67,74.664
1889.4.1,1889,ENG,clipper_transport,201,191.553
1889.4.1,1889,ENG,commerce_raider,14,12.212
1889.4.1,1889,ENG,cruiser,49,43.144
1889.4.1,1889,ENG,frigate,6,5.229
1889.4.1,1889,ENG,manowar,13,11.287
1889.4.1,1889,ENG,monitor,35,32.896
1889.4.1,1889,FRA,clipper_transport,86,106.035
1889.4.1,1889,FRA,cruiser,12,16.0
1889.4.1,1889,FRA,ironclad,88,112.363
1889.4.1,1889,SCA,cruiser,1,1.0
1889.4.1,1889,SCA,ironclad,34,41.697
1889.4.1,1889,SCA,steam_transport,51,59.929
1889.4.1,1889,RUS,clipper_transport,119,129.115
1889.4.1,1889,GER,clipper_transport,98,117.416
1889.4.1,1889,GER,commerce_raider,6,7.171
1889.4.1,1889,GER,cruiser,8,10.0
1889.4.1,1889,GER,ironclad,28,34.21
1889.4.1,1889,NET,battleship,2,2.667
1889.4.1,1889,NET,frigate,1,1.25
1889.4.1,1889,SPA,battleship,1,1.176
1889.4.1,1889,SPA,commerce_raider,1,1.011
1889.4.1,1889,SPA,ironclad,45,45.849
1889.4.1,1889,SPA,steam_transport,33,33.52
1889.4.1,1889,KUK,clipper_transport,20,1.162
1889.4.1,1889,CHL,battleship,2,2.0
1889.4.1,1889,CHL,cruiser,2,1.98
1889.4.1,1889,CHL,steam_transport,20,19.9
1889.4.1,1889,AST,clipper_transport,67,4.479
1889.4.1,1889,AST,commerce_raider,19,1.146
1889.4.1,1889,AST,ironclad,68,6.307
1889.4.1,1889,AST,monitor,43,12.024
1889.4.1,1889,AST,steam_transport,9,1.012
1889.4.1,1889,SAR,steam_transport,16,16.855
1889.4.1,1889,SIC,clipper_transport,10,11.937
1889.4.1,1889,TUR,clipper_transport,11,11.579
1889.4.1,1889,CHI,clipper_transport,2,0.1
1889.4.1,1889,CHI,frigate,7,0.371
1889.4.1,1889,GXI,clipper_transport,1,0.05
1889.4.1,1889,GXI,frigate,1,0.05
1889.4.1,1889,JAP,frigate,5,0.701
1889.4.1,1889,JAP,manowar,1,0.605
1889.4.1,1889,ALD,clipper_transport,2,1.807
1889.4.1,1889,MEX,battleship,5,5.568
1889.4.1,1889,MEX,clipper_transport,79,86.212
1889.4.1,1889,MEX,cruiser,22,25.751
1889.4.1,1889,BRZ,clipper_transport,11,0.587
1889.4.1,1889,GUA,steam_transport,1,0.08
1889.5.1,1889,USA,battleship,10,11.753
1889.5.1,1889,USA,clipper_transport,111,49.833
1889.5.1,1889,USA,cruiser,8,9.412
1889.5.1,1889,USA,ironclad,55,2.961
1889.5.1,1889,USA,monitor,67,74.664
1889.5.1,1889,ENG,clipper_transport,201,192.073
1889.5.1,1889,ENG,commerce_raider,14,12.212
1889.5.1,1889,ENG,cruiser,49,43.789
1889.5.1,1889,ENG,frigate,6,5.229
1889.5.1,1889,ENG,manowar,13,11.287
1889.5.1,1889,ENG,monitor,35,32.896
1889.5.1,1889,FRA,clipper_transport,86,103.911
1889.5.1,1889,FRA,cruiser,18,23.524
1889.5.1,1889,FRA,ironclad,88,109.807
1889.5.1,1889,SCA,cruiser,1,1.0
1889.5.1,1889,SCA,ironclad,34,41.697
1889.5.1,1889,SCA,steam_transport,51,59.929
1889.5.1,1889,RUS,clipper_transport,119,129.115
1889.5.1,1889,GER,clipper_transport,98,117.416
1889.5.1,1889,GER,commerce_raider,6,7.171
1889.5.1,1889,GER,cruiser,8,10.0
1889.5.1,1889,GER,ironclad,28,34.21
1889.5.1,1889,NET,battleship,2,2.667
1889.5.1,1889,NET,frigate,1,1.25
1889.5.1,1889,SPA,battleship,1,1.176
1889.5.1,1889,SPA,commerce_raider,1,1.011
1889.5.1,1889,SPA,ironclad,45,45.849
1889.5.1,1889,SPA,steam_transport,33,33.52
1889.5.1,1889,KUK,clipper_transport,20,1.162
1889.5.1,1889,CHL,battleship,2,2.0
1889.5.1,1889,CHL,cruiser,2,2.0
1889.5.1,1889,CHL,steam_transport,20,20.0
1889.5.1,1889,AST,clipper_transport,67,3.528
1889.5.1,1889,AST,commerce_raider,19,1.025
1889.5.1,1889,AST,ironclad,68,3.873
1889.5.1,1889,AST,monitor,43,8.891
1889.5.1,1889,AST,steam_transport,9,0.475
1889.5.1,1889,SAR,steam_transport,16,16.774
1889.5.1,1889,SIC,clipper_transport,10,11.937
1889.5.1,1889,TUR,clipper_transport,15,15.789
1889.5.1,1889,CHI,clipper_transport,2,0.1
1889.5.1,1889,CHI,frigate,7,0.371
1889.5.1,1889,GXI,clipper_transport,1,0.05
1889.5.1,1889,GXI,frigate,1,0.05
1889.5.1,1889,JAP,manowar,1,0.672
1889.5.1,1889,ALD,clipper_transport,2,1.541
1889.5.1,1889,MEX,battleship,5,5.568
1889.5.1,1889,MEX,clipper_transport,79,86.212
1889.5.1,1889,MEX,cruiser,22,25.751
1889.5.1,1889,BRZ,clipper_transport,11,0.587
1889.5.1,1889,GUA,steam_transport,1,0.08
1889.6.1,1889,USA,battleship,11,13.001
1889.6.1,1889,USA,clipper_transport,111,57.381
1889.6.1,1889,USA,cruiser,8,9.412
1889.6.1,1889,USA,ironclad,26,1.4
1889.6.1,1889,USA,monitor,67,74.698
1889.6.1,1889,ENG,clipper_transport,201,192.59
1889.6.1,1889,ENG,commerce_raider,14,12.212
1889.6.1,1889,ENG,cruiser,49,44.391
1889.6.1,1889,ENG,frigate,6,5.229
1889.6.1,1889,ENG,manowar,13,11.287
1889.6.1,1889,ENG,monitor,35,32.896
1889.6.1,1889,FRA,clipper_transport,86,100.667
1889.6.1,1889,FRA,cruiser,18,22.782
1889.6.1,1889,FRA,ironclad,88,105.997
1889.6.1,1889,SCA,cruiser,1,1.0
1889.6.1,1889,SCA,ironclad,34,41.697
1889.6.1,1889,SCA,steam_transport,51,59.929
1889.6.1,1889,RUS,clipper_transport,119,129.115
1889.6.1,1889,GER,clipper_transport,98,117.416
1889.6.1,1889,GER,commerce_raider,6,7.171
1889.6.1,1889,GER,cruiser,8,10.0
1889.6.1,1889,GER,ironclad,28,34.21
1889.6.1,1889,NET,battleship,2,2.667
1889.6.1,1889,NET,frigate,1,1.25
1889.6.1,1889,SPA,battleship,1,1.176
1889.6.1,1889,SPA,commerce_raider,1,1.011
1889.6.1,1889,SPA,ironclad,45,45.849
1889.6.1,1889,SPA,steam_transport,33,33.52
1889.6.1,1889,KUK,clipper_transport,20,1.162
1889.6.1,1889,CHL,battleship,2,2.0
1889.6.1,1889,CHL,cruiser,2,2.0
1889.6.1,1889,CHL,steam_transport,20,20.0
1889.6.1,1889,AST,clipper_transport,67,3.528
1889.6.1,1889,AST,commerce_raider,19,1.025
1889.6.1,1889,AST,ironclad,68,3.705
1889.6.1,1889,AST,monitor,43,7.809
1889.6.1,1889,AST,steam_transport,9,0.475
1889.6.1,1889,SAR,steam_transport,16,16.69
1889.6.1,1889,SIC,clipper_transport,10,11.937
1889.6.1,1889,TUR,clipper_transport,19,20.0
1889.6.1,1889,CHI,clipper_transport,2,0.1
1889.6.1,1889,CHI,frigate,7,0.371
1889.6.1,1889,GXI,clipper_transport,1,0.05
1889.6.1,1889,GXI,frigate,1,0.05
1889.6.1,1889,ALD,clipper_transport,2,1.223
1889.6.1,1889,MEX,battleship,5,5.568
1889.6.1,1889,MEX,clipper_transport,79,86.212
1889.6.1,1889,MEX,cruiser,22,25.751
1889.6.1,1889,BRZ,clipper_transport,11,0.587
1889.6.1,1889,GUA,steam_transport,1,0.08
1889.7.1,1889,USA,battleship,12,14.251
1889.7.1,1889,USA,clipper_transport,111,64.837
1889.7.1,1889,USA,cruiser,9,10.662
1889.7.1,1889,USA,ironclad,26,1.4
1889.7.1,1889,USA,monitor,67,74.698
1889.7.1,1889,ENG,clipper_transport,201,193.104
1889.7.1,1889,ENG,commerce_raider,14,12.212
1889.7.1,1889,ENG,cruiser,49,45.055
1889.7.1,1889,ENG,frigate,6,5.229
1889.7.1,1889,ENG,manowar,13,11.287
1889.7.1,1889,ENG,monitor,35,32.896
1889.7.1,1889,FRA,clipper_transport,86,97.537
1889.7.1,1889,FRA,cruiser,18,22.065
1889.7.1,1889,FRA,ironclad,88,102.311
1889.7.1,1889,SCA,cruiser,1,1.0
1889.7.1,1889,SCA,ironclad,34,41.697
1889.7.1,1889,SCA,steam_transport,51,59.929
1889.7.1,1889,RUS,clipper_transport,119,129.115
1889.7.1,1889,GER,clipper_transport,98,117.416
1889.7.1,1889,GER,commerce_raider,6,7.171
1889.7.1,1889,GER,cruiser,8,10.0
1889.7.1,1889,GER,ironclad,28,34.21
1889.7.1,1889,NET,battleship,3,4.0
1889.7.1,1889,NET,frigate,1,1.25
1889.7.1,1889,SPA,battleship,1,1.176
1889.7.1,1889,SPA,commerce_raider,1,1.011
1889.7.1,1889,SPA,ironclad,45,45.849
1889.7.1,1889,SPA,steam_transport,33,33.52
1889.7.1,1889,KUK,clipper_transport,20,1.161
1889.7.1,1889,CHL,battleship,2,2.0
1889.7.1,1889,CHL,cruiser,2,2.0
1889.7.1,1889,CHL,steam_transport,20,20.0
1889.7.1,1889,AST,clipper_transport,67,3.528
1889.7.1,1889,AST,commerce_raider,19,1.025
1889.7.1,1889,AST,ironclad,68,3.648
1889.7.1,1889,AST,monitor,43,6.934
1889.7.1,1889,AST,steam_transport,9,0.475
1889.7.1,1889,SAR,steam_transport,16,16.61
1889.7.1,1889,SIC,clipper_transport,10,11.937
1889.7.1,1889,TUR,clipper_transport,21,22.105
1889.7.1,1889,CHI,clipper_transport,2,0.1
1889.7.1,1889,CHI,frigate,7,0.371
1889.7.1,1889,GXI,clipper_transport,1,0.05
1889.7.1,1889,GXI,frigate,1,0.05
1889.7.1,1889,ALD,clipper_transport,2,0.915
1889.7.1,1889,MEX,battleship,5,5.568
1889.7.1,1889,MEX,clipper_transport,79,86.212
1889.7.1,1889,MEX,cruiser,22,25.751
1889.7.1,1889,BRZ,clipper_transport,11,0.587
1889.7.1,1889,GUA,steam_transport,1,0.08
1889.8.1,1889,USA,battleship,13,15.501
1889.8.1,1889,USA,clipper_transport,111,69.353
1889.8.1,1889,USA,cruiser,9,10.662
1889.8.1,1889,USA,ironclad,26,1.4
1889.8.1,1889,USA,monitor,67,74.698
1889.8.1,1889,ENG,clipper_transport,201,193.618
1889.8.1,1889,ENG,commerce_raider,14,12.212
1889.8.1,1889,ENG,cruiser,49,45.656
1889.8.1,1889,ENG,frigate,6,5.229
1889.8.1,1889,ENG,manowar,13,11.287
1889.8.1,1889,ENG,monitor,35,32.896
1889.8.1,1889,FRA,clipper_transport,86,94.296
1889.8.1,1889,FRA,cruiser,18,21.324
1889.8.1,1889,FRA,ironclad,88,98.502
1889.8.1,1889,SCA,cruiser,1,1.0
1889.8.1,1889,SCA,ironclad,34,41.697
1889.8.1,1889,SCA,steam_transport,51,59.929
1889.8.1,1889,RUS,clipper_transport,119,129.115
1889.8.1,1889,GER,clipper_transport,98,117.416
1889.8.1,1889,GER,commerce_raider,6,7.171
1889.8.1,1889,GER,cruiser,8,10.0
1889.8.1,1889,GER,ironclad,28,34.21
1889.8.1,1889,NET,battleship,3,4.0
1889.8.1,1889,NET,frigate,1,1.25
1889.8.1,1889,SPA,battleship,1,1.176
1889.8.1,1889,SPA,commerce_raider,1,1.011
1889.8.1,1889,SPA,ironclad,45,45.849
1889.8.1,1889,SPA,steam_transport,33,33.52
1889.8.1,1889,KUK,clipper_transport,20,1.161
1889.8.1,1889,CHL,battleship,2,2.0
1889.8.1,1889,CHL,cruiser,2,2.0
1889.8.1,1889,CHL,steam_transport,20,20.0
1889.8.1,1889,AST,clipper_transport,67,3.528
1889.8.1,1889,AST,commerce_raider,19,1.025
1889.8.1,1889,AST,ironclad,68,3.648
1889.8.1,1889,AST,monitor,43,6.047
1889.8.1,1889,AST,steam_transport,9,0.475
1889.8.1,1889,SAR,steam_transport,16,16.526
1889.8.1,1889,SIC,clipper_transport,10,11.937
1889.8.1,1889,TUR,clipper_transport,23,24.211
1889.8.1,1889,CHI,clipper_transport,2,0.1
1889.8.1,1889,CHI,frigate,7,0.371
1889.8.1,1889,GXI,clipper_transport,1,0.05
1889.8.1,1889,GXI,frigate,1,0.05
1889.8.1,1889,ALD,clipper_transport,2,0.597
1889.8.1,1889,MEX,battleship,5,5.568
1889.8.1,1889,MEX,clipper_transport,79,86.212
1889.8.1,1889,MEX,cruiser,22,25.751
1889.8.1,1889,BRZ,clipper_transport,11,0.587
1889.8.1,1889,GUA,steam_transport,1,0.08
1889.9.1,1889,USA,battleship,14,16.751
1889.9.1,1889,USA,clipper_transport,111,72.044
1889.9.1,1889,USA,cruiser,9,10.662
1889.9.1,1889,USA,ironclad,26,1.4
1889.9.1,1889,USA,monitor,67,74.698
1889.9.1,1889,ENG,clipper_transport,201,194.133
1889.9.1,1889,ENG,commerce_raider,14,12.212
1889.9.1,1889,ENG,cruiser,49,46.31
1889.9.1,1889,ENG,frigate,6,5.229
1889.9.1,1889,ENG,manowar,13,11.287
1889.9.1,1889,ENG,monitor,35,32.896
1889.9.1,1889,FRA,clipper_transport,86,91.057
1889.9.1,1889,FRA,cruiser,18,20.583
1889.9.1,1889,FRA,ironclad,88,94.693
1889.9.1,1889,SCA,cruiser,1,1.0
1889.9.1,1889,SCA,ironclad,34,41.697
1889.9.1,1889,SCA,steam_transport,51,59.929
1889.9.1,1889,RUS,clipper_transport,119,129.115
1889.9.1,1889,GER,clipper_transport,98,117.416
1889.9.1,1889,GER,commerce_raider,6,7.171
1889.9.1,1889,GER,cruiser,8,10.0
1889.9.1,1889,GER,ironclad,28,34.21
1889.9.1,1889,NET,battleship,3,4.0
1889.9.1,1889,NET,frigate,1,1.25
1889.9.1,1889,SPA,battleship,1,1.176
1889.9.1,1889,SPA,commerce_raider,1,1.011
1889.9.1,1889,SPA,ironclad,45,45.849
1889.9.1,1889,SPA,steam_transport,33,33.52
1889.9.1,1889,KUK,clipper_transport,20,1.161
1889.9.1,1889,CHL,battleship,2,2.0
1889.9.1,1889,CHL,cruiser,2,2.0
1889.9.1,1889,CHL,steam_transport,20,20.0
1889.9.1,1889,AST,clipper_transport,67,3.528
1889.9.1,1889,AST,commerce_raider,19,1.025
1889.9.1,1889,AST,ironclad,68,3.648
1889.9.1,1889,AST,monitor,43,5.124
1889.9.1,1889,AST,steam_transport,9,0.475
1889.9.1,1889,SAR,steam_transport,16,16.443
1889.9.1,1889,SIC,clipper_transport,10,11.937
1889.9.1,1889,TUR,clipper_transport,28,29.474
1889.9.1,1889,CHI,clipper_transport,2,0.1
1889.9.1,1889,CHI,frigate,7,0.371
1889.9.1,1889,GXI,clipper_transport,1,0.05
1889.9.1,1889,GXI,frigate,1,0.05
1889.9.1,1889,ALD,clipper_transport,2,0.311
1889.9.1,1889,MEX,battleship,5,5.568
1889.9.1,1889,MEX,clipper_transport,79,86.212
1889.9.1,1889,MEX,cruiser,22,25.751
1889.9.1,1889,BRZ,clipper_transport,11,0.587
1889.9.1,1889,GUA,steam_transport,1,0.08
1889.10.1,1889,USA,battleship,14,16.751
1889.10.1,1889,USA,clipper_transport,111,74.563
1889.10.1,1889,USA,cruiser,9,10.662
1889.10.1,1889,USA,ironclad,26,1.4
1889.10.1,1889,USA,monitor,67,74.698
1889.10.1,1889,ENG,clipper_transport,201,194.646
1889.10.1,1889,ENG,commerce_raider,14,12.212
1889.10.1,1889,ENG,cruiser,49,46.902
1889.10.1,1889,ENG,frigate,6,5.229
1889.10.1,1889,ENG,manowar,13,11.287
1889.10.1,1889,ENG,monitor,35,32.896
1889.10.1,1889,FRA,clipper_transport,86,87.917
1889.10.1,1889,FRA,cruiser,18,19.631
1889.10.1,1889,FRA,ironclad,88,91.008
1889.10.1,1889,SCA,cruiser,1,1.0
1889.10.1,1889,SCA,ironclad,34,41.661
1889.10.1,1889,SCA,steam_transport,51,59.882
1889.10.1,1889,RUS,clipper_transport,119,129.115
1889.10.1,1889,GER,clipper_transport,98,117.416
1889.10.1,1889,GER,commerce_raider,6,7.171
1889.10.1,1889,GER,cruiser,9,11.333
1889.10.1,1889,GER,ironclad,28,34.21
1889.10.1,1889,NET,battleship,3,4.0
1889.10.1,1889,NET,frigate,1,1.25
1889.10.1,1889,SPA,battleship,1,1.176
1889.10.1,1889,SPA,commerce_raider,1,1.011
1889.10.1,1889,SPA,ironclad,45,45.849
1889.10.1,1889,SPA,steam_transport,33,33.52
1889.10.1,1889,KUK,clipper_transport,20,1.161
1889.10.1,1889,CHL,battleship,2,2.0
1889.10.1,1889,CHL,cruiser,2,2.0
1889.10.1,1889,CHL,steam_transport,20,20.0
1889.10.1,1889,AST,clipper_transport,67,3.528
1889.10.1,1889,AST,commerce_raider,19,1.025
1889.10.1,1889,AST,ironclad,68,3.648
1889.10.1,1889,AST,monitor,43,4.266
1889.10.1,1889,AST,steam_transport,9,0.475
1889.10.1,1889,SAR,steam_transport,16,16.363
1889.10.1,1889,SIC,clipper_transport,10,11.937
1889.10.1,1889,TUR,clipper_transport,30,31.579
1889.10.1,1889,CHI,clipper_transport,2,0.1
1889.10.1,1889,CHI,frigate,7,0.371
1889.10.1,1889,GXI,clipper_transport,1,0.05
1889.10.1,1889,GXI,frigate,1,0.05
1889.10.1,1889,ALD,clipper_transport,2,0.158
1889.10.1,1889,MEX,battleship,5,5.568
1889.10.1,1889,MEX,clipper_transport,79,86.212
1889.10.1,1889,MEX,cruiser,22,25.751
1889.10.1,1889,BRZ,clipper_transport,11,0.587
1889.10.1,1889,GUA,steam_transport,1,0.118
1889.11.1,1889,USA,battleship,15,18.001
1889.11.1,1889,USA,clipper_transport,111,75.793
1889.11.1,1889,USA,cruiser,9,10.662
1889.11.1,1889,USA,ironclad,26,1.4
1889.11.1,1889,USA,monitor,67,74.698
1889.11.1,1889,ENG,clipper_transport,201,195.16
1889.11.1,1889,ENG,commerce_raider,14,12.212
1889.11.1,1889,ENG,cruiser,49,47.518
1889.11.1,1889,ENG,frigate,6,5.229
1889.11.1,1889,ENG,manowar,13,11.287
1889.11.1,1889,ENG,monitor,35,32.896
1889.11.1,1889,FRA,clipper_transport,86,84.664
1889.11.1,1889,FRA,cruiser,18,18.584
1889.11.1,1889,FRA,ironclad,88,87.2
1889.11.1,1889,SCA,battleship,5,6.667
1889.11.1,1889,SCA,cruiser,1,1.0
1889.11.1,1889,SCA,ironclad,34,41.433
1889.11.1,1889,SCA,steam_transport,51,59.845
1889.11.1,1889,RUS,clipper_transport,119,129.115
1889.11.1,1889,GER,clipper_transport,98,117.416
1889.11.1,1889,GER,commerce_raider,6,7.171
1889.11.1,1889,GER,cruiser,12,15.333
1889.11.1,1889,GER,ironclad,28,34.21
1889.11.1,1889,NET,battleship,3,4.0
1889.11.1,1889,NET,frigate,1,1.25
1889.11.1,1889,SPA,battleship,1,1.176
1889.11.1,1889,SPA,commerce_raider,1,1.011
1889.11.1,1889,SPA,ironclad,45,45.849
1889.11.1,1889,SPA,steam_transport,33,33.52
1889.11.1,1889,KUK,clipper_transport,20,1.161
1889.11.1,1889,CHL,battleship,3,3.0
1889.11.1,1889,CHL,cruiser,2,2.0
1889.11.1,1889,CHL,steam_transport,20,20.0
1889.11.1,1889,AST,clipper_transport,67,3.528
1889.11.1,1889,AST,commerce_raider,19,1.025
1889.11.1,1889,AST,ironclad,68,3.648
1889.11.1,1889,AST,monitor,43,3.417
1889.11.1,1889,AST,steam_transport,9,0.475
1889.11.1,1889,SAR,steam_transport,16,16.28
1889.11.1,1889,SIC,clipper_transport,10,11.937
1889.11.1,1889,TUR,clipper_transport,32,33.684
1889.11.1,1889,CHI,clipper_transport,2,0.1
1889.11.1,1889,CHI,frigate,7,0.371
1889.11.1,1889,GXI,clipper_transport,1,0.05
1889.11.1,1889,GXI,frigate,1,0.05
1889.11.1,1889,ALD,clipper_transport,2,0.103
1889.11.1,1889,MEX,battleship,5,5.568
1889.11.1,1889,MEX,clipper_transport,79,86.212
1889.11.1,1889,MEX,cruiser,22,25.751
1889.11.1,1889,BRZ,clipper_transport,11,0.587
1889.11.1,1889,GUA,steam_transport,1,0.166
1889.12.1,1889,USA,battleship,16,19.251
1889.12.1,1889,USA,clipper_transport,111,76.677
1889.12.1,1889,USA,cruiser,9,10.662
1889.12.1,1889,USA,ironclad,26,1.4
1889.12.1,1889,USA,monitor,67,74.698
1889.12.1,1889,ENG,clipper_transport,201,195.673
1889.12.1,1889,ENG,commerce_raider,14,12.212
1889.12.1,1889,ENG,cruiser,49,48.078
1889.12.1,1889,ENG,frigate,6,5.229
1889.12.1,1889,ENG,manowar,13,11.287
1889.12.1,1889,ENG,monitor,35,32.896
1889.12.1,1889,FRA,clipper_transport,86,81.524
1889.12.1,1889,FRA,cruiser,18,17.573
1889.12.1,1889,FRA,ironclad,88,83.516
1889.12.1,1889,SCA,battleship,5,6.667
1889.12.1,1889,SCA,cruiser,1,1.0
1889.12.1,1889,SCA,ironclad,34,41.433
1889.12.1,1889,SCA,steam_transport,51,59.845
1889.12.1,1889,RUS,clipper_transport,119,129.115
1889.12.1,1889,GER,clipper_transport,98,117.416
1889.12.1,1889,GER,commerce_raider,6,7.171
1889.12.1,1889,GER,cruiser,13,16.667
1889.12.1,1889,GER,ironclad,28,34.21
1889.12.1,1889,NET,battleship,3,4.0
1889.12.1,1889,NET,frigate,1,1.25
1889.12.1,1889,SPA,battleship,1,1.176
1889.12.1,1889,SPA,commerce_raider,1,1.011
1889.12.1,1889,SPA,ironclad,45,45.849
1889.12.1,1889,SPA,steam_transport,33,33.52
1889.12.1,1889,KUK,clipper_transport,20,1.161
1889.12.1,1889,CHL,battleship,4,4.0
1889.12.1,1889,CHL,cruiser,2,2.0
1889.12.1,1889,CHL,steam_transport,20,20.0
1889.12.1,1889,AST,clipper_transport,67,3.528
1889.12.1,1889,AST,commerce_raider,19,1.025
1889.12.1,1889,AST,ironclad,68,3.648
1889.12.1,1889,AST,monitor,43,2.74
1889.12.1,1889,AST,steam_transport,9,0.475
1889.12.1,1889,SAR,steam_transport,16,16.2
1889.12.1,1889,SIC,clipper_transport,10,11.937
1889.12.1,1889,TUR,clipper_transport,34,35.789
1889.12.1,1889,CHI,clipper_transport,2,0.1
1889.12.1,1889,CHI,frigate,7,0.371
1889.12.1,1889,GXI,clipper_transport,1,0.05
1889.12.1,1889,GXI,frigate,1,0.05
1889.12.1,1889,ALD,clipper_transport,2,0.103
1889.12.1,1889,MEX,battleship,5,5.568
1889.12.1,1889,MEX,clipper_transport,79,86.188
1889.12.1,1889,MEX,cruiser,22,25.751
1889.12.1,1889,BRZ,clipper_transport,11,0.587
1889.12.1,1889,GUA,steam_transport,1,0.216
1890.1.1,1890,USA,battleship,16,19.251
1890.1.1,1890,USA,clipper_transport,111,77.615
1890.1.1,1890,USA,cruiser,9,10.662
1890.1.1,1890,USA,ironclad,26,1.4
1890.1.1,1890,USA,monitor,67,74.698
1890.1.1,1890,ENG,clipper_transport,201,196.134
1890.1.1,1890,ENG,commerce_raider,14,12.212
1890.1.1,1890,ENG,cruiser,49,48.651
1890.1.1,1890,ENG,frigate,6,5.229
1890.1.1,1890,ENG,manowar,13,11.287
1890.1.1,1890,ENG,monitor,35,32.896
1890.1.1,1890,FRA,clipper_transport,86,78.272
1890.1.1,1890,FRA,cruiser,18,16.527
1890.1.1,1890,FRA,ironclad,88,80.175
1890.1.1,1890,SCA,battleship,5,6.667
1890.1.1,1890,SCA,cruiser,1,1.0
1890.1.1,1890,SCA,ironclad,34,41.409
1890.1.1,1890,SCA,steam_transport,51,59.751
1890.1.1,1890,RUS,clipper_transport,119,129.115
1890.1.1,1890,GER,clipper_transport,98,117.416
1890.1.1,1890,GER,commerce_raider,6,7.171
1890.1.1,1890,GER,cruiser,13,16.667
1890.1.1,1890,GER,ironclad,28,34.21
1890.1.1,1890,NET,battleship,3,4.0
1890.1.1,1890,NET,frigate,1,1.25
1890.1.1,1890,SPA,battleship,1,1.176
1890.1.1,1890,SPA,commerce_raider,1,1.011
1890.1.1,1890,SPA,ironclad,45,45.849
1890.1.1,1890,SPA,steam_transport,33,33.52
1890.1.1,1890,KUK,clipper_transport,20,1.161
1890.1.1,1890,CHL,battleship,4,4.0
1890.1.1,1890,CHL,cruiser,2,2.0
1890.1.1,1890,CHL,steam_transport,20,20.0
1890.1.1,1890,AST,clipper_transport,67,3.528
1890.1.1,1890,AST,commerce_raider,19,1.025
1890.1.1,1890,AST,ironclad,68,3.647
1890.1.1,1890,AST,monitor,43,2.429
1890.1.1,1890,AST,steam_transport,9,0.475
1890.1.1,1890,SAR,steam_transport,16,16.118
1890.1.1,1890,SIC,clipper_transport,10,11.937
1890.1.1,1890,TUR,clipper_transport,36,37.895
1890.1.1,1890,CHI,clipper_transport,2,0.1
1890.1.1,1890,CHI,frigate,7,0.371
1890.1.1,1890,GXI,clipper_transport,1,0.05
1890.1.1,1890,GXI,frigate,1,0.05
1890.1.1,1890,ALD,clipper_transport,2,0.103
1890.1.1,1890,MEX,battleship,5,5.568
1890.1.1,1890,MEX,clipper_transport,79,85.523
1890.1.1,1890,MEX,cruiser,22,25.751
1890.1.1,1890,BRZ,clipper_transport,11,0.59
1890.1.1,1890,GUA,steam_transport,1,0.264
1890.2.1,1890,USA,battleship,16,19.251
1890.2.1,1890,USA,clipper_transport,111,78.509
1890.2.1,1890,USA,cruiser,9,10.662
1890.2.1,1890,USA,ironclad,26,1.4
1890.2.1,1890,USA,monitor,67,74.698
1890.2.1,1890,ENG,clipper_transport,201,196.619
1890.2.1,1890,ENG,commerce_raider,14,12.212
1890.2.1,1890,ENG,cruiser,49,49.229
1890.2.1,1890,ENG,frigate,6,5.229
1890.2.1,1890,ENG,manowar,13,11.287
1890.2.1,1890,ENG,monitor,35,32.897
1890.2.1,1890,FRA,clipper_transport,86,76.969
1890.2.1,1890,FRA,cruiser,18,15.883
1890.2.1,1890,FRA,ironclad,66,58.736
1890.2.1,1890,SCA,battleship,5,6.667
1890.2.1,1890,SCA,cruiser,1,1.0
1890.2.1,1890,SCA,ironclad,34,41.409
1890.2.1,1890,SCA,steam_transport,51,59.751
1890.2.1,1890,RUS,clipper_transport,119,129.115
1890.2.1,1890,GER,clipper_transport,98,117.416
1890.2.1,1890,GER,commerce_raider,6,7.171
1890.2.1,1890,GER,cruiser,13,16.667
1890.2.1,1890,GER,ironclad,28,34.21
1890.2.1,1890,NET,battleship,5,6.667
1890.2.1,1890,NET,frigate,1,1.25
1890.2.1,1890,SPA,battleship,1,1.176
1890.2.1,1890,SPA,commerce_raider,1,1.011
1890.2.1,1890,SPA,ironclad,45,45.849
1890.2.1,1890,SPA,steam_transport,33,33.52
1890.2.1,1890,KUK,clipper_transport,20,1.161
1890.2.1,1890,CHL,battleship,4,4.0
1890.2.1,1890,CHL,cruiser,2,2.0
1890.2.1,1890,CHL,steam_transport,20,20.0
1890.2.1,1890,AST,clipper_transport,67,3.528
1890.2.1,1890,AST,commerce_raider,19,1.025
1890.2.1,1890,AST,ironclad,68,3.647
1890.2.1,1890,AST,monitor,43,2.405
1890.2.1,1890,AST,steam_transport,9,0.475
1890.2.1,1890,SAR,steam_transport,16,16.035
1890.2.1,1890,SIC,clipper_transport,10,11.937
1890.2.1,1890,TUR,clipper_transport,36,37.895
1890.2.1,1890,CHI,clipper_transport,2,0.1
1890.2.1,1890,CHI,frigate,7,0.371
1890.2.1,1890,GXI,clipper_transport,1,0.05
1890.2.1,1890,GXI,frigate,1,0.05
1890.2.1,1890,ALD,clipper_transport,2,0.103
1890.2.1,1890,MEX,battleship,5,5.568
1890.2.1,1890,MEX,clipper_transport,79,85.555
1890.2.1,1890,MEX,cruiser,22,25.751
1890.2.1,1890,BRZ,clipper_transport,11,0.59
1890.2.1,1890,GUA,steam_transport,1,0.313
1890.3.1,1890,USA,battleship,17,20.501
1890.3.1,1890,USA,clipper_transport,111,79.064
1890.3.1,1890,USA,cruiser,9,10.662
1890.3.1,1890,USA,ironclad,26,1.4
1890.3.1,1890,USA,monitor,67,74.698
1890.3.1,1890,ENG,clipper_transport,201,197.113
1890.3.1,1890,ENG,commerce_raider,14,12.212
1890.3.1,1890,ENG,cruiser,49,49.763
1890.3.1,1890,ENG,frigate,6,5.229
1890.3.1,1890,ENG,manowar,13,11.287
1890.3.1,1890,ENG,monitor,35,32.903
1890.3.1,1890,FRA,clipper_transport,86,75.885
1890.3.1,1890,FRA,cruiser,18,15.299
1890.3.1,1890,FRA,ironclad,66,57.82
1890.3.1,1890,SCA,battleship,5,6.667
1890.3.1,1890,SCA,cruiser,1,1.0
1890.3.1,1890,SCA,ironclad,34,41.358
1890.3.1,1890,SCA,steam_transport,51,59.817
1890.3.1,1890,RUS,clipper_transport,119,129.115
1890.3.1,1890,GER,clipper_transport,98,117.416
1890.3.1,1890,GER,commerce_raider,6,7.171
1890.3.1,1890,GER,cruiser,13,16.667
1890.3.1,1890,GER,ironclad,28,34.21
1890.3.1,1890,NET,battleship,5,6.667
1890.3.1,1890,NET,frigate,1,1.25
1890.3.1,1890,SPA,battleship,1,1.176
1890.3.1,1890,SPA,commerce_raider,1,1.011
1890.3.1,1890,SPA,ironclad,45,45.849
1890.3.1,1890,SPA,steam_transport,33,33.52
1890.3.1,1890,KUK,clipper_transport,20,1.161
1890.3.1,1890,CHL,battleship,4,4.0
1890.3.1,1890,CHL,cruiser,2,2.0
1890.3.1,1890,CHL,steam_transport,20,20.0
1890.3.1,1890,AST,clipper_transport,67,3.528
1890.3.1,1890,AST,commerce_raider,19,1.025
1890.3.1,1890,AST,ironclad,68,3.647
1890.3.1,1890,AST,monitor,43,2.405
1890.3.1,1890,AST,steam_transport,9,0.475
1890.3.1,1890,SAR,steam_transport,16,15.962
1890.3.1,1890,SIC,clipper_transport,10,11.937
1890.3.1,1890,TUR,clipper_transport,36,37.895
1890.3.1,1890,CHI,clipper_transport,2,0.1
1890.3.1,1890,CHI,frigate,7,0.371
1890.3.1,1890,GXI,clipper_transport,1,0.05
1890.3.1,1890,GXI,frigate,1,0.05
1890.3.1,1890,ALD,clipper_transport,2,0.103
1890.3.1,1890,MEX,battleship,5,5.568
1890.3.1,1890,MEX,clipper_transport,79,85.864
1890.3.1,1890,MEX,cruiser,22,25.751
1890.3.1,1890,BRZ,clipper_transport,11,0.59
1890.3.1,1890,GUA,steam_transport,1,0.363
1890.4.1,1890,USA,battleship,17,20.501
1890.4.1,1890,USA,clipper_transport,111,79.597
1890.4.1,1890,USA,cruiser,9,10.662
1890.4.1,1890,USA,ironclad,26,1.4
1890.4.1,1890,USA,monitor,67,74.698
1890.4.1,1890,ENG,clipper_transport,201,197.529
1890.4.1,1890,ENG,commerce_raider,14,12.212
1890.4.1,1890,ENG,cruiser,49,50.362
1890.4.1,1890,ENG,frigate,6,5.229
1890.4.1,1890,ENG,manowar,13,11.287
1890.4.1,1890,ENG,monitor,35,32.922
1890.4.1,1890,FRA,clipper_transport,86,75.827
1890.4.1,1890,FRA,cruiser,18,14.96
1890.4.1,1890,FRA,ironclad,66,57.7
1890.4.1,1890,SCA,battleship,5,6.667
1890.4.1,1890,SCA,cruiser,1,1.0
1890.4.1,1890,SCA,ironclad,13,16.244
1890.4.1,1890,SCA,steam_transport,51,59.781
1890.4.1,1890,RUS,clipper_transport,119,129.115
1890.4.1,1890,GER,clipper_transport,98,117.416
1890.4.1,1890,GER,commerce_raider,6,7.171
1890.4.1,1890,GER,cruiser,13,16.667
1890.4.1,1890,GER,ironclad,28,34.21
1890.4.1,1890,NET,battleship,5,6.667
1890.4.1,1890,NET,frigate,1,1.25
1890.4.1,1890,SPA,battleship,1,1.176
1890.4.1,1890,SPA,commerce_raider,1,1.011
1890.4.1,1890,SPA,ironclad,45,45.849
1890.4.1,1890,SPA,steam_transport,33,33.52
1890.4.1,1890,KUK,clipper_transport,20,1.161
1890.4.1,1890,CHL,battleship,4,4.0
1890.4.1,1890,CHL,cruiser,2,2.0
1890.4.1,1890,CHL,steam_transport,20,20.0
1890.4.1,1890,AST,clipper_transport,67,3.528
1890.4.1,1890,AST,commerce_raider,19,1.025
1890.4.1,1890,AST,ironclad,68,3.647
1890.4.1,1890,AST,monitor,43,2.405
1890.4.1,1890,AST,steam_transport,9,0.475
1890.4.1,1890,SAR,steam_transport,16,15.88
1890.4.1,1890,SIC,clipper_transport,10,11.937
1890.4.1,1890,TUR,clipper_transport,36,37.895
1890.4.1,1890,CHI,clipper_transport,2,0.1
1890.4.1,1890,CHI,frigate,7,0.371
1890.4.1,1890,GXI,clipper_transport,1,0.05
1890.4.1,1890,GXI,frigate,1,0.05
1890.4.1,1890,ALD,clipper_transport,2,0.103
1890.4.1,1890,MEX,battleship,5,5.568
1890.4.1,1890,MEX,clipper_transport,79,86.128
1890.4.1,1890,MEX,cruiser,22,25.751
1890.4.1,1890,BRZ,clipper_transport,11,0.59
1890.4.1,1890,GUA,steam_transport,1,0.411
1890.5.1,1890,USA,battleship,17,20.501
1890.5.1,1890,USA,clipper_transport,111,80.121
1890.5.1,1890,USA,cruiser,9,10.662
1890.5.1,1890,USA,ironclad,26,1.4
1890.5.1,1890,USA,monitor,67,74.698
1890.5.1,1890,ENG,clipper_transport,201,198.044
1890.5.1,1890,ENG,commerce_raider,14,12.212
1890.5.1,1890,ENG,cruiser,49,50.943
1890.5.1,1890,ENG,frigate,6,5.229
1890.5.1,1890,ENG,manowar,13,11.287
1890.5.1,1890,ENG,monitor,35,32.95
1890.5.1,1890,FRA,clipper_transport,86,77.674
1890.5.1,1890,FRA,cruiser,18,15.004
1890.5.1,1890,FRA,ironclad,66,58.247
1890.5.1,1890,SCA,battleship,5,6.667
1890.5.1,1890,SCA,cruiser,1,1.0
1890.5.1,1890,SCA,ironclad,13,16.244
1890.5.1,1890,SCA,steam_transport,51,59.781
1890.5.1,1890,RUS,clipper_transport,119,129.115
1890.5.1,1890,GER,clipper_transport,98,117.416
1890.5.1,1890,GER,commerce_raider,6,7.171
1890.5.1,1890,GER,cruiser,13,16.667
1890.5.1,1890,GER,ironclad,28,34.21
1890.5.1,1890,NET,battleship,5,6.667
1890.5.1,1890,NET,frigate,1,1.25
1890.5.1,1890,SPA,battleship,1,1.176
1890.5.1,1890,SPA,commerce_raider,1,1.011
1890.5.1,1890,SPA,ironclad,45,45.849
1890.5.1,1890,SPA,steam_transport,33,33.52
1890.5.1,1890,KUK,clipper_transport,20,1.161
1890.5.1,1890,CHL,battleship,4,4.0
1890.5.1,1890,CHL,cruiser,2,2.0
1890.5.1,1890,CHL,steam_transport,20,19.92
1890.5.1,1890,AST,clipper_transport,67,3.528
1890.5.1,1890,AST,commerce_raider,19,1.025
1890.5.1,1890,AST,ironclad,68,3.647
1890.5.1,1890,AST,monitor,43,2.405
1890.5.1,1890,AST,steam_transport,9,0.475
1890.5.1,1890,SAR,steam_transport,16,15.801
1890.5.1,1890,SIC,clipper_transport,10,11.937
1890.5.1,1890,TUR,clipper_transport,36,37.895
1890.5.1,1890,CHI,clipper_transport,2,0.1
1890.5.1,1890,CHI,frigate,7,0.371
1890.5.1,1890,GXI,clipper_transport,1,0.05
1890.5.1,1890,GXI,frigate,1,0.05
1890.5.1,1890,ALD,clipper_transport,2,0.238
1890.5.1,1890,MEX,battleship,5,5.568
1890.5.1,1890,MEX,clipper_transport,79,86.542
1890.5.1,1890,MEX,cruiser,22,25.751
1890.5.1,1890,BRZ,clipper_transport,11,0.587
1890.5.1,1890,GUA,steam_transport,1,0.46
1890.6.1,1890,USA,battleship,17,20.501
1890.6.1,1890,USA,clipper_transport,111,80.638
1890.6.1,1890,USA,cruiser,9,10.662
1890.6.1,1890,USA,ironclad,26,1.4
1890.6.1,1890,USA,monitor,67,74.698
1890.6.1,1890,ENG,clipper_transport,201,198.561
1890.6.1,1890,ENG,commerce_raider,14,12.212
1890.6.1,1890,ENG,cruiser,49,51.444
1890.6.1,1890,ENG,frigate,6,5.229
1890.6.1,1890,ENG,manowar,13,11.287
1890.6.1,1890,ENG,monitor,35,32.993
1890.6.1,1890,FRA,clipper_transport,86,79.087
1890.6.1,1890,FRA,cruiser,18,15.044
1890.6.1,1890,FRA,ironclad,66,58.935
1890.6.1,1890,SCA,battleship,5,6.667
1890.6.1,1890,SCA,cruiser,1,1.0
1890.6.1,1890,SCA,ironclad,13,16.244
1890.6.1,1890,SCA,steam_transport,51,59.781
1890.6.1,1890,RUS,clipper_transport,119,129.115
1890.6.1,1890,GER,clipper_transport,98,117.416
1890.6.1,1890,GER,commerce_raider,6,7.171
1890.6.1,1890,GER,cruiser,13,16.667
1890.6.1,1890,GER,ironclad,28,34.21
1890.6.1,1890,NET,battleship,5,6.667
1890.6.1,1890,NET,frigate,1,1.25
1890.6.1,1890,SPA,battleship,1,1.176
1890.6.1,1890,SPA,commerce_raider,1,1.011
1890.6.1,1890,SPA,ironclad,45,45.849
1890.6.1,1890,SPA,steam_transport,33,33.52
1890.6.1,1890,KUK,clipper_transport,20,1.166
1890.6.1,1890,CHL,battleship,4,4.0
1890.6.1,1890,CHL,cruiser,2,2.0
1890.6.1,1890,CHL,steam_transport,20,19.8
1890.6.1,1890,AST,clipper_transport,67,3.528
1890.6.1,1890,AST,commerce_raider,19,1.025
1890.6.1,1890,AST,ironclad,68,3.647
1890.6.1,1890,AST,monitor,43,2.405
1890.6.1,1890,AST,steam_transport,9,0.475
1890.6.1,1890,SAR,steam_transport,16,15.719
1890.6.1,1890,SIC,clipper_transport,10,11.937
1890.6.1,1890,TUR,clipper_transport,36,37.895
1890.6.1,1890,CHI,clipper_transport,2,0.1
1890.6.1,1890,CHI,frigate,7,0.371
1890.6.1,1890,GXI,clipper_transport,1,0.05
1890.6.1,1890,GXI,frigate,1,0.05
1890.6.1,1890,ALD,clipper_transport,2,0.372
1890.6.1,1890,MEX,battleship,5,5.568
1890.6.1,1890,MEX,clipper_transport,79,86.701
1890.6.1,1890,MEX,cruiser,22,25.751
1890.6.1,1890,BRZ,clipper_transport,11,0.587
1890.6.1,1890,GUA,steam_transport,1,0.509
1890.7.1,1890,USA,battleship,17,20.501
1890.7.1,1890,USA,clipper_transport,111,81.114
1890.7.1,1890,USA,cruiser,9,10.662
1890.7.1,1890,USA,ironclad,26,1.4
1890.7.1,1890,USA,monitor,67,74.698
1890.7.1,1890,ENG,clipper_transport,201,199.079
1890.7.1,1890,ENG,commerce_raider,14,12.212
1890.7.1,1890,ENG,cruiser,49,51.973
1890.7.1,1890,ENG,frigate,6,5.229
1890.7.1,1890,ENG,manowar,13,11.287
1890.7.1,1890,ENG,monitor,35,33.075
1890.7.1,1890,FRA,clipper_transport,86,80.82
1890.7.1,1890,FRA,cruiser,18,15.079
1890.7.1,1890,FRA,ironclad,66,59.677
1890.7.1,1890,SCA,battleship,9,12.0
1890.7.1,1890,SCA,cruiser,1,1.0
1890.7.1,1890,SCA,ironclad,13,16.244
1890.7.1,1890,SCA,steam_transport,51,59.781
1890.7.1,1890,RUS,clipper_transport,119,129.115
1890.7.1,1890,GER,clipper_transport,98,117.416
1890.7.1,1890,GER,commerce_raider,6,7.171
1890.7.1,1890,GER,cruiser,13,16.667
1890.7.1,1890,GER,ironclad,28,34.21
1890.7.1,1890,NET,battleship,5,6.667
1890.7.1,1890,SPA,battleship,1,1.176
1890.7.1,1890,SPA,commerce_raider,1,1.011
1890.7.1,1890,SPA,ironclad,45,45.849
1890.7.1,1890,SPA,steam_transport,33,33.52
1890.7.1,1890,KUK,clipper_transport,20,1.166
1890.7.1,1890,CHL,battleship,4,4.0
1890.7.1,1890,CHL,cruiser,2,2.0
1890.7.1,1890,CHL,steam_transport,20,19.8
1890.7.1,1890,AST,clipper_transport,67,3.528
1890.7.1,1890,AST,commerce_raider,19,1.025
1890.7.1,1890,AST,ironclad,68,3.647
1890.7.1,1890,AST,monitor,43,2.405
1890.7.1,1890,AST,steam_transport,9,0.475
1890.7.1,1890,SAR,steam_transport,16,15.64
1890.7.1,1890,SIC,clipper_transport,10,11.937
1890.7.1,1890,TUR,clipper_transport,36,37.895
1890.7.1,1890,CHI,clipper_transport,2,0.1
1890.7.1,1890,CHI,frigate,7,0.371
1890.7.1,1890,GXI,clipper_transport,1,0.05
1890.7.1,1890,GXI,frigate,1,0.05
1890.7.1,1890,ALD,clipper_transport,2,0.507
1890.7.1,1890,MEX,battleship,5,5.568
1890.7.1,1890,MEX,clipper_transport,79,86.701
1890.7.1,1890,MEX,cruiser,22,25.751
1890.7.1,1890,BRZ,clipper_transport,11,0.587
1890.7.1,1890,GUA,steam_transport,1,0.558
1890.8.1,1890,USA,battleship,17,20.501
1890.8.1,1890,USA,clipper_transport,111,81.459
1890.8.1,1890,USA,cruiser,9,10.662
1890.8.1,1890,USA,ironclad,26,1.4
1890.8.1,1890,USA,monitor,67,74.698
1890.8.1,1890,ENG,clipper_transport,201,199.596
1890.8.1,1890,ENG,commerce_raider,14,12.212
1890.8.1,1890,ENG,cruiser,49,52.142
1890.8.1,1890,ENG,frigate,6,5.229
1890.8.1,1890,ENG,manowar,13,11.287
1890.8.1,1890,ENG,monitor,35,33.244
1890.8.1,1890,FRA,clipper_transport,86,82.639
1890.8.1,1890,FRA,cruiser,18,15.062
1890.8.1,1890,FRA,ironclad,66,60.157
1890.8.1,1890,SCA,battleship,10,13.333
1890.8.1,1890,SCA,cruiser,1,1.0
1890.8.1,1890,SCA,ironclad,13,16.244
1890.8.1,1890,SCA,steam_transport,51,59.781
1890.8.1,1890,RUS,clipper_transport,119,129.115
1890.8.1,1890,GER,clipper_transport,98,117.416
1890.8.1,1890,GER,commerce_raider,3,3.75
1890.8.1,1890,GER,cruiser,13,16.667
1890.8.1,1890,GER,ironclad,21,26.25
1890.8.1,1890,NET,battleship,5,6.667
1890.8.1,1890,SPA,battleship,1,1.176
1890.8.1,1890,SPA,commerce_raider,1,1.011
1890.8.1,1890,SPA,ironclad,45,45.849
1890.8.1,1890,SPA,steam_transport,33,33.52
1890.8.1,1890,KUK,clipper_transport,20,1.166
1890.8.1,1890,CHL,battleship,4,4.0
1890.8.1,1890,CHL,cruiser,2,2.0
1890.8.1,1890,CHL,steam_transport,20,20.0
1890.8.1,1890,AST,clipper_transport,67,3.528
1890.8.1,1890,AST,commerce_raider,19,1.025
1890.8.1,1890,AST,ironclad,68,3.647
1890.8.1,1890,AST,monitor,43,2.405
1890.8.1,1890,AST,steam_transport,9,0.475
1890.8.1,1890,SAR,steam_transport,16,15.559
1890.8.1,1890,SIC,clipper_transport,10,11.937
1890.8.1,1890,TUR,clipper_transport,36,37.895
1890.8.1,1890,CHI,clipper_transport,2,0.1
1890.8.1,1890,CHI,frigate,7,0.371
1890.8.1,1890,GXI,clipper_transport,1,0.05
1890.8.1,1890,GXI,frigate,1,0.05
1890.8.1,1890,ALD,clipper_transport,2,0.642
1890.8.1,1890,MEX,battleship,5,5.568
1890.8.1,1890,MEX,clipper_transport,79,86.701
1890.8.1,1890,MEX,cruiser,22,25.751
1890.8.1,1890,BRZ,clipper_transport,11,0.587
1890.8.1,1890,GUA,steam_transport,1,0.552
1890.9.1,1890,USA,battleship,17,20.452
1890.9.1,1890,USA,clipper_transport,111,81.31
1890.9.1,1890,USA,cruiser,9,10.65
1890.9.1,1890,USA,ironclad,26,1.4
1890.9.1,1890,USA,monitor,67,74.553
1890.9.1,1890,ENG,clipper_transport,201,200.112
1890.9.1,1890,ENG,commerce_raider,14,12.212
1890.9.1,1890,ENG,cruiser,49,52.142
1890.9.1,1890,ENG,frigate,6,5.229
1890.9.1,1890,ENG,manowar,13,11.287
1890.9.1,1890,ENG,monitor,35,33.822
1890.9.1,1890,FRA,clipper_transport,86,83.942
1890.9.1,1890,FRA,cruiser,18,15.15
1890.9.1,1890,FRA,ironclad,66,60.955
1890.9.1,1890,SCA,battleship,13,17.333
1890.9.1,1890,SCA,cruiser,1,1.0
1890.9.1,1890,SCA,steam_transport,51,59.781
1890.9.1,1890,RUS,clipper_transport,119,129.115
1890.9.1,1890,GER,clipper_transport,98,117.416
1890.9.1,1890,GER,commerce_raider,3,3.75
1890.9.1,1890,GER,cruiser,13,16.667
1890.9.1,1890,GER,ironclad,21,26.25
1890.9.1,1890,NET,battleship,5,6.667
1890.9.1,1890,SPA,battleship,1,1.176
1890.9.1,1890,SPA,commerce_raider,1,1.011
1890.9.1,1890,SPA,ironclad,45,45.849
1890.9.1,1890,SPA,steam_transport,33,33.52
1890.9.1,1890,KUK,clipper_transport,20,1.166
1890.9.1,1890,CHL,battleship,4,4.0
1890.9.1,1890,CHL,cruiser,2,2.0
1890.9.1,1890,CHL,steam_transport,20,20.0
1890.9.1,1890,AST,clipper_transport,67,3.528
1890.9.1,1890,AST,commerce_raider,19,1.025
1890.9.1,1890,AST,ironclad,68,3.647
1890.9.1,1890,AST,monitor,43,2.405
1890.9.1,1890,AST,steam_transport,9,0.475
1890.9.1,1890,SAR,steam_transport,16,15.425
1890.9.1,1890,SIC,clipper_transport,10,11.937
1890.9.1,1890,TUR,clipper_transport,36,37.895
1890.9.1,1890,CHI,clipper_transport,2,0.1
1890.9.1,1890,CHI,frigate,7,0.371
1890.9.1,1890,GXI,clipper_transport,1,0.05
1890.9.1,1890,GXI,frigate,1,0.05
1890.9.1,1890,ALD,clipper_transport,2,0.776
1890.9.1,1890,MEX,battleship,5,5.568
1890.9.1,1890,MEX,clipper_transport,79,86.701
1890.9.1,1890,MEX,cruiser,22,25.751
1890.9.1,1890,BRZ,clipper_transport,11,0.587
1890.9.1,1890,GUA,steam_transport,1,0.518
1890.10.1,1890,USA,battleship,17,20.307
1890.10.1,1890,USA,clipper_transport,111,80.873
1890.10.1,1890,USA,cruiser,9,10.615
1890.10.1,1890,USA,ironclad,26,2.296
1890.10.1,1890,USA,monitor,67,74.186
1890.10.1,1890,ENG,clipper_transport,201,200.625
1890.10.1,1890,ENG,commerce_raider,14,12.212
1890.10.1,1890,ENG,cruiser,49,52.142
1890.10.1,1890,ENG,frigate,6,5.229
1890.10.1,1890,ENG,manowar,13,11.287
1890.10.1,1890,ENG,monitor,35,34.345
1890.10.1,1890,FRA,clipper_transport,86,85.386
1890.10.1,1890,FRA,cruiser,18,15.451
1890.10.1,1890,FRA,ironclad,66,61.778
1890.10.1,1890,SCA,battleship,13,17.333
1890.10.1,1890,SCA,cruiser,1,1.0
1890.10.1,1890,SCA,steam_transport,51,59.781
1890.10.1,1890,RUS,clipper_transport,119,129.115
1890.10.1,1890,GER,clipper_transport,98,117.416
1890.10.1,1890,GER,commerce_raider,3,3.75
1890.10.1,1890,GER,cruiser,13,16.667
1890.10.1,1890,GER,ironclad,21,26.25
1890.10.1,1890,NET,battleship,5,6.667
1890.10.1,1890,SPA,battleship,1,1.176
1890.10.1,1890,SPA,commerce_raider,1,1.011
1890.10.1,1890,SPA,ironclad,45,45.849
1890.10.1,1890,SPA,steam_transport,33,33.52
1890.10.1,1890,KUK,clipper_transport,20,1.166
1890.10.1,1890,CHL,battleship,4,4.0
1890.10.1,1890,CHL,cruiser,2,2.0
1890.10.1,1890,CHL,steam_transport,20,20.0
1890.10.1,1890,AST,clipper_transport,67,3.528
1890.10.1,1890,AST,commerce_raider,19,1.025
1890.10.1,1890,AST,ironclad,68,3.647
1890.10.1,1890,AST,monitor,43,2.405
1890.10.1,1890,AST,steam_transport,9,0.475
1890.10.1,1890,SAR,steam_transport,16,15.297
1890.10.1,1890,SIC,clipper_transport,10,11.937
1890.10.1,1890,TUR,clipper_transport,36,37.895
1890.10.1,1890,CHI,clipper_transport,2,0.1
1890.10.1,1890,CHI,frigate,7,0.371
1890.10.1,1890,GXI,clipper_transport,1,0.05
1890.10.1,1890,GXI,frigate,1,0.05
1890.10.1,1890,ALD,clipper_transport,2,0.911
1890.10.1,1890,MEX,battleship,5,5.568
1890.10.1,1890,MEX,clipper_transport,79,86.701
1890.10.1,1890,MEX,cruiser,22,25.751
1890.10.1,1890,BRZ,clipper_transport,11,0.587
1890.10.1,1890,GUA,steam_transport,1,0.485
1890.11.1,1890,USA,battleship,17,20.307
1890.11.1,1890,USA,clipper_transport,111,80.904
1890.11.1,1890,USA,cruiser,9,10.615
1890.11.1,1890,USA,ironclad,26,4.058
1890.11.1,1890,USA,monitor,67,74.186
1890.11.1,1890,ENG,clipper_transport,201,201.138
1890.11.1,1890,ENG,commerce_raider,14,12.212
1890.11.1,1890,ENG,cruiser,49,52.142
1890.11.1,1890,ENG,frigate,6,5.229
1890.11.1,1890,ENG,manowar,13,11.287
1890.11.1,1890,ENG,monitor,35,34.889
1890.11.1,1890,FRA,clipper_transport,86,86.967
1890.11.1,1890,FRA,cruiser,18,15.7
1890.11.1,1890,FRA,ironclad,66,62.606
1890.11.1,1890,SCA,battleship,13,17.333
1890.11.1,1890,SCA,cruiser,1,1.0
1890.11.1,1890,SCA,steam_transport,51,59.781
1890.11.1,1890,RUS,clipper_transport,119,129.115
1890.11.1,1890,GER,clipper_transport,98,117.416
1890.11.1,1890,GER,commerce_raider,3,3.75
1890.11.1,1890,GER,cruiser,13,16.667
1890.11.1,1890,GER,ironclad,21,26.25
1890.11.1,1890,NET,battleship,5,6.667
1890.11.1,1890,SPA,battleship,1,1.176
1890.11.1,1890,SPA,commerce_raider,1,1.011
1890.11.1,1890,SPA,ironclad,45,45.849
1890.11.1,1890,SPA,steam_transport,33,33.52
1890.11.1,1890,KUK,clipper_transport,20,1.166
1890.11.1,1890,CHL,battleship,4,4.0
1890.11.1,1890,CHL,cruiser,2,2.0
1890.11.1,1890,CHL,steam_transport,20,20.0
1890.11.1,1890,AST,clipper_transport,67,3.517
1890.11.1,1890,AST,commerce_raider,19,1.014
1890.11.1,1890,AST,ironclad,68,3.636
1890.11.1,1890,AST,monitor,43,2.405
1890.11.1,1890,AST,steam_transport,9,0.475
1890.11.1,1890,SAR,steam_transport,16,15.163
1890.11.1,1890,SIC,clipper_transport,10,11.937
1890.11.1,1890,TUR,clipper_transport,36,37.895
1890.11.1,1890,CHI,clipper_transport,2,0.1
1890.11.1,1890,CHI,frigate,7,0.371
1890.11.1,1890,GXI,clipper_transport,1,0.05
1890.11.1,1890,GXI,frigate,1,0.05
1890.11.1,1890,ALD,clipper_transport,2,1.045
1890.11.1,1890,MEX,battleship,5,5.568
1890.11.1,1890,MEX,clipper_transport,79,86.701
1890.11.1,1890,MEX,cruiser,22,25.751
1890.11.1,1890,BRZ,clipper_transport,11,0.587
1890.11.1,1890,GUA,steam_transport,1,0.451
1890.12.1,1890,USA,battleship,17,20.307
1890.12.1,1890,USA,clipper_transport,111,80.935
1890.12.1,1890,USA,cruiser,9,10.615
1890.12.1,1890,USA,ironclad,26,5.811
1890.12.1,1890,USA,monitor,67,74.186
1890.12.1,1890,ENG,clipper_transport,201,201.65
1890.12.1,1890,ENG,commerce_raider,14,12.212
1890.12.1,1890,ENG,cruiser,49,52.142
1890.12.1,1890,ENG,frigate,6,5.229
1890.12.1,1890,ENG,manowar,13,11.287
1890.12.1,1890,ENG,monitor,35,35.434
1890.12.1,1890,FRA,clipper_transport,86,88.801
1890.12.1,1890,FRA,cruiser,18,16.001
1890.12.1,1890,FRA,ironclad,66,63.422
1890.12.1,1890,SCA,battleship,13,17.333
1890.12.1,1890,SCA,cruiser,1,1.0
1890.12.1,1890,SCA,steam_transport,51,59.781
1890.12.1,1890,RUS,clipper_transport,119,129.115
1890.12.1,1890,GER,clipper_transport,98,117.416
1890.12.1,1890,GER,commerce_raider,3,3.75
1890.12.1,1890,GER,cruiser,13,16.667
1890.12.1,1890,GER,ironclad,21,26.25
1890.12.1,1890,NET,battleship,5,6.667
1890.12.1,1890,SPA,battleship,1,1.176
1890.12.1,1890,SPA,commerce_raider,1,1.011
1890.12.1,1890,SPA,ironclad,45,45.849
1890.12.1,1890,SPA,steam_transport,33,33.52
1890.12.1,1890,KUK,clipper_transport,20,1.166
1890.12.1,1890,CHL,battleship,4,4.0
1890.12.1,1890,CHL,cruiser,2,2.0
1890.12.1,1890,CHL,steam_transport,25,25.0
1890.12.1,1890,AST,clipper_transport,67,3.517
1890.12.1,1890,AST,commerce_raider,19,1.014
1890.12.1,1890,AST,ironclad,68,3.636
1890.12.1,1890,AST,monitor,43,2.405
1890.12.1,1890,AST,steam_transport,9,0.475
1890.12.1,1890,SAR,steam_transport,16,15.035
1890.12.1,1890,SIC,clipper_transport,10,11.937
1890.12.1,1890,TUR,clipper_transport,36,37.895
1890.12.1,1890,CHI,clipper_transport,2,0.1
1890.12.1,1890,CHI,frigate,7,0.371
1890.12.1,1890,GXI,clipper_transport,1,0.05
1890.12.1,1890,GXI,frigate,1,0.05
1890.12.1,1890,ALD,clipper_transport,2,1.179
1890.12.1,1890,MEX,battleship,5,5.568
1890.12.1,1890,MEX,clipper_transport,79,86.701
1890.12.1,1890,MEX,cruiser,22,25.751
1890.12.1,1890,BRZ,clipper_transport,11,0.587
1890.12.1,1890,GUA,steam_transport,1,0.418
1891.1.1,1891,USA,battleship,17,20.199
1891.1.1,1891,USA,clipper_transport,111,80.657
1891.1.1,1891,USA,cruiser,9,10.603
1891.1.1,1891,USA,ironclad,26,7.556
1891.1.1,1891,USA,monitor,67,73.964
1891.1.1,1891,ENG,clipper_transport,201,202.152
1891.1.1,1891,ENG,commerce_raider,14,12.212
1891.1.1,1891,ENG,cruiser,49,52.142
1891.1.1,1891,ENG,frigate,6,5.229
1891.1.1,1891,ENG,manowar,13,11.287
1891.1.1,1891,ENG,monitor,35,35.88
1891.1.1,1891,FRA,clipper_transport,86,90.53
1891.1.1,1891,FRA,cruiser,18,16.273
1891.1.1,1891,FRA,ironclad,66,64.228
1891.1.1,1891,SCA,battleship,13,17.333
1891.1.1,1891,SCA,cruiser,1,1.0
1891.1.1,1891,SCA,steam_transport,51,59.781
1891.1.1,1891,RUS,clipper_transport,119,129.115
1891.1.1,1891,GER,clipper_transport,98,117.416
1891.1.1,1891,GER,commerce_raider,3,3.75
1891.1.1,1891,GER,cruiser,13,16.667
1891.1.1,1891,GER,ironclad,21,26.25
1891.1.1,1891,NET,battleship,5,6.667
1891.1.1,1891,SPA,battleship,1,1.176
1891.1.1,1891,SPA,commerce_raider,1,1.011
1891.1.1,1891,SPA,ironclad,45,45.849
1891.1.1,1891,SPA,steam_transport,33,33.52
1891.1.1,1891,KUK,clipper_transport,20,1.166
1891.1.1,1891,CHL,battleship,4,4.0
1891.1.1,1891,CHL,cruiser,2,2.0
1891.1.1,1891,CHL,steam_transport,27,27.0
1891.1.1,1891,AST,clipper_transport,67,3.517
1891.1.1,1891,AST,commerce_raider,19,1.014
1891.1.1,1891,AST,ironclad,68,3.636
1891.1.1,1891,AST,monitor,43,2.405
1891.1.1,1891,AST,steam_transport,9,0.475
1891.1.1,1891,SAR,steam_transport,16,14.901
1891.1.1,1891,SIC,clipper_transport,10,11.937
1891.1.1,1891,TUR,clipper_transport,36,37.895
1891.1.1,1891,CHI,clipper_transport,2,0.1
1891.1.1,1891,CHI,frigate,7,0.371
1891.1.1,1891,GXI,clipper_transport,1,0.05
1891.1.1,1891,GXI,frigate,1,0.05
1891.1.1,1891,ALD,clipper_transport,2,1.313
1891.1.1,1891,MEX,battleship,5,5.568
1891.1.1,1891,MEX,clipper_transport,79,86.701
1891.1.1,1891,MEX,cruiser,22,25.751
1891.1.1,1891,BRZ,clipper_transport,11,0.587
1891.1.1,1891,GUA,steam_transport,1,0.384
1891.2.1,1891,USA,battleship,17,20.356
1891.2.1,1891,USA,clipper_transport,111,81.964
1891.2.1,1891,USA,cruiser,9,10.627
1891.2.1,1891,USA,ironclad,1,0.835
1891.2.1,1891,USA,monitor,67,72.802
1891.2.1,1891,ENG,clipper_transport,201,202.631
1891.2.1,1891,ENG,commerce_raider,14,12.212
1891.2.1,1891,ENG,cruiser,49,52.142
1891.2.1,1891,ENG,frigate,6,5.229
1891.2.1,1891,ENG,manowar,13,11.287
1891.2.1,1891,ENG,monitor,35,36.353
1891.2.1,1891,FRA,clipper_transport,86,92.115
1891.2.1,1891,FRA,cruiser,18,16.574
1891.2.1,1891,FRA,ironclad,66,65.024
1891.2.1,1891,SCA,battleship,13,17.333
1891.2.1,1891,SCA,cruiser,1,1.0
1891.2.1,1891,SCA,steam_transport,51,59.781
1891.2.1,1891,RUS,clipper_transport,119,129.115
1891.2.1,1891,GER,clipper_transport,98,117.416
1891.2.1,1891,GER,commerce_raider,3,3.75
1891.2.1,1891,GER,cruiser,13,16.667
1891.2.1,1891,GER,ironclad,21,26.25
1891.2.1,1891,NET,battleship,5,6.667
1891.2.1,1891,NET,steam_transport,3,4.0
1891.2.1,1891,SPA,battleship,1,1.176
1891.2.1,1891,SPA,commerce_raider,1,1.011
1891.2.1,1891,SPA,ironclad,45,45.849
1891.2.1,1891,SPA,steam_transport,33,33.52
1891.2.1,1891,KUK,clipper_transport,20,1.166
1891.2.1,1891,CHL,battleship,4,4.0
1891.2.1,1891,CHL,cruiser,2,2.0
1891.2.1,1891,CHL,steam_transport,28,27.994
1891.2.1,1891,AST,clipper_transport,67,3.517
1891.2.1,1891,AST,commerce_raider,19,1.014
1891.2.1,1891,AST,ironclad,68,3.636
1891.2.1,1891,AST,monitor,43,2.405
1891.2.1,1891,AST,steam_transport,9,0.475
1891.2.1,1891,SAR,steam_transport,16,14.768
1891.2.1,1891,SIC,clipper_transport,10,11.937
1891.2.1,1891,TUR,clipper_transport,36,37.895
1891.2.1,1891,CHI,clipper_transport,2,0.1
1891.2.1,1891,CHI,frigate,7,0.371
1891.2.1,1891,GXI,clipper_transport,1,0.05
1891.2.1,1891,GXI,frigate,1,0.05
1891.2.1,1891,ALD,clipper_transport,2,1.447
1891.2.1,1891,MEX,battleship,5,5.568
1891.2.1,1891,MEX,clipper_transport,79,86.701
1891.2.1,1891,MEX,cruiser,22,25.751
1891.2.1,1891,BRZ,clipper_transport,11,0.587
1891.2.1,1891,GUA,steam_transport,1,0.349
1891.3.1,1891,USA,battleship,17,20.356
1891.3.1,1891,USA,clipper_transport,111,85.008
1891.3.1,1891,USA,cruiser,9,10.627
1891.3.1,1891,USA,ironclad,1,1.041
1891.3.1,1891,USA,monitor,67,73.885
1891.3.1,1891,ENG,clipper_transport,201,203.05
1891.3.1,1891,ENG,commerce_raider,14,12.212
1891.3.1,1891,ENG,cruiser,49,52.142
1891.3.1,1891,ENG,frigate,6,5.229
1891.3.1,1891,ENG,manowar,13,11.287
1891.3.1,1891,ENG,monitor,35,36.747
1891.3.1,1891,FRA,clipper_transport,86,93.602
1891.3.1,1891,FRA,cruiser,18,16.844
1891.3.1,1891,FRA,ironclad,66,65.817
1891.3.1,1891,SCA,battleship,14,18.667
1891.3.1,1891,SCA,cruiser,1,1.0
1891.3.1,1891,SCA,steam_transport,51,59.781
1891.3.1,1891,RUS,clipper_transport,119,129.115
1891.3.1,1891,GER,clipper_transport,98,117.416
1891.3.1,1891,GER,commerce_raider,3,3.75
1891.3.1,1891,GER,cruiser,13,16.667
1891.3.1,1891,GER,ironclad,21,26.25
1891.3.1,1891,NET,battleship,5,6.667
1891.3.1,1891,NET,steam_transport,4,5.333
1891.3.1,1891,SPA,battleship,1,1.176
1891.3.1,1891,SPA,commerce_raider,1,1.011
1891.3.1,1891,SPA,ironclad,45,45.849
1891.3.1,1891,SPA,steam_transport,33,33.52
1891.3.1,1891,KUK,clipper_transport,20,1.166
1891.3.1,1891,CHL,battleship,4,4.0
1891.3.1,1891,CHL,cruiser,2,2.0
1891.3.1,1891,CHL,steam_transport,29,29.0
1891.3.1,1891,AST,clipper_transport,67,3.517
1891.3.1,1891,AST,commerce_raider,19,1.014
1891.3.1,1891,AST,ironclad,68,3.636
1891.3.1,1891,AST,monitor,43,2.405
1891.3.1,1891,AST,steam_transport,9,0.475
1891.3.1,1891,SAR,steam_transport,16,14.649
1891.3.1,1891,SIC,clipper_transport,10,11.937
1891.3.1,1891,TUR,clipper_transport,36,37.895
1891.3.1,1891,CHI,clipper_transport,2,0.1
1891.3.1,1891,CHI,frigate,7,0.371
1891.3.1,1891,GXI,clipper_transport,1,0.05
1891.3.1,1891,GXI,frigate,1,0.05
1891.3.1,1891,ALD,clipper_transport,2,1.581
1891.3.1,1891,MEX,battleship,5,5.568
1891.3.1,1891,MEX,clipper_transport,79,86.701
1891.3.1,1891,MEX,cruiser,22,25.751
1891.3.1,1891,BRZ,clipper_transport,11,0.587
1891.3.1,1891,GUA,steam_transport,1,0.321
1891.4.1,1891,USA,battleship,17,20.356
1891.4.1,1891,USA,clipper_transport,111,88.413
1891.4.1,1891,USA,cruiser,9,10.627
1891.4.1,1891,USA,ironclad,1,1.075
1891.4.1,1891,USA,monitor,67,74.416
1891.4.1,1891,ENG,clipper_transport,201,203.35
1891.4.1,1891,ENG,commerce_raider,14,12.212
1891.4.1,1891,ENG,cruiser,49,52.142
1891.4.1,1891,ENG,frigate,6,5.229
1891.4.1,1891,ENG,manowar,13,11.287
1891.4.1,1891,ENG,monitor,35,36.989
1891.4.1,1891,FRA,clipper_transport,86,95.028
1891.4.1,1891,FRA,cruiser,18,17.144
1891.4.1,1891,FRA,ironclad,66,66.604
1891.4.1,1891,SCA,battleship,14,18.667
1891.4.1,1891,SCA,cruiser,1,1.0
1891.4.1,1891,SCA,steam_transport,51,59.781
1891.4.1,1891,RUS,clipper_transport,119,129.115
1891.4.1,1891,GER,clipper_transport,98,117.416
1891.4.1,1891,GER,commerce_raider,3,3.75
1891.4.1,1891,GER,cruiser,13,16.667
1891.4.1,1891,GER,ironclad,21,26.25
1891.4.1,1891,NET,battleship,5,6.667
1891.4.1,1891,NET,steam_transport,4,5.333
1891.4.1,1891,SPA,battleship,1,1.176
1891.4.1,1891,SPA,commerce_raider,1,1.011
1891.4.1,1891,SPA,ironclad,45,45.849
1891.4.1,1891,SPA,steam_transport,33,33.52
1891.4.1,1891,KUK,clipper_transport,20,1.166
1891.4.1,1891,CHL,battleship,4,4.0
1891.4.1,1891,CHL,cruiser,2,2.0
1891.4.1,1891,CHL,steam_transport,30,29.964
1891.4.1,1891,AST,clipper_transport,67,3.517
1891.4.1,1891,AST,commerce_raider,19,1.014
1891.4.1,1891,AST,ironclad,68,3.636
1891.4.1,1891,AST,monitor,43,2.405
1891.4.1,1891,AST,steam_transport,9,0.475
1891.4.1,1891,SAR,steam_transport,16,14.516
1891.4.1,1891,SIC,clipper_transport,10,11.937
1891.4.1,1891,TUR,clipper_transport,36,37.895
1891.4.1,1891,CHI,clipper_transport,2,0.1
1891.4.1,1891,CHI,frigate,7,0.371
1891.4.1,1891,GXI,clipper_transport,1,0.05
1891.4.1,1891,GXI,frigate,1,0.05
1891.4.1,1891,ALD,clipper_transport,2,1.681
1891.4.1,1891,MEX,battleship,5,5.568
1891.4.1,1891,MEX,clipper_transport,79,86.701
1891.4.1,1891,MEX,cruiser,22,25.751
1891.4.1,1891,BRZ,clipper_transport,11,0.587
1891.4.1,1891,GUA,steam_transport,1,0.287
1891.5.1,1891,USA,battleship,17,20.356
1891.5.1,1891,USA,clipper_transport,111,99.189
1891.5.1,1891,USA,cruiser,9,10.627
1891.5.1,1891,USA,monitor,33,37.21
1891.5.1,1891,ENG,clipper_transport,201,203.423
1891.5.1,1891,ENG,commerce_raider,14,12.212
1891.5.1,1891,ENG,cruiser,49,52.142
1891.5.1,1891,ENG,frigate,6,5.229
1891.5.1,1891,ENG,manowar,13,11.287
1891.5.1,1891,ENG,monitor,35,37.007
1891.5.1,1891,FRA,clipper_transport,86,96.527
1891.5.1,1891,FRA,cruiser,18,17.399
1891.5.1,1891,FRA,ironclad,66,67.392
1891.5.1,1891,SCA,battleship,16,21.333
1891.5.1,1891,SCA,cruiser,1,1.0
1891.5.1,1891,SCA,steam_transport,51,59.781
1891.5.1,1891,RUS,clipper_transport,119,129.115
1891.5.1,1891,GER,clipper_transport,98,117.416
1891.5.1,1891,GER,commerce_raider,3,3.75
1891.5.1,1891,GER,cruiser,13,16.667
1891.5.1,1891,GER,ironclad,21,26.25
1891.5.1,1891,NET,battleship,5,6.667
1891.5.1,1891,NET,steam_transport,4,5.333
1891.5.1,1891,SPA,battleship,1,1.176
1891.5.1,1891,SPA,commerce_raider,1,1.011
1891.5.1,1891,SPA,ironclad,45,45.849
1891.5.1,1891,SPA,steam_transport,33,33.52
1891.5.1,1891,KUK,clipper_transport,20,1.166
1891.5.1,1891,CHL,battleship,4,4.0
1891.5.1,1891,CHL,cruiser,2,2.0
1891.5.1,1891,CHL,steam_transport,30,30.0
1891.5.1,1891,AST,clipper_transport,67,3.517
1891.5.1,1891,AST,commerce_raider,19,1.014
1891.5.1,1891,AST,ironclad,68,3.636
1891.5.1,1891,AST,monitor,43,2.405
1891.5.1,1891,AST,steam_transport,9,0.475
1891.5.1,1891,SAR,steam_transport,16,14.388
1891.5.1,1891,SIC,clipper_transport,10,11.937
1891.5.1,1891,TUR,clipper_transport,36,37.895
1891.5.1,1891,CHI,clipper_transport,2,0.1
1891.5.1,1891,CHI,frigate,7,0.371
1891.5.1,1891,GXI,clipper_transport,1,0.05
1891.5.1,1891,GXI,frigate,1,0.05
1891.5.1,1891,ALD,clipper_transport,2,1.477
1891.5.1,1891,MEX,battleship,5,5.568
1891.5.1,1891,MEX,clipper_transport,79,86.701
1891.5.1,1891,MEX,cruiser,22,25.751
1891.5.1,1891,BRZ,clipper_transport,11,0.587
1891.5.1,1891,GUA,steam_transport,1,0.254
1891.6.1,1891,USA,battleship,17,20.356
1891.6.1,1891,USA,clipper_transport,111,107.346
1891.6.1,1891,USA,cruiser,9,10.627
1891.6.1,1891,USA,monitor,33,37.21
1891.6.1,1891,ENG,clipper_transport,201,203.423
1891.6.1,1891,ENG,commerce_raider,14,12.212
1891.6.1,1891,ENG,cruiser,49,52.142
1891.6.1,1891,ENG,frigate,6,5.229
1891.6.1,1891,ENG,manowar,13,11.287
1891.6.1,1891,ENG,monitor,35,37.007
1891.6.1,1891,FRA,clipper_transport,86,97.916
1891.6.1,1891,FRA,cruiser,18,17.911
1891.6.1,1891,FRA,ironclad,66,67.393
1891.6.1,1891,SCA,battleship,17,22.667
1891.6.1,1891,SCA,cruiser,1,1.0
1891.6.1,1891,SCA,steam_transport,51,59.781
1891.6.1,1891,RUS,clipper_transport,119,129.115
1891.6.1,1891,GER,clipper_transport,98,117.416
1891.6.1,1891,GER,commerce_raider,3,3.75
1891.6.1,1891,GER,cruiser,13,16.667
1891.6.1,1891,GER,ironclad,21,26.25
1891.6.1,1891,NET,battleship,5,6.667
1891.6.1,1891,NET,steam_transport,4,5.333
1891.6.1,1891,SPA,battleship,1,1.176
1891.6.1,1891,SPA,commerce_raider,1,1.011
1891.6.1,1891,SPA,ironclad,45,45.849
1891.6.1,1891,SPA,steam_transport,36,37.049
1891.6.1,1891,KUK,clipper_transport,20,1.165
1891.6.1,1891,CHL,battleship,4,4.0
1891.6.1,1891,CHL,cruiser,2,2.0
1891.6.1,1891,CHL,steam_transport,30,30.0
1891.6.1,1891,AST,clipper_transport,67,3.517
1891.6.1,1891,AST,commerce_raider,19,1.014
1891.6.1,1891,AST,ironclad,68,3.653
1891.6.1,1891,AST,monitor,43,2.405
1891.6.1,1891,AST,steam_transport,9,0.475
1891.6.1,1891,SAR,steam_transport,16,14.203
1891.6.1,1891,SIC,clipper_transport,10,11.937
1891.6.1,1891,TUR,clipper_transport,36,37.895
1891.6.1,1891,CHI,clipper_transport,2,0.207
1891.6.1,1891,CHI,frigate,7,0.371
1891.6.1,1891,GXI,clipper_transport,1,0.05
1891.6.1,1891,GXI,frigate,1,0.05
1891.6.1,1891,ALD,clipper_transport,2,1.16
1891.6.1,1891,MEX,battleship,5,5.568
1891.6.1,1891,MEX,clipper_transport,79,86.701
1891.6.1,1891,MEX,cruiser,22,25.751
1891.6.1,1891,BRZ,clipper_transport,11,0.587
1891.6.1,1891,GUA,steam_transport,1,0.22
1891.7.1,1891,USA,battleship,17,20.356
1891.7.1,1891,USA,clipper_transport,111,114.012
1891.7.1,1891,USA,cruiser,9,10.627
1891.7.1,1891,USA,monitor,33,37.21
1891.7.1,1891,ENG,clipper_transport,201,203.423
1891.7.1,1891,ENG,commerce_raider,14,12.212
1891.7.1,1891,ENG,cruiser,49,52.142
1891.7.1,1891,ENG,frigate,6,5.229
1891.7.1,1891,ENG,manowar,13,11.287
1891.7.1,1891,ENG,monitor,35,37.007
1891.7.1,1891,FRA,clipper_transport,86,99.111
1891.7.1,1891,FRA,cruiser,18,18.298
1891.7.1,1891,FRA,ironclad,66,67.395
1891.7.1,1891,SCA,battleship,17,22.667
1891.7.1,1891,SCA,cruiser,1,1.0
1891.7.1,1891,SCA,steam_transport,51,59.781
1891.7.1,1891,RUS,clipper_transport,119,129.115
1891.7.1,1891,GER,clipper_transport,98,117.416
1891.7.1,1891,GER,commerce_raider,3,3.75
1891.7.1,1891,GER,cruiser,13,16.667
1891.7.1,1891,GER,ironclad,21,26.25
1891.7.1,1891,NET,battleship,5,6.667
1891.7.1,1891,NET,steam_transport,4,5.333
1891.7.1,1891,SPA,battleship,1,1.176
1891.7.1,1891,SPA,commerce_raider,1,1.011
1891.7.1,1891,SPA,ironclad,45,45.849
1891.7.1,1891,SPA,steam_transport,39,40.578
1891.7.1,1891,KUK,clipper_transport,20,1.165
1891.7.1,1891,CHL,battleship,4,4.0
1891.7.1,1891,CHL,cruiser,2,2.0
1891.7.1,1891,CHL,steam_transport,30,30.0
1891.7.1,1891,AST,clipper_transport,67,3.517
1891.7.1,1891,AST,commerce_raider,19,1.014
1891.7.1,1891,AST,ironclad,68,3.653
1891.7.1,1891,AST,monitor,43,2.405
1891.7.1,1891,AST,steam_transport,9,0.475
1891.7.1,1891,SAR,steam_transport,16,13.96
1891.7.1,1891,SIC,clipper_transport,10,11.937
1891.7.1,1891,TUR,clipper_transport,36,37.895
1891.7.1,1891,CHI,clipper_transport,2,0.203
1891.7.1,1891,CHI,frigate,7,0.371
1891.7.1,1891,GXI,clipper_transport,1,0.05
1891.7.1,1891,GXI,frigate,1,0.05
1891.7.1,1891,ALD,clipper_transport,2,0.854
1891.7.1,1891,MEX,battleship,5,5.534
1891.7.1,1891,MEX,clipper_transport,79,86.701
1891.7.1,1891,MEX,cruiser,22,25.435
1891.7.1,1891,BRZ,clipper_transport,11,0.587
1891.7.1,1891,GUA,steam_transport,1,0.187
1891.8.1,1891,USA,battleship,17,20.356
1891.8.1,1891,USA,clipper_transport,111,117.641
1891.8.1,1891,USA,cruiser,9,10.627
1891.8.1,1891,USA,monitor,33,37.21
1891.8.1,1891,ENG,clipper_transport,201,203.423
1891.8.1,1891,ENG,commerce_raider,14,12.212
1891.8.1,1891,ENG,cruiser,49,52.142
1891.8.1,1891,ENG,frigate,6,5.229
1891.8.1,1891,ENG,manowar,13,11.287
1891.8.1,1891,ENG,monitor,35,37.007
1891.8.1,1891,FRA,clipper_transport,86,100.198
1891.8.1,1891,FRA,cruiser,18,18.757
1891.8.1,1891,FRA,ironclad,66,67.398
1891.8.1,1891,SCA,battleship,17,22.667
1891.8.1,1891,SCA,cruiser,1,1.0
1891.8.1,1891,SCA,steam_transport,51,59.781
1891.8.1,1891,RUS,clipper_transport,119,129.115
1891.8.1,1891,GER,clipper_transport,98,117.416
1891.8.1,1891,GER,commerce_raider,3,3.75
1891.8.1,1891,GER,cruiser,13,16.667
1891.8.1,1891,GER,ironclad,21,26.25
1891.8.1,1891,NET,battleship,5,6.667
1891.8.1,1891,NET,steam_transport,7,9.333
1891.8.1,1891,SPA,battleship,1,1.176
1891.8.1,1891,SPA,commerce_raider,1,1.011
1891.8.1,1891,SPA,ironclad,45,45.849
1891.8.1,1891,SPA,steam_transport,39,40.578
1891.8.1,1891,KUK,clipper_transport,20,1.165
1891.8.1,1891,CHL,battleship,4,4.0
1891.8.1,1891,CHL,cruiser,2,2.0
1891.8.1,1891,CHL,steam_transport,30,30.0
1891.8.1,1891,AST,clipper_transport,67,3.517
1891.8.1,1891,AST,commerce_raider,19,1.014
1891.8.1,1891,AST,ironclad,68,3.653
1891.8.1,1891,AST,monitor,43,2.405
1891.8.1,1891,AST,steam_transport,9,0.475
1891.8.1,1891,SAR,steam_transport,16,13.924
1891.8.1,1891,SIC,clipper_transport,10,11.937
1891.8.1,1891,TUR,clipper_transport,36,37.895
1891.8.1,1891,CHI,clipper_transport,2,0.192
1891.8.1,1891,CHI,frigate,7,0.371
1891.8.1,1891,GXI,clipper_transport,1,0.05
1891.8.1,1891,GXI,frigate,1,0.05
1891.8.1,1891,ALD,clipper_transport,2,0.538
1891.8.1,1891,MEX,battleship,5,5.558
1891.8.1,1891,MEX,clipper_transport,79,86.701
1891.8.1,1891,MEX,cruiser,22,25.523
1891.8.1,1891,BRZ,clipper_transport,11,0.587
1891.8.1,1891,GUA,steam_transport,1,0.153
1891.9.1,1891,USA,battleship,17,20.251
1891.9.1,1891,USA,clipper_transport,111,117.304
1891.9.1,1891,USA,cruiser,9,10.544
1891.9.1,1891,USA,monitor,33,37.21
1891.9.1,1891,ENG,clipper_transport,201,203.423
1891.9.1,1891,ENG,commerce_raider,14,12.212
1891.9.1,1891,ENG,cruiser,49,52.142
1891.9.1,1891,ENG,frigate,6,5.229
1891.9.1,1891,ENG,manowar,13,11.287
1891.9.1,1891,ENG,monitor,35,37.007
1891.9.1,1891,FRA,clipper_transport,86,101.243
1891.9.1,1891,FRA,cruiser,18,19.358
1891.9.1,1891,FRA,ironclad,66,67.418
1891.9.1,1891,SCA,battleship,17,22.667
1891.9.1,1891,SCA,cruiser,1,1.0
1891.9.1,1891,SCA,steam_transport,51,59.781
1891.9.1,1891,RUS,clipper_transport,119,129.115
1891.9.1,1891,GER,clipper_transport,98,117.416
1891.9.1,1891,GER,commerce_raider,3,3.75
1891.9.1,1891,GER,cruiser,13,16.667
1891.9.1,1891,GER,ironclad,21,26.25
1891.9.1,1891,NET,battleship,5,6.667
1891.9.1,1891,NET,steam_transport,7,9.333
1891.9.1,1891,SPA,battleship,1,1.176
1891.9.1,1891,SPA,commerce_raider,1,1.011
1891.9.1,1891,SPA,ironclad,45,45.849
1891.9.1,1891,SPA,steam_transport,39,40.578
1891.9.1,1891,KUK,clipper_transport,20,1.165
1891.9.1,1891,CHL,battleship,4,4.0
1891.9.1,1891,CHL,cruiser,2,2.0
1891.9.1,1891,CHL,steam_transport,30,30.0
1891.9.1,1891,AST,clipper_transport,67,3.517
1891.9.1,1891,AST,commerce_raider,19,1.014
1891.9.1,1891,AST,ironclad,68,3.653
1891.9.1,1891,AST,monitor,43,2.405
1891.9.1,1891,AST,steam_transport,9,0.475
1891.9.1,1891,SAR,steam_transport,16,13.828
1891.9.1,1891,SIC,clipper_transport,10,11.937
1891.9.1,1891,TUR,clipper_transport,36,37.895
1891.9.1,1891,CHI,clipper_transport,2,0.178
1891.9.1,1891,CHI,frigate,7,0.371
1891.9.1,1891,GXI,clipper_transport,1,0.05
1891.9.1,1891,GXI,frigate,1,0.05
1891.9.1,1891,ALD,clipper_transport,2,0.34
1891.9.1,1891,MEX,battleship,5,5.558
1891.9.1,1891,MEX,clipper_transport,79,86.701
1891.9.1,1891,MEX,cruiser,22,25.628
1891.9.1,1891,BRZ,clipper_transport,11,0.587
1891.9.1,1891,GUA,steam_transport,1,0.118
1891.10.1,1891,USA,battleship,17,20.178
1891.10.1,1891,USA,clipper_transport,111,117.478
1891.10.1,1891,USA,cruiser,9,10.552
1891.10.1,1891,USA,monitor,33,37.21
1891.10.1,1891,ENG,clipper_transport,201,203.423
1891.10.1,1891,ENG,commerce_raider,14,12.212
1891.10.1,1891,ENG,cruiser,49,52.142
1891.10.1,1891,ENG,frigate,6,5.229
1891.10.1,1891,ENG,manowar,13,11.287
1891.10.1,1891,ENG,monitor,35,37.007
1891.10.1,1891,FRA,clipper_transport,86,102.064
1891.10.1,1891,FRA,cruiser,18,19.947
1891.10.1,1891,FRA,ironclad,66,67.447
1891.10.1,1891,SCA,battleship,17,22.667
1891.10.1,1891,SCA,cruiser,1,1.0
1891.10.1,1891,SCA,steam_transport,51,59.781
1891.10.1,1891,RUS,clipper_transport,119,129.115
1891.10.1,1891,GER,clipper_transport,98,117.416
1891.10.1,1891,GER,commerce_raider,3,3.75
1891.10.1,1891,GER,cruiser,13,16.667
1891.10.1,1891,GER,ironclad,21,26.25
1891.10.1,1891,NET,battleship,5,6.667
1891.10.1,1891,NET,steam_transport,8,10.667
1891.10.1,1891,SPA,battleship,1,1.176
1891.10.1,1891,SPA,commerce_raider,1,1.011
1891.10.1,1891,SPA,ironclad,45,45.849
1891.10.1,1891,SPA,steam_transport,39,40.578
1891.10.1,1891,KUK,clipper_transport,20,1.165
1891.10.1,1891,CHL,battleship,4,4.0
1891.10.1,1891,CHL,cruiser,2,2.0
1891.10.1,1891,CHL,steam_transport,30,30.0
1891.10.1,1891,AST,clipper_transport,67,3.517
1891.10.1,1891,AST,commerce_raider,19,1.014
1891.10.1,1891,AST,ironclad,68,3.653
1891.10.1,1891,AST,monitor,43,2.405
1891.10.1,1891,AST,steam_transport,9,0.475
1891.10.1,1891,SAR,steam_transport,16,13.701
1891.10.1,1891,SIC,clipper_transport,10,11.937
1891.10.1,1891,TUR,clipper_transport,36,37.895
1891.10.1,1891,CHI,clipper_transport,2,0.165
1891.10.1,1891,CHI,frigate,7,0.371
1891.10.1,1891,GXI,clipper_transport,1,0.05
1891.10.1,1891,GXI,frigate,1,0.05
1891.10.1,1891,ALD,clipper_transport,2,0.188
1891.10.1,1891,MEX,battleship,5,5.558
1891.10.1,1891,MEX,clipper_transport,79,86.701
1891.10.1,1891,MEX,cruiser,22,25.683
1891.10.1,1891,BRZ,clipper_transport,11,0.587
1891.10.1,1891,GUA,steam_transport,1,0.086
1891.11.1,1891,USA,battleship,17,20.178
1891.11.1,1891,USA,clipper_transport,111,117.478
1891.11.1,1891,USA,cruiser,9,10.552
1891.11.1,1891,USA,monitor,33,37.21
1891.11.1,1891,ENG,clipper_transport,201,203.423
1891.11.1,1891,ENG,commerce_raider,14,12.212
1891.11.1,1891,ENG,cruiser,49,52.142
1891.11.1,1891,ENG,frigate,6,5.229
1891.11.1,1891,ENG,manowar,13,11.287
1891.11.1,1891,ENG,monitor,35,37.007
1891.11.1,1891,FRA,clipper_transport,86,102.606
1891.11.1,1891,FRA,cruiser,18,20.51
1891.11.1,1891,FRA,ironclad,66,67.493
1891.11.1,1891,SCA,battleship,17,22.667
1891.11.1,1891,SCA,cruiser,1,1.0
1891.11.1,1891,SCA,steam_transport,51,59.781
1891.11.1,1891,RUS,clipper_transport,119,129.115
1891.11.1,1891,GER,clipper_transport,98,117.416
1891.11.1,1891,GER,commerce_raider,3,3.75
1891.11.1,1891,GER,cruiser,13,16.667
1891.11.1,1891,GER,ironclad,21,26.25
1891.11.1,1891,NET,battleship,5,6.667
1891.11.1,1891,NET,steam_transport,8,10.667
1891.11.1,1891,SPA,battleship,1,1.176
1891.11.1,1891,SPA,commerce_raider,1,1.011
1891.11.1,1891,SPA,ironclad,45,45.849
1891.11.1,1891,SPA,steam_transport,39,40.578
1891.11.1,1891,KUK,clipper_transport,20,1.165
1891.11.1,1891,CHL,battleship,4,4.0
1891.11.1,1891,CHL,cruiser,2,2.0
1891.11.1,1891,CHL,steam_transport,30,30.0
1891.11.1,1891,AST,clipper_transport,67,3.989
1891.11.1,1891,AST,commerce_raider,19,1.041
1891.11.1,1891,AST,ironclad,68,5.478
1891.11.1,1891,AST,monitor,43,2.959
1891.11.1,1891,AST,steam_transport,9,0.475
1891.11.1,1891,SAR,steam_transport,16,13.569
1891.11.1,1891,SIC,clipper_transport,10,11.937
1891.11.1,1891,TUR,clipper_transport,36,37.895
1891.11.1,1891,CHI,clipper_transport,2,0.153
1891.11.1,1891,CHI,frigate,7,0.371
1891.11.1,1891,GXI,clipper_transport,1,0.05
1891.11.1,1891,GXI,frigate,1,0.05
1891.11.1,1891,ALD,clipper_transport,2,0.102
1891.11.1,1891,MEX,battleship,5,5.558
1891.11.1,1891,MEX,clipper_transport,79,86.701
1891.11.1,1891,MEX,cruiser,22,25.683
1891.11.1,1891,BRZ,clipper_transport,11,0.587
1891.11.1,1891,GUA,steam_transport,1,0.08
1891.12.1,1891,USA,battleship,17,19.966
1891.12.1,1891,USA,clipper_transport,111,116.557
1891.12.1,1891,USA,cruiser,10,11.814
1891.12.1,1891,USA,monitor,33,37.21
1891.12.1,1891,ENG,clipper_transport,201,203.423
1891.12.1,1891,ENG,commerce_raider,14,12.212
1891.12.1,1891,ENG,cruiser,49,52.142
1891.12.1,1891,ENG,frigate,6,5.229
1891.12.1,1891,ENG,manowar,13,11.287
1891.12.1,1891,ENG,monitor,35,37.007
1891.12.1,1891,FRA,clipper_transport,86,102.78
1891.12.1,1891,FRA,cruiser,18,21.04
1891.12.1,1891,FRA,ironclad,66,67.553
1891.12.1,1891,SCA,battleship,17,22.667
1891.12.1,1891,SCA,cruiser,1,1.0
1891.12.1,1891,SCA,steam_transport,51,59.781
1891.12.1,1891,RUS,clipper_transport,119,129.115
1891.12.1,1891,GER,clipper_transport,98,117.416
1891.12.1,1891,GER,commerce_raider,3,3.75
1891.12.1,1891,GER,cruiser,13,16.667
1891.12.1,1891,GER,ironclad,21,26.25
1891.12.1,1891,NET,battleship,5,6.667
1891.12.1,1891,NET,steam_transport,8,10.667
1891.12.1,1891,SPA,battleship,1,1.176
1891.12.1,1891,SPA,commerce_raider,1,1.011
1891.12.1,1891,SPA,ironclad,45,45.849
1891.12.1,1891,SPA,steam_transport,39,40.578
1891.12.1,1891,KUK,clipper_transport,20,1.165
1891.12.1,1891,CHL,battleship,4,4.0
1891.12.1,1891,CHL,cruiser,2,2.0
1891.12.1,1891,CHL,steam_transport,30,30.0
1891.12.1,1891,AST,clipper_transport,67,19.374
1891.12.1,1891,AST,commerce_raider,19,5.521
1891.12.1,1891,AST,ironclad,68,21.21
1891.12.1,1891,AST,monitor,43,13.359
1891.12.1,1891,AST,steam_transport,9,2.557
1891.12.1,1891,SAR,steam_transport,16,13.443
1891.12.1,1891,SIC,clipper_transport,10,11.937
1891.12.1,1891,TUR,clipper_transport,36,37.895
1891.12.1,1891,CHI,clipper_transport,2,0.139
1891.12.1,1891,CHI,frigate,7,0.371
1891.12.1,1891,GXI,clipper_transport,1,0.05
1891.12.1,1891,GXI,frigate,1,0.05
1891.12.1,1891,ALD,clipper_transport,2,0.102
1891.12.1,1891,MEX,battleship,5,5.558
1891.12.1,1891,MEX,clipper_transport,79,86.701
1891.12.1,1891,MEX,cruiser,22,25.683
1891.12.1,1891,BRZ,clipper_transport,11,0.587
1891.12.1,1891,GUA,steam_transport,1,0.08
1892.1.1,1892,USA,battleship,17,20.02
1892.1.1,1892,USA,clipper_transport,111,116.392
1892.1.1,1892,USA,cruiser,12,14.497
1892.1.1,1892,USA,monitor,33,37.21
1892.1.1,1892,ENG,clipper_transport,201,203.423
1892.1.1,1892,ENG,commerce_raider,14,12.212
1892.1.1,1892,ENG,cruiser,49,52.142
1892.1.1,1892,ENG,frigate,6,5.229
1892.1.1,1892,ENG,manowar,13,11.287
1892.1.1,1892,ENG,monitor,35,37.007
1892.1.1,1892,FRA,clipper_transport,86,102.875
1892.1.1,1892,FRA,cruiser,18,21.529
1892.1.1,1892,FRA,ironclad,66,67.65
1892.1.1,1892,SCA,battleship,18,24.0
1892.1.1,1892,SCA,cruiser,1,1.0
1892.1.1,1892,SCA,steam_transport,51,59.781
1892.1.1,1892,RUS,clipper_transport,119,129.115
1892.1.1,1892,GER,clipper_transport,98,117.416
1892.1.1,1892,GER,commerce_raider,3,3.75
1892.1.1,1892,GER,cruiser,13,16.667
1892.1.1,1892,GER,ironclad,21,26.25
1892.1.1,1892,NET,battleship,5,6.667
1892.1.1,1892,NET,steam_transport,8,10.667
1892.1.1,1892,SPA,battleship,1,1.176
1892.1.1,1892,SPA,commerce_raider,1,1.011
1892.1.1,1892,SPA,ironclad,45,45.849
1892.1.1,1892,SPA,steam_transport,39,40.578
1892.1.1,1892,KUK,clipper_transport,20,1.165
1892.1.1,1892,CHL,battleship,4,4.0
1892.1.1,1892,CHL,cruiser,2,2.0
1892.1.1,1892,CHL,steam_transport,30,30.0
1892.1.1,1892,AST,clipper_transport,67,30.946
1892.1.1,1892,AST,commerce_raider,19,7.569
1892.1.1,1892,AST,ironclad,68,34.743
1892.1.1,1892,AST,monitor,43,23.616
1892.1.1,1892,AST,steam_transport,9,4.624
1892.1.1,1892,SAR,steam_transport,16,13.311
1892.1.1,1892,SIC,clipper_transport,10,11.937
1892.1.1,1892,TUR,clipper_transport,36,37.895
1892.1.1,1892,CHI,clipper_transport,2,0.121
1892.1.1,1892,CHI,frigate,7,0.371
1892.1.1,1892,GXI,clipper_transport,1,0.05
1892.1.1,1892,GXI,frigate,1,0.05
1892.1.1,1892,ALD,clipper_transport,2,0.102
1892.1.1,1892,MEX,battleship,5,5.558
1892.1.1,1892,MEX,clipper_transport,79,86.701
1892.1.1,1892,MEX,cruiser,22,25.683
1892.1.1,1892,BRZ,clipper_transport,11,0.587
1892.1.1,1892,GUA,steam_transport,1,0.08
1892.2.1,1892,USA,battleship,17,19.773
1892.2.1,1892,USA,clipper_transport,111,115.958
1892.2.1,1892,USA,cruiser,12,14.381
1892.2.1,1892,USA,monitor,33,37.21
1892.2.1,1892,ENG,clipper_transport,201,203.423
1892.2.1,1892,ENG,commerce_raider,14,12.212
1892.2.1,1892,ENG,cruiser,49,52.142
1892.2.1,1892,ENG,frigate,6,5.229
1892.2.1,1892,ENG,manowar,13,11.287
1892.2.1,1892,ENG,monitor,35,37.007
1892.2.1,1892,FRA,clipper_transport,86,102.875
1892.2.1,1892,FRA,cruiser,18,21.965
1892.2.1,1892,FRA,ironclad,66,67.785
1892.2.1,1892,SCA,battleship,19,25.333
1892.2.1,1892,SCA,cruiser,1,1.0
1892.2.1,1892,SCA,steam_transport,51,59.781
1892.2.1,1892,RUS,clipper_transport,119,129.115
1892.2.1,1892,GER,clipper_transport,98,117.416
1892.2.1,1892,GER,commerce_raider,3,3.75
1892.2.1,1892,GER,cruiser,13,16.667
1892.2.1,1892,GER,ironclad,21,26.25
1892.2.1,1892,NET,battleship,5,6.667
1892.2.1,1892,NET,steam_transport,8,10.667
1892.2.1,1892,SPA,battleship,1,1.176
1892.2.1,1892,SPA,commerce_raider,1,1.011
1892.2.1,1892,SPA,ironclad,45,45.849
1892.2.1,1892,SPA,steam_transport,39,40.578
1892.2.1,1892,KUK,clipper_transport,20,1.165
1892.2.1,1892,CHL,battleship,4,4.0
1892.2.1,1892,CHL,cruiser,2,2.0
1892.2.1,1892,CHL,steam_transport,30,30.0
1892.2.1,1892,AST,clipper_transport,67,42.434
1892.2.1,1892,AST,commerce_raider,19,9.584
1892.2.1,1892,AST,ironclad,68,48.17
1892.2.1,1892,AST,monitor,43,33.75
1892.2.1,1892,AST,steam_transport,9,6.679
1892.2.1,1892,SAR,steam_transport,16,13.18
1892.2.1,1892,SIC,battleship,1,1.333
1892.2.1,1892,SIC,clipper_transport,10,11.937
1892.2.1,1892,TUR,clipper_transport,36,37.895
1892.2.1,1892,CHI,clipper_transport,2,0.114
1892.2.1,1892,CHI,frigate,7,0.371
1892.2.1,1892,GXI,clipper_transport,1,0.05
1892.2.1,1892,GXI,frigate,1,0.05
1892.2.1,1892,ALD,clipper_transport,2,0.102
1892.2.1,1892,MEX,battleship,5,5.558
1892.2.1,1892,MEX,clipper_transport,79,86.701
1892.2.1,1892,MEX,cruiser,22,25.683
1892.2.1,1892,BRZ,clipper_transport,11,0.587
1892.2.1,1892,GUA,steam_transport,1,0.08
1892.3.1,1892,USA,battleship,17,19.024
1892.3.1,1892,USA,clipper_transport,111,111.771
1892.3.1,1892,USA,cruiser,12,14.065
1892.3.1,1892,USA,monitor,33,37.21
1892.3.1,1892,ENG,clipper_transport,201,203.423
1892.3.1,1892,ENG,commerce_raider,14,12.212
1892.3.1,1892,ENG,cruiser,49,52.142
1892.3.1,1892,ENG,frigate,6,5.229
1892.3.1,1892,ENG,manowar,13,11.287
1892.3.1,1892,ENG,monitor,35,37.007
1892.3.1,1892,FRA,clipper_transport,86,102.875
1892.3.1,1892,FRA,cruiser,18,22.333
1892.3.1,1892,FRA,ironclad,66,67.971
1892.3.1,1892,SCA,battleship,19,25.333
1892.3.1,1892,SCA,cruiser,1,1.0
1892.3.1,1892,SCA,steam_transport,51,59.781
1892.3.1,1892,RUS,clipper_transport,119,129.115
1892.3.1,1892,GER,clipper_transport,98,117.416
1892.3.1,1892,GER,commerce_raider,3,3.75
1892.3.1,1892,GER,cruiser,13,16.667
1892.3.1,1892,GER,ironclad,21,26.25
1892.3.1,1892,NET,battleship,5,6.667
1892.3.1,1892,NET,steam_transport,11,14.667
1892.3.1,1892,SPA,battleship,1,1.176
1892.3.1,1892,SPA,commerce_raider,1,1.011
1892.3.1,1892,SPA,ironclad,45,45.849
1892.3.1,1892,SPA,steam_transport,39,40.578
1892.3.1,1892,KUK,clipper_transport,20,1.165
1892.3.1,1892,CHL,battleship,4,4.0
1892.3.1,1892,CHL,cruiser,2,2.0
1892.3.1,1892,CHL,steam_transport,30,30.0
1892.3.1,1892,AST,clipper_transport,67,53.831
1892.3.1,1892,AST,commerce_raider,19,11.613
1892.3.1,1892,AST,ironclad,68,61.313
1892.3.1,1892,AST,monitor,43,43.694
1892.3.1,1892,AST,steam_transport,9,8.721
1892.3.1,1892,SAR,steam_transport,16,13.063
1892.3.1,1892,SIC,battleship,2,2.667
1892.3.1,1892,SIC,clipper_transport,10,11.937
1892.3.1,1892,TUR,clipper_transport,36,37.895
1892.3.1,1892,CHI,clipper_transport,2,0.114
1892.3.1,1892,CHI,frigate,7,0.371
1892.3.1,1892,GXI,clipper_transport,1,0.05
1892.3.1,1892,GXI,frigate,1,0.05
1892.3.1,1892,ALD,clipper_transport,2,0.102
1892.3.1,1892,MEX,battleship,5,5.558
1892.3.1,1892,MEX,clipper_transport,79,86.701
1892.3.1,1892,MEX,cruiser,22,25.683
1892.3.1,1892,BRZ,clipper_transport,11,0.587
1892.3.1,1892,GUA,steam_transport,1,0.08
1892.4.1,1892,USA,battleship,17,18.378
1892.4.1,1892,USA,clipper_transport,111,108.229
1892.4.1,1892,USA,cruiser,12,13.776
1892.4.1,1892,USA,monitor,16,17.838
1892.4.1,1892,ENG,clipper_transport,201,203.423
1892.4.1,1892,ENG,commerce_raider,14,12.212
1892.4.1,1892,ENG,cruiser,49,52.142
1892.4.1,1892,ENG,frigate,6,5.229
1892.4.1,1892,ENG,manowar,13,11.287
1892.4.1,1892,ENG,monitor,35,37.007
1892.4.1,1892,FRA,clipper_transport,86,102.753
1892.4.1,1892,FRA,cruiser,18,22.616
1892.4.1,1892,FRA,ironclad,66,68.155
1892.4.1,1892,SCA,battleship,19,25.267
1892.4.1,1892,SCA,cruiser,1,1.0
1892.4.1,1892,SCA,steam_transport,51,59.6
1892.4.1,1892,RUS,clipper_transport,119,129.115
1892.4.1,1892,GER,clipper_transport,98,117.416
1892.4.1,1892,GER,commerce_raider,3,3.75
1892.4.1,1892,GER,cruiser,13,16.667
1892.4.1,1892,GER,ironclad,21,26.25
1892.4.1,1892,NET,battleship,5,6.667
1892.4.1,1892,NET,steam_transport,11,14.667
1892.4.1,1892,SPA,battleship,1,1.176
1892.4.1,1892,SPA,commerce_raider,1,1.011
1892.4.1,1892,SPA,ironclad,45,45.849
1892.4.1,1892,SPA,steam_transport,39,40.578
1892.4.1,1892,KUK,clipper_transport,20,1.165
1892.4.1,1892,CHL,battleship,4,4.0
1892.4.1,1892,CHL,cruiser,2,2.0
1892.4.1,1892,CHL,steam_transport,30,30.0
1892.4.1,1892,AST,clipper_transport,67,56.997
1892.4.1,1892,AST,commerce_raider,19,12.242
1892.4.1,1892,AST,ironclad,68,64.292
1892.4.1,1892,AST,monitor,43,46.225
1892.4.1,1892,AST,steam_transport,9,9.351
1892.4.1,1892,SAR,steam_transport,16,12.931
1892.4.1,1892,SIC,battleship,4,5.333
1892.4.1,1892,SIC,clipper_transport,10,11.937
1892.4.1,1892,TUR,clipper_transport,36,37.895
1892.4.1,1892,CHI,clipper_transport,2,0.114
1892.4.1,1892,CHI,frigate,7,0.371
1892.4.1,1892,GXI,clipper_transport,1,0.05
1892.4.1,1892,GXI,frigate,1,0.05
1892.4.1,1892,ALD,clipper_transport,2,0.102
1892.4.1,1892,MEX,battleship,5,5.558
1892.4.1,1892,MEX,clipper_transport,79,86.701
1892.4.1,1892,MEX,cruiser,22,25.683
1892.4.1,1892,BRZ,clipper_transport,11,0.587
1892.4.1,1892,GUA,steam_transport,1,0.08
1892.5.1,1892,USA,battleship,17,18.378
1892.5.1,1892,USA,clipper_transport,111,108.229
1892.5.1,1892,USA,cruiser,12,13.746
1892.5.1,1892,ENG,clipper_transport,201,203.423
1892.5.1,1892,ENG,commerce_raider,14,12.212
1892.5.1,1892,ENG,cruiser,49,52.142
1892.5.1,1892,ENG,frigate,6,5.229
1892.5.1,1892,ENG,manowar,13,11.287
1892.5.1,1892,ENG,monitor,35,37.007
1892.5.1,1892,FRA,clipper_transport,86,102.795
1892.5.1,1892,FRA,cruiser,18,22.795
1892.5.1,1892,FRA,ironclad,66,68.48
1892.5.1,1892,SCA,battleship,19,25.271
1892.5.1,1892,SCA,cruiser,1,1.0
1892.5.1,1892,SCA,steam_transport,51,59.685
1892.5.1,1892,RUS,clipper_transport,119,129.115
1892.5.1,1892,GER,clipper_transport,98,117.416
1892.5.1,1892,GER,commerce_raider,3,3.75
1892.5.1,1892,GER,cruiser,13,16.667
1892.5.1,1892,GER,ironclad,21,26.25
1892.5.1,1892,NET,battleship,5,6.667
1892.5.1,1892,NET,steam_transport,11,14.667
1892.5.1,1892,SPA,battleship,1,1.176
1892.5.1,1892,SPA,commerce_raider,1,1.011
1892.5.1,1892,SPA,ironclad,45,45.849
1892.5.1,1892,SPA,steam_transport,39,40.578
1892.5.1,1892,KUK,clipper_transport,20,1.165
1892.5.1,1892,CHL,battleship,4,4.0
1892.5.1,1892,CHL,cruiser,2,2.0
1892.5.1,1892,CHL,steam_transport,30,30.0
1892.5.1,1892,AST,clipper_transport,67,56.997
1892.5.1,1892,AST,commerce_raider,19,12.242
1892.5.1,1892,AST,ironclad,68,64.292
1892.5.1,1892,AST,monitor,43,46.225
1892.5.1,1892,AST,steam_transport,9,9.351
1892.5.1,1892,SAR,steam_transport,16,12.805
1892.5.1,1892,SIC,battleship,6,8.0
1892.5.1,1892,SIC,clipper_transport,10,11.937
1892.5.1,1892,SIC,cruiser,1,1.333
1892.5.1,1892,TUR,clipper_transport,36,37.895
1892.5.1,1892,CHI,clipper_transport,2,0.104
1892.5.1,1892,CHI,frigate,7,0.371
1892.5.1,1892,GXI,clipper_transport,1,0.05
1892.5.1,1892,GXI,frigate,1,0.05
1892.5.1,1892,ALD,clipper_transport,2,0.102
1892.5.1,1892,MEX,battleship,5,5.558
1892.5.1,1892,MEX,clipper_transport,79,86.701
1892.5.1,1892,MEX,cruiser,22,25.683
1892.5.1,1892,BRZ,clipper_transport,11,0.587
1892.5.1,1892,GUA,steam_transport,1,0.08
1892.6.1,1892,USA,battleship,17,18.378
1892.6.1,1892,USA,clipper_transport,111,116.974
1892.6.1,1892,USA,cruiser,12,13.716
1892.6.1,1892,ENG,clipper_transport,200,203.277
1892.6.1,1892,ENG,cruiser,49,52.142
1892.6.1,1892,ENG,manowar,8,6.947
1892.6.1,1892,ENG,monitor,35,37.007
1892.6.1,1892,FRA,clipper_transport,86,102.805
1892.6.1,1892,FRA,cruiser,18,22.838
1892.6.1,1892,FRA,ironclad,66,68.927
1892.6.1,1892,SCA,battleship,19,25.271
1892.6.1,1892,SCA,cruiser,1,1.0
1892.6.1,1892,SCA,steam_transport,51,59.751
1892.6.1,1892,RUS,clipper_transport,119,129.115
1892.6.1,1892,GER,clipper_transport,98,117.416
1892.6.1,1892,GER,commerce_raider,3,3.75
1892.6.1,1892,GER,cruiser,13,16.667
1892.6.1,1892,GER,ironclad,21,26.25
1892.6.1,1892,NET,battleship,5,6.667
1892.6.1,1892,NET,steam_transport,12,16.0
1892.6.1,1892,SPA,battleship,1,1.176
1892.6.1,1892,SPA,commerce_raider,1,1.011
1892.6.1,1892,SPA,ironclad,45,45.849
1892.6.1,1892,SPA,steam_transport,39,40.578
1892.6.1,1892,KUK,clipper_transport,20,1.159
1892.6.1,1892,CHL,battleship,4,4.0
1892.6.1,1892,CHL,cruiser,5,5.0
1892.6.1,1892,CHL,steam_transport,30,30.0
1892.6.1,1892,AST,clipper_transport,67,56.997
1892.6.1,1892,AST,commerce_raider,19,12.242
1892.6.1,1892,AST,ironclad,68,64.292
1892.6.1,1892,AST,monitor,43,46.225
1892.6.1,1892,AST,steam_transport,9,9.351
1892.6.1,1892,SAR,steam_transport,16,12.674
1892.6.1,1892,SIC,battleship,6,8.0
1892.6.1,1892,SIC,clipper_transport,10,11.937
1892.6.1,1892,SIC,cruiser,3,4.0
1892.6.1,1892,TUR,clipper_transport,36,37.895
1892.6.1,1892,CHI,clipper_transport,2,0.1
1892.6.1,1892,CHI,frigate,7,0.371
1892.6.1,1892,GXI,clipper_transport,1,0.05
1892.6.1,1892,GXI,frigate,1,0.05
1892.6.1,1892,ALD,clipper_transport,2,0.102
1892.6.1,1892,MEX,battleship,5,5.558
1892.6.1,1892,MEX,clipper_transport,79,86.701
1892.6.1,1892,MEX,cruiser,22,25.683
1892.6.1,1892,BRZ,clipper_transport,11,0.587
1892.6.1,1892,GUA,steam_transport,1,0.08
1892.7.1,1892,USA,battleship,17,19.779
1892.7.1,1892,USA,clipper_transport,111,116.974
1892.7.1,1892,USA,cruiser,12,14.32
1892.7.1,1892,ENG,clipper_transport,200,203.685
1892.7.1,1892,ENG,cruiser,49,52.142
1892.7.1,1892,ENG,manowar,8,6.947
1892.7.1,1892,ENG,monitor,35,37.007
1892.7.1,1892,FRA,clipper_transport,86,102.805
1892.7.1,1892,FRA,cruiser,18,22.838
1892.7.1,1892,FRA,ironclad,66,69.493
1892.7.1,1892,SCA,battleship,19,25.257
1892.7.1,1892,SCA,cruiser,1,1.0
1892.7.1,1892,SCA,steam_transport,51,59.727
1892.7.1,1892,RUS,clipper_transport,119,129.115
1892.7.1,1892,GER,clipper_transport,98,117.416
1892.7.1,1892,GER,commerce_raider,3,3.75
1892.7.1,1892,GER,cruiser,13,16.667
1892.7.1,1892,GER,ironclad,21,26.25
1892.7.1,1892,NET,battleship,5,6.667
1892.7.1,1892,NET,steam_transport,12,16.0
1892.7.1,1892,SPA,battleship,1,1.176
1892.7.1,1892,SPA,commerce_raider,1,1.011
1892.7.1,1892,SPA,ironclad,45,45.849
1892.7.1,1892,SPA,steam_transport,39,40.578
1892.7.1,1892,KUK,clipper_transport,20,1.159
1892.7.1,1892,CHL,battleship,4,4.0
1892.7.1,1892,CHL,cruiser,8,8.0
1892.7.1,1892,CHL,steam_transport,30,30.0
1892.7.1,1892,AST,clipper_transport,67,56.997
1892.7.1,1892,AST,commerce_raider,19,12.242
1892.7.1,1892,AST,ironclad,68,64.292
1892.7.1,1892,AST,monitor,43,46.225
1892.7.1,1892,AST,steam_transport,9,9.351
1892.7.1,1892,SAR,steam_transport,16,12.547
1892.7.1,1892,SIC,battleship,6,8.0
1892.7.1,1892,SIC,clipper_transport,10,11.937
1892.7.1,1892,SIC,cruiser,3,4.0
1892.7.1,1892,TUR,clipper_transport,36,37.895
1892.7.1,1892,CHI,clipper_transport,2,0.1
1892.7.1,1892,CHI,frigate,7,0.371
1892.7.1,1892,GXI,clipper_transport,1,0.05
1892.7.1,1892,GXI,frigate,1,0.05
1892.7.1,1892,ALD,clipper_transport,2,0.102
1892.7.1,1892,MEX,battleship,5,5.558
1892.7.1,1892,MEX,clipper_transport,79,86.701
1892.7.1,1892,MEX,cruiser,22,25.683
1892.7.1,1892,BRZ,clipper_transport,11,0.587
1892.7.1,1892,GUA,steam_transport,1,0.08
1892.8.1,1892,USA,battleship,17,19.779
1892.8.1,1892,USA,clipper_transport,111,116.764
1892.8.1,1892,USA,cruiser,12,14.32
1892.8.1,1892,ENG,clipper_transport,200,203.778
1892.8.1,1892,ENG,cruiser,49,52.142
1892.8.1,1892,ENG,manowar,8,6.947
1892.8.1,1892,ENG,monitor,35,37.007
1892.8.1,1892,FRA,clipper_transport,86,102.722
1892.8.1,1892,FRA,cruiser,18,22.838
1892.8.1,1892,FRA,ironclad,66,70.019
1892.8.1,1892,SCA,battleship,19,25.231
1892.8.1,1892,SCA,cruiser,1,1.0
1892.8.1,1892,SCA,steam_transport,51,59.546
1892.8.1,1892,RUS,clipper_transport,119,129.115
1892.8.1,1892,GER,clipper_transport,98,117.416
1892.8.1,1892,GER,commerce_raider,3,3.75
1892.8.1,1892,GER,cruiser,13,16.667
1892.8.1,1892,GER,ironclad,21,26.25
1892.8.1,1892,NET,battleship,5,6.667
1892.8.1,1892,NET,steam_transport,12,16.0
1892.8.1,1892,SPA,battleship,1,1.176
1892.8.1,1892,SPA,commerce_raider,1,1.011
1892.8.1,1892,SPA,ironclad,45,45.849
1892.8.1,1892,SPA,steam_transport,39,40.578
1892.8.1,1892,KUK,clipper_transport,20,1.159
1892.8.1,1892,CHL,battleship,4,4.0
1892.8.1,1892,CHL,cruiser,9,9.0
1892.8.1,1892,CHL,steam_transport,30,30.0
1892.8.1,1892,AST,clipper_transport,67,56.997
1892.8.1,1892,AST,commerce_raider,19,12.242
1892.8.1,1892,AST,ironclad,68,64.292
1892.8.1,1892,AST,monitor,43,46.225
1892.8.1,1892,AST,steam_transport,9,9.351
1892.8.1,1892,SAR,steam_transport,16,12.416
1892.8.1,1892,SIC,battleship,6,8.0
1892.8.1,1892,SIC,clipper_transport,10,11.937
1892.8.1,1892,SIC,cruiser,3,4.0
1892.8.1,1892,TUR,clipper_transport,36,37.895
1892.8.1,1892,CHI,clipper_transport,2,0.1
1892.8.1,1892,CHI,frigate,7,0.371
1892.8.1,1892,GXI,clipper_transport,1,0.05
1892.8.1,1892,GXI,frigate,1,0.05
1892.8.1,1892,ALD,clipper_transport,2,0.102
1892.8.1,1892,MEX,battleship,5,5.558
1892.8.1,1892,MEX,clipper_transport,79,86.701
1892.8.1,1892,MEX,cruiser,22,25.683
1892.8.1,1892,BRZ,clipper_transport,11,0.587
1892.8.1,1892,GUA,steam_transport,1,0.08
1892.9.1,1892,USA,battleship,17,19.779
1892.9.1,1892,USA,clipper_transport,111,116.764
1892.9.1,1892,USA,cruiser,12,14.32
1892.9.1,1892,ENG,clipper_transport,200,203.778
1892.9.1,1892,ENG,cruiser,49,52.142
1892.9.1,1892,ENG,manowar,8,6.947
1892.9.1,1892,ENG,monitor,35,37.007
1892.9.1,1892,FRA,clipper_transport,86,102.566
1892.9.1,1892,FRA,cruiser,18,22.838
1892.9.1,1892,FRA,ironclad,66,70.514
1892.9.1,1892,SCA,battleship,19,25.231
1892.9.1,1892,SCA,cruiser,1,1.0
1892.9.1,1892,SCA,steam_transport,51,59.546
1892.9.1,1892,RUS,clipper_transport,119,129.115
1892.9.1,1892,GER,clipper_transport,98,117.416
1892.9.1,1892,GER,commerce_raider,3,3.75
1892.9.1,1892,GER,cruiser,13,16.667
1892.9.1,1892,GER,ironclad,21,26.25
1892.9.1,1892,NET,battleship,5,6.667
1892.9.1,1892,NET,steam_transport,15,20.0
1892.9.1,1892,SPA,battleship,1,1.176
1892.9.1,1892,SPA,commerce_raider,1,1.011
1892.9.1,1892,SPA,ironclad,45,45.849
1892.9.1,1892,SPA,steam_transport,39,40.578
1892.9.1,1892,KUK,clipper_transport,20,1.159
1892.9.1,1892,CHL,battleship,4,4.0
1892.9.1,1892,CHL,cruiser,9,9.0
1892.9.1,1892,CHL,steam_transport,30,30.0
1892.9.1,1892,AST,clipper_transport,67,56.997
1892.9.1,1892,AST,commerce_raider,19,12.242
1892.9.1,1892,AST,cruiser,4,4.444
1892.9.1,1892,AST,ironclad,68,64.292
1892.9.1,1892,AST,monitor,43,46.225
1892.9.1,1892,AST,steam_transport,9,9.351
1892.9.1,1892,SAR,steam_transport,16,12.688
1892.9.1,1892,SIC,battleship,6,8.0
1892.9.1,1892,SIC,clipper_transport,10,11.937
1892.9.1,1892,SIC,cruiser,3,4.0
1892.9.1,1892,TUR,clipper_transport,36,37.895
1892.9.1,1892,CHI,clipper_transport,2,0.1
1892.9.1,1892,CHI,frigate,7,0.371
1892.9.1,1892,GXI,clipper_transport,1,0.05
1892.9.1,1892,GXI,frigate,1,0.05
1892.9.1,1892,ALD,clipper_transport,2,0.102
1892.9.1,1892,MEX,battleship,5,5.558
1892.9.1,1892,MEX,clipper_transport,79,86.701
1892.9.1,1892,MEX,cruiser,22,25.683
1892.9.1,1892,BRZ,clipper_transport,11,0.587
1892.9.1,1892,GUA,steam_transport,1,0.08
1892.10.1,1892,USA,battleship,17,19.779
1892.10.1,1892,USA,clipper_transport,111,116.764
1892.10.1,1892,USA,cruiser,12,14.32
1892.10.1,1892,ENG,clipper_transport,200,203.778
1892.10.1,1892,ENG,cruiser,49,52.142
1892.10.1,1892,ENG,manowar,7,6.08
1892.10.1,1892,ENG,monitor,35,37.007
1892.10.1,1892,FRA,clipper_transport,86,102.654
1892.10.1,1892,FRA,cruiser,18,22.838
1892.10.1,1892,FRA,ironclad,66,70.514
1892.10.1,1892,SCA,battleship,19,25.231
1892.10.1,1892,SCA,cruiser,1,1.0
1892.10.1,1892,SCA,steam_transport,51,59.546
1892.10.1,1892,RUS,clipper_transport,119,129.115
1892.10.1,1892,GER,clipper_transport,92,110.133
1892.10.1,1892,GER,commerce_raider,3,3.75
1892.10.1,1892,GER,cruiser,13,16.667
1892.10.1,1892,GER,ironclad,21,26.25
1892.10.1,1892,NET,battleship,5,6.667
1892.10.1,1892,NET,steam_transport,15,20.0
1892.10.1,1892,SPA,battleship,1,1.176
1892.10.1,1892,SPA,commerce_raider,1,1.011
1892.10.1,1892,SPA,ironclad,45,45.849
1892.10.1,1892,SPA,steam_transport,39,40.578
1892.10.1,1892,KUK,clipper_transport,20,1.159
1892.10.1,1892,CHL,battleship,4,4.0
1892.10.1,1892,CHL,cruiser,9,9.0
1892.10.1,1892,CHL,steam_transport,30,30.0
1892.10.1,1892,AST,clipper_transport,67,56.997
1892.10.1,1892,AST,commerce_raider,19,12.242
1892.10.1,1892,AST,cruiser,5,5.556
1892.10.1,1892,AST,ironclad,68,64.292
1892.10.1,1892,AST,monitor,43,46.225
1892.10.1,1892,AST,steam_transport,9,9.351
1892.10.1,1892,SAR,steam_transport,16,13.003
1892.10.1,1892,SIC,battleship,7,9.333
1892.10.1,1892,SIC,clipper_transport,10,11.937
1892.10.1,1892,SIC,cruiser,3,4.0
1892.10.1,1892,TUR,clipper_transport,36,37.895
1892.10.1,1892,CHI,clipper_transport,2,0.1
1892.10.1,1892,CHI,frigate,7,0.371
1892.10.1,1892,GXI,clipper_transport,1,0.05
1892.10.1,1892,GXI,frigate,1,0.05
1892.10.1,1892,ALD,clipper_transport,2,0.102
1892.10.1,1892,MEX,battleship,5,5.558
1892.10.1,1892,MEX,clipper_transport,79,86.701
1892.10.1,1892,MEX,cruiser,22,25.683
1892.10.1,1892,BRZ,clipper_transport,11,0.587
1892.10.1,1892,GUA,steam_transport,1,0.08
1892.11.1,1892,USA,battleship,17,15.385
1892.11.1,1892,USA,clipper_transport,111,116.764
1892.11.1,1892,USA,cruiser,13,13.422
1892.11.1,1892,ENG,clipper_transport,200,203.778
1892.11.1,1892,ENG,cruiser,46,40.286
1892.11.1,1892,ENG,manowar,7,6.08
1892.11.1,1892,ENG,monitor,22,22.536
1892.11.1,1892,FRA,clipper_transport,86,102.654
1892.11.1,1892,FRA,cruiser,18,22.418
1892.11.1,1892,FRA,ironclad,65,69.231
1892.11.1,1892,SCA,battleship,19,25.231
1892.11.1,1892,SCA,cruiser,1,1.0
1892.11.1,1892,SCA,steam_transport,51,59.546
1892.11.1,1892,RUS,clipper_transport,119,129.115
1892.11.1,1892,GER,clipper_transport,92,110.133
1892.11.1,1892,GER,commerce_raider,3,3.75
1892.11.1,1892,GER,cruiser,13,16.667
1892.11.1,1892,GER,ironclad,21,26.25
1892.11.1,1892,NET,battleship,5,6.667
1892.11.1,1892,NET,steam_transport,15,20.0
1892.11.1,1892,SPA,battleship,1,1.176
1892.11.1,1892,SPA,commerce_raider,1,1.011
1892.11.1,1892,SPA,ironclad,41,41.237
1892.11.1,1892,SPA,steam_transport,31,32.391
1892.11.1,1892,KUK,clipper_transport,20,1.159
1892.11.1,1892,CHL,battleship,4,4.0
1892.11.1,1892,CHL,cruiser,9,9.0
1892.11.1,1892,CHL,steam_transport,30,30.0
1892.11.1,1892,AST,clipper_transport,67,56.997
1892.11.1,1892,AST,commerce_raider,19,12.242
1892.11.1,1892,AST,cruiser,5,5.522
1892.11.1,1892,AST,ironclad,68,64.271
1892.11.1,1892,AST,monitor,43,46.02
1892.11.1,1892,AST,steam_transport,9,9.351
1892.11.1,1892,SAR,steam_transport,16,13.125
1892.11.1,1892,SIC,battleship,2,2.667
1892.11.1,1892,SIC,clipper_transport,10,11.937
1892.11.1,1892,TUR,clipper_transport,36,37.895
1892.11.1,1892,CHI,clipper_transport,2,0.1
1892.11.1,1892,CHI,frigate,7,0.371
1892.11.1,1892,GXI,clipper_transport,1,0.05
1892.11.1,1892,GXI,frigate,1,0.05
1892.11.1,1892,ALD,clipper_transport,2,0.102
1892.11.1,1892,MEX,battleship,5,5.558
1892.11.1,1892,MEX,clipper_transport,79,86.701
1892.11.1,1892,MEX,cruiser,22,25.683
1892.11.1,1892,BRZ,clipper_transport,11,0.587
1892.11.1,1892,GUA,steam_transport,1,0.08
1892.12.1,1892,USA,battleship,13,7.678
1892.12.1,1892,USA,clipper_transport,111,116.764
1892.12.1,1892,USA,cruiser,8,5.366
1892.12.1,1892,ENG,clipper_transport,200,203.778
1892.12.1,1892,ENG,cruiser,43,26.654
1892.12.1,1892,ENG,manowar,7,6.08
1892.12.1,1892,ENG,monitor,14,11.48
1892.12.1,1892,FRA,clipper_transport,86,102.654
1892.12.1,1892,FRA,cruiser,18,22.214
1892.12.1,1892,FRA,ironclad,64,64.215
1892.12.1,1892,SCA,battleship,18,23.603
1892.12.1,1892,SCA,cruiser,1,1.0
1892.12.1,1892,SCA,steam_transport,51,59.546
1892.12.1,1892,RUS,clipper_transport,119,129.115
1892.12.1,1892,GER,clipper_transport,92,110.133
1892.12.1,1892,GER,commerce_raider,3,3.75
1892.12.1,1892,GER,cruiser,13,15.232
1892.12.1,1892,GER,ironclad,16,15.025
1892.12.1,1892,NET,battleship,5,6.667
1892.12.1,1892,NET,steam_transport,15,20.0
1892.12.1,1892,SPA,battleship,1,1.176
1892.12.1,1892,SPA,commerce_raider,1,1.011
1892.12.1,1892,SPA,ironclad,41,41.737
1892.12.1,1892,SPA,steam_transport,31,32.391
1892.12.1,1892,KUK,clipper_transport,20,1.159
1892.12.1,1892,CHL,battleship,4,4.0
1892.12.1,1892,CHL,cruiser,9,9.0
1892.12.1,1892,CHL,steam_transport,30,30.0
1892.12.1,1892,AST,clipper_transport,67,56.997
1892.12.1,1892,AST,commerce_raider,19,12.242
1892.12.1,1892,AST,cruiser,5,5.389
1892.12.1,1892,AST,ironclad,67,60.663
1892.12.1,1892,AST,monitor,43,44.053
1892.12.1,1892,AST,steam_transport,9,9.351
1892.12.1,1892,SAR,steam_transport,16,13.125
1892.12.1,1892,SIC,battleship,3,4.0
1892.12.1,1892,SIC,clipper_transport,10,11.937
1892.12.1,1892,TUR,clipper_transport,36,37.895
1892.12.1,1892,CHI,clipper_transport,2,0.1
1892.12.1,1892,CHI,frigate,7,0.371
1892.12.1,1892,GXI,clipper_transport,1,0.05
1892.12.1,1892,GXI,frigate,1,0.05
1892.12.1,1892,ALD,clipper_transport,2,0.102
1892.12.1,1892,MEX,battleship,4,4.251
1892.12.1,1892,MEX,clipper_transport,79,86.701
1892.12.1,1892,MEX,cruiser,21,19.92
1892.12.1,1892,BRZ,clipper_transport,11,0.587
1892.12.1,1892,GUA,steam_transport,1,0.08
1893.1.1,1893,USA,battleship,13,11.112
1893.1.1,1893,USA,clipper_transport,111,116.764
1893.1.1,1893,USA,cruiser,8,7.42
1893.1.1,1893,ENG,clipper_transport,200,203.778
1893.1.1,1893,ENG,cruiser,40,30.416
1893.1.1,1893,ENG,manowar,7,6.08
1893.1.1,1893,ENG,monitor,14,12.607
1893.1.1,1893,FRA,clipper_transport,86,102.654
1893.1.1,1893,FRA,cruiser,18,22.186
1893.1.1,1893,FRA,ironclad,64,63.431
1893.1.1,1893,SCA,battleship,18,23.744
1893.1.1,1893,SCA,cruiser,1,1.0
1893.1.1,1893,SCA,steam_transport,51,59.475
1893.1.1,1893,RUS,clipper_transport,119,129.115
1893.1.1,1893,GER,clipper_transport,92,110.133
1893.1.1,1893,GER,commerce_raider,3,3.75
1893.1.1,1893,GER,cruiser,13,15.186
1893.1.1,1893,GER,ironclad,16,14.241
1893.1.1,1893,NET,battleship,5,6.667
1893.1.1,1893,NET,steam_transport,15,20.0
1893.1.1,1893,SPA,battleship,1,1.176
1893.1.1,1893,SPA,commerce_raider,1,1.001
1893.1.1,1893,SPA,ironclad,41,41.645
1893.1.1,1893,SPA,steam_transport,31,32.448
1893.1.1,1893,KUK,clipper_transport,20,1.159
1893.1.1,1893,CHL,battleship,4,4.0
1893.1.1,1893,CHL,cruiser,9,9.0
1893.1.1,1893,CHL,steam_transport,30,30.0
1893.1.1,1893,AST,clipper_transport,67,56.997
1893.1.1,1893,AST,commerce_raider,19,12.222
1893.1.1,1893,AST,cruiser,5,5.389
1893.1.1,1893,AST,ironclad,67,60.482
1893.1.1,1893,AST,monitor,43,44.053
1893.1.1,1893,AST,steam_transport,9,9.351
1893.1.1,1893,SAR,steam_transport,16,13.125
1893.1.1,1893,SIC,battleship,3,4.0
1893.1.1,1893,SIC,clipper_transport,10,11.937
1893.1.1,1893,TUR,clipper_transport,36,37.895
1893.1.1,1893,CHI,clipper_transport,2,0.1
1893.1.1,1893,CHI,frigate,7,0.371
1893.1.1,1893,GXI,clipper_transport,1,0.05
1893.1.1,1893,GXI,frigate,1,0.05
1893.1.1,1893,ALD,clipper_transport,2,0.102
1893.1.1,1893,MEX,battleship,4,4.388
1893.1.1,1893,MEX,clipper_transport,79,86.701
1893.1.1,1893,MEX,cruiser,18,18.94
1893.1.1,1893,BRZ,clipper_transport,11,0.587
1893.1.1,1893,GUA,steam_transport,1,0.08
1893.2.1,1893,USA,battleship,13,13.752
1893.2.1,1893,USA,clipper_transport,111,116.764
1893.2.1,1893,USA,cruiser,8,9.107
1893.2.1,1893,ENG,clipper_transport,200,203.778
1893.2.1,1893,ENG,cruiser,40,37.864
1893.2.1,1893,ENG,manowar,7,6.08
1893.2.1,1893,ENG,monitor,14,13.636
1893.2.1,1893,FRA,clipper_transport,66,77.125
1893.2.1,1893,FRA,cruiser,18,22.186
1893.2.1,1893,FRA,ironclad,64,63.431
1893.2.1,1893,SCA,battleship,18,23.744
1893.2.1,1893,SCA,cruiser,1,1.0
1893.2.1,1893,SCA,steam_transport,51,59.475
1893.2.1,1893,RUS,clipper_transport,119,129.115
1893.2.1,1893,GER,clipper_transport,92,110.133
1893.2.1,1893,GER,commerce_raider,3,3.75
1893.2.1,1893,GER,cruiser,13,16.2
1893.2.1,1893,GER,ironclad,16,14.451
1893.2.1,1893,NET,battleship,5,6.667
1893.2.1,1893,NET,steam_transport,16,21.333
1893.2.1,1893,SPA,battleship,1,1.176
1893.2.1,1893,SPA,commerce_raider,1,1.01
1893.2.1,1893,SPA,ironclad,41,41.693
1893.2.1,1893,SPA,steam_transport,31,32.448
1893.2.1,1893,KUK,clipper_transport,20,1.159
1893.2.1,1893,CHL,battleship,4,4.0
1893.2.1,1893,CHL,cruiser,9,9.0
1893.2.1,1893,CHL,steam_transport,30,30.0
1893.2.1,1893,AST,clipper_transport,67,56.997
1893.2.1,1893,AST,commerce_raider,19,12.222
1893.2.1,1893,AST,cruiser,5,5.111
1893.2.1,1893,AST,ironclad,67,60.482
1893.2.1,1893,AST,monitor,43,42.817
1893.2.1,1893,AST,steam_transport,9,9.351
1893.2.1,1893,SAR,steam_transport,16,13.125
1893.2.1,1893,SIC,battleship,3,4.0
1893.2.1,1893,SIC,clipper_transport,10,11.937
1893.2.1,1893,TUR,clipper_transport,36,37.895
1893.2.1,1893,CHI,clipper_transport,2,0.1
1893.2.1,1893,CHI,frigate,7,0.371
1893.2.1,1893,GXI,clipper_transport,1,0.05
1893.2.1,1893,GXI,frigate,1,0.05
1893.2.1,1893,ALD,clipper_transport,2,0.102
1893.2.1,1893,MEX,battleship,4,4.388
1893.2.1,1893,MEX,clipper_transport,79,86.701
1893.2.1,1893,MEX,cruiser,18,20.309
1893.2.1,1893,BRZ,clipper_transport,11,0.587
1893.2.1,1893,GUA,steam_transport,1,0.08
1893.3.1,1893,USA,battleship,13,11.451
1893.3.1,1893,USA,clipper_transport,111,116.764
1893.3.1,1893,USA,cruiser,8,8.091
1893.3.1,1893,ENG,clipper_transport,200,203.778
1893.3.1,1893,ENG,cruiser,40,37.443
1893.3.1,1893,ENG,manowar,7,6.08
1893.3.1,1893,ENG,monitor,14,13.605
1893.3.1,1893,FRA,clipper_transport,66,77.125
1893.3.1,1893,FRA,cruiser,17,18.668
1893.3.1,1893,FRA,ironclad,39,40.541
1893.3.1,1893,SCA,battleship,18,23.744
1893.3.1,1893,SCA,cruiser,1,1.0
1893.3.1,1893,SCA,steam_transport,51,59.475
1893.3.1,1893,RUS,clipper_transport,119,129.115
1893.3.1,1893,GER,clipper_transport,92,110.133
1893.3.1,1893,GER,commerce_raider,3,3.75
1893.3.1,1893,GER,cruiser,13,16.125
1893.3.1,1893,GER,ironclad,16,13.934
1893.3.1,1893,NET,battleship,5,6.667
1893.3.1,1893,NET,steam_transport,16,21.333
1893.3.1,1893,SPA,battleship,1,1.176
1893.3.1,1893,SPA,commerce_raider,1,1.01
1893.3.1,1893,SPA,ironclad,41,41.693
1893.3.1,1893,SPA,steam_transport,31,32.448
1893.3.1,1893,KUK,clipper_transport,20,1.158
1893.3.1,1893,CHL,battleship,4,4.0
1893.3.1,1893,CHL,cruiser,9,9.0
1893.3.1,1893,CHL,steam_transport,30,30.0
1893.3.1,1893,AST,clipper_transport,67,56.997
1893.3.1,1893,AST,commerce_raider,19,12.212
1893.3.1,1893,AST,cruiser,5,5.077
1893.3.1,1893,AST,ironclad,65,57.377
1893.3.1,1893,AST,monitor,43,41.965
1893.3.1,1893,AST,steam_transport,9,9.351
1893.3.1,1893,SAR,steam_transport,16,13.106
1893.3.1,1893,SIC,battleship,3,4.0
1893.3.1,1893,SIC,clipper_transport,10,11.937
1893.3.1,1893,TUR,clipper_transport,36,37.895
1893.3.1,1893,CHI,clipper_transport,2,0.1
1893.3.1,1893,CHI,frigate,7,0.371
1893.3.1,1893,GXI,clipper_transport,1,0.05
1893.3.1,1893,GXI,frigate,1,0.05
1893.3.1,1893,ALD,clipper_transport,2,0.102
1893.3.1,1893,MEX,battleship,4,3.642
1893.3.1,1893,MEX,clipper_transport,79,86.701
1893.3.1,1893,MEX,cruiser,18,15.647
1893.3.1,1893,BRZ,clipper_transport,11,0.587
1893.3.1,1893,GUA,steam_transport,1,0.08
1893.4.1,1893,USA,battleship,13,13.624
1893.4.1,1893,USA,clipper_transport,111,116.764
1893.4.1,1893,USA,cruiser,8,9.188
1893.4.1,1893,ENG,clipper_transport,200,203.778
1893.4.1,1893,ENG,cruiser,40,40.675
1893.4.1,1893,ENG,manowar,7,6.08
1893.4.1,1893,ENG,monitor,14,14.511
1893.4.1,1893,FRA,clipper_transport,66,77.195
1893.4.1,1893,FRA,cruiser,18,20.001
1893.4.1,1893,FRA,ironclad,39,40.541
1893.4.1,1893,SCA,battleship,18,23.744
1893.4.1,1893,SCA,cruiser,1,1.0
1893.4.1,1893,SCA,steam_transport,51,59.475
1893.4.1,1893,RUS,clipper_transport,119,129.115
1893.4.1,1893,GER,clipper_transport,91,108.883
1893.4.1,1893,GER,commerce_raider,3,3.75
1893.4.1,1893,GER,cruiser,13,14.811
1893.4.1,1893,GER,ironclad,6,5.911
1893.4.1,1893,NET,battleship,5,6.667
1893.4.1,1893,NET,steam_transport,19,25.307
1893.4.1,1893,SPA,battleship,1,1.176
1893.4.1,1893,SPA,commerce_raider,1,1.01
1893.4.1,1893,SPA,ironclad,40,39.662
1893.4.1,1893,SPA,steam_transport,31,32.448
1893.4.1,1893,KUK,clipper_transport,20,1.158
1893.4.1,1893,CHL,battleship,4,4.0
1893.4.1,1893,CHL,cruiser,9,9.0
1893.4.1,1893,CHL,steam_transport,30,30.0
1893.4.1,1893,AST,clipper_transport,67,56.997
1893.4.1,1893,AST,commerce_raider,19,12.212
1893.4.1,1893,AST,cruiser,5,4.202
1893.4.1,1893,AST,ironclad,64,56.59
1893.4.1,1893,AST,monitor,33,30.318
1893.4.1,1893,AST,steam_transport,9,9.351
1893.4.1,1893,SAR,steam_transport,16,12.975
1893.4.1,1893,SIC,battleship,3,3.941
1893.4.1,1893,SIC,clipper_transport,10,11.937
1893.4.1,1893,TUR,clipper_transport,36,37.895
1893.4.1,1893,CHI,clipper_transport,2,0.1
1893.4.1,1893,CHI,frigate,7,0.371
1893.4.1,1893,GXI,clipper_transport,1,0.05
1893.4.1,1893,GXI,frigate,1,0.05
1893.4.1,1893,ALD,clipper_transport,2,0.102
1893.4.1,1893,MEX,battleship,4,4.341
1893.4.1,1893,MEX,clipper_transport,79,86.701
1893.4.1,1893,MEX,cruiser,18,19.693
1893.4.1,1893,BRZ,clipper_transport,11,0.587
1893.4.1,1893,GUA,steam_transport,1,0.08
1893.5.1,1893,USA,battleship,13,14.34
1893.5.1,1893,USA,clipper_transport,111,116.764
1893.5.1,1893,USA,cruiser,8,9.228
1893.5.1,1893,ENG,clipper_transport,200,203.778
1893.5.1,1893,ENG,cruiser,40,41.734
1893.5.1,1893,ENG,manowar,7,6.08
1893.5.1,1893,ENG,monitor,14,14.758
1893.5.1,1893,FRA,clipper_transport,66,77.195
1893.5.1,1893,FRA,cruiser,20,22.668
1893.5.1,1893,FRA,ironclad,39,40.541
1893.5.1,1893,SCA,battleship,18,23.744
1893.5.1,1893,SCA,cruiser,1,1.0
1893.5.1,1893,SCA,steam_transport,51,59.475
1893.5.1,1893,RUS,clipper_transport,119,129.115
1893.5.1,1893,GER,clipper_transport,91,108.883
1893.5.1,1893,GER,commerce_raider,3,3.75
1893.5.1,1893,GER,cruiser,13,15.84
1893.5.1,1893,GER,ironclad,6,6.435
1893.5.1,1893,NET,battleship,5,6.667
1893.5.1,1893,NET,steam_transport,19,25.292
1893.5.1,1893,SPA,battleship,1,1.176
1893.5.1,1893,SPA,commerce_raider,1,1.01
1893.5.1,1893,SPA,ironclad,40,39.662
1893.5.1,1893,SPA,steam_transport,31,32.448
1893.5.1,1893,KUK,clipper_transport,20,1.158
1893.5.1,1893,CHL,battleship,4,4.0
1893.5.1,1893,CHL,cruiser,9,9.0
1893.5.1,1893,CHL,steam_transport,30,30.0
1893.5.1,1893,AST,clipper_transport,67,56.997
1893.5.1,1893,AST,commerce_raider,19,12.212
1893.5.1,1893,AST,cruiser,5,4.202
1893.5.1,1893,AST,ironclad,64,56.59
1893.5.1,1893,AST,monitor,33,30.318
1893.5.1,1893,AST,steam_transport,9,9.351
1893.5.1,1893,SAR,steam_transport,16,12.848
1893.5.1,1893,SIC,battleship,2,2.608
1893.5.1,1893,SIC,clipper_transport,10,11.937
1893.5.1,1893,TUR,clipper_transport,36,37.895
1893.5.1,1893,CHI,clipper_transport,2,0.1
1893.5.1,1893,CHI,frigate,7,0.371
1893.5.1,1893,GXI,clipper_transport,1,0.05
1893.5.1,1893,GXI,frigate,1,0.05
1893.5.1,1893,ALD,clipper_transport,2,0.102
1893.5.1,1893,MEX,battleship,4,4.341
1893.5.1,1893,MEX,clipper_transport,79,86.701
1893.5.1,1893,MEX,cruiser,18,20.212
1893.5.1,1893,BRZ,clipper_transport,12,4.14
1893.5.1,1893,GUA,steam_transport,1,0.08
1893.6.1,1893,USA,battleship,13,14.476
1893.6.1,1893,USA,clipper_transport,111,116.764
1893.6.1,1893,USA,cruiser,8,9.228
1893.6.1,1893,ENG,clipper_transport,200,203.778
1893.6.1,1893,ENG,cruiser,41,43.606
1893.6.1,1893,ENG,manowar,7,6.08
1893.6.1,1893,ENG,monitor,14,14.752
1893.6.1,1893,FRA,clipper_transport,66,77.195
1893.6.1,1893,FRA,cruiser,21,23.988
1893.6.1,1893,FRA,ironclad,39,40.504
1893.6.1,1893,SCA,battleship,18,23.744
1893.6.1,1893,SCA,cruiser,1,1.0
1893.6.1,1893,SCA,steam_transport,51,59.475
1893.6.1,1893,RUS,clipper_transport,119,129.115
1893.6.1,1893,GER,clipper_transport,91,108.883
1893.6.1,1893,GER,commerce_raider,3,3.75
1893.6.1,1893,GER,cruiser,14,17.146
1893.6.1,1893,GER,ironclad,6,5.402
1893.6.1,1893,NET,battleship,5,6.667
1893.6.1,1893,NET,steam_transport,19,25.292
1893.6.1,1893,SPA,battleship,1,1.176
1893.6.1,1893,SPA,commerce_raider,1,1.01
1893.6.1,1893,SPA,ironclad,40,39.662
1893.6.1,1893,SPA,steam_transport,31,32.448
1893.6.1,1893,KUK,clipper_transport,20,1.158
1893.6.1,1893,CHL,battleship,4,4.0
1893.6.1,1893,CHL,cruiser,9,9.0
1893.6.1,1893,CHL,steam_transport,30,30.0
1893.6.1,1893,AST,clipper_transport,67,56.997
1893.6.1,1893,AST,commerce_raider,19,12.201
1893.6.1,1893,AST,cruiser,5,4.202
1893.6.1,1893,AST,ironclad,64,56.559
1893.6.1,1893,AST,monitor,33,30.318
1893.6.1,1893,AST,steam_transport,9,9.351
1893.6.1,1893,SAR,steam_transport,16,12.716
1893.6.1,1893,SIC,battleship,2,2.555
1893.6.1,1893,SIC,clipper_transport,10,11.937
1893.6.1,1893,TUR,clipper_transport,36,37.895
1893.6.1,1893,CHI,clipper_transport,2,0.1
1893.6.1,1893,CHI,frigate,7,0.371
1893.6.1,1893,GXI,clipper_transport,1,0.05
1893.6.1,1893,GXI,frigate,1,0.05
1893.6.1,1893,ALD,clipper_transport,2,0.102
1893.6.1,1893,MEX,battleship,4,3.77
1893.6.1,1893,MEX,clipper_transport,79,86.701
1893.6.1,1893,MEX,cruiser,18,20.07
1893.6.1,1893,BRZ,clipper_transport,14,8.824
1893.6.1,1893,GUA,steam_transport,1,0.08
1893.7.1,1893,USA,battleship,13,14.476
1893.7.1,1893,USA,clipper_transport,111,116.764
1893.7.1,1893,USA,cruiser,8,9.228
1893.7.1,1893,ENG,clipper_transport,200,203.778
1893.7.1,1893,ENG,cruiser,44,47.356
1893.7.1,1893,ENG,manowar,7,6.08
1893.7.1,1893,ENG,monitor,14,14.752
1893.7.1,1893,FRA,clipper_transport,66,77.195
1893.7.1,1893,FRA,cruiser,23,26.655
1893.7.1,1893,FRA,ironclad,39,40.504
1893.7.1,1893,SCA,battleship,18,23.744
1893.7.1,1893,SCA,cruiser,1,1.0
1893.7.1,1893,SCA,steam_transport,51,59.475
1893.7.1,1893,RUS,clipper_transport,119,129.115
1893.7.1,1893,GER,clipper_transport,91,108.883
1893.7.1,1893,GER,commerce_raider,3,3.75
1893.7.1,1893,GER,cruiser,16,19.941
1893.7.1,1893,GER,ironclad,6,5.517
1893.7.1,1893,NET,battleship,5,6.667
1893.7.1,1893,NET,steam_transport,19,25.292
1893.7.1,1893,SPA,battleship,1,1.176
1893.7.1,1893,SPA,commerce_raider,1,1.01
1893.7.1,1893,SPA,ironclad,40,39.662
1893.7.1,1893,SPA,steam_transport,31,32.448
1893.7.1,1893,KUK,clipper_transport,20,1.158
1893.7.1,1893,CHL,battleship,4,4.0
1893.7.1,1893,CHL,cruiser,9,9.0
1893.7.1,1893,CHL,steam_transport,30,30.0
1893.7.1,1893,AST,clipper_transport,67,56.997
1893.7.1,1893,AST,commerce_raider,19,12.171
1893.7.1,1893,AST,cruiser,5,4.202
1893.7.1,1893,AST,ironclad,64,56.529
1893.7.1,1893,AST,monitor,33,30.318
1893.7.1,1893,AST,steam_transport,9,9.351
1893.7.1,1893,SAR,steam_transport,16,12.589
1893.7.1,1893,SIC,battleship,2,2.555
1893.7.1,1893,SIC,clipper_transport,10,11.937
1893.7.1,1893,TUR,clipper_transport,36,37.895
1893.7.1,1893,CHI,clipper_transport,2,0.1
1893.7.1,1893,CHI,frigate,7,0.371
1893.7.1,1893,GXI,clipper_transport,1,0.05
1893.7.1,1893,GXI,frigate,2,1.161
1893.7.1,1893,ALD,clipper_transport,2,0.102
1893.7.1,1893,MEX,battleship,4,4.037
1893.7.1,1893,MEX,clipper_transport,79,86.701
1893.7.1,1893,MEX,cruiser,18,20.07
1893.7.1,1893,BRZ,clipper_transport,16,13.501
1893.7.1,1893,GUA,steam_transport,1,0.08
1893.8.1,1893,USA,battleship,13,14.476
1893.8.1,1893,USA,clipper_transport,111,116.764
1893.8.1,1893,USA,cruiser,8,9.228
1893.8.1,1893,ENG,clipper_transport,200,203.778
1893.8.1,1893,ENG,cruiser,47,51.106
1893.8.1,1893,ENG,manowar,7,6.08
1893.8.1,1893,ENG,monitor,14,14.752
1893.8.1,1893,FRA,clipper_transport,66,77.195
1893.8.1,1893,FRA,cruiser,23,26.655
1893.8.1,1893,FRA,ironclad,39,40.504
1893.8.1,1893,SCA,battleship,18,23.744
1893.8.1,1893,SCA,cruiser,1,1.0
1893.8.1,1893,SCA,steam_transport,51,59.475
1893.8.1,1893,RUS,clipper_transport,119,129.115
1893.8.1,1893,GER,clipper_transport,91,108.883
1893.8.1,1893,GER,commerce_raider,3,3.75
1893.8.1,1893,GER,cruiser,19,24.035
1893.8.1,1893,GER,ironclad,6,5.612
1893.8.1,1893,NET,battleship,5,6.667
1893.8.1,1893,NET,steam_transport,19,25.292
1893.8.1,1893,SPA,battleship,1,1.176
1893.8.1,1893,SPA,commerce_raider,1,1.01
1893.8.1,1893,SPA,ironclad,40,39.662
1893.8.1,1893,SPA,steam_transport,31,32.448
1893.8.1,1893,KUK,clipper_transport,20,1.158
1893.8.1,1893,CHL,battleship,5,5.0
1893.8.1,1893,CHL,cruiser,9,9.0
1893.8.1,1893,CHL,steam_transport,30,29.89
1893.8.1,1893,AST,clipper_transport,67,56.997
1893.8.1,1893,AST,commerce_raider,19,14.354
1893.8.1,1893,AST,cruiser,5,4.202
1893.8.1,1893,AST,ironclad,64,58.101
1893.8.1,1893,AST,monitor,33,30.318
1893.8.1,1893,AST,steam_transport,9,9.351
1893.8.1,1893,SAR,steam_transport,16,12.458
1893.8.1,1893,SIC,battleship,2,2.555
1893.8.1,1893,SIC,clipper_transport,10,11.937
1893.8.1,1893,TUR,clipper_transport,36,37.895
1893.8.1,1893,CHI,clipper_transport,2,0.1
1893.8.1,1893,CHI,frigate,7,0.371
1893.8.1,1893,ALD,clipper_transport,2,0.102
1893.8.1,1893,MEX,battleship,4,4.302
1893.8.1,1893,MEX,clipper_transport,79,86.701
1893.8.1,1893,MEX,cruiser,20,22.724
1893.8.1,1893,BRZ,clipper_transport,17,17.061
1893.8.1,1893,GUA,steam_transport,1,0.08
1893.9.1,1893,USA,battleship,13,14.476
1893.9.1,1893,USA,clipper_transport,111,116.764
1893.9.1,1893,USA,cruiser,8,9.228
1893.9.1,1893,ENG,clipper_transport,200,203.778
1893.9.1,1893,ENG,cruiser,50,54.856
1893.9.1,1893,ENG,manowar,7,6.08
1893.9.1,1893,ENG,monitor,14,14.752
1893.9.1,1893,FRA,clipper_transport,66,77.195
1893.9.1,1893,FRA,cruiser,24,27.988
1893.9.1,1893,FRA,ironclad,39,40.504
1893.9.1,1893,SCA,battleship,18,23.744
1893.9.1,1893,SCA,cruiser,1,1.0
1893.9.1,1893,SCA,steam_transport,51,59.475
1893.9.1,1893,RUS,clipper_transport,119,129.115
1893.9.1,1893,GER,clipper_transport,91,106.785
1893.9.1,1893,GER,commerce_raider,3,3.735
1893.9.1,1893,GER,cruiser,20,25.065
1893.9.1,1893,GER,ironclad,6,5.471
1893.9.1,1893,NET,battleship,5,6.667
1893.9.1,1893,NET,steam_transport,20,26.625
1893.9.1,1893,SPA,battleship,1,1.176
1893.9.1,1893,SPA,commerce_raider,1,1.01
1893.9.1,1893,SPA,ironclad,40,39.662
1893.9.1,1893,SPA,steam_transport,31,32.448
1893.9.1,1893,KUK,clipper_transport,20,1.158
1893.9.1,1893,CHL,battleship,8,8.0
1893.9.1,1893,CHL,cruiser,9,9.0
1893.9.1,1893,CHL,steam_transport,30,29.8
1893.9.1,1893,AST,clipper_transport,67,56.997
1893.9.1,1893,AST,commerce_raider,19,16.713
1893.9.1,1893,AST,cruiser,5,4.202
1893.9.1,1893,AST,ironclad,64,60.173
1893.9.1,1893,AST,monitor,33,30.318
1893.9.1,1893,AST,steam_transport,9,9.351
1893.9.1,1893,SAR,steam_transport,16,12.327
1893.9.1,1893,SIC,battleship,2,2.555
1893.9.1,1893,SIC,clipper_transport,10,11.937
1893.9.1,1893,SIC,cruiser,1,1.333
1893.9.1,1893,TUR,clipper_transport,36,37.895
1893.9.1,1893,CHI,clipper_transport,2,0.1
1893.9.1,1893,CHI,frigate,7,0.371
1893.9.1,1893,ALD,clipper_transport,2,0.102
1893.9.1,1893,MEX,battleship,4,4.301
1893.9.1,1893,MEX,clipper_transport,79,86.701
1893.9.1,1893,MEX,cruiser,23,26.725
1893.9.1,1893,BRZ,clipper_transport,20,21.165
1893.9.1,1893,GUA,steam_transport,1,0.08
1893.10.1,1893,USA,battleship,13,14.476
1893.10.1,1893,USA,clipper_transport,111,116.764
1893.10.1,1893,USA,cruiser,8,9.228
1893.10.1,1893,ENG,clipper_transport,200,203.778
1893.10.1,1893,ENG,cruiser,53,58.606
1893.10.1,1893,ENG,manowar,7,6.08
1893.10.1,1893,ENG,monitor,14,14.752
1893.10.1,1893,FRA,clipper_transport,66,77.195
1893.10.1,1893,FRA,cruiser,25,29.321
1893.10.1,1893,FRA,ironclad,39,40.504
1893.10.1,1893,SCA,battleship,18,23.744
1893.10.1,1893,SCA,cruiser,1,1.0
1893.10.1,1893,SCA,steam_transport,51,59.475
1893.10.1,1893,RUS,clipper_transport,119,129.115
1893.10.1,1893,GER,clipper_transport,91,104.276
1893.10.1,1893,GER,commerce_raider,3,3.716
1893.10.1,1893,GER,cruiser,20,24.715
1893.10.1,1893,GER,ironclad,6,5.303
1893.10.1,1893,NET,battleship,5,6.667
1893.10.1,1893,NET,steam_transport,20,26.625
1893.10.1,1893,SPA,battleship,1,1.176
1893.10.1,1893,SPA,commerce_raider,1,1.01
1893.10.1,1893,SPA,ironclad,40,39.662
1893.10.1,1893,SPA,steam_transport,31,32.448
1893.10.1,1893,KUK,clipper_transport,20,1.158
1893.10.1,1893,CHL,battleship,9,9.0
1893.10.1,1893,CHL,cruiser,9,9.0
1893.10.1,1893,CHL,steam_transport,30,30.0
1893.10.1,1893,AST,clipper_transport,67,56.997
1893.10.1,1893,AST,commerce_raider,19,19.047
1893.10.1,1893,AST,cruiser,5,4.202
1893.10.1,1893,AST,ironclad,64,62.162
1893.10.1,1893,AST,monitor,33,30.552
1893.10.1,1893,AST,steam_transport,9,9.351
1893.10.1,1893,SAR,steam_transport,16,12.2
1893.10.1,1893,SIC,battleship,2,2.555
1893.10.1,1893,SIC,clipper_transport,10,11.937
1893.10.1,1893,SIC,cruiser,1,1.333
1893.10.1,1893,TUR,clipper_transport,36,37.895
1893.10.1,1893,CHI,clipper_transport,2,0.1
1893.10.1,1893,CHI,frigate,7,0.371
1893.10.1,1893,ALD,clipper_transport,2,0.236
1893.10.1,1893,MEX,battleship,4,4.301
1893.10.1,1893,MEX,clipper_transport,79,86.701
1893.10.1,1893,MEX,cruiser,26,30.725
1893.10.1,1893,BRZ,clipper_transport,20,21.165
1893.10.1,1893,GUA,steam_transport,1,0.08
1893.11.1,1893,USA,battleship,13,14.476
1893.11.1,1893,USA,clipper_transport,111,116.764
1893.11.1,1893,USA,cruiser,8,9.228
1893.11.1,1893,ENG,clipper_transport,200,203.778
1893.11.1,1893,ENG,cruiser,56,62.356
1893.11.1,1893,ENG,manowar,7,6.08
1893.11.1,1893,ENG,monitor,14,14.752
1893.11.1,1893,FRA,clipper_transport,66,76.799
1893.11.1,1893,FRA,cruiser,28,33.112
1893.11.1,1893,FRA,ironclad,39,40.175
1893.11.1,1893,SCA,battleship,19,25.078
1893.11.1,1893,SCA,cruiser,1,1.0
1893.11.1,1893,SCA,steam_transport,51,59.626
1893.11.1,1893,RUS,clipper_transport,119,129.115
1893.11.1,1893,GER,clipper_transport,91,101.684
1893.11.1,1893,GER,commerce_raider,3,3.696
1893.11.1,1893,GER,cruiser,20,24.356
1893.11.1,1893,GER,ironclad,6,5.129
1893.11.1,1893,NET,battleship,5,6.667
1893.11.1,1893,NET,cruiser,3,4.0
1893.11.1,1893,NET,steam_transport,20,26.625
1893.11.1,1893,SPA,battleship,1,1.176
1893.11.1,1893,SPA,commerce_raider,1,1.01
1893.11.1,1893,SPA,ironclad,40,39.662
1893.11.1,1893,SPA,steam_transport,31,32.448
1893.11.1,1893,KUK,clipper_transport,20,1.158
1893.11.1,1893,CHL,battleship,11,11.0
1893.11.1,1893,CHL,cruiser,9,9.0
1893.11.1,1893,CHL,steam_transport,30,30.0
1893.11.1,1893,AST,clipper_transport,67,56.997
1893.11.1,1893,AST,commerce_raider,19,18.949
1893.11.1,1893,AST,cruiser,5,4.202
1893.11.1,1893,AST,ironclad,64,62.151
1893.11.1,1893,AST,monitor,33,30.785
1893.11.1,1893,AST,steam_transport,9,9.351
1893.11.1,1893,SAR,steam_transport,16,12.069
1893.11.1,1893,SIC,battleship,4,5.221
1893.11.1,1893,SIC,clipper_transport,10,11.937
1893.11.1,1893,SIC,cruiser,1,1.333
1893.11.1,1893,TUR,clipper_transport,36,37.895
1893.11.1,1893,CHI,clipper_transport,2,0.1
1893.11.1,1893,CHI,frigate,7,0.371
1893.11.1,1893,ALD,clipper_transport,2,0.371
1893.11.1,1893,MEX,battleship,4,4.301
1893.11.1,1893,MEX,clipper_transport,79,86.701
1893.11.1,1893,MEX,cruiser,29,34.725
1893.11.1,1893,BRZ,clipper_transport,20,21.165
1893.11.1,1893,GUA,steam_transport,1,0.08
1893.12.1,1893,USA,battleship,21,25.142
1893.12.1,1893,USA,clipper_transport,111,116.764
1893.12.1,1893,USA,cruiser,8,9.228
1893.12.1,1893,ENG,clipper_transport,200,203.778
1893.12.1,1893,ENG,cruiser,59,66.07
1893.12.1,1893,ENG,manowar,7,6.08
1893.12.1,1893,ENG,monitor,14,14.752
1893.12.1,1893,FRA,clipper_transport,66,75.086
1893.12.1,1893,FRA,cruiser,29,33.563
1893.12.1,1893,FRA,ironclad,39,38.904
1893.12.1,1893,SCA,battleship,20,26.411
1893.12.1,1893,SCA,cruiser,1,1.0
1893.12.1,1893,SCA,steam_transport,51,59.626
1893.12.1,1893,RUS,clipper_transport,119,129.115
1893.12.1,1893,GER,clipper_transport,91,99.176
1893.12.1,1893,GER,commerce_raider,3,3.677
1893.12.1,1893,GER,cruiser,20,24.011
1893.12.1,1893,GER,ironclad,6,4.96
1893.12.1,1893,NET,battleship,5,6.667
1893.12.1,1893,NET,cruiser,3,4.0
1893.12.1,1893,NET,steam_transport,20,26.599
1893.12.1,1893,SPA,battleship,1,1.176
1893.12.1,1893,SPA,commerce_raider,1,1.01
1893.12.1,1893,SPA,ironclad,40,39.662
1893.12.1,1893,SPA,steam_transport,31,32.448
1893.12.1,1893,KUK,clipper_transport,20,1.158
1893.12.1,1893,CHL,battleship,11,11.0
1893.12.1,1893,CHL,cruiser,9,9.0
1893.12.1,1893,CHL,steam_transport,30,30.0
1893.12.1,1893,AST,clipper_transport,67,56.997
1893.12.1,1893,AST,commerce_raider,19,18.928
1893.12.1,1893,AST,cruiser,5,4.202
1893.12.1,1893,AST,ironclad,64,62.141
1893.12.1,1893,AST,monitor,33,31.015
1893.12.1,1893,AST,steam_transport,9,9.351
1893.12.1,1893,SAR,steam_transport,16,11.943
1893.12.1,1893,SIC,battleship,7,9.221
1893.12.1,1893,SIC,clipper_transport,10,11.937
1893.12.1,1893,SIC,cruiser,1,1.333
1893.12.1,1893,TUR,clipper_transport,36,37.895
1893.12.1,1893,CHI,clipper_transport,2,0.1
1893.12.1,1893,CHI,frigate,7,0.371
1893.12.1,1893,ALD,clipper_transport,2,0.505
1893.12.1,1893,MEX,battleship,4,4.301
1893.12.1,1893,MEX,clipper_transport,79,86.701
1893.12.1,1893,MEX,cruiser,32,38.725
1893.12.1,1893,BRZ,clipper_transport,20,21.165
1893.12.1,1893,GUA,steam_transport,1,0.08
1894.1.1,1894,USA,battleship,21,25.129
1894.1.1,1894,USA,clipper_transport,111,116.764
1894.1.1,1894,USA,cruiser,8,9.228
1894.1.1,1894,ENG,clipper_transport,200,203.778
1894.1.1,1894,ENG,cruiser,60,67.31
1894.1.1,1894,ENG,manowar,7,6.08
1894.1.1,1894,ENG,monitor,14,14.752
1894.1.1,1894,FRA,clipper_transport,66,71.989
1894.1.1,1894,FRA,cruiser,31,34.671
1894.1.1,1894,FRA,ironclad,39,36.799
1894.1.1,1894,SCA,battleship,20,26.411
1894.1.1,1894,SCA,cruiser,1,1.0
1894.1.1,1894,SCA,steam_transport,51,59.626
1894.1.1,1894,RUS,clipper_transport,119,129.115
1894.1.1,1894,GER,clipper_transport,91,96.584
1894.1.1,1894,GER,commerce_raider,3,3.658
1894.1.1,1894,GER,cruiser,20,23.657
1894.1.1,1894,GER,ironclad,6,4.786
1894.1.1,1894,NET,battleship,5,6.667
1894.1.1,1894,NET,cruiser,3,4.0
1894.1.1,1894,NET,steam_transport,20,26.439
1894.1.1,1894,SPA,battleship,1,1.176
1894.1.1,1894,SPA,commerce_raider,1,1.01
1894.1.1,1894,SPA,ironclad,40,39.662
1894.1.1,1894,SPA,steam_transport,36,38.698
1894.1.1,1894,KUK,clipper_transport,20,1.167
1894.1.1,1894,CHL,battleship,12,12.0
1894.1.1,1894,CHL,cruiser,9,9.0
1894.1.1,1894,CHL,steam_transport,30,30.0
1894.1.1,1894,AST,clipper_transport,67,56.997
1894.1.1,1894,AST,commerce_raider,19,18.928
1894.1.1,1894,AST,cruiser,5,4.202
1894.1.1,1894,AST,ironclad,64,62.141
1894.1.1,1894,AST,monitor,33,31.244
1894.1.1,1894,AST,steam_transport,9,9.351
1894.1.1,1894,SAR,steam_transport,16,11.812
1894.1.1,1894,SIC,battleship,7,9.221
1894.1.1,1894,SIC,clipper_transport,10,11.937
1894.1.1,1894,SIC,cruiser,1,1.333
1894.1.1,1894,TUR,clipper_transport,36,37.895
1894.1.1,1894,CHI,clipper_transport,2,0.1
1894.1.1,1894,CHI,frigate,7,0.371
1894.1.1,1894,ALD,clipper_transport,2,0.639
1894.1.1,1894,MEX,battleship,4,4.301
1894.1.1,1894,MEX,clipper_transport,79,86.701
1894.1.1,1894,MEX,cruiser,32,38.725
1894.1.1,1894,BRZ,clipper_transport,20,20.526
1894.1.1,1894,GUA,steam_transport,1,0.08
1894.2.1,1894,USA,battleship,21,25.113
1894.2.1,1894,USA,clipper_transport,111,116.764
1894.2.1,1894,USA,cruiser,8,9.228
1894.2.1,1894,ENG,clipper_transport,200,203.778
1894.2.1,1894,ENG,cruiser,60,67.312
1894.2.1,1894,ENG,manowar,7,6.08
1894.2.1,1894,ENG,monitor,14,14.752
1894.2.1,1894,FRA,clipper_transport,66,68.009
1894.2.1,1894,FRA,cruiser,31,32.604
1894.2.1,1894,FRA,ironclad,39,34.138
1894.2.1,1894,SCA,battleship,20,26.411
1894.2.1,1894,SCA,cruiser,1,1.0
1894.2.1,1894,SCA,steam_transport,51,59.626
1894.2.1,1894,RUS,clipper_transport,119,129.115
1894.2.1,1894,GER,clipper_transport,91,93.998
1894.2.1,1894,GER,commerce_raider,3,3.638
1894.2.1,1894,GER,cruiser,20,23.306
1894.2.1,1894,GER,ironclad,6,4.612
1894.2.1,1894,NET,battleship,5,6.667
1894.2.1,1894,NET,cruiser,3,4.0
1894.2.1,1894,NET,steam_transport,20,26.439
1894.2.1,1894,SPA,battleship,1,1.176
1894.2.1,1894,SPA,commerce_raider,1,1.01
1894.2.1,1894,SPA,ironclad,40,39.662
1894.2.1,1894,SPA,steam_transport,41,44.948
1894.2.1,1894,KUK,clipper_transport,20,1.167
1894.2.1,1894,CHL,battleship,12,12.0
1894.2.1,1894,CHL,cruiser,9,9.0
1894.2.1,1894,CHL,steam_transport,30,30.0
1894.2.1,1894,AST,clipper_transport,67,56.997
1894.2.1,1894,AST,commerce_raider,19,18.928
1894.2.1,1894,AST,cruiser,5,4.202
1894.2.1,1894,AST,ironclad,64,62.141
1894.2.1,1894,AST,monitor,33,31.329
1894.2.1,1894,AST,steam_transport,9,9.351
1894.2.1,1894,SAR,steam_transport,16,11.681
1894.2.1,1894,SIC,battleship,7,9.221
1894.2.1,1894,SIC,clipper_transport,10,11.937
1894.2.1,1894,SIC,cruiser,1,1.333
1894.2.1,1894,TUR,clipper_transport,36,37.895
1894.2.1,1894,CHI,clipper_transport,2,0.1
1894.2.1,1894,CHI,frigate,7,0.371
1894.2.1,1894,ALD,clipper_transport,2,0.773
1894.2.1,1894,MEX,battleship,4,4.301
1894.2.1,1894,MEX,clipper_transport,79,86.701
1894.2.1,1894,MEX,cruiser,33,40.058
1894.2.1,1894,BRZ,clipper_transport,20,18.932
1894.2.1,1894,GUA,steam_transport,1,0.08
1894.3.1,1894,USA,battleship,21,25.113
1894.3.1,1894,USA,clipper_transport,111,116.764
1894.3.1,1894,USA,cruiser,8,9.228
1894.3.1,1894,ENG,clipper_transport,200,203.778
1894.3.1,1894,ENG,cruiser,60,67.312
1894.3.1,1894,ENG,manowar,7,6.08
1894.3.1,1894,ENG,monitor,14,14.752
1894.3.1,1894,FRA,clipper_transport,66,63.998
1894.3.1,1894,FRA,cruiser,32,31.692
1894.3.1,1894,FRA,ironclad,39,31.482
1894.3.1,1894,SCA,battleship,20,26.411
1894.3.1,1894,SCA,cruiser,1,1.0
1894.3.1,1894,SCA,steam_transport,51,59.626
1894.3.1,1894,RUS,clipper_transport,119,129.115
1894.3.1,1894,GER,clipper_transport,91,91.685
1894.3.1,1894,GER,commerce_raider,3,3.622
1894.3.1,1894,GER,cruiser,20,22.988
1894.3.1,1894,GER,ironclad,6,4.455
1894.3.1,1894,NET,battleship,5,6.667
1894.3.1,1894,NET,cruiser,3,4.0
1894.3.1,1894,NET,steam_transport,20,26.439
1894.3.1,1894,SPA,battleship,1,1.176
1894.3.1,1894,SPA,commerce_raider,1,1.01
1894.3.1,1894,SPA,ironclad,40,39.662
1894.3.1,1894,SPA,steam_transport,41,44.948
1894.3.1,1894,KUK,clipper_transport,20,1.167
1894.3.1,1894,CHL,battleship,12,12.0
1894.3.1,1894,CHL,cruiser,9,9.0
1894.3.1,1894,CHL,steam_transport,30,30.0
1894.3.1,1894,AST,clipper_transport,67,56.997
1894.3.1,1894,AST,commerce_raider,19,18.928
1894.3.1,1894,AST,cruiser,5,4.202
1894.3.1,1894,AST,ironclad,64,62.141
1894.3.1,1894,AST,monitor,33,31.329
1894.3.1,1894,AST,steam_transport,9,9.351
1894.3.1,1894,SAR,steam_transport,16,11.563
1894.3.1,1894,SIC,battleship,7,9.221
1894.3.1,1894,SIC,clipper_transport,10,11.937
1894.3.1,1894,SIC,cruiser,1,1.333
1894.3.1,1894,TUR,clipper_transport,36,37.895
1894.3.1,1894,CHI,clipper_transport,2,0.1
1894.3.1,1894,CHI,frigate,7,0.371
1894.3.1,1894,ALD,clipper_transport,2,0.907
1894.3.1,1894,MEX,battleship,4,4.301
1894.3.1,1894,MEX,clipper_transport,79,86.701
1894.3.1,1894,MEX,cruiser,33,40.058
1894.3.1,1894,BRZ,clipper_transport,20,17.497
1894.3.1,1894,GUA,steam_transport,1,0.08
1894.4.1,1894,USA,battleship,21,25.113
1894.4.1,1894,USA,clipper_transport,111,116.764
1894.4.1,1894,USA,cruiser,8,9.228
1894.4.1,1894,ENG,clipper_transport,200,203.778
1894.4.1,1894,ENG,cruiser,60,67.312
1894.4.1,1894,ENG,manowar,7,6.08
1894.4.1,1894,ENG,monitor,14,14.752
1894.4.1,1894,FRA,clipper_transport,66,58.78
1894.4.1,1894,FRA,cruiser,33,29.985
1894.4.1,1894,FRA,ironclad,39,28.099
1894.4.1,1894,SCA,battleship,20,26.411
1894.4.1,1894,SCA,cruiser,1,1.0
1894.4.1,1894,SCA,steam_transport,51,59.626
1894.4.1,1894,RUS,clipper_transport,119,129.115
1894.4.1,1894,GER,clipper_transport,91,89.122
1894.4.1,1894,GER,commerce_raider,3,3.603
1894.4.1,1894,GER,cruiser,20,22.641
1894.4.1,1894,GER,ironclad,6,4.281
1894.4.1,1894,NET,battleship,5,6.667
1894.4.1,1894,NET,cruiser,4,5.333
1894.4.1,1894,NET,steam_transport,20,26.439
1894.4.1,1894,SPA,battleship,1,1.176
1894.4.1,1894,SPA,commerce_raider,1,1.01
1894.4.1,1894,SPA,ironclad,40,39.662
1894.4.1,1894,SPA,steam_transport,41,44.948
1894.4.1,1894,KUK,clipper_transport,20,1.167
1894.4.1,1894,CHL,battleship,12,12.0
1894.4.1,1894,CHL,cruiser,9,9.0
1894.4.1,1894,CHL,steam_transport,30,30.0
1894.4.1,1894,AST,clipper_transport,67,56.997
1894.4.1,1894,AST,commerce_raider,19,18.928
1894.4.1,1894,AST,cruiser,5,4.202
1894.4.1,1894,AST,ironclad,64,62.141
1894.4.1,1894,AST,monitor,33,31.329
1894.4.1,1894,AST,steam_transport,9,9.351
1894.4.1,1894,SAR,steam_transport,16,11.432
1894.4.1,1894,SIC,battleship,7,9.221
1894.4.1,1894,SIC,clipper_transport,10,11.937
1894.4.1,1894,SIC,cruiser,1,1.333
1894.4.1,1894,TUR,clipper_transport,36,37.895
1894.4.1,1894,CHI,clipper_transport,2,0.1
1894.4.1,1894,CHI,frigate,7,0.371
1894.4.1,1894,ALD,clipper_transport,2,1.041
1894.4.1,1894,MEX,battleship,4,4.301
1894.4.1,1894,MEX,clipper_transport,79,86.701
1894.4.1,1894,MEX,cruiser,33,40.058
1894.4.1,1894,BRZ,clipper_transport,20,15.902
1894.4.1,1894,GUA,steam_transport,1,0.08
1894.5.1,1894,USA,battleship,21,25.113
1894.5.1,1894,USA,clipper_transport,111,116.764
1894.5.1,1894,USA,cruiser,8,9.228
1894.5.1,1894,ENG,clipper_transport,200,203.778
1894.5.1,1894,ENG,cruiser,60,67.312
1894.5.1,1894,ENG,manowar,7,6.08
1894.5.1,1894,ENG,monitor,14,14.752
1894.5.1,1894,FRA,clipper_transport,66,52.175
1894.5.1,1894,FRA,cruiser,35,28.714
1894.5.1,1894,FRA,ironclad,39,23.945
1894.5.1,1894,SCA,battleship,20,26.371
1894.5.1,1894,SCA,cruiser,1,0.954
1894.5.1,1894,SCA,steam_transport,51,59.626
1894.5.1,1894,RUS,clipper_transport,119,129.115
1894.5.1,1894,GER,clipper_transport,73,69.386
1894.5.1,1894,GER,cruiser,20,22.434
1894.5.1,1894,GER,ironclad,6,4.174
1894.5.1,1894,NET,battleship,5,6.667
1894.5.1,1894,NET,cruiser,4,5.333
1894.5.1,1894,NET,steam_transport,20,26.439
1894.5.1,1894,SPA,battleship,1,1.176
1894.5.1,1894,SPA,commerce_raider,1,1.01
1894.5.1,1894,SPA,ironclad,40,39.662
1894.5.1,1894,SPA,steam_transport,45,49.948
1894.5.1,1894,KUK,clipper_transport,20,1.167
1894.5.1,1894,CHL,battleship,12,12.0
1894.5.1,1894,CHL,cruiser,9,9.0
1894.5.1,1894,CHL,steam_transport,30,30.0
1894.5.1,1894,AST,clipper_transport,67,56.997
1894.5.1,1894,AST,commerce_raider,19,18.928
1894.5.1,1894,AST,cruiser,5,4.202
1894.5.1,1894,AST,ironclad,64,62.141
1894.5.1,1894,AST,monitor,33,31.329
1894.5.1,1894,AST,steam_transport,9,9.351
1894.5.1,1894,SAR,steam_transport,16,11.34
1894.5.1,1894,SIC,battleship,7,9.221
1894.5.1,1894,SIC,clipper_transport,10,11.937
1894.5.1,1894,SIC,cruiser,1,1.333
1894.5.1,1894,TUR,clipper_transport,36,37.895
1894.5.1,1894,CHI,clipper_transport,2,0.1
1894.5.1,1894,CHI,frigate,7,0.371
1894.5.1,1894,ALD,clipper_transport,2,1.174
1894.5.1,1894,MEX,battleship,4,4.301
1894.5.1,1894,MEX,clipper_transport,79,86.701
1894.5.1,1894,MEX,cruiser,33,40.058
1894.5.1,1894,BRZ,clipper_transport,20,14.361
1894.5.1,1894,GUA,steam_transport,1,0.08
1894.6.1,1894,USA,battleship,21,25.113
1894.6.1,1894,USA,clipper_transport,111,116.764
1894.6.1,1894,USA,cruiser,8,9.228
1894.6.1,1894,ENG,clipper_transport,200,203.778
1894.6.1,1894,ENG,cruiser,60,67.312
1894.6.1,1894,ENG,manowar,7,6.08
1894.6.1,1894,ENG,monitor,14,14.752
1894.6.1,1894,FRA,clipper_transport,66,43.475
1894.6.1,1894,FRA,cruiser,37,25.972
1894.6.1,1894,FRA,ironclad,39,18.676
1894.6.1,1894,SCA,battleship,20,26.371
1894.6.1,1894,SCA,cruiser,1,0.954
1894.6.1,1894,SCA,steam_transport,51,59.626
1894.6.1,1894,RUS,clipper_transport,119,129.115
1894.6.1,1894,GER,clipper_transport,73,68.899
1894.6.1,1894,GER,cruiser,20,22.352
1894.6.1,1894,GER,ironclad,6,4.133
1894.6.1,1894,NET,battleship,5,6.667
1894.6.1,1894,NET,cruiser,4,5.333
1894.6.1,1894,NET,steam_transport,20,26.439
1894.6.1,1894,SPA,battleship,1,1.176
1894.6.1,1894,SPA,commerce_raider,1,1.01
1894.6.1,1894,SPA,ironclad,40,39.662
1894.6.1,1894,SPA,steam_transport,48,53.698
1894.6.1,1894,KUK,clipper_transport,20,1.167
1894.6.1,1894,CHL,battleship,12,12.0
1894.6.1,1894,CHL,cruiser,9,9.0
1894.6.1,1894,CHL,steam_transport,30,30.0
1894.6.1,1894,AST,clipper_transport,67,56.997
1894.6.1,1894,AST,commerce_raider,19,18.928
1894.6.1,1894,AST,cruiser,5,4.202
1894.6.1,1894,AST,ironclad,64,62.141
1894.6.1,1894,AST,monitor,33,31.329
1894.6.1,1894,AST,steam_transport,9,9.351
1894.6.1,1894,SAR,steam_transport,16,11.453
1894.6.1,1894,SIC,battleship,7,9.221
1894.6.1,1894,SIC,clipper_transport,10,11.937
1894.6.1,1894,SIC,cruiser,1,1.333
1894.6.1,1894,TUR,clipper_transport,36,37.895
1894.6.1,1894,CHI,clipper_transport,2,0.1
1894.6.1,1894,CHI,frigate,7,0.371
1894.6.1,1894,ALD,clipper_transport,2,1.308
1894.6.1,1894,MEX,battleship,4,4.301
1894.6.1,1894,MEX,clipper_transport,79,86.701
1894.6.1,1894,MEX,cruiser,33,40.058
1894.6.1,1894,BRZ,clipper_transport,20,18.307
1894.6.1,1894,GUA,steam_transport,1,0.08
1894.7.1,1894,USA,battleship,21,25.113
1894.7.1,1894,USA,clipper_transport,111,116.764
1894.7.1,1894,USA,cruiser,8,9.228
1894.7.1,1894,ENG,clipper_transport,200,203.778
1894.7.1,1894,ENG,cruiser,60,67.312
1894.7.1,1894,ENG,manowar,7,6.08
1894.7.1,1894,ENG,monitor,14,14.752
1894.7.1,1894,FRA,clipper_transport,66,33.914
1894.7.1,1894,FRA,cruiser,39,22.623
1894.7.1,1894,FRA,ironclad,39,13.333
1894.7.1,1894,SCA,battleship,20,26.371
1894.7.1,1894,SCA,cruiser,1,0.954
1894.7.1,1894,SCA,steam_transport,51,59.626
1894.7.1,1894,RUS,clipper_transport,119,129.115
1894.7.1,1894,GER,clipper_transport,73,68.429
1894.7.1,1894,GER,cruiser,20,22.271
1894.7.1,1894,GER,ironclad,6,4.093
1894.7.1,1894,NET,battleship,5,6.644
1894.7.1,1894,NET,cruiser,6,7.968
1894.7.1,1894,NET,steam_transport,20,26.276
1894.7.1,1894,SPA,battleship,1,1.176
1894.7.1,1894,SPA,commerce_raider,1,1.01
1894.7.1,1894,SPA,ironclad,40,39.662
1894.7.1,1894,SPA,steam_transport,50,56.198
1894.7.1,1894,KUK,clipper_transport,20,1.166
1894.7.1,1894,CHL,battleship,12,12.0
1894.7.1,1894,CHL,cruiser,10,10.0
1894.7.1,1894,CHL,steam_transport,30,30.0
1894.7.1,1894,AST,clipper_transport,67,56.951
1894.7.1,1894,AST,commerce_raider,19,18.928
1894.7.1,1894,AST,cruiser,5,4.202
1894.7.1,1894,AST,ironclad,64,62.141
1894.7.1,1894,AST,monitor,33,31.329
1894.7.1,1894,AST,steam_transport,9,9.351
1894.7.1,1894,SAR,steam_transport,16,11.482
1894.7.1,1894,SIC,battleship,8,10.555
1894.7.1,1894,SIC,clipper_transport,10,11.937
1894.7.1,1894,SIC,cruiser,1,1.333
1894.7.1,1894,TUR,clipper_transport,36,37.895
1894.7.1,1894,CHI,clipper_transport,1,0.05
1894.7.1,1894,CHI,frigate,7,0.371
1894.7.1,1894,ALD,clipper_transport,2,1.441
1894.7.1,1894,MEX,battleship,4,4.301
1894.7.1,1894,MEX,clipper_transport,79,86.701
1894.7.1,1894,MEX,cruiser,33,40.058
1894.7.1,1894,BRZ,clipper_transport,20,20.985
1894.7.1,1894,GUA,steam_transport,1,0.08
1894.8.1,1894,USA,battleship,21,25.113
1894.8.1,1894,USA,clipper_transport,111,116.764
1894.8.1,1894,USA,cruiser,8,9.228
1894.8.1,1894,ENG,clipper_transport,200,203.778
1894.8.1,1894,ENG,cruiser,60,67.312
1894.8.1,1894,ENG,manowar,7,6.08
1894.8.1,1894,ENG,monitor,14,14.752
1894.8.1,1894,FRA,clipper_transport,66,22.967
1894.8.1,1894,FRA,cruiser,39,15.811
1894.8.1,1894,FRA,ironclad,39,8.216
1894.8.1,1894,SCA,battleship,20,26.371
1894.8.1,1894,SCA,cruiser,1,0.954
1894.8.1,1894,SCA,steam_transport,51,59.626
1894.8.1,1894,RUS,clipper_transport,119,129.115
1894.8.1,1894,GER,clipper_transport,73,67.942
1894.8.1,1894,GER,cruiser,20,22.169
1894.8.1,1894,GER,ironclad,6,4.052
1894.8.1,1894,NET,battleship,5,6.316
1894.8.1,1894,NET,cruiser,7,8.841
1894.8.1,1894,NET,steam_transport,20,24.881
1894.8.1,1894,SPA,battleship,1,1.176
1894.8.1,1894,SPA,commerce_raider,1,1.01
1894.8.1,1894,SPA,ironclad,40,39.662
1894.8.1,1894,SPA,steam_transport,53,59.948
1894.8.1,1894,KUK,clipper_transport,20,1.166
1894.8.1,1894,CHL,battleship,12,12.0
1894.8.1,1894,CHL,cruiser,10,10.0
1894.8.1,1894,CHL,steam_transport,30,30.0
1894.8.1,1894,AST,clipper_transport,67,56.889
1894.8.1,1894,AST,commerce_raider,19,18.928
1894.8.1,1894,AST,cruiser,5,4.202
1894.8.1,1894,AST,ironclad,64,62.141
1894.8.1,1894,AST,monitor,33,31.329
1894.8.1,1894,AST,steam_transport,9,9.351
1894.8.1,1894,SAR,steam_transport,16,11.482
1894.8.1,1894,SIC,battleship,11,14.555
1894.8.1,1894,SIC,clipper_transport,10,11.937
1894.8.1,1894,SIC,cruiser,1,1.333
1894.8.1,1894,TUR,clipper_transport,36,37.895
1894.8.1,1894,CHI,clipper_transport,1,0.05
1894.8.1,1894,CHI,frigate,7,0.371
1894.8.1,1894,ALD,clipper_transport,2,1.575
1894.8.1,1894,MEX,battleship,4,4.301
1894.8.1,1894,MEX,clipper_transport,79,86.701
1894.8.1,1894,MEX,cruiser,33,40.058
1894.8.1,1894,BRZ,clipper_transport,20,20.985
1894.8.1,1894,GUA,steam_transport,1,0.08
1894.9.1,1894,USA,battleship,21,25.113
1894.9.1,1894,USA,clipper_transport,111,116.764
1894.9.1,1894,USA,cruiser,8,9.228
1894.9.1,1894,ENG,clipper_transport,200,203.778
1894.9.1,1894,ENG,cruiser,60,67.312
1894.9.1,1894,ENG,manowar,7,6.08
1894.9.1,1894,ENG,monitor,14,14.752
1894.9.1,1894,FRA,clipper_transport,66,11.669
1894.9.1,1894,FRA,cruiser,40,10.625
1894.9.1,1894,FRA,ironclad,39,4.14
1894.9.1,1894,SCA,battleship,20,26.371
1894.9.1,1894,SCA,cruiser,1,0.954
1894.9.1,1894,SCA,steam_transport,49,57.584
1894.9.1,1894,RUS,clipper_transport,119,129.115
1894.9.1,1894,GER,clipper_transport,73,67.456
1894.9.1,1894,GER,cruiser,20,22.07
1894.9.1,1894,GER,ironclad,6,4.011
1894.9.1,1894,NET,battleship,5,5.97
1894.9.1,1894,NET,cruiser,7,8.307
1894.9.1,1894,NET,steam_transport,20,23.417
1894.9.1,1894,SPA,battleship,1,1.176
1894.9.1,1894,SPA,commerce_raider,1,1.01
1894.9.1,1894,SPA,ironclad,40,39.662
1894.9.1,1894,SPA,steam_transport,53,59.948
1894.9.1,1894,KUK,clipper_transport,20,1.166
1894.9.1,1894,CHL,battleship,12,12.0
1894.9.1,1894,CHL,cruiser,10,10.0
1894.9.1,1894,CHL,steam_transport,30,30.0
1894.9.1,1894,AST,clipper_transport,67,56.889
1894.9.1,1894,AST,commerce_raider,19,18.928
1894.9.1,1894,AST,cruiser,5,4.202
1894.9.1,1894,AST,ironclad,64,62.141
1894.9.1,1894,AST,monitor,33,31.329
1894.9.1,1894,AST,steam_transport,9,9.351
1894.9.1,1894,SAR,steam_transport,16,11.482
1894.9.1,1894,SIC,battleship,12,15.875
1894.9.1,1894,SIC,clipper_transport,10,11.937
1894.9.1,1894,SIC,cruiser,1,1.333
1894.9.1,1894,TUR,clipper_transport,36,37.895
1894.9.1,1894,CHI,clipper_transport,1,0.05
1894.9.1,1894,CHI,frigate,7,0.371
1894.9.1,1894,ALD,clipper_transport,2,1.674
1894.9.1,1894,MEX,battleship,4,4.301
1894.9.1,1894,MEX,clipper_transport,79,86.701
1894.9.1,1894,MEX,cruiser,33,40.058
1894.9.1,1894,BRZ,clipper_transport,20,20.985
1894.9.1,1894,GUA,steam_transport,1,0.08
